gene,spearman_rho,p_value,q_value
Gnmt,0.4101873905766812,1.9162005545587914e-181,3.788328496362731e-178
Hspa5,-0.3541664785769137,1.4827440678890047e-132,1.465692511108281e-129
Ces3a,-0.3481330953781422,7.574401673644564e-128,4.991530702931768e-125
Slco1b2,-0.3355093061383521,2.5120753351548495e-118,1.2415932344002843e-115
Neat1,-0.3352928960319736,3.6257618544642602e-118,1.4336262372551686e-115
Cp,-0.3292068586871161,9.746101027179067e-114,3.2113402884555026e-111
Malat1,-0.3247349408575263,1.51181977983156e-110,4.269811006752849e-108
Pzp,-0.3147899634014462,1.2119992024106758e-103,2.9951530289573824e-101
Rps2,0.3073169086040838,1.258919327498543e-98,2.765426122738466e-96
Wfdc21,0.3041488546583061,1.523476271281144e-96,3.011912588322822e-94
Mug1,-0.3031242699344256,7.094290585645985e-96,1.2750374988929192e-93
H2-K1,-0.30006336230582586,6.771712113394127e-94,1.1156395706816824e-91
Fgg,-0.297917739235125,1.6002899538510206e-92,2.4336717221257445e-90
Slc38a3,-0.29724035997515247,4.3189716389722836e-92,6.099004950177289e-90
Slc22a30,-0.2957142432117534,4.004498407208429e-91,5.2779289007007095e-89
G6pc,-0.28859819753932986,1.0829590517066465e-86,1.3381312782650252e-84
Ahsg,-0.28422974345372215,4.926340453590178e-84,5.729044162792813e-82
Cyp3a25,-0.2837316649415421,9.830053020142985e-84,1.0796674900457047e-81
Hsp90b1,-0.2835263805853783,1.306277597967504e-83,1.35921621641145e-81
Cyp2d13,-0.2832968883698386,1.7945375193410073e-83,1.7739003378685858e-81
Hsd3b7,-0.27813414386076246,2.0998352616784993e-80,1.9768449106373303e-78
Btg2,-0.2689729111354876,4.0358078300629397e-75,3.626723672742924e-73
Clu,-0.2678980751704832,1.6310959090402385e-74,1.40203330964024e-72
Apob,-0.26781486926902137,1.816844310904275e-74,1.4966255011073965e-72
Fgb,-0.2677580621082968,1.95562674232937e-74,1.5465096278340655e-72
Fga,-0.265582082109967,3.235671360092452e-73,2.4603547226549143e-71
Slc38a2,-0.26549938384727856,3.5979534433262243e-73,2.634501465724424e-71
Pisd-ps1,-0.26359491262064866,4.1015776279937326e-72,2.8960067751941463e-70
Cyp2d9,-0.26241290576456605,1.8388148906411898e-71,1.2535644961371145e-69
Rsrp1,-0.2613217716313943,7.295660936023794e-71,4.80784055683968e-69
Mlxipl,-0.2607789824287435,1.4445917681522312e-70,9.212767502054713e-69
Kng1,-0.2576008591176179,7.63440910954573e-69,4.7166333779912215e-67
Itih3,-0.25451794116094567,3.3984770797528946e-67,2.0359967232337798e-65
Itih4,-0.2540368413402407,6.11663226579485e-67,3.556641761610712e-65
Pdia6,-0.2535794682956912,1.0681855034081757e-66,6.03372211496561e-65
Jun,-0.2518241139124675,8.981708783006088e-66,4.9324550733341773e-64
Cyp2d26,-0.25049204930969954,4.469385271398587e-65,2.3881012652851368e-63
Slc27a2,-0.24703910842835244,2.737409952651809e-63,1.424173546419112e-61
Serpinf2,-0.24697969491413257,2.9366063828234236e-63,1.488633543292797e-61
Zfp36l1,-0.24677317463867726,3.7481726658505486e-63,1.8525343400966337e-61
Gstp2,0.24649748613684416,5.189569918605707e-63,2.5023852997764592e-61
Cyp2d37-ps,-0.24444340979997828,5.7866904694270265e-62,2.7238778709660075e-60
Zfp36,-0.2444072874086253,6.036148245881189e-62,2.775224437699328e-60
Fn1,-0.2443210038432022,6.676219926830859e-62,2.9997469989419567e-60
Slc27a5,-0.24362692454334578,1.4996864089039672e-61,6.588622289784763e-60
Mug2,-0.24354567852534934,1.6484238628490504e-61,7.084639080114288e-60
Apoa5,-0.24299660567931283,3.1204265296628637e-61,1.312570904073081e-59
Cyp2d10,-0.24088139965747615,3.5919942418160234e-60,1.4794526283479747e-58
Serpina7,-0.2403562199224323,6.564396080060162e-60,2.6485328674038655e-58
Igfbp1,-0.24023685445126877,7.527010820901411e-60,2.976180078584418e-58
Pabpn1,-0.24000878112097795,9.774184032422155e-60,3.788933692568353e-58
Col18a1,-0.23994740554540694,1.0485570349216574e-59,3.986533188538686e-58
Cyp2a5,-0.2392131695408384,2.4262052211599916e-59,9.050203249496797e-58
F12,-0.23858773789308496,4.946437061769976e-59,1.8109455687257858e-57
Gdf15,-0.2381437878750871,8.191094706309849e-59,2.94432622443174e-57
B430010I23Rik,-0.23743391139861642,1.8308777203074962e-58,6.463652237585572e-57
Fsd1l,-0.2372839883966429,2.1691293355273136e-58,7.523453853223682e-57
Plg,-0.23623362298871703,7.090279170904666e-58,2.4168072277376763e-56
Junb,-0.23595982910998972,9.64556008082296e-58,3.232080047421524e-56
Vtn,-0.23354617450667975,1.429616030376565e-56,4.710584820090782e-55
Slc1a2,-0.23277016186064323,3.379398798062302e-56,1.0952576104539625e-54
Ugt2b34,-0.23219163303124637,6.404474372012429e-56,2.042200940882028e-54
Dusp1,-0.23182850831299667,9.557885505002417e-56,2.999355498950758e-54
Psap,-0.23077461026590257,3.043032453032133e-55,9.367043331879844e-54
Ctsl,-0.23076368059496444,3.079705698392463e-55,9.367043331879844e-54
Srebf1,-0.22571368733686903,7.299939705784336e-53,2.1866637573235805e-51
Gstp1,0.22560628154939813,8.188420256998656e-53,2.4161950519531856e-51
Efna1,-0.2254873286289472,9.298506430897953e-53,2.703404002041949e-51
Gulo,-0.22433821080846403,3.1632996899495247e-52,9.063541285551029e-51
C3,-0.22432105564897045,3.2214833675058986e-52,9.098389453655945e-51
Cd36,-0.22412209730220434,3.979318127440608e-52,1.1080439349225468e-50
Rnr2,-0.223384245564854,8.69562837417656e-52,2.387674624409314e-50
Ugt2b5,-0.22328349877095272,9.672979046019514e-52,2.619654736161723e-50
Fabp2,0.22257640546932597,2.0398037450225458e-51,5.44958378906699e-50
Cfb,-0.2214616219756639,6.578944257614844e-51,1.734209706307273e-49
Apon,-0.2206264004805541,1.575274134149774e-50,4.097785477913294e-49
Cyp3a11,-0.22052003615312446,1.7600875397563438e-50,4.519081904023755e-49
Agt,-0.21941713782705252,5.541149922040932e-50,1.4044683840865284e-48
Lamp2,-0.21939202930889717,5.687312271401832e-50,1.4232678937419523e-48
Aplp2,-0.21911702351898668,7.56238088218422e-50,1.8688533755097756e-48
C4bp,-0.21899907060649734,8.544466296387439e-50,2.085482699747897e-48
Cyp4a14,-0.2183277782693513,1.7095227075003381e-49,4.1216175521075227e-48
Cyp1a2,-0.21777901958921753,3.0084176275010963e-49,7.16583331273454e-48
Rn45s,-0.21745541387622602,4.1953993297499334e-49,9.874171993947165e-48
P4hb,-0.21681696619475901,8.073199576665727e-49,1.8777312427138992e-47
Crp,-0.21667693186485723,9.316976107196354e-49,2.1418211353403712e-47
F2,-0.21663972035390755,9.678407213110805e-49,2.1993346046344896e-47
Ces2e,-0.2160026546439317,1.8548184303594284e-48,4.167018223659761e-47
Car3,0.2149157477814138,5.599955302569339e-48,1.2439451273235485e-46
Cd1d1,-0.2146655826530329,7.215441520829539e-48,1.5849919874088887e-46
Onecut2,-0.21434260043839873,1.0004060613972734e-47,2.173409652068582e-46
Acaa1b,0.21428095607369452,1.0647202263922623e-47,2.2879911821494594e-46
Calr,-0.21395423413708364,1.480849751682167e-47,3.147999955995316e-46
Alb,-0.21380057876246839,1.729061681105322e-47,3.6365478122821506e-46
Pnisr,-0.21366209393963217,1.9880185447477732e-47,4.137171224175103e-46
Aadac,-0.21335231024679885,2.7154853850495074e-47,5.592202714836329e-46
Gclc,-0.21281170643726893,4.673802666797547e-47,9.525884404390463e-46
Snrnp70,-0.21196347978470917,1.0923871966892553e-46,2.2037239671986302e-45
Cyp2d22,-0.21190140864471388,1.1622375576475902e-46,2.320953183302309e-45
Ambp,-0.2118710281345049,1.1980277086486912e-46,2.3685007799984623e-45
F5,-0.21182270851034138,1.2572232154512075e-46,2.4609210860861754e-45
C4b,-0.2116884557547298,1.4374108464155354e-46,2.7860404346701114e-45
BC005561,-0.2116262884568508,1.5293362613101908e-46,2.9354347462235414e-45
Ces1c,-0.21137404651145203,1.966303391595663e-46,3.737867120369833e-45
Slc2a2,-0.21099981058537906,2.8531601837595383e-46,5.372093031707245e-45
Gjb1,-0.20987655910915481,8.684098580511372e-46,1.6196663107236775e-44
Tfr2,-0.20932578796745555,1.4953137849371608e-45,2.762836778337165e-44
Hc,-0.2090994165268358,1.8686968798009662e-45,3.420753454968991e-44
Zdhhc20,-0.207765148765515,6.915616393944122e-45,1.2543278542043603e-43
Sdc4,-0.20766476488311464,7.628294847232984e-45,1.3710126284526918e-43
Rrbp1,-0.2062371616163753,3.0606034692292447e-44,5.451182935735331e-43
Abcb11,-0.20610254874600342,3.48714332975013e-44,6.1554306811750054e-43
1810019D21Rik,-0.20572749017574765,5.013409243277791e-44,8.771247853062117e-43
Cfi,-0.20474482942833364,1.2934406696653804e-43,2.2430984244986466e-42
Lipa,-0.20451022740962713,1.6206969456627697e-43,2.7861894448480832e-42
Apoh,-0.2039391207658317,2.8032071053803235e-43,4.7775348683938785e-42
Pdia4,-0.20392351869820025,2.8454160957997803e-43,4.808023608030911e-42
Clec2d,-0.2038600202624811,3.0238217228200072e-43,5.0661826661145374e-42
Hyal1,-0.2036839186102046,3.578940068624761e-43,5.945852534177439e-42
Cyp2e1,-0.2030586879998822,6.502605941818855e-43,1.0713043289146563e-41
Serinc1,-0.20298007932791795,7.008612322726792e-43,1.1451261621513114e-41
Slc38a4,-0.20280898083152615,8.24937984663744e-43,1.3368052423608378e-41
Gadd45g,-0.20273240890483785,8.8732132625805e-43,1.426206717083061e-41
Rpn1,-0.20229930976240132,1.3393967603404492e-42,2.1354737058008613e-41
Dusp6,-0.20202377452104073,1.7396621012912365e-42,2.75144957940222e-41
Scd1,-0.20182919509106692,2.091973903425091e-42,3.282406672278893e-41
Klkb1,-0.20168828032225478,2.3905994011255673e-42,3.721429146476572e-41
C1s1,-0.20097144673502537,4.7057450155209904e-42,7.268170231003905e-41
Cd81,-0.20074049096564575,5.8499429502634e-42,8.965377684240884e-41
Lrg1,-0.19999809956244297,1.1754392735947682e-41,1.7875718799206592e-40
Acsl1,-0.19963439714789216,1.6528223863546216e-41,2.494373937269532e-40
Slco1a1,-0.19913968090580356,2.624888446981697e-41,3.931367014911224e-40
Itih1,-0.19884415878848302,3.4582456803398576e-41,5.140565195512706e-40
Qsox1,-0.19749910086194591,1.2063267495236035e-40,1.779782077468779e-39
Cyp4a12a,-0.19706386461499983,1.8038456181793744e-40,2.6416316941782392e-39
Serpina12,0.19617181418123783,4.102445512414999e-40,5.96362851326798e-39
Ptprf,-0.19595352336966113,5.013041438589646e-40,7.234148119774985e-39
Apof,-0.19514683534524468,1.0493618591794013e-39,1.5033249243461423e-38
Tnrc6a,-0.19435389191776997,2.1622498939672254e-39,3.0593161335149524e-38
Kcnq1ot1,-0.19435176631318646,2.1664352994036083e-39,3.0593161335149524e-38
Mttp,-0.194192547580316,2.5039527026728546e-39,3.5108613426838535e-38
Slc37a4,-0.19411946249226827,2.6759085667146047e-39,3.725543124221671e-38
Hpx,-0.1939089957390348,3.239465593173958e-39,4.478617816576864e-38
Xiap,-0.1936858281825787,3.966243818391137e-39,5.445322242332832e-38
Stx16,-0.19325183599766327,5.8751713733963184e-39,8.010492279451394e-38
Aqp9,-0.1928126269164569,8.73569588522973e-39,1.1829089565136423e-37
Abca1,-0.19264710241618666,1.0141800600589646e-38,1.3639686930180768e-37
Krr1,-0.19215509542330406,1.5791721161552418e-38,2.1094751848911575e-37
Cyp4v3,-0.1918195423259192,2.1344657771376728e-38,2.832106604967234e-37
Cth,0.1914269119740316,3.034582299506655e-38,3.999579470749771e-37
Rplp0,0.19107764617442055,4.1471653532018985e-38,5.429765498861028e-37
Ugt3a2,-0.19098871611216087,4.4900282751523347e-38,5.83999072366853e-37
Ugt2b1,-0.19076160613733822,5.498851495137918e-38,7.105378696658604e-37
Cfh,-0.19074364790055312,5.587627713172885e-38,7.173207785027788e-37
Herpud1,-0.1905869284753852,6.425360356992673e-38,8.195443500499686e-37
Lrp1,-0.18946850263389575,1.7351186863624521e-37,2.1989292582939538e-36
Magt1,-0.18934627301503926,1.9333727344253957e-37,2.4345719082541448e-36
Cldn3,-0.1882608568981804,5.036733747149156e-37,6.302292796274609e-36
Serpind1,-0.18776164523141703,7.808183250448492e-37,9.7086655887652e-36
Ccdc78,-0.18764340333634258,8.661024978277272e-37,1.0701778988783855e-35
Ppap2b,-0.18719112352280942,1.2867444022380675e-36,1.5800581883382977e-35
Rbm47,-0.18563026732419993,5.005371885640582e-36,6.108407541920636e-35
Ptprd,-0.18556300634169465,5.3056774636140074e-36,6.43516831016251e-35
Syvn1,-0.18531320671444407,6.586184267388838e-36,7.939564815016911e-35
Raph1,-0.18476153056840153,1.0605227737383091e-35,1.2706991052609922e-34
Elovl5,-0.18464471344479544,1.172854913543753e-35,1.396827809684337e-34
Ppm1k,-0.1844765459018275,1.355618603514766e-35,1.604825137214786e-34
Cyp27a1,-0.18436675683212356,1.4899270072094023e-35,1.7533248174124928e-34
Hes1,-0.18375074235858743,2.52863802918462e-35,2.958057623489937e-34
Por,-0.18298640961658277,4.861709171193391e-35,5.65388178320549e-34
Adipor2,-0.18278447166795647,5.775474046614106e-35,6.6772585907345545e-34
Slc22a1,-0.18240689823182962,7.965415072270268e-35,9.155596277836233e-34
Grn,-0.18224974683561232,9.103967664618792e-35,1.040378270112795e-33
Cyr61,-0.181688455498188,1.465668169333881e-34,1.6653022820534957e-33
Pnn,-0.18155654012412265,1.638858712714515e-34,1.851442100020912e-33
Cyp2c29,-0.18138921319369514,1.8880560436594217e-34,2.1208447717697026e-33
1300017J02Rik,-0.18061511734610694,3.627671494155104e-34,4.0519246010986673e-33
Cyp4a10,-0.1800551315780789,5.807622413949605e-34,6.450376130549645e-33
Cyp2c37,-0.17981465664510587,7.104867921549288e-34,7.8471083133536e-33
Serping1,-0.1796628617758599,8.067918550190818e-34,8.861263874292915e-33
Eif4g1,-0.1793026007054135,1.0904014958326358e-33,1.1910076006967521e-32
Tgoln1,-0.1792601595685541,1.1297445985991887e-33,1.2272005886981298e-32
Serpinc1,-0.17834374434012149,2.4234710569536265e-33,2.618143322184328e-32
Ugt2b35,-0.1774199224649834,5.209133102383021e-33,5.596987034462626e-32
Hsd17b11,-0.17739047141975783,5.337403871868498e-33,5.703809434964336e-32
Gm10319,-0.1770291189836598,7.191235586927547e-33,7.64358750287944e-32
Tecpr2,-0.1768715537596015,8.187902176991402e-33,8.65640780957861e-32
Cyp2c38,-0.17640346851912053,1.2031495387905569e-32,1.265226935206878e-31
Ces1f,-0.1762336791553138,1.3830380301039733e-32,1.4467016854579658e-31
Sema4g,-0.1759762958524168,1.707855947569994e-32,1.7770690570241464e-31
Arrdc3,-0.1758053650958715,1.9643431883546708e-32,2.0332494677367457e-31
Chka,-0.17560444990462748,2.315067962311993e-32,2.3837965424431303e-31
Lpin2,-0.17552420482097292,2.471925627265173e-32,2.532122779846242e-31
Gm6484,-0.17508220959614942,3.544984862762454e-32,3.612595398804831e-31
Dhcr24,-0.1749456280606721,3.9620074746805097e-32,4.016866039714547e-31
Cldn2,-0.17487128941651486,4.2090870253352717e-32,4.2455944127999145e-31
H6pd,-0.17458533498927306,5.310558151468084e-32,5.329428155051981e-31
Celf1,-0.17457146332359,5.370725576985988e-32,5.362588113990554e-31
Cd164,-0.17418077635518014,7.373404671444824e-32,7.325236701229356e-31
Cyp2c50,-0.1737852028539497,1.0155359423769624e-31,1.0038572790396273e-30
Cltc,-0.17362717148511622,1.1538357224825323e-31,1.1348921509193862e-30
Mat2a,-0.17319056035254105,1.6408300257998465e-31,1.605901465844701e-30
Trf,-0.17304975237161196,1.8377840232937416e-31,1.7898024699762203e-30
Irf2bp2,-0.17301411150912605,1.8912501761135696e-31,1.832843920674768e-30
Egr1,-0.1729196844225114,2.040483259798404e-31,1.967822148595827e-30
Ahr,-0.17258458693607825,2.6707472674154565e-31,2.563139489165222e-30
Cyp7a1,-0.17224742119331898,3.499568315772554e-31,3.342341333469729e-30
Cyp2c54,-0.17204625067349988,4.110891578958475e-31,3.9073233901927434e-30
Son,-0.1711650909642959,8.302264795964394e-31,7.853386364412252e-30
Rbm26,-0.17107800418456498,8.897686067775257e-31,8.376535883805563e-30
Abcc2,-0.17018151277614718,1.8113503744216045e-30,1.697175208640527e-29
Klf10,-0.16992924258287645,2.2109114915578705e-30,2.0617792541556178e-29
Cyp4f15,-0.1696798760353082,2.6916091913892472e-30,2.4982682494725548e-29
Elovl2,-0.16960009248310262,2.8662933130594328e-30,2.6479728410834106e-29
Rnase4,-0.16957179563893032,2.9309132448399856e-30,2.6950769697900705e-29
Tmprss6,-0.16956469985150785,2.9473428962955133e-30,2.697637456470477e-29
Mug-ps1,-0.16947574932299606,3.161218804476969e-30,2.8800597126502153e-29
Vmp1,-0.16887478674013223,5.069511341772923e-30,4.5974421663692975e-29
Cyp4a12b,-0.16857452899313996,6.414468765368711e-30,5.790595775860248e-29
Mettl7b,-0.1685426386507755,6.576633253430739e-30,5.910001791832987e-29
Slc7a2,-0.16839992611384222,7.35361045556331e-30,6.578320303460934e-29
Rdh9,-0.16828533686945638,8.042844188951036e-30,7.162478811511801e-29
Lpcat3,-0.16822125399452026,8.45584657328335e-30,7.496506132457929e-29
Atp2a2,-0.1680602163077589,9.58891349630899e-30,8.463072313483425e-29
Ddx17,-0.16804472618788538,9.705538803310591e-30,8.527933428508907e-29
Tpp1,-0.16739005077446992,1.616051582474632e-29,1.4136876011293573e-28
Nfib,-0.1669899964638814,2.204575528249223e-29,1.9200201847351163e-28
Uvssa,-0.16682524052551934,2.5047891091167658e-29,2.1719158196157218e-28
Cyp2c67,-0.16652585567100273,3.1577576297137017e-29,2.7261514558707376e-28
Atp11c,-0.1665153250324639,3.183568246490468e-29,2.7364845318746325e-28
Tm9sf2,-0.16596787143253947,4.857199491371165e-29,4.157005798459218e-28
Entpd5,-0.16565399253620477,6.184357193602385e-29,5.270031970582722e-28
Ddx3x,-0.16559937116910636,6.449554299581668e-29,5.472432982949767e-28
Cps1,-0.16554761456512276,6.711238554666146e-29,5.670136163493577e-28
Fos,-0.1653854481372957,7.601282124573748e-29,6.394780749056299e-28
Slc25a25,-0.16517795091761608,8.912691649334282e-29,7.466267538446557e-28
Mia3,-0.16470719682253265,1.2778887344296995e-28,1.0659856658090785e-27
C6,-0.16373069132536117,2.6891453316638544e-28,2.2337984540753953e-27
Cpt1a,-0.16364012729640764,2.880582466045228e-28,2.3828081737955718e-27
Ctsd,-0.16326490400181726,3.8285811468697e-28,3.1537937197339152e-27
Gm10768,-0.16290892055380923,5.011728907426751e-28,4.1112813485405335e-27
Ctsb,-0.16273980367677315,5.694478223231552e-28,4.652059275755694e-27
Sel1l,-0.16242268533286153,7.232693974450225e-28,5.884376949583578e-27
Slc6a6,-0.16228764178374952,8.006795206809912e-28,6.487473001583278e-27
Slc16a10,-0.1620301443439305,9.71747849461591e-28,7.841410197492105e-27
H2-D1,-0.16189484392677803,1.0756851674071772e-27,8.644835674650363e-27
Acsl5,-0.16162371262274855,1.3182757959166803e-27,1.0551543516304765e-26
Hnrnph1,-0.16158913838494257,1.352875421341174e-27,1.0784817370933471e-26
Canx,-0.16118437084090248,1.831454028040946e-27,1.454130366842149e-26
Mbnl1,-0.16114849954934468,1.8812074673403783e-27,1.487658865172771e-26
Cyp8b1,-0.16098581371417123,2.124205446739943e-27,1.6731291506792302e-26
Kif1b,-0.16081574919279043,2.41151644872942e-27,1.891892071086533e-26
Sppl2a,-0.16033381042401398,3.452153993489553e-27,2.697592270801915e-26
Slc22a28,-0.15972073993075098,5.439787449379069e-27,4.2340392863867795e-26
Cxadr,-0.1596959876412619,5.540373766266096e-27,4.2954191905521845e-26
Abcg8,-0.15961263380242402,5.892851299717295e-27,4.550846492008239e-26
2900005J15Rik,-0.15940099424544146,6.890844926240438e-27,5.30085619423243e-26
Pim3,-0.1592486907925895,7.711020019648056e-27,5.908793247614035e-26
Abcg5,-0.1590537834208497,8.90312654212977e-27,6.795938677139211e-26
Tbx3,-0.15895064780254478,9.606072646830017e-27,7.304309854916517e-26
Faah,-0.15861232187111243,1.2321239156389322e-26,9.332984602368463e-26
Slc16a2,-0.15834467029918717,1.4997221638633848e-26,1.1316605793732487e-25
Serpina1c,0.1575860158081595,2.613016718371269e-26,1.9642334799315583e-25
Abcb4,-0.15738290044517309,3.0303819324373627e-26,2.269342833495707e-25
Ece1,-0.15659127878874043,5.388857429882551e-26,4.020290995802944e-25
Rpn2,-0.15644147150973803,6.007036679463074e-26,4.464628389209961e-25
Ddx3y,-0.15553079168561046,1.1597527125996223e-25,8.587382444979227e-25
Ces1d,-0.15504301615353402,1.6469711721546927e-25,1.2149485102051595e-24
Tmem56,-0.15416778077626672,3.0815128809721696e-25,2.2647401359412563e-24
Inhbe,-0.15414319790045916,3.136049861911282e-25,2.2962853988883722e-24
Cyp2c70,-0.1536214742389171,4.547634298450052e-25,3.3175915158803516e-24
Mafb,-0.1535522009977629,4.777203979635967e-25,3.472254510198642e-24
Lect2,-0.15313935071427603,6.403774902804491e-25,4.637458968074901e-24
Ldlr,-0.15312043071291287,6.490224888691735e-25,4.6829104397604236e-24
Cyp2a4,-0.15307469264184423,6.704017389601631e-25,4.819579046997246e-24
Pon1,-0.1529762294710752,7.188220517328958e-25,5.1489536096954164e-24
Pcsk6,-0.1527908476559559,8.195745828731605e-25,5.849454694369091e-24
Ppp1r3b,-0.1526591111867483,8.995542224285587e-25,6.397189560220362e-24
Prkd3,-0.15223965646212595,1.209336944592078e-24,8.569387596625586e-24
Ganab,-0.15193407647004054,1.4995026027153823e-24,1.0587559448458253e-23
Sc5d,-0.15169928977970273,1.7683903834783266e-24,1.2441664726464953e-23
Snord104,-0.15144814467347295,2.108986107078665e-24,1.4785338771966385e-23
Gpx4,0.15125899561300554,2.4076870920943773e-24,1.6819778731698177e-23
Kng2,-0.15120711903267275,2.4966891133481204e-24,1.738012104608885e-23
Ttc14,-0.1510900308136787,2.7097247560065477e-24,1.8796932781140156e-23
C4a,-0.1510732873095652,2.741624753382875e-24,1.895172076027253e-23
Qk,-0.1508441254021987,3.2174855463784e-24,2.2163654791603126e-23
Tmed9,-0.1507306017127249,3.482651703811651e-24,2.3906952841790396e-23
B4galt6,-0.15053812624191434,3.982558065705573e-24,2.724400448408276e-23
Srrm2,-0.15053006963091442,4.004965282943983e-24,2.730281504958708e-23
Ncor1,-0.1505020839399362,4.083773995004252e-24,2.7744402708327855e-23
Cdh2,-0.1504104834482239,4.3526185862657555e-24,2.946961282550479e-23
Hp,-0.15035032199572002,4.538650463978479e-24,3.062427292588892e-23
Slc8a1,-0.15005837277350315,5.559363448657991e-24,3.73838827823022e-23
Lhpp,-0.14917201199109903,1.0266328323014405e-23,6.860888759704872e-23
Pbrm1,-0.1491711767227202,1.0272246195612756e-23,6.860888759704872e-23
Rhbg,-0.14914108726692415,1.0487696929748621e-23,6.981204319903376e-23
Lpl,-0.14898367443132032,1.16898815846838e-23,7.755334192254991e-23
Atp1a1,-0.14880345759567432,1.3234422303147578e-23,8.750653141579518e-23
A230050P20Rik,-0.14870099674334458,1.420092547337382e-23,9.358409886953347e-23
Scarb1,-0.1484241926785888,1.7175433364612975e-23,1.1268758100563025e-22
Os9,-0.14842094318486226,1.7213783239099815e-23,1.1268758100563025e-22
Npc1,-0.14743264592997704,3.3842631551460204e-23,2.2081479398427997e-22
Gpld1,-0.14735177793279655,3.576005055302786e-23,2.3255796033992127e-22
Sds,0.14728258300266223,3.748578705094346e-23,2.429816426220171e-22
Ces2a,-0.14724965960620795,3.833559641897092e-23,2.476780200009984e-22
Ephx1,-0.14693956508679723,4.7335731697008795e-23,3.048297770846462e-22
Rnf128,-0.14633467537861106,7.133045553262542e-23,4.578581512597417e-22
Serinc3,-0.14573613883033965,1.0684399621274108e-22,6.835941116912269e-22
Akap1,-0.14526728819584137,1.464504391141271e-22,9.339758649310621e-22
Atp13a3,-0.14473939198633226,2.086108387125319e-22,1.3261209907867383e-21
Bhlhe40,-0.14462194638657053,2.256534972664034e-22,1.429862064409229e-21
Arl6ip1,-0.1445564353009453,2.357510472746785e-22,1.4890729088244072e-21
Insr,-0.14413327504702506,3.1263974231684176e-22,1.9684355750331087e-21
Steap4,-0.14352231247614786,4.692384746718444e-22,2.9450300457975757e-21
Lman1,-0.14346000955589855,4.890281413268301e-22,3.0595209981112126e-21
Hsd17b12,-0.14335409649041023,5.245820778251625e-22,3.2716049459316916e-21
Cyp7b1,-0.14311792151928834,6.133338724704796e-22,3.813085112811755e-21
Mprip,-0.14306129674402498,6.36730358928792e-22,3.946131409411354e-21
Cebpb,-0.1429310889770656,6.939322060101485e-22,4.287199910256448e-21
Man2a1,-0.14241174153404562,9.77218728745613e-22,6.0185714228351305e-21
Prkcsh,-0.14192239033660572,1.3476405720920545e-21,8.274178295111774e-21
Rps9,0.14133978221083274,1.972958189853966e-21,1.207597009703186e-20
Arl4d,-0.1410507419325101,2.3822583855208113e-21,1.4536187741279764e-20
Ier2,-0.14100468382577494,2.4548168393177822e-21,1.4932839665634633e-20
Gstm2,-0.14070889968397834,2.975744066300921e-21,1.8046153432751292e-20
Anxa2,-0.14030737601962215,3.861566948911418e-21,2.3346537792042428e-20
Aldh3a2,-0.14023663437643205,4.042664580973663e-21,2.4366914257880888e-20
Serpina6,-0.14006722400039803,4.511200234647803e-21,2.7108336972336497e-20
F11r,-0.1399898892750725,4.742560033663159e-21,2.841224601985474e-20
Slco2b1,-0.13980886657262648,5.3309951140994795e-21,3.184101915581471e-20
Gstm1,0.13964722907869084,5.917082624398765e-21,3.523515767601313e-20
Slc4a4,-0.13960335308165656,6.086880773904317e-21,3.609634381296741e-20
Gm16833,-0.1396004665426697,6.0982189345124515e-21,3.609634381296741e-20
Lpgat1,-0.13944448383556005,6.742983808558737e-21,3.9793668625434695e-20
Kdelr2,-0.1393206079398651,7.302663498027644e-21,4.2968350403573373e-20
Pdia3,-0.13924568573401688,7.663204008825583e-21,4.4955947553258683e-20
Slc19a2,-0.138410115853525,1.3093203584920807e-20,7.658361978517288e-20
F7,-0.13829857373830007,1.406025550025485e-20,8.199741924484907e-20
Vnn1,-0.13799548925407687,1.7059083499600716e-20,9.919355317267828e-20
Furin,-0.13747762601536265,2.371287991868828e-20,1.3747907213855345e-19
Abcc3,-0.13741039310334965,2.474647085320035e-20,1.4305196747595642e-19
Cxcl1,-0.13684320012469858,3.54373787771124e-20,2.042556788406741e-19
Iqgap2,-0.13672957067994018,3.807368831576506e-20,2.188130284891498e-19
Jund,-0.13603815348785991,5.88413333939976e-20,3.3718642353603844e-19
Cyp2c68,-0.1358351957585798,6.683339492471874e-20,3.818775195554016e-19
Tmed5,-0.1355539955489866,7.970564489722106e-20,4.541154465758099e-19
Rps3a1,0.13551738040226805,8.155258860887053e-20,4.633030680452214e-19
Tecr,-0.13544029126598012,8.558046906943301e-20,4.847925138976191e-19
Uhrf1bp1l,-0.13521687175256802,9.8397870309321e-20,5.558073988615075e-19
Fam227a,-0.13507724058249979,1.0735306021618439e-19,6.046638177988505e-19
Acp5,-0.13494141819539687,1.1683508032375007e-19,6.5601986523448395e-19
Pde3b,-0.13493730810840276,1.171345535800571e-19,6.5601986523448395e-19
Adam11,-0.13483556067389324,1.2479478390509598e-19,6.969471406225275e-19
F13b,-0.13480434355077017,1.272427328675581e-19,7.086165714905982e-19
Gadd45a,-0.1344233171814316,1.6123054698690926e-19,8.953730095312349e-19
Nrp,-0.1340918627644335,1.9799103667138164e-19,1.0964377577011807e-18
Themis,-0.13404628757566375,2.036539735629748e-19,1.1246477813798915e-18
Stra6l,-0.13400586550155325,2.0881030494211474e-19,1.1477810813277872e-18
Eif3a,-0.13400436524921178,2.0900414227516608e-19,1.1477810813277872e-18
Larp1,-0.133453550665452,2.9362577284379906e-19,1.6080281244105007e-18
Ddx6,-0.1334488573338531,2.944757375678777e-19,1.6082279921870007e-18
8430408G22Rik,-0.13342458218336586,2.9891092069883944e-19,1.6279528656242578e-18
Bmp1,-0.13336667949417833,3.097581414814486e-19,1.682395180518747e-18
Sdc1,-0.13328863106888625,3.2499681457172016e-19,1.760325212077509e-18
Ogdh,-0.13325155924351983,3.3249202846605705e-19,1.7960020226158326e-18
March8,-0.13205478094409828,6.917531080590153e-19,3.726419331424178e-18
Enpep,-0.13204167247260176,6.973005333230104e-19,3.7460955282054115e-18
Sec61a1,-0.13177103324063005,8.22169003786014e-19,4.404954256056774e-18
Pim1,-0.13162418974178716,8.989090968144749e-19,4.803089957843829e-18
Cpn2,-0.13145062260400164,9.987734101327115e-19,5.322304668011781e-18
Vimp,-0.13130612524274704,1.0902071105864516e-18,5.793923273197351e-18
Celf2,-0.1311481850690025,1.199614718600023e-18,6.358279621105216e-18
Serpina3n,-0.13112435998736133,1.2170336013435264e-18,6.433356764321262e-18
Frmd4b,-0.13094487062891527,1.356538264214881e-18,7.151669728940854e-18
Srpr,-0.13084244536460085,1.4431024546043216e-18,7.587802002001979e-18
Spon2,-0.13082202489339914,1.4610016631927814e-18,7.661539225814665e-18
Pten,-0.1308063385605667,1.4748999258287552e-18,7.713960723183727e-18
Lmbrd1,-0.1307056124175518,1.5673064940027965e-18,8.17563308349216e-18
2900097C17Rik,-0.13041796265314354,1.8638387520907468e-18,9.696866349693176e-18
Ces1g,-0.13035244685769112,1.9387644445844108e-18,1.0060202905363203e-17
Mapk15,-0.1303090080560652,1.9900734888908445e-18,1.0299411747479581e-17
Arl5a,-0.13003268147418082,2.3493221343720347e-18,1.2126918693612305e-17
Clstn3,-0.12973180825537006,2.813473346967019e-18,1.4484991684775512e-17
Sorbs2,-0.12958697756862383,3.0680945880693407e-18,1.5754864936657368e-17
Gstm3,-0.12952239521432593,3.1888426366103787e-18,1.6332491949685797e-17
A330069E16Rik,-0.12929971157768794,3.642275844383213e-18,1.8606664972469283e-17
Nedd4,-0.12928909086006837,3.6654236686200576e-18,1.8676656167169725e-17
Tmed7,-0.12916506227851074,3.9467305915994265e-18,2.0058319741881917e-17
Armcx4,-0.12900551422877046,4.34011973272961e-18,2.200106849129856e-17
Ang,-0.12895764029826431,4.465534060634434e-18,2.2578927974103007e-17
Cited2,-0.12872099672985565,5.1399557220976e-18,2.592268485353815e-17
Ube2c,-0.12857683782470875,5.599076113841874e-18,2.8166344725357215e-17
Paqr9,-0.1282531670236399,6.782497908600275e-18,3.401765060209107e-17
Brd4,-0.12824964461349245,6.796647439466856e-18,3.401765060209107e-17
Tsc22d1,-0.1282388137201553,6.8403378884319164e-18,3.4149868700580554e-17
Rpl13,0.12821184237088085,6.950344819171148e-18,3.461166676952484e-17
Slc16a1,-0.12811433014317525,7.362824841951033e-18,3.657362993099797e-17
Nbr1,-0.12800801910501294,7.84007057800105e-18,3.8846665495508965e-17
Dapk1,-0.12771612443518476,9.313053189577554e-18,4.602976538948706e-17
Cd9,-0.1275893470647361,1.003492122196633e-17,4.947391335617814e-17
Col27a1,-0.127535640467931,1.0357120835979434e-17,5.093539276798841e-17
Alcam,-0.12726596533837,1.213579736285005e-17,5.953466845249268e-17
Ctsa,-0.12715100005185917,1.298273925464658e-17,6.353187006543636e-17
Ptbp3,-0.1271114231635459,1.3287584241814542e-17,6.486309641004284e-17
Tmem176a,-0.1268779938721518,1.5234669246365445e-17,7.418458399030661e-17
Stom,-0.12655880447122347,1.8359484691317512e-17,8.918108411482733e-17
Rcan2,-0.12639783471314534,2.016718864006948e-17,9.772189201327783e-17
Rhob,-0.12634319923510795,2.0819795847175696e-17,1.0063749728573679e-16
Cluh,-0.12631357641789578,2.1182296375201583e-17,1.0213999983847203e-16
Cib2,-0.12616872110332308,2.3046540750473205e-17,1.108589076975317e-16
Dlc1,-0.12616096831972956,2.3150755592797256e-17,1.1108991215281597e-16
Slc39a4,-0.125910427056712,2.6780657814559527e-17,1.2819699878785518e-16
BC065397,-0.12584492954885448,2.7818713532492706e-17,1.3284443636168618e-16
Abca8a,-0.1255997020373117,3.20698308073248e-17,1.5277603736405093e-16
Rnr1,-0.12538032424594825,3.641191215373213e-17,1.7304411136521257e-16
Mcl1,-0.12519963630517797,4.041957334872123e-17,1.9162948803458482e-16
Slc13a3,-0.12504280117162891,4.4248667837722974e-17,2.0928137874444575e-16
Ces3b,-0.12489060669633449,4.830568190141781e-17,2.2792442271862295e-16
Ept1,-0.12428694924351684,6.833596749122055e-17,3.2166716126224527e-16
Stt3b,-0.12426345577657046,6.926241752814638e-17,3.2525368041127173e-16
Ywhaz,-0.12416802034914927,7.315487191928165e-17,3.4271844024744033e-16
Pitpnc1,-0.12407557322974391,7.713080463062169e-17,3.6049078192609706e-16
Retsat,-0.12402650733158463,7.932678573637033e-17,3.69879847643406e-16
C1ra,-0.12399011106670357,8.099543609801149e-17,3.7677171097827937e-16
Rhou,-0.12397483829271194,8.170590641177066e-17,3.7918445299547083e-16
1810011O10Rik,-0.1238904226531028,8.574506239486469e-17,3.9699763080713696e-16
Egfr,-0.12387592286531822,8.645839369306495e-17,3.993650568485734e-16
Trib1,-0.12372214870365668,9.439290445267779e-17,4.3499946877143125e-16
Ubr3,-0.12358387794345062,1.0213779520861511e-16,4.695963282033304e-16
Cyp4f14,-0.1235573652380586,1.0369284669590916e-16,4.74863144388615e-16
Stt3a,-0.12355616621475722,1.0376372199083543e-16,4.74863144388615e-16
Cmip,-0.1234304881005407,1.1146367455947176e-16,5.089230591318145e-16
Nr1i3,-0.12312784364918916,1.3239311214518747e-16,6.030902827443218e-16
Fasn,-0.12297614493630697,1.4429627442134282e-16,6.558016885769995e-16
Cd63,-0.1229191336532266,1.4903728815382921e-16,6.74560983803684e-16
Rpl23,0.12291831707517502,1.491062973809863e-16,6.74560983803684e-16
Jade1,-0.12283693789289059,1.5614399769816026e-16,7.047869485142987e-16
Atxn7,-0.12279380122075523,1.6000620928828582e-16,7.205746600522575e-16
Snhg11,-0.12249590187264428,1.8937275147976008e-16,8.50886203807922e-16
Nfe2l2,-0.12244000488698302,1.9544701330650683e-16,8.761876310815511e-16
Rpl28,0.12235478084499898,2.0507959316230848e-16,9.172903974703255e-16
Rps20,0.1219920224439232,2.515895769511483e-16,1.1227823784027543e-15
Plk3,-0.1217481682943727,2.885475817885402e-16,1.2848165972881621e-15
Tm4sf4,-0.12169012843920883,2.9810371134403885e-16,1.3243843535441906e-15
Hsd17b13,-0.12161078647136467,3.116734305754158e-16,1.3815658570573925e-15
Ssr1,-0.12147045385648746,3.371802903198061e-16,1.4912873243003505e-15
Apcs,-0.12123647041218223,3.84357145684878e-16,1.6950099867084774e-15
Bche,-0.12123368251420924,3.8495674457870833e-16,1.6950099867084774e-15
Mfsd2a,-0.1211799165317515,3.96702236771137e-16,1.7428451602145285e-15
Amy1,-0.12117003764150515,3.9889841196480957e-16,1.7486078945774469e-15
Aldh4a1,-0.12099948484389929,4.3875845517493877e-16,1.9190828891169336e-15
Aqp8,-0.12080907918544323,4.879042178104348e-16,2.1293303280601096e-15
Serpina10,-0.12074880118693249,5.045642561645186e-16,2.1971884018441702e-15
Rps4x,0.12066758360727699,5.279008773695872e-16,2.293758317713569e-15
Slc16a11,-0.12044068784216179,5.988784623227781e-16,2.5964533333599393e-15
Trp53inp1,-0.12037062869067312,6.226361669494986e-16,2.693548582186343e-15
Hspa1b,-0.12024228250958392,6.685919250788705e-16,2.8860398163339018e-15
Osbpl3,-0.12017565261229261,6.937508083168583e-16,2.9881162266719584e-15
Fads1,-0.12013871301485264,7.080983089073132e-16,3.043283384151648e-15
C8a,-0.1199195459105882,7.994348819942402e-16,3.428379092630397e-15
Slc3a2,-0.1197321017109552,8.866859745412702e-16,3.7943250469006306e-15
Foxq1,-0.11937205969960772,1.0813910468404938e-15,4.617516413830791e-15
Tagln2,-0.11933861614293433,1.1014828336922619e-15,4.6931714702793146e-15
Diap1,-0.11898305178867703,1.3391829628653576e-15,5.69368756469852e-15
Ppara,-0.11859290661716966,1.6583045273106155e-15,7.035339164148255e-15
Elovl6,-0.11847430103963352,1.7693871297222496e-15,7.490531810408753e-15
Ncln,-0.11837511135611793,1.8678854231515842e-15,7.890618550364705e-15
Slc39a1,-0.11829131983112234,1.9552841863393392e-15,8.242210738577557e-15
Man1a,-0.11808688209909401,2.1857741763476332e-15,9.194203290721852e-15
Nucb1,-0.11757002828134942,2.8945725613365386e-15,1.2149830050450821e-14
March6,-0.11742518375242249,3.130923118711508e-15,1.3114057215450532e-14
Phlda1,-0.11737079113154124,3.2245003355090604e-15,1.3477457004865566e-14
Mbl2,-0.11721819925380841,3.5019643228926052e-15,1.460629423282422e-14
Tsku,-0.11708491845730959,3.763449334238879e-15,1.566387228166371e-14
Hyou1,-0.11692504583318483,4.102545279661084e-15,1.7039352978760427e-14
Zfp704,-0.11674578398516387,4.5186007529457395e-15,1.8728037082963788e-14
Glul,-0.11650296031064594,5.149046797278903e-15,2.1296371377030107e-14
Ttyh2,-0.11646445119180927,5.256681123366616e-15,2.169615570124384e-14
Atp2b1,-0.11629011961224056,5.7723005426699915e-15,2.3774662860122026e-14
G0s2,-0.11622852329269996,5.966130446841943e-15,2.452191246030462e-14
Cyp2j6,-0.11579031954756308,7.542542276865807e-15,3.0936942077518054e-14
Rps3,0.11578542450368785,7.562285084321585e-15,3.095370105942811e-14
Lcn2,-0.11575276145346826,7.69533022334592e-15,3.143319804040265e-14
Tmed10,-0.11571823021868256,7.838489370445905e-15,3.189583570213767e-14
Insig1,-0.1157176641317874,7.840857941951902e-15,3.189583570213767e-14
Tmem97,-0.11565731682981306,8.09743851401956e-15,3.287194238648187e-14
Itgb1,-0.11546658266883628,8.963921688890206e-15,3.631490405519659e-14
Pcyox1,-0.1153254771870566,9.663042436549817e-15,3.906714702875049e-14
Ppp2ca,-0.11494624023115597,1.1818866403446722e-14,4.7685507917579937e-14
Nfkbia,-0.11492187452722492,1.1972514851832349e-14,4.8207050635585646e-14
Gaa,-0.11491404747861358,1.2022287371598906e-14,4.8309069377339505e-14
C2,-0.11489395990219257,1.2150958450374734e-14,4.872706867422079e-14
Taf1d,-0.11486066033110381,1.2367249317936693e-14,4.949403218939442e-14
Lbp,-0.11484908038090252,1.2443348535733813e-14,4.969797990938535e-14
Rdh16,-0.114775334180296,1.2938903277170015e-14,5.157300761888129e-14
Ube2q1,-0.11476491426929353,1.301046953751839e-14,5.175392007177839e-14
Mut,-0.11475949932974625,1.3047814140915477e-14,5.179825011363434e-14
Plxnb2,-0.11463021592512909,1.3971408731862197e-14,5.535365744066446e-14
Rora,-0.11449771654508539,1.4984660944072892e-14,5.924934937286422e-14
Avpr1a,-0.11443897016877459,1.545671434547628e-14,6.099386080041239e-14
Sec24a,-0.11437135254275697,1.6018175976402603e-14,6.308353367599193e-14
Ctsz,-0.1142314143348736,1.7244620832444213e-14,6.777855941499446e-14
Clcn3,-0.11418070761159603,1.7711443211337234e-14,6.947524450161451e-14
Ptp4a2,-0.1140104220510391,1.9371939466905573e-14,7.583826599222242e-14
Klf6,-0.11384464274183553,2.113522337413191e-14,8.257774033727033e-14
Pglyrp2,-0.11379783301394414,2.166106118491716e-14,8.446532142520952e-14
Surf4,-0.1137935569044744,2.1709733339219154e-14,8.44884701016462e-14
Plcxd2,-0.11378426085438106,2.1815915522904667e-14,8.473490174613464e-14
Rgs16,-0.11361324159331393,2.3863002833199935e-14,9.250422862987505e-14
Zfhx3,-0.11358426997291848,2.422802149848194e-14,9.373541781310919e-14
Gc,-0.11355240353398059,2.4635854466307004e-14,9.51271177341581e-14
Picalm,-0.11342970170699622,2.627021698489033e-14,1.0124019294177033e-13
Larp4,-0.11311026079489053,3.104183166496872e-14,1.1939630583977268e-13
Adgrv1,-0.11307359184253248,3.1641336369239225e-14,1.2146586796502125e-13
Pigr,-0.11296781857787173,3.343513812196421e-14,1.2810323268822334e-13
Snrk,-0.11267261439688922,3.898728616926985e-14,1.4908677902639554e-13
Met,-0.11243498909102716,4.4106577777185946e-14,1.6833726692180814e-13
Pum2,-0.11227354403162498,4.7955929801772854e-14,1.8267605629692665e-13
Aass,-0.11209451461087964,5.261125156394108e-14,2.0002393142675292e-13
Tns1,-0.1120551104655679,5.3694034299652736e-14,2.0374876355165731e-13
9030619P08Rik,-0.11201673044966826,5.476972022899858e-14,2.0743244615465554e-13
Irs1,-0.11200909176637923,5.49863248851178e-14,2.078546162483325e-13
Serpinf1,-0.11195737316259903,5.647518205387854e-14,2.1307525748190435e-13
Trim2,-0.11184145020605817,5.995775428659546e-14,2.2578377185637943e-13
Cldn1,-0.11174855476336368,6.290011823212938e-14,2.364135622526992e-13
Stat3,-0.11170975983032329,6.417049869549463e-14,2.407306943472351e-13
Fam63b,-0.11161727897107147,6.730146039885728e-14,2.5199808183435765e-13
Shroom3,-0.111580996995056,6.857038005033461e-14,2.5626397232421843e-13
Tmx2,-0.11154176691989234,6.99688648779858e-14,2.6099706766750555e-13
Nfix,-0.11135870965629095,7.6873971806657e-14,2.86214392206706e-13
2810474O19Rik,-0.11086294965003536,9.911564490911003e-14,3.6833013155133556e-13
Sec63,-0.11078495322338622,1.0314800160962311e-13,3.825958708859754e-13
Amotl2,-0.11032377948104735,1.3050122169493781e-13,4.831477814436181e-13
Kcmf1,-0.11030845480063356,1.3152304937908553e-13,4.860206890139291e-13
Hectd1,-0.11028515975138865,1.3309140191584112e-13,4.908986969918244e-13
Cbx3,-0.11017411296874714,1.408238357380568e-13,5.184519986110584e-13
Vldlr,-0.11013257301127405,1.4382836182997607e-13,5.285291288807858e-13
Itgb5,-0.11004005609195358,1.5074808812247552e-13,5.529294438184306e-13
Rplp1,0.10971884682745238,1.7740747465152962e-13,6.495084766408779e-13
Colgalt1,-0.10910680666218114,2.4163348107953995e-13,8.830118153313317e-13
Spp2,-0.10904687188332154,2.490332962071791e-13,9.083742188221275e-13
Dsg2,-0.1089705745876986,2.5877592602053085e-13,9.421731229145294e-13
Tnfaip2,-0.10891917512499422,2.6554926995262493e-13,9.650568137800359e-13
Erdr1,-0.1087137500955616,2.9440151593251606e-13,1.067948251373549e-12
Plec,-0.10869500477123287,2.971826678975824e-13,1.0760625172775099e-12
Ppp2r5a,-0.10830760321870095,3.607930289752872e-13,1.3039996677955078e-12
TrnI,-0.1082978188778009,3.6256155012729606e-13,1.3080003368643507e-12
Gpd2,-0.10788199717837003,4.4612539646703997e-13,1.6065389960206521e-12
Cyp2c40,-0.10767548771456635,4.943831765899667e-13,1.7770828002152079e-12
Actn4,-0.10766600797668448,4.967173286404617e-13,1.7822325929622373e-12
Ddost,-0.1075918453900807,5.153552127517288e-13,1.8457558978445067e-12
Hexa,-0.10741776670971749,5.618414971037369e-13,2.0086087518518768e-12
Sec11a,-0.107116426694977,6.522272840097054e-13,2.327533105572541e-12
Ermp1,-0.10704021594360277,6.772594089696753e-13,2.4125078406000865e-12
Rad21,-0.10668499739915721,8.069361236085449e-13,2.869267475492973e-12
Cadm1,-0.1064520863227333,9.048795216180938e-13,3.2117537059945626e-12
Cyp2c69,-0.10644225592794196,9.092603379659558e-13,3.2193127719490335e-12
Ets2,-0.10644000586517344,9.102659785126504e-13,3.2193127719490335e-12
Alkbh5,-0.10631572776755922,9.675383616022635e-13,3.415755965870848e-12
Gfra1,-0.1062352856254551,1.006478786010309e-12,3.5468958287742977e-12
Creg1,-0.10620903336395311,1.0195166518793915e-12,3.586449147269674e-12
Angptl4,-0.10619404504369645,1.0270345729147134e-12,3.60647842034172e-12
Gsta2,0.10614067681413669,1.0542474963297942e-12,3.695473936602843e-12
Hnf4a,-0.10603543485813025,1.1100001854629478e-12,3.8840183480712354e-12
Setd8,-0.10571396910333186,1.2988215510458154e-12,4.536696477769571e-12
Cd2ap,-0.10546512084240642,1.4663026993929654e-12,5.112663909523621e-12
Ccbl2,0.10544340929916557,1.4818817492775096e-12,5.1578877083127405e-12
Apoa4,-0.10541526554587459,1.502318016180189e-12,5.219829029856298e-12
Dag1,-0.10514718935305666,1.711365168653418e-12,5.935734979697908e-12
Tmem176b,-0.10506247480839231,1.7831719363933768e-12,6.17395957661945e-12
1110028F11Rik,-0.10502498179855319,1.815887724626622e-12,6.276241313962993e-12
Lgr5,-0.10498459638921566,1.851785921650031e-12,6.3891461904050804e-12
TrnC,-0.10486330960156116,1.96383163232304e-12,6.763928810283362e-12
Thrsp,0.10485667028281988,1.9701533733537898e-12,6.773901250644248e-12
Foxp1,-0.1048040115524819,2.021005101359101e-12,6.936678967685664e-12
Rxra,-0.10472321786381351,2.1015382847917087e-12,7.200591315482163e-12
Atp9a,-0.10447021048429368,2.374627829752992e-12,8.122213182390423e-12
Tmsb10,-0.10406365269686581,2.887953408392272e-12,9.860939358189156e-12
1190002N15Rik,-0.10402087969356676,2.9479037648547705e-12,1.0048285763996348e-11
Aatk,-0.10394124734018455,3.06278309093184e-12,1.0421897023704385e-11
Dync1h1,-0.10345474881089177,3.866134553882058e-12,1.3132900366022042e-11
Rgn,0.10331698811408713,4.128930681636036e-12,1.4001536805479317e-11
Tmpo,-0.10280583467952296,5.266027866237851e-12,1.782694707457574e-11
Hacd2,-0.10268229942360953,5.58390751033098e-12,1.8870743842605722e-11
Gas6,-0.10239849378077363,6.387102293990239e-12,2.154829562324011e-11
Ccnb2,-0.1023209603822294,6.625540143320108e-12,2.2314638608762952e-11
Dsp,-0.1022422505393299,6.876510534515245e-12,2.3120512460436464e-11
Birc5,-0.10219638736187124,7.027017302933144e-12,2.3586440081322284e-11
Serpina3k,-0.102087403734317,7.397727353927665e-12,2.4788655896127107e-11
Slc1a4,-0.1020822837138496,7.415606491867944e-12,2.4806521208837437e-11
Larp4b,-0.10204868081104547,7.534003011385788e-12,2.516000667822585e-11
Rps16,0.10198558743370371,7.761329473913649e-12,2.5875460994818352e-11
Txnip,-0.10197510047749882,7.799759794060171e-12,2.5959806587301277e-11
Nxpe2,-0.10187288586576755,8.184231287315469e-12,2.7193655890794426e-11
Cyp2b9,-0.10186357844263172,8.220148689616696e-12,2.7267171072772163e-11
Sgms1,-0.10173898042298891,8.716101302886555e-12,2.8863873158805224e-11
Pank3,-0.10169972904937724,8.878323513853578e-12,2.9351915697138e-11
Hs6st1,-0.10158779800806161,9.35733713112569e-12,3.088389901207928e-11
Zyg11b,-0.10158019794035182,9.390764275459045e-12,3.094256828763755e-11
Fam120a,-0.10153657326456621,9.584911773870926e-12,3.152973473700968e-11
Tmem205,-0.10136250706792556,1.0399475333133062e-11,3.415242979003997e-11
Irak1,-0.10135503019809917,1.0435942366666675e-11,3.421535333150915e-11
Arl6ip5,-0.10112098881717166,1.1642942745627714e-11,3.8109433457129126e-11
Tapbp,-0.10076028591955612,1.3775463899964924e-11,4.501502831443083e-11
Rpl39,0.1007034572986454,1.4144606276577234e-11,4.614502740724949e-11
Ucp2,-0.10061232599054923,1.4756879824129386e-11,4.806318189835881e-11
Tnks2,-0.10060256665332644,1.4823966985029258e-11,4.820227422599152e-11
Lifr,-0.10020785788355141,1.780239522090917e-11,5.779201207181844e-11
Oat,-0.10019944776337743,1.7871842212387168e-11,5.7922347629326936e-11
D17H6S56E-5,-0.10006148694322767,1.9049648116010845e-11,6.16385504506603e-11
Npr2,-0.09987637916696554,2.0749998729112426e-11,6.703063314943671e-11
Jak1,-0.09987116998627873,2.079993698714046e-11,6.70823416371561e-11
Zap70,0.0997326063106673,2.2172326499259946e-11,7.139200242514155e-11
Pdp2,-0.0997277272474743,2.2222231911761062e-11,7.143634551146604e-11
Fst,-0.09929411324524423,2.7125438418543154e-11,8.705680479457762e-11
Hnrnpa0,-0.09924470382594064,2.7747251230631982e-11,8.890812914580134e-11
Slc22a3,-0.09912847358698175,2.926551045656835e-11,9.362122034407059e-11
Atp1b1,-0.09908536121075961,2.984908777075556e-11,9.533383929367326e-11
Phldb2,-0.09903475879844643,3.0548586292412565e-11,9.732293313693972e-11
Cmah,-0.09903320410169372,3.057032952859867e-11,9.732293313693972e-11
Tfrc,-0.09891391199796466,3.2284630196861937e-11,1.0261529565787147e-10
Lpin1,-0.09868688002378449,3.581090621702909e-11,1.1364070881391093e-10
Eef1a1,0.09859810872591694,3.728986105780388e-11,1.1814431940909979e-10
Nrp1,-0.09833365589322061,4.2058808683938894e-11,1.3304042362903552e-10
Sh3d19,-0.09827287589565542,4.3236453642387984e-11,1.365470748418547e-10
9330159M07Rik,-0.09807590238686811,4.7278862290705743e-11,1.4907545573959372e-10
Dnajc3,-0.09793379342888044,5.042253809536213e-11,1.5873464620148236e-10
Ttc3,-0.09763776504931153,5.7641643676567385e-11,1.810390364042438e-10
Papss2,-0.09763587867046236,5.7690739977073136e-11,1.810390364042438e-10
Slc10a1,-0.09746242835574327,6.23842052204165e-11,1.9545732760818295e-10
Ifrd1,-0.0972514745543713,6.859751028779659e-11,2.145843003781232e-10
Tex2,-0.09717670851642202,7.094167175495738e-11,2.2156664306406123e-10
Nr1d1,-0.09709132465314826,7.371459738896168e-11,2.298639732460209e-10
Gda,-0.09676263779841256,8.54127295376998e-11,2.659227815685551e-10
Alas2,0.09672055120292314,8.703585691856547e-11,2.7055014013837094e-10
Tgm2,-0.09634105569617693,1.0310056552370376e-10,3.199840157619503e-10
S1pr1,-0.096313442351816,1.0437649503565451e-10,3.234362549929294e-10
Arid5b,-0.09603250941148733,1.182668053701661e-10,3.6590528046450446e-10
Clic4,-0.09601737581052971,1.1906426158809364e-10,3.6779694556197053e-10
Pnpla3,-0.09589693094097197,1.2560113432649983e-10,3.8738446577767576e-10
Cdca3,-0.09576333236405912,1.332623452769344e-10,4.103732969042045e-10
Tenm3,-0.09571222681888349,1.363121478634731e-10,4.1911215602812806e-10
Scap,-0.09556024857196622,1.4579019433813966e-10,4.475577860349412e-10
H2-Q1,-0.09542715332350035,1.5461715024962452e-10,4.739195442535003e-10
Reep4,-0.0953879817996945,1.5731301451118435e-10,4.814362688678196e-10
Spp1,-0.09537433788094159,1.582627557830908e-10,4.835942321223655e-10
Saa1,-0.0953341301726569,1.6109427026782943e-10,4.914866856782389e-10
Nucks1,-0.09510641164352954,1.780891737586324e-10,5.424996864727523e-10
Eif4g3,-0.09506032803722753,1.8173556661033878e-10,5.527557156748305e-10
Dancr,-0.09462253400624708,2.202193949329944e-10,6.687768721697849e-10
Lsr,-0.09452275949863298,2.300455148632138e-10,6.965591559540438e-10
Slc16a12,-0.09452249228739522,2.3007239698431492e-10,6.965591559540438e-10
Hspa13,-0.094449221657668,2.37560522069776e-10,7.181302020366164e-10
Cfd,-0.09434642987108473,2.4846810625820433e-10,7.499564062175114e-10
1190002F15Rik,-0.09416410924129434,2.690297692900656e-10,8.107802650708227e-10
Sun2,-0.09414256294040031,2.715668142472882e-10,8.171805049724334e-10
Nckap1,-0.09411549723708768,2.747868776189957e-10,8.256134605664963e-10
Fat1,-0.09399585411166922,2.894732972900616e-10,8.684198918701849e-10
Tnfrsf12a,-0.09376757375402327,3.196508157918864e-10,9.574994891220597e-10
Pck1,-0.09365978615597714,3.3494662094631515e-10,1.0017995001677231e-09
Fndc3b,-0.09327956568700198,3.9482239108008337e-10,1.1790994972285874e-09
Camk1d,-0.093247048788117,4.0040280919158526e-10,1.1939613179061298e-09
Rmdn2,-0.09314467050598438,4.1847988916648583e-10,1.2459860555453954e-09
Slc39a14,-0.09300365936919688,4.4468783932084474e-10,1.3220268546425715e-09
Keg1,0.09299192305936876,4.4693992979841315e-10,1.3267270889061003e-09
Calu,-0.09256838407815653,5.360960310260414e-10,1.5889982808672922e-09
Frrs1,-0.09250926594193222,5.498455966688029e-10,1.6273124919374602e-09
2810417H13Rik,-0.09221297511932762,6.241069920418263e-10,1.8443341154958007e-09
Ddit4l,-0.09209466558736518,6.564174405825852e-10,1.936921313480255e-09
Ndst1,-0.0919674748678996,6.929729354353923e-10,2.0417399304855e-09
H2-K2,-0.09195577924534508,6.964323232525497e-10,2.048879022426028e-09
Smad7,-0.0916200499693712,8.032396264115278e-10,2.359590997645751e-09
Ifi27,0.09146208867254348,8.588638275005759e-10,2.5192489420899684e-09
Ppp1r12a,-0.09143306212564814,8.69485882055162e-10,2.546627538997119e-09
St6gal1,-0.09130703704129137,9.171081339015287e-10,2.6821342910108317e-09
Birc6,-0.09103218012855976,1.029959338048417e-09,3.007724684374772e-09
Nceh1,-0.09096379848548355,1.06007381241222e-09,3.091100187520588e-09
Ctnnb1,-0.0908059893807588,1.1328839886995355e-09,3.298544397141357e-09
Nisch,-0.09075076469264216,1.1594971629488047e-09,3.3710674869849806e-09
Nkd1,-0.09070355665870482,1.1827293054002115e-09,3.433562168540702e-09
Stmn1,-0.09023759871705184,1.4377778387161694e-09,4.167869189357576e-09
Msmo1,-0.09008973434714192,1.5293799190677898e-09,4.426916691064451e-09
Socs2,-0.08995697695560022,1.6164497445990822e-09,4.672106937240329e-09
Sptbn1,-0.0899038027369375,1.6526626825979337e-09,4.7698016401403135e-09
Atg16l2,-0.08987185590664698,1.6747980109698222e-09,4.82664091499612e-09
Hmgb2,-0.08971462122537012,1.7880204720646457e-09,5.145438825723151e-09
Slc22a23,-0.0896731210188112,1.8191267188855315e-09,5.227345237262639e-09
Ero1lb,-0.08956183178532856,1.9051678832059296e-09,5.466642823074199e-09
Cenpa,-0.08954116520358764,1.9215765211819324e-09,5.499087865062493e-09
Ccnb1,-0.08954058608858895,1.9220382978038355e-09,5.499087865062493e-09
Lpp,-0.08926842511439011,2.1514523890595793e-09,6.1465626779924685e-09
Rell1,-0.08897576717552717,2.4278880961163665e-09,6.926312793682621e-09
Apol9b,0.08892337055922515,2.4809041142915734e-09,7.067359414919943e-09
Sgpl1,-0.08885716308043387,2.5495082021134416e-09,7.252342036803272e-09
Cml2,-0.08863374458948806,2.7949210122478847e-09,7.939021323583431e-09
Ccdc85b,-0.08843915976856936,3.027279651381666e-09,8.586702827520164e-09
Bach2,-0.08823058820267596,3.2972117457523582e-09,9.338950746923226e-09
Aldh1b1,0.08813178294117538,3.4331262145423556e-09,9.710000752718508e-09
BC024386,-0.08807248370747703,3.517298888516619e-09,9.93385700371051e-09
Smc4,-0.08805858394044672,3.537317665859494e-09,9.976144116125849e-09
TrnA,-0.0880414809870342,3.562101940092505e-09,1.0031731532140858e-08
Plk1,-0.08790338791081379,3.768502784731864e-09,1.0597908969295726e-08
Rcbtb1,-0.08782276589921544,3.894336708885159e-09,1.093622680890051e-08
AW549542,-0.08778674371752228,3.9518724039529186e-09,1.1076884773121431e-08
Tgif1,-0.08778093757065822,3.961223223964697e-09,1.1076884773121431e-08
Khsrp,-0.0877809315408463,3.96123294617949e-09,1.1076884773121431e-08
Zmpste24,-0.08775595986041694,4.001696020172545e-09,1.1174227446159778e-08
Laptm4b,-0.08761989531549036,4.229334672265923e-09,1.1793222351297222e-08
Cdkn3,-0.08758072105567227,4.297177183651197e-09,1.196552012968791e-08
Paip1,-0.08753080638524008,4.385155501224653e-09,1.2193322680620451e-08
Tacc3,-0.08748297452244022,4.471105554981971e-09,1.2414853486235051e-08
Gabrb3,-0.08742216054691662,4.5827525765948445e-09,1.2707015208875184e-08
Errfi1,-0.08736145268110965,4.696907916663846e-09,1.3005303853283505e-08
Plxna2,-0.08734216334107868,4.7337553150619235e-09,1.3088998962066325e-08
Rpl10a,0.08724358679842771,4.926495045493154e-09,1.3602906012485985e-08
Ubd,-0.0872293886278097,4.9548771702422685e-09,1.3662192699538305e-08
Hsd17b7,-0.08712851410774035,5.161154631295627e-09,1.4211145830183084e-08
Nr4a1,-0.08697505130488117,5.491078928999101e-09,1.5089544184816787e-08
Ryk,-0.08697308641181113,5.495433390525082e-09,1.5089544184816787e-08
Plin4,-0.08679140814400799,5.912903266053589e-09,1.6213328373076207e-08
Gpx3,-0.08651358198844428,6.611566080289617e-09,1.8103969724006333e-08
Mme,-0.08642659558478917,6.8463620380278355e-09,1.8720965074939187e-08
2410006H16Rik,-0.08635339513483882,7.050210761007916e-09,1.9251749550431836e-08
Lgmn,-0.08618108379227919,7.55363281578674e-09,2.0597975278359153e-08
Ehhadh,-0.08611395574590873,7.759066963123082e-09,2.110652483699391e-08
Cidec,-0.08611317796025594,7.76147878426635e-09,2.110652483699391e-08
Ifi27l2b,-0.0860821551252886,7.858273374251688e-09,2.1340393490241194e-08
Adh1,0.08594587265129863,8.297569552862862e-09,2.2502462285335913e-08
Rhag,-0.08588942502872245,8.486433656325838e-09,2.2958630675715268e-08
Rras,-0.08588866553927058,8.489003047014599e-09,2.2958630675715268e-08
Nt5e,-0.08570700481001596,9.12578815405316e-09,2.4647108170168168e-08
Med13,-0.08568119682010886,9.219938879986967e-09,2.486742041709991e-08
Arhgef5,-0.08538490072665236,1.037081798104976e-08,2.793338848574302e-08
Nnt,-0.08507922874341801,1.1704051977650573e-08,3.1481511237843784e-08
Id2,-0.08506038089952235,1.179149629564486e-08,3.1673625239796046e-08
Etnk1,-0.0849390470812358,1.2369807685077269e-08,3.3181967155220844e-08
Car2,-0.08483116224032157,1.2907084791954117e-08,3.457629625161693e-08
Epas1,-0.08467197796911813,1.3741446797958257e-08,3.676162424839442e-08
Maf,-0.08447365024021176,1.4854487291400076e-08,3.968556942580804e-08
Sox9,-0.0843787793105811,1.5417401362523498e-08,4.113387650972868e-08
Gnb1,-0.08423135326308603,1.6333475068794726e-08,4.3519245567395114e-08
Mtmr11,-0.0840961525388248,1.7219887842857553e-08,4.581927088200455e-08
Sdc2,-0.08394009498708142,1.830116486057871e-08,4.8630917915811973e-08
Fgl1,-0.08392963178854393,1.837597266042921e-08,4.876415832170275e-08
TrnS1,-0.08390930893781794,1.852212221544198e-08,4.9086106729127074e-08
Ralgapa2,-0.0838980447605538,1.8603612652910378e-08,4.9236067221959594e-08
Pvrl3,-0.08388902432529256,1.866912162219438e-08,4.934338696133461e-08
Creld2,-0.08387860209885493,1.8745089624775878e-08,4.94780269535139e-08
Hsf2,-0.08340218857145985,2.2556999842400264e-08,5.946025158456709e-08
Ces1e,-0.08325889734582088,2.384380641650776e-08,6.27685822708866e-08
Snca,-0.08323800857861997,2.403724520834509e-08,6.319366193736467e-08
Hs3st3b1,-0.08294376098533426,2.692934353853929e-08,7.070293781632426e-08
Reep5,-0.08293115429217164,2.7060510720886715e-08,7.089372775492533e-08
Chd4,-0.08292988704340626,2.7073730123909268e-08,7.089372775492533e-08
Sgk1,-0.08292097337613168,2.7166890888505896e-08,7.104357577589439e-08
Spc24,-0.08284694328914995,2.7952722311787858e-08,7.300202379181585e-08
Mcfd2,-0.08282310556717018,2.8210420852002222e-08,7.357783908233298e-08
Tlcd2,-0.08280347664757756,2.8424348650883832e-08,7.40381255372824e-08
Acot1,-0.08279315410525324,2.8537480423875775e-08,7.423499841842423e-08
Sox4,-0.08231197427923469,3.432432789642684e-08,8.917108574406814e-08
Cst3,-0.08220806052544127,3.57157750778241e-08,9.26641565995515e-08
Ly6d,-0.08219466596788147,3.5899064852309364e-08,9.301762937485664e-08
Ube2m,-0.08209785452930926,3.725120727147477e-08,9.639481253364611e-08
Pdk4,-0.08203695573737702,3.812692668017875e-08,9.85319399303443e-08
Ndrg1,-0.0816903272479836,4.35045560053703e-08,1.1228264650472204e-07
Aldh1a1,-0.08136131377854229,4.9284590701892173e-08,1.2703472727202195e-07
Rps5,0.08112118682183915,5.396589710712375e-08,1.3892002419372873e-07
Saa2,-0.08110608584111033,5.427426735001924e-08,1.3953215416253322e-07
Acaca,-0.0810810978483804,5.478828899129239e-08,1.4067071082569487e-07
Bcl6,-0.08078431310620168,6.126574692126565e-08,1.5709777128838156e-07
Mbd2,-0.08062143572256367,6.512970836491515e-08,1.6678942155108452e-07
Slco1a4,-0.08058499631518047,6.602593013180682e-08,1.688658006087737e-07
Purb,-0.08048810332818185,6.846748727818601e-08,1.7488400820280846e-07
Fgf21,-0.08042300898905105,7.015662478823546e-08,1.7896728671786002e-07
Acot2,-0.08036456471430962,7.170752469418339e-08,1.8268785608299042e-07
Tm2d3,-0.08032776908479101,7.270092222191873e-08,1.8497446691277818e-07
Scd2,-0.08032441341781396,7.279217767230219e-08,1.8497446691277818e-07
Cenpb,-0.0801631608675872,7.73104977124991e-08,1.96203920382042e-07
Haus8,-0.0800796862627412,7.975494921249197e-08,2.021481212732008e-07
Ulk1,-0.07985017704055832,8.686778427409627e-08,2.1989450641470975e-07
Hamp2,0.07961092964374705,9.4934937141832e-08,2.4000814671279007e-07
Sptan1,-0.07944482886576215,1.0095716344060893e-07,2.549071674611544e-07
Rad51b,-0.07936689099226935,1.0390877203707582e-07,2.620250539761466e-07
Nek2,-0.07930723714080697,1.0622417874844767e-07,2.675225495358994e-07
Mtdh,-0.07924803916987039,1.0857119973463371e-07,2.7308557490505196e-07
App,-0.07919300339235451,1.1079815130747444e-07,2.7833284006972935e-07
Slc25a4,-0.07916868650095589,1.1179611959064458e-07,2.804834117140918e-07
Actg1,-0.0791556583149843,1.1233436979616463e-07,2.8147661481244293e-07
Bptf,-0.07901757305728734,1.1819557105719368e-07,2.9578815693679987e-07
Itih2,-0.07895062798447529,1.2114255843042702e-07,3.0277982050183843e-07
Aebp2,-0.07877579769018002,1.2917783311389403e-07,3.2245527281081884e-07
Tpm2,-0.07876345307263934,1.297642767005905e-07,3.2351068731029937e-07
Mdfic,-0.07868139524595975,1.3372847216465464e-07,3.3297379026388187e-07
Tgfbr2,-0.07856132336482491,1.397408844979482e-07,3.4750657692131275e-07
Ube2s,-0.07853827824669848,1.4092435614733777e-07,3.5000936193880246e-07
Gm4956,0.07809278774644872,1.6580110009450337e-07,4.1127826209138417e-07
Fitm1,-0.07801584030455698,1.705074663910593e-07,4.224226329011582e-07
Socs3,-0.07797259697404146,1.7320877732953656e-07,4.2857791336732636e-07
Mfge8,-0.07776600876792672,1.866950525968696e-07,4.61370148730014e-07
Axin2,-0.07762552009190608,1.964400864412256e-07,4.848465054860212e-07
Id3,-0.07760283191165192,1.980592631231551e-07,4.882333705666804e-07
Myh9,-0.07759851591876196,1.9836873699128392e-07,4.88387288956125e-07
Knstrn,-0.07757505665567083,2.0005904813167688e-07,4.919362414879666e-07
Tmem237,-0.07736686096167719,2.1568262437183354e-07,5.29695091159149e-07
Cyp2f2,-0.07719251765363616,2.2966673313474592e-07,5.633388727138867e-07
Serpina1d,0.07717960031381274,2.3073697848491425e-07,5.652627093738234e-07
Ctnnbip1,0.07698256204562068,2.4767177911534396e-07,6.059988951869245e-07
Kif20a,-0.07672343054748768,2.7177885482962355e-07,6.641616761411196e-07
Taf10,-0.07668948156999729,2.75100241824608e-07,6.714483680089508e-07
Srxn1,-0.07659772394657985,2.8427460050210774e-07,6.929850618898484e-07
Osgin1,-0.07653250164585948,2.90974691254016e-07,7.084445376960463e-07
Ddit4,-0.07631426304186999,3.1452026153344735e-07,7.64829713470634e-07
Rarres1,-0.07622589509280743,3.245682845909829e-07,7.882942243690089e-07
Cx3cr1,-0.07621199195177907,3.261771068249423e-07,7.912296198686023e-07
Slc25a47,0.07608212132275641,3.4158171329879144e-07,8.27582165676116e-07
Rpl37rt,0.07604757903671093,3.4579570908595694e-07,8.367663609093474e-07
Cyp51,-0.07583128444117408,3.733457731045855e-07,9.023283538236743e-07
Lmna,-0.07560738944148185,4.0409013562652595e-07,9.754410233622e-07
Tle3,-0.07542763172246324,4.305274288622965e-07,1.0379911303180002e-06
Akap13,-0.07534965510440308,4.425073767229761e-07,1.0655750106958875e-06
Desi2,-0.07527246413470108,4.5468291334399985e-07,1.0935621893930508e-06
Itgav,-0.07511703180858717,4.801872753271677e-07,1.1534996881188463e-06
Serpina1e,0.07500057701679125,5.001941611504249e-07,1.2001017677116382e-06
Selk,-0.07489972068461555,5.181685373999614e-07,1.2417202405329985e-06
Pbk,-0.07474243261495932,5.474487577298407e-07,1.3101353667824502e-06
Bcl3,-0.07473932266338902,5.480434741168874e-07,1.3101353667824502e-06
Cenpf,-0.07459023510957745,5.772955331975235e-07,1.3783976680332173e-06
Ckap2,-0.0745225155769024,5.910742344734506e-07,1.409594404769616e-06
Dusp16,-0.07442103671070689,6.123167657862367e-07,1.4584942722402288e-06
Cep170b,-0.0743758977403491,6.220003261713356e-07,1.4797769492668236e-06
Hmmr,-0.07436069674348682,6.252944477000672e-07,1.4858258691142221e-06
Cish,-0.07432283034848301,6.33573510586141e-07,1.5036912730237704e-06
Igfbp4,-0.07419274782685692,6.628268070316501e-07,1.5712333303376166e-06
Hn1,-0.07417125842148013,6.677829687161301e-07,1.5810861426967535e-06
Zfyve27,-0.07405341672500156,6.956021910413289e-07,1.6449826934075447e-06
Mpeg1,-0.07401367395022443,7.052336234490381e-07,1.665766874024789e-06
Tmem220,-0.0738493780897921,7.464304802799447e-07,1.7609702380828769e-06
Hamp,0.0738346835072662,7.502259958250935e-07,1.7678150104245647e-06
Plk2,-0.07381441019997363,7.554929822007019e-07,1.7781066973937947e-06
Gm11974,-0.07375897973825477,7.700761807721388e-07,1.8102742085452062e-06
Dpyd,-0.07349530689434225,8.432383687372021e-07,1.979907666263003e-06
Ddb1,-0.07348516411747062,8.461823386273048e-07,1.984463206958697e-06
2700094K13Rik,-0.07346313296194312,8.52611071537968e-07,1.9971707208892925e-06
Il6st,-0.07341535178871943,8.667156731808984e-07,2.0278069655368474e-06
Ly6e,-0.07337670158874582,8.782889588064344e-07,2.0524554037356036e-06
S100a11,-0.0733623735785883,8.826169694261117e-07,2.060134295815139e-06
Ckap2l,-0.07322575212928488,9.249301487313709e-07,2.15635248118151e-06
Cbr1,0.07304276689446297,9.846710218898023e-07,2.2929265138705996e-06
Pgd,-0.0729642176527131,1.011439522784604e-06,2.352489337111956e-06
Tpr,-0.07243945582834142,1.2090914212596676e-06,2.8067251328975913e-06
Mmp14,-0.0724382761744755,1.2095750193367466e-06,2.8067251328975913e-06
Svil,-0.07226501376708698,1.2826605524577064e-06,2.9728252194711437e-06
Slpi,-0.07221698592172057,1.3036598225654346e-06,3.0179572239014803e-06
Cenpp,-0.07205278058875113,1.377981521581396e-06,3.186280079726807e-06
Wfdc3,-0.07194901719491603,1.4270288529577057e-06,3.295836498010963e-06
Otud1,-0.07180273669556471,1.4990325708218788e-06,3.458094973762957e-06
Cyp4a31,-0.07141170653224524,1.709063477490578e-06,3.93801689393808e-06
Gusb,-0.07129681367190209,1.7759675656304314e-06,4.087413128348502e-06
Nnmt,0.07129231584035546,1.778637251084993e-06,4.088797494645385e-06
Sdcbp2,-0.07127378653934405,1.789676017951796e-06,4.1093954558544726e-06
Lmo4,-0.07122626410506529,1.8182890074343327e-06,4.17025216670264e-06
1500012F01Rik,-0.07120135108766913,1.8334640412765537e-06,4.200183556898895e-06
Cd24a,-0.07115396076385887,1.8626669298079796e-06,4.262144120637009e-06
Cav2,-0.07109535684150345,1.899398030272983e-06,4.341167521213512e-06
9530091C08Rik,-0.07104329181258823,1.932613483606972e-06,4.411982513961875e-06
Bmp2,-0.07102587620601868,1.9438479411207027e-06,4.432511395150668e-06
Ces1a,-0.07092478986313264,2.0103055883993587e-06,4.578772060213746e-06
Lgals3,-0.0708700965815684,2.047166911884082e-06,4.657363618866319e-06
Gypa,-0.07067344846277225,2.185136921956026e-06,4.965535281272486e-06
Fgfr4,-0.07057423960013665,2.258087915707183e-06,5.12541883967061e-06
5930430L01Rik,-0.07054518578396571,2.279890832528072e-06,5.168972678793576e-06
Ssr2,-0.07046200734826055,2.343433699873743e-06,5.3069512309855555e-06
Nat8,-0.0704052864098356,2.3877358685577315e-06,5.4010913182364254e-06
Lsm11,-0.07030099277528938,2.4713012511170578e-06,5.5837286553810554e-06
Aftph,-0.0702458108910216,2.516643899558266e-06,5.679686060989375e-06
Smc2,-0.0701583923878912,2.590113398283972e-06,5.8388303174542905e-06
Ccna2,-0.0698502007876792,2.865897245311063e-06,6.4531649817539544e-06
Arhgap35,-0.06984384259266337,2.8718731997719094e-06,6.459264295732724e-06
Dmxl2,-0.06983093211706427,2.8840443217762693e-06,6.479267754717824e-06
Map4k4,-0.0697939071283382,2.919223983909838e-06,6.550857907139331e-06
Ccdc34,-0.06972441706949915,2.986364860225445e-06,6.693926676491728e-06
Tubb5,-0.06970107164826585,3.009251566789117e-06,6.737588162561817e-06
Hmox1,-0.06969129291873061,3.018888056407276e-06,6.751517746060164e-06
Ifngr1,-0.06967242430870207,3.037565915170796e-06,6.785613349483236e-06
Sprr1a,-0.06956357748742066,3.1474949294394746e-06,7.023247715013366e-06
Acsl3,-0.06944754985247503,3.2688734742648425e-06,7.285865680520399e-06
Cidea,-0.06940554946899109,3.3139071923795974e-06,7.377921756007279e-06
Hmgcr,-0.0693953514543976,3.3249311331146915e-06,7.3941381891650685e-06
Acsl4,-0.06930944939204893,3.4191960127676784e-06,7.595225300271573e-06
Tuba1b,-0.06928721510257553,3.444009120646612e-06,7.641757611131708e-06
Alas1,-0.06920147881996705,3.5413152493751424e-06,7.848856780285489e-06
F2r,-0.06918980536103449,3.5547660962819824e-06,7.869846105654512e-06
Slc27a1,-0.06905747037459317,3.7107151107235036e-06,8.20591026163352e-06
Pmepa1,-0.0689190553960295,3.880835857979279e-06,8.572527923156462e-06
Ajuba,-0.06884441263219136,3.975652779850907e-06,8.772171368041565e-06
Plscr1,-0.06879496492287962,4.039682945720712e-06,8.903515254949665e-06
Cyp4a32,-0.06874634702549241,4.103601117531029e-06,9.034320054965305e-06
Racgap1,-0.06871580839076809,4.144244624093232e-06,9.11365030237188e-06
Cdc20,-0.0685717268288378,4.341259127248154e-06,9.536299216188446e-06
Dynll1,-0.06856497307034068,4.350710808463102e-06,9.546454237881854e-06
Pbxip1,-0.06849573514933686,4.44875083956161e-06,9.750754334604549e-06
Rad51,-0.0683380365785919,4.680009362815385e-06,1.0246266345831691e-05
Trim47,-0.06830599182680326,4.728388578252115e-06,1.0340734755757116e-05
Tpx2,-0.0682680348430974,4.786313361919661e-06,1.0455846979574772e-05
Serpinb8,-0.0681574287923911,4.9590054521369645e-06,1.0821141036285629e-05
Hal,0.06812097729766038,5.017213560508601e-06,1.0936087330899121e-05
Cdc25c,-0.06810632884486671,5.04078891575487e-06,1.0975374104016934e-05
Crlf2,-0.06799665170916178,5.220704504438398e-06,1.135460154595678e-05
TrnG,-0.067920731268255,5.348827944561488e-06,1.1620475655382485e-05
Kifc3,-0.0679051992046381,5.375408137993383e-06,1.16654027319571e-05
Cbr3,-0.06776134303976764,5.627672548531772e-06,1.2199461215402756e-05
Abcc4,-0.06775121394722963,5.645855348536574e-06,1.2225472096447762e-05
Fdft1,-0.06769279497893867,5.751825694706216e-06,1.244131225211618e-05
B930041F14Rik,-0.06748255649956801,6.149162557901184e-06,1.3286223362809442e-05
Nudt18,-0.06718543840059743,6.75571862338585e-06,1.4580846854185399e-05
Nid1,-0.06715115848932057,6.829273113954567e-06,1.4723525568471298e-05
Ext1,-0.06697611827673454,7.216952695717216e-06,1.5542391589796228e-05
Slc20a1,-0.06686107965894672,7.483103915359901e-06,1.609803747624214e-05
Derl3,-0.06682748681147645,7.562577026903573e-06,1.6251320415422135e-05
Hsd3b5,-0.06659582984965114,8.132999975590035e-06,1.745813349809066e-05
Eng,-0.06633555959979542,8.822896637053865e-06,1.8918510467956063e-05
Plxnb1,-0.06632716343914556,8.846057555793613e-06,1.8947622738682527e-05
Cxcl16,-0.06630179141324118,8.91640008128872e-06,1.9077622251848268e-05
Rtn4,-0.06625901738994451,9.036199932167332e-06,1.931304569285926e-05
Ank3,-0.06606649380838199,9.59470674188632e-06,2.0484595279383646e-05
Rps27,-0.06586645721359854,1.0209856919129612e-05,2.1774419772512667e-05
Slc25a23,-0.06550666001827475,1.1412245720084669e-05,2.431251054806831e-05
Mbd3,-0.0654341019685717,1.1670572838405225e-05,2.4836084501105627e-05
Gnai2,-0.0654250850924584,1.1703062531618268e-05,2.4878445833343352e-05
Rpl18,0.06532604610827529,1.2065647712988478e-05,2.562168155593794e-05
Osbp,-0.065307468626944,1.2134843651552431e-05,2.5740971994763042e-05
Cdca8,-0.06506010368897053,1.3093059761917013e-05,2.7743814736666596e-05
Acacb,-0.06504544997617291,1.3152031130490508e-05,2.7838935272997575e-05
Gstm4,-0.0649832372786436,1.340522799593444e-05,2.8343061645318983e-05
Phlda3,-0.06497991725366768,1.3418869853322492e-05,2.8343061645318983e-05
Dcdc2a,-0.06483186593518184,1.4040846230180245e-05,2.9625136603059066e-05
Prg4,-0.06470018829850893,1.4617045882281851e-05,3.080799542566228e-05
Qpct,-0.06464903456931285,1.484690875976569e-05,3.125914655810092e-05
Slc22a27,-0.06459651380735532,1.508649726745625e-05,3.172979265719256e-05
Pilra,-0.06436432006134303,1.6190578623261185e-05,3.401570025312154e-05
Apol9a,0.0643242013930892,1.6388980127151735e-05,3.439598058532801e-05
Hsd17b6,0.064320078980031,1.6409497706978636e-05,3.4402520643368784e-05
Nusap1,-0.06416341356664265,1.7207625704249877e-05,3.6037580526802974e-05
Slc50a1,-0.06401701898927872,1.7986743079786705e-05,3.762940853834742e-05
Rps19,0.06400607046205233,1.8046342381896685e-05,3.771418487210333e-05
Icam1,-0.06381715919809848,1.9104796772646496e-05,3.988403719062526e-05
H2-T23,-0.06358066523780329,2.0513300110156393e-05,4.277931890061096e-05
Ces1b,-0.06345051569216713,2.133005154287192e-05,4.443573435222106e-05
Tubb6,-0.06341901250045796,2.1532351269822494e-05,4.4809956274146394e-05
Cyp26a1,-0.06340560650082472,2.1618991385674778e-05,4.4942950546245046e-05
Ubald2,-0.06329363892193396,2.2355682655724865e-05,4.6425614086521064e-05
Mt2,-0.06314622966079243,2.33620407261661e-05,4.846459025774437e-05
Rragd,-0.06312918288089127,2.3481159986985456e-05,4.866064286611137e-05
Hbb-bh1,-0.06291403781141133,2.5035084343206427e-05,5.1826556802637805e-05
Cdkn1a,-0.06278799102863339,2.5990400670746242e-05,5.374793109421058e-05
Pam,-0.06257833701223302,2.765658118940027e-05,5.7133815058980496e-05
Slc43a3,-0.06241688441755673,2.9008372014995107e-05,5.986383243595546e-05
Cyp21a1,-0.06234306781108553,2.9647117342339637e-05,6.111819706549057e-05
Fam25c,0.062261164463533386,3.0371472170234655e-05,6.2546250500577e-05
Pdcd4,-0.06216719918311143,3.1223209845926025e-05,6.423338799729006e-05
Hsp90aa1,-0.061722730989041304,3.5568805718954624e-05,7.309722339539843e-05
Fut11,-0.06164702089959434,3.6364028542863446e-05,7.465387791198445e-05
Mad2l1,-0.06149482064564794,3.801401327962881e-05,7.796027412222631e-05
Cd14,-0.061490361725538255,3.8063406906422034e-05,7.798067922693923e-05
Myc,-0.061438803320354146,3.863898578104256e-05,7.905350538213991e-05
Rpl37a,0.06143630891184639,3.8667040821714364e-05,7.905350538213991e-05
Rps15a,0.061338445580887795,3.978310734043075e-05,8.125124298763594e-05
Cdkn2d,-0.061101192969461905,4.261703358597742e-05,8.694930381783009e-05
Tstd1,0.06104129415867207,4.336220801130555e-05,8.837843839005265e-05
Cd38,-0.06099796571150409,4.390892145686551e-05,8.940055377983842e-05
Fabp4,-0.06072804414841437,4.74647613372309e-05,9.654098062109619e-05
Mt1,-0.0606920237205694,4.7959423952794535e-05,9.744684599658252e-05
Ccdc120,-0.06065933721941292,4.8412527346929006e-05,9.826649544648731e-05
Csad,-0.06063511647262108,4.875089138124106e-05,9.885180744688573e-05
Mup5,-0.06060996340449124,4.9104651509607036e-05,9.946710659271835e-05
H2-Q4,-0.06055829441751171,4.983898478457695e-05,0.00010085125170840188
Gltp,-0.06044592415794808,5.147210327123218e-05,0.00010404943575380985
B4galt5,-0.0603754170545075,5.252255808426809e-05,0.0001060644507993851
Rassf1,-0.06030807545714281,5.354478685955473e-05,0.0001080184118585099
Pcsk9,-0.060253809221769275,5.438221707008953e-05,0.00010959596651128135
C8b,-0.060078701956465023,5.716985001280169e-05,0.0001150965310339195
Tkfc,0.05995158883798113,5.927761830627717e-05,0.0001192185670310376
Flna,-0.059919518527954234,5.9820908486521587e-05,0.00012018895942871257
Rpl18a,0.05987146750997895,6.06437507299097e-05,0.00012171847227718931
St5,-0.059732551639635555,6.308326888165276e-05,0.00012648643263593053
Rps28,0.059720391449527135,6.330117941443391e-05,0.0001267947636295196
Dhcr7,-0.059714206945792346,6.34122787547882e-05,0.00012688873997795168
Prdx4,-0.0596244750396622,6.504514046372293e-05,0.00013002451233243701
Isyna1,-0.05943215844291502,6.867972251490992e-05,0.00013715132465856253
Efnb1,-0.05931324512077597,7.102228962472844e-05,0.00014168624277304553
Hmgcs1,-0.059102606320602706,7.535838150339174e-05,0.00015018500023407808
Slc25a1,-0.059083759878246475,7.575830732921377e-05,0.00015082998347417485
Cox6b2,-0.05906061729265993,7.62521429244567e-05,0.00015166044925719405
Nfkbiz,-0.05898326575533438,7.792490764796839e-05,0.00015483170092465677
Ppp1r12c,-0.058941135713202926,7.885051972959782e-05,0.00015651353163194268
Rrm1,-0.058888286354090665,8.002633517024027e-05,0.00015868812901862088
Id1,-0.05884104964524171,8.109128299443394e-05,0.00016063874396793175
Mylip,-0.05883601000652887,8.120568846917775e-05,0.00016070435045401844
Depdc1a,-0.0588143149084209,8.169993535128286e-05,0.00016152077218948622
Gtse1,-0.05825336094969455,9.551108103056766e-05,0.00018863677042700526
Cenpw,-0.05809148446430419,9.988926699397999e-05,0.00019708690703303239
Csf1r,-0.05801841264355047,0.00010192703598618284,0.00020090702905751093
Rhbdf2,-0.05793844131944229,0.00010420214173862472,0.00020518688667057875
Serpinb6a,-0.05780194138936831,0.00010819647840853347,0.00021281605430822987
Egfl7,-0.0577987412996754,0.00010829183137788531,0.00021281605430822987
Micu3,-0.05777585219914551,0.00010897617168987523,0.00021394825365529625
TrnN,-0.05768650718435852,0.00011168664676409556,0.00021905208398077076
Tacc1,-0.05761342878354694,0.00011395077508783524,0.00022327124117804787
Esco2,-0.05749517338690773,0.00011770649209163262,0.00023040171768827494
Gpr155,-0.05745111210112567,0.00011913545582326806,0.00023296814655054498
Sh3bgrl3,-0.057367398848040964,0.00012189554304592324,0.0002381299294484093
Dbf4,-0.057160006163800126,0.00012899527745024127,0.0002517509017957818
H2-T3,-0.05706543963439258,0.00013236032375734565,0.0002580634714677242
Slc43a2,-0.057017684415912415,0.00013409089737649108,0.0002611800040525348
Cdkn2c,-0.05699364627832289,0.00013497004364005556,0.0002626336380673128
Cyp2d40,-0.05681750680136314,0.00014157957269039824,0.0002752240070884143
Mup12,0.05678112559889703,0.0001429822000692209,0.0002776776125116402
Lbh,-0.05672704014541955,0.00014509159102534723,0.00028149762066448624
Pltp,-0.056496362289600914,0.00015442155049426212,0.0002993052993403492
Eppk1,-0.05647933380423795,0.00015513219737279169,0.0003000961360347246
Marcksl1,-0.056479310863733985,0.0001551331568171414,0.0003000961360347246
Ier5,-0.05623330224825302,0.0001657493714648683,0.0003203191665552734
Sirpa,-0.05619090723362056,0.00016764652211925796,0.0003236691154587627
Lmo2,-0.05604479289199865,0.00017434268897156688,0.0003362687766797929
Ppap2a,-0.056039184288713476,0.00017460466604129774,0.00033644583310296844
Mapt,-0.05590332183976959,0.00018106499439878574,0.0003485545218368057
Cenpq,-0.05587702027076186,0.0001823413248550959,0.00035067003816977103
Nuf2,-0.05581099054790056,0.0001855828936337721,0.00035655722129637263
Cdk1,-0.055803351928427496,0.00018596136821300564,0.00035693749995836127
Sult2a8,0.0557289541133166,0.00018968572126956668,0.0003637329495149693
Mfng,-0.05566451031841459,0.00019296830811339633,0.00036966893908932613
Rhoc,-0.0554746839029626,0.00020295036203495987,0.00038841516528859214
Msr1,-0.055422631222105515,0.0002057711125813241,0.00039343277521593597
Kpna2,-0.055370574722230774,0.00020862885601974566,0.000398511351063804
Tmem86a,-0.05525590196878221,0.00021505601882132675,0.00041039164981637353
Uap1l1,-0.055143274483005225,0.00022154909561924866,0.0004223746982056457
TrnE,-0.05511268354381753,0.00022334420486822793,0.00042538679482127806
Acss2,-0.05509584017825649,0.00022433840920723744,0.00042686913859740945
Mki67,-0.054977700252163114,0.00023142938759686466,0.00043993836469134756
Gngt2,-0.054972904913066556,0.00023172160660131676,0.0004400707168595612
Bicc1,-0.05495264676519018,0.0002329599245299109,0.00044199786064840103
Rsad2,-0.05483186507331231,0.00024047272937532634,0.0004558145598993482
Tpt1,0.05462598127131729,0.00025380518200988217,0.00048062533030032283
Wiz,-0.0544394420706935,0.0002664803621821259,0.0005041451445302037
Bgn,-0.05429250120294227,0.0002768799980959248,0.0005233190786191619
Gas5,-0.054271438597093685,0.0002784014752111607,0.0005256921838514467
C330027C09Rik,-0.054154270535979696,0.0002870091766670233,0.0005414285708689934
Rhbdl2,-0.05411913638422438,0.0002896384755512745,0.0005458677465823352
Ppap2c,-0.05408969891700127,0.0002918588076165481,0.0005495284406265863
Gm11346,-0.05405491805566038,0.0002945027066090788,0.0005539789257527582
TrnT,-0.054031202807963134,0.0002963182838013399,0.0005563907047335845
Gpx7,-0.05403081963138064,0.0002963477046456573,0.0005563907047335845
Apol11b,-0.053982804324009925,0.0003000561104974549,0.000562818719595321
Glipr2,-0.053775698484752006,0.0003165551086332228,0.0005932032699221626
Wbp5,-0.05375931916934287,0.0003178955481985813,0.000595151040519503
Wfdc17,-0.053580383669753304,0.00033288923134943766,0.0006226319871124298
Sla,-0.05352347207234445,0.00033779505791200473,0.0006312106138866099
Vcam1,-0.053446308196362514,0.00034455470291298114,0.0006432338504806078
Arl15,-0.05336836851026731,0.0003515105600864808,0.0006556003559348798
Slc3a1,-0.053277994140664045,0.0003597404938088757,0.0006703175836570662
Calm2,0.05327038440070362,0.00036044163367784617,0.0006709916287957645
Kifc1,-0.05325244751705462,0.00036209934457483785,0.0006734434658743692
Itih5,-0.053127733370519375,0.000373823845202617,0.0006945956221480957
BC021891,-0.0528079567071903,0.00040552741607254776,0.0007527959639205886
Oip5,-0.0526736838391188,0.0004195738518962941,0.0007781402487795247
Htra3,-0.05264941973668219,0.0004221601048865109,0.0007822029309846599
Steap2,-0.052589516907327064,0.00042860886380357866,0.0007934079810296583
Sqstm1,-0.05230493259922944,0.00046052079804103946,0.0008516834590525117
Maged2,-0.05224780575409454,0.0004671881476362656,0.0008632065120344833
TrnP,-0.052233810208429786,0.00046883525998106653,0.0008654409981163105
Calml4,-0.05201026376929425,0.0004958891417324971,0.0009145268966465921
Shroom2,-0.05194411756503667,0.0005041690178279696,0.0009289302406765106
Amot,-0.05177295477249187,0.0005261962892305317,0.0009686127223545261
Idi1,-0.05174708457177548,0.0005296025362171343,0.0009739760131174646
Adamts1,-0.05157382158919352,0.0005529503252148505,0.0010159691384291443
Hspb1,-0.05151362203293193,0.000561284312736688,0.0010303241283940875
Mrc1,-0.05117370112725899,0.0006105789559770179,0.001119772352473622
Ctsc,-0.05108637559251337,0.0006238775476174547,0.001143100937571555
Igsf8,-0.051064858833734794,0.0006271953957774474,0.0011481160161592716
Syce2,-0.05104966543038334,0.0006295480698617153,0.0011513566458063007
TrnV,-0.051005292308083476,0.000636466247592186,0.0011629332453694564
Clec7a,-0.05099675994852603,0.0006378045981769089,0.0011643025767273767
Gbp6,-0.050891466119542844,0.0006545373901530949,0.001193745775214639
Prelp,-0.05087538638304122,0.0006571283355975506,0.0011973665617293619
Elovl3,0.05082472826090616,0.0006653533985638211,0.0012112372642363483
Als2cl,-0.05074478167161866,0.0006785287540561885,0.0012340858755925342
Ltbp4,-0.050698714501982496,0.000686230406655436,0.0012469462444465046
Sod1,-0.05067453186916363,0.0006903057706877614,0.001253199732460702
Ccr5,-0.0506244191067251,0.0006988226769188012,0.001267497644283
Dbp,-0.05048913098660388,0.0007223055248790688,0.0013088891133693117
Acly,-0.05045969536747563,0.0007275109915994051,0.0013167661997313593
Plin2,0.05045702722432404,0.000727984550483751,0.0013167661997313593
TrnL1,-0.05035970610367828,0.0007454546308830074,0.0013471332771989996
Hbb-bt,-0.05029399712600187,0.0007574692870591178,0.0013675952333478318
Foxm1,-0.050259595067888636,0.000763831034937181,0.0013778229526193494
Tes,-0.05019196402447987,0.0007764824226971157,0.0013993671373493143
Pex11a,-0.050131189437488066,0.0007880168210314478,0.0014188608881413225
Lrrc8e,-0.05005557643412228,0.0008025893297731099,0.0014437844449148665
Trim59,-0.05000901890438235,0.0008116860685111422,0.0014588212340422982
Gstm6,-0.04993770769156018,0.0008258049445996626,0.0014828486607389036
Marcks,-0.049852789557493525,0.000842914846829433,0.0015121984139580661
Tubb2b,-0.04976983254325865,0.0008599464831680123,0.0015413546665667818
Hmgn2,-0.04976114195515002,0.000861749060246922,0.0015431864964747868
Col4a1,-0.049746567194260544,0.0008647799802767222,0.0015472126886941899
Rgs2,-0.04971818614876261,0.0008707103852842515,0.0015564144952142543
Tor4a,-0.04970801947961403,0.0008728439314762488,0.0015588188369724876
Rrm2,-0.049641664216068825,0.0008868884950776788,0.0015824716198272301
Ect2,-0.049462213361811884,0.0009259263643058315,0.0016506369902909185
Cdhr5,-0.049287871264546756,0.000965371702585894,0.001719405275686768
Axl,-0.04926487379016154,0.0009706895459647856,0.0017273206411992628
Pld4,-0.049198967626505316,0.0009860800145256913,0.0017531296661126724
Adgrl4,-0.04917379840196734,0.0009920169216228929,0.0017621001384083193
Scn1b,-0.04911751884471754,0.0010054120107002547,0.0017840467879278053
Gipc2,-0.0491143252175486,0.0010061771211631275,0.0017840467879278053
Fyb,-0.048972944834030155,0.0010405930739071278,0.001843416225012896
Rhoj,-0.0489235544264245,0.0010528705192469757,0.001863495986169446
Hbegf,-0.048818601201661004,0.0010794058397488341,0.0019087525448868022
Serpinb6b,-0.04869610129778178,0.0011111590104354266,0.0019631468843885956
Slc17a8,-0.048568955361976286,0.0011450278964786774,0.002021178706552094
Adh6-ps1,-0.048309046470249285,0.0012172492256721252,0.0021467455121800105
Terf1,-0.04828427032383909,0.0012243489923972441,0.002157342208528834
Pdgfa,-0.048165630763453884,0.0012588788342746558,0.002216209666394474
Itga9,-0.04806341282216478,0.0012893476785486172,0.002267829502215851
Ephb2,-0.047826227609502385,0.0013626867480473295,0.0023946948452351737
Tmem229a,-0.04780268948677595,0.0013701708774232473,0.0024057085476605327
Adgrf5,-0.04776375794462945,0.001382632692764158,0.002425434634955404
Ddit3,-0.04762095006574576,0.0014292448939734164,0.0025049797476821315
Cep192,-0.04756840122518115,0.0014467581308042802,0.0025334285426041295
Npc2,-0.047515780093061726,0.001464493410013408,0.00256221546158983
Tmem91,-0.047496973217337535,0.0014708804591857206,0.002571114648815358
Elk3,-0.04744590768590342,0.001488352604474474,0.0025993578613480875
Tuft1,-0.04743769027206386,0.0014911819950190386,0.002602000709755198
Saa3,-0.047314895701368806,0.001534056571435267,0.0026744531232165106
Ctss,-0.047278348315420375,0.001547034820395068,0.002694702942661717
Slc7a5,-0.047151261372953196,0.001592955235042849,0.0027722469187321415
Ly9,-0.04706041888747252,0.001626544610213357,0.002828213451531932
TrnQ,-0.04700543270076648,0.0016471913058022972,0.002861596846723323
Cenpm,-0.046937088835141326,0.0016731896439742986,0.0029042106463013067
1700007K13Rik,-0.04685115769514634,0.001706413736330369,0.002959280663793982
Gbp2b,-0.04672945729091251,0.0017545060740248575,0.0030400162211631403
Fam102b,-0.046701570944903646,0.0017656999191554307,0.0030567326971718796
Cenpk,-0.04665540966825402,0.0017843738337319113,0.0030863578908906287
Slc38a7,-0.04662350799847467,0.0017973850791192297,0.0031061453683730047
Hist1h4c,-0.046574409160707576,0.0018175806776501908,0.0031383030565191503
AF251705,-0.04654758105666919,0.0018287036284793921,0.0031547531182406266
LOC100038947,-0.04647038038752787,0.0018610608527217922,0.003207774460183943
Tuba1a,-0.046357959255579416,0.0019091211308460685,0.003287746058957036
6030443J06Rik,-0.04634151814955046,0.0019162444716084093,0.0032971412709920152
Lmnb1,-0.04625857519042363,0.0019525541400119775,0.0033566952476553735
Tlr2,-0.04611656896341475,0.0020161888428275473,0.003462320065979521
Cd84,-0.04611369179327639,0.002017497580176231,0.003462320065979521
Cd93,-0.0459784275563843,0.0020799118955631083,0.0035663363551849655
Sema5a,-0.045905767452537535,0.0021141654041704804,0.003621928079761733
Hba-a1,-0.04589304645026386,0.0021202152813658997,0.0036291477153769557
Irgm2,-0.045681388455642125,0.0022232328750099307,0.003802189787106084
Rps15a-ps4,-0.04560736661974075,0.002260329373495984,0.00386229141867032
Nudt7,0.0455835442982345,0.0022723881232164316,0.003879543453885048
Ankrd12,-0.045440080365197116,0.002346263244701896,0.00400221090144577
Acer2,-0.045375156948378896,0.0023804119671272388,0.004056960740526337
Dusp8,-0.04513656550824806,0.0025098513445232632,0.004273881230079666
Dclre1a,-0.04510336674830841,0.0025283636526075444,0.004301699605167913
Enc1,-0.04503826957488454,0.002565026062290227,0.004360323753351486
Gins2,-0.045016175529649684,0.0025775793640534614,0.0043772387637015615
H2afx,-0.04501297103877564,0.002579404734300617,0.0043772387637015615
Loxl2,-0.044945771404422095,0.002617956816658839,0.004438851309206282
Ripk2,-0.04491819474139665,0.0026339292365453342,0.004462106341602507
Sgol1,-0.04482997765155368,0.0026856245651980504,0.004545787470373755
Msn,-0.044726188517030696,0.0027476309724414915,0.004646763415326628
Fcgr2b,-0.044656255185853054,0.0027901453021084493,0.004714630138690944
C1qc,-0.04464144423782962,0.002799225984602162,0.004722786067119475
Wdr11,-0.044640591282360594,0.002799749757543766,0.004722786067119475
Wnt4,-0.04461362988527584,0.0028163520815549853,0.004746741743592673
D030028A08Rik,-0.04455561208037124,0.002852383544807074,0.004803375015403395
Arhgap30,-0.044499825994253145,0.002887425285832984,0.004858246629865369
Slco2a1,-0.04445064566965618,0.002918642984911483,0.004906596242491498
Ptgds,-0.04442200637762016,0.002936963625792673,0.004933200584700182
Ntrk2,-0.044306529930696434,0.0030119034591859343,0.005054781951452115
Cyp2c55,-0.04424399158610794,0.0030532124687739017,0.005119763401837153
Tgfbi,-0.044172227333849276,0.0031012515916570647,0.0051959105056830655
Jam2,-0.044058310105537346,0.0031789243221038077,0.005321535465537026
Cldn5,-0.044051769865449564,0.003183437031670537,0.005324581228098691
Endov,-0.04404176655005428,0.0031903505249258972,0.0053316339710722735
Ccnd2,-0.043775543773199865,0.003379443452169412,0.0056428713724146345
Prc1,-0.043355706308113924,0.0036984516281728754,0.006170328159407405
Cxcl10,-0.04328885610007524,0.0037517007790077196,0.0062538890725954985
Tm4sf1,-0.043231931441110184,0.00379759189746763,0.006325054070171444
Ifi27l2a,-0.04318129714185434,0.0038388397927482812,0.006388372281366459
Gpr107,-0.04306662359750423,0.003933763881647359,0.0065408336366836245
Aqp1,-0.04304880005940175,0.003948707656293541,0.006560163896212044
Fyn,-0.043035006362894646,0.003960308048473013,0.006573911848724724
Gm7694,-0.04295121864421375,0.004031440021627763,0.006686373257347389
4930579G24Rik,-0.04288749876047807,0.004086309282630477,0.006771696103738854
Terf2ip,-0.04287760225222753,0.004094891702731589,0.006780235256532957
Filip1l,-0.04277887119145636,0.004181412652452018,0.006917701099495932
Gm10636,-0.042698941392233764,0.004252668227131336,0.007024526203464812
Mis18bp1,-0.04269847250065378,0.004253089461581882,0.007024526203464812
G2e3,-0.042498038961199185,0.004436654513825555,0.007321590963132823
Gbp2,-0.042452395665024234,0.004479447142770838,0.007386044204552082
Stab1,-0.042430730827714175,0.004499889442236402,0.007413567856084472
Cmpk2,-0.04241214892120757,0.004517490051767285,0.007436367887047396
H2-Eb1,-0.04239193237986503,0.0045367097660340755,0.007461793017844732
Ddah2,-0.042321267710018214,0.004604473300471958,0.007566952381573616
Fcgr4,-0.042239754961000894,0.004683776755672581,0.00768955468988632
Klf4,-0.04223593840592617,0.00468751998286837,0.00768955468988632
Ska3,-0.042232652376744735,0.0046907450460308055,0.00768955468988632
Cpe,-0.04216756648177398,0.004755038570033674,0.007788493167321105
Il1rn,-0.042155326440018105,0.004767218294805481,0.007801978947707316
Zfp503,-0.042093174249125224,0.004829500844165128,0.007897372348150918
Inhba,-0.04206486851815652,0.004858109113736644,0.007937588196576318
Tceal8,0.04205157840528742,0.004871594075703417,0.007953048296998892
Anln,-0.04202936739939557,0.004894206299961973,0.007983371167512228
Clic1,-0.04201077415683069,0.0049132083449004785,0.008007760014730622
Zfp423,-0.04190647017105479,0.005021047782437168,0.00817678044965262
Cmklr1,-0.04190080815939109,0.005026962472110108,0.008179674738569287
Vsig4,-0.04187250540383453,0.005056622813154557,0.008221170478294867
Nenf,-0.041829995043316054,0.005101469481161711,0.008287268006784473
Fcer1g,-0.041812566470109856,0.005119959548639197,0.008310476213185298
Shcbp1,-0.041776806230647855,0.005158087479012754,0.008365495443813138
Itgal,-0.04171521398550142,0.005224359530929307,0.008466031797251836
Kif23,-0.0416926000725011,0.005248884019109297,0.00849880729384036
TrnS2,-0.0416002374692759,0.005350133129936393,0.008655657281411006
Snx14,-0.04158975958542837,0.005361729775639933,0.008667326055960873
Atp6v0d2,-0.04150999170715643,0.005450761319112272,0.008804048307095557
Csf3r,-0.0414950329666,0.005467605050062459,0.008818754105020017
Mup1,0.0414939845670866,0.005468787320563753,0.008818754105020017
Ncapd2,-0.041346945769457605,0.0056369046392373045,0.009082445372267442
Lhfp,-0.041213295090005465,0.005793743057189911,0.009327548879531314
Acox1,-0.040937340908570576,0.006130079719360781,0.009860998865074258
Cyba,-0.0408836734096762,0.00619749645933249,0.00996134187000027
Ptprb,-0.04080178313069132,0.006301653033528287,0.01012052643971196
Sulf2,-0.040706888319177105,0.00642431827349785,0.01030915359310491
Bpgm,-0.04069259989056903,0.006442973006772893,0.010330703677526367
Ifit2,-0.04068589052487362,0.006451749439859004,0.01033639274116795
Sftpd,-0.04067980855958375,0.006459714467703852,0.010340773686356693
Ngfrap1,-0.040643743617621735,0.006507127586096506,0.010408245337955334
Nupr1,-0.04047781327733759,0.006729325920877015,0.010746385285472294
Trib3,-0.04047775834335442,0.006729400598591149,0.010746385285472294
Zeb2,-0.04039351802936547,0.006844797560688995,0.010921844049622391
Mmp23,-0.04034687808522921,0.006909449129215113,0.011016113651982483
Cd207,-0.04013997027353215,0.007202923377257071,0.011474761899143619
Aurka,-0.04004555735190841,0.0073405152958675455,0.01168454004825293
Ugt2b37,-0.04000387914850638,0.007402001161416749,0.011772933464296793
Esam,-0.03997125474799457,0.007450452185864699,0.011840469430429672
C1qa,-0.03985950302992843,0.007618578925674291,0.012097936173540621
Dse,-0.03978891289746714,0.007726523713151102,0.012259500305698017
Anxa5,-0.039768189471190436,0.007758472608097693,0.012300321047481265
Clec14a,-0.03968394521495921,0.007889572055409664,0.012498144193545597
Spc25,-0.03966859983001497,0.007913664719036382,0.01252473713121725
Cd44,-0.03966518849537335,0.00791902954679897,0.01252473713121725
Olfm3,-0.03961358272550566,0.008000585420297699,0.012643611011933294
C1qb,-0.039520415021158856,0.008149730174623473,0.012869022807692178
Atf3,-0.03944717324248286,0.008268718454010046,0.013046493522408508
Abcg1,-0.0391135656781835,0.008830584558352663,0.013921902449651689
Zfp651,-0.039050703990335514,0.008940196148650813,0.01408348030747622
Cyp2b13,-0.0389584237145152,0.009103305604384049,0.014329008901168203
Hecw2,-0.03885291372018114,0.009293049120004525,0.014616036682775613
St3gal2,-0.03883647331039454,0.00932293023215775,0.014651377638295604
Ciita,-0.03881441291175302,0.0093631605385013,0.014702913728845964
Cd37,-0.03880552176629737,0.009379418545265467,0.014716754336499863
Il33,-0.03869575346408859,0.009582220628295958,0.015023037416448143
Dnase1l3,-0.03864479215551569,0.009677695583322758,0.015160700608739376
S100a6,-0.038597731610362104,0.009766614440579108,0.015287883411737844
Casp12,-0.038560364513984695,0.009837735601651193,0.015387027914924372
Cd52,-0.03853816027272214,0.009880215328317959,0.015441253521015498
Ccl7,-0.038532211468514016,0.009891623910936273,0.015446872410680105
Ezh2,-0.03848423159714763,0.009984069190776932,0.015578930378978685
Ddr1,-0.03844789721962802,0.01005458756884203,0.01567659276309203
Ppp1r3g,-0.03838733394571583,0.010173115748431116,0.015846409290757157
Kif20b,-0.03838407214934462,0.01017953454692038,0.015846409290757157
Fabp7,-0.03836308403250215,0.010220922762220015,0.015891953091871084
Bax,-0.03835950004338503,0.010228005278723624,0.015891953091871084
Atad2,-0.03835702112037391,0.010232906568513854,0.015891953091871084
Trim30a,-0.038302054051067964,0.010342124976444416,0.016048964739741454
Gsn,-0.038141569880618,0.01066696121365349,0.016540064564229764
Cml5,-0.038120532041096514,0.010710209493598018,0.01659410985019066
Tek,-0.038091669027805905,0.010769797855284001,0.016673367548861763
Lig1,-0.03805658649209668,0.010842623153609298,0.016772978070958986
Gpnmb,-0.038040258347953326,0.010876666539500486,0.01681248612086979
Zfp105,-0.03803122891482721,0.010895533219857525,0.01682849154348307
Rcn1,-0.03801120177288513,0.010937483020689505,0.016880096746216357
Fads2,-0.03798573499902687,0.010991034132307006,0.016949512074548322
Nrarp,-0.03791572169970672,0.011139459105334199,0.017165012198944434
Gnb2l1,-0.037782874263948774,0.01142598930048349,0.01759281997434257
Prex2,-0.03771352783650523,0.011578140804293941,0.01781146602033721
Tgfb2,-0.03770760413845849,0.011591220805244018,0.01781146602033721
Rnf39,-0.03770588415244776,0.011595021127048046,0.01781146602033721
Klrc1,-0.03769750329397399,0.011613554512871885,0.017826084838468724
Lrr1,-0.037668480711305546,0.01167793810274768,0.017911003591258468
Cacna1a,-0.0376587983808171,0.011699487656558224,0.01793014503644621
Psrc1,-0.0376130576513401,0.011801768382932197,0.01807288620686054
Spink1,-0.03753939981514683,0.011968141225558138,0.01831347925923254
Sox18,-0.037489273833368295,0.012082547445685862,0.018474243078206457
Ppl,-0.037453056559559654,0.012165810734512181,0.018587177605974173
Tspan7,-0.037444595634394034,0.01218533543934238,0.018602631786548175
Dio1,-0.037439304189505404,0.012197560252077903,0.018606926403054024
Ccnd1,0.03738337700022476,0.01232743443296555,0.018790545777928214
Plet1,-0.03737583864808809,0.012345033329423027,0.01880287433919054
Acot9,-0.03736383723583267,0.012373097510118638,0.0188311114530443
Arhgap39,-0.0373541569549017,0.012395775086116341,0.018851113342501544
Moxd1,-0.037305960557021296,0.01250923131810172,0.019009031757023138
Aunip,-0.037189047249446196,0.012788277599656015,0.01941814501883252
Pif1,-0.03716120685374736,0.012855532829128586,0.019505286571901162
Wdr34,-0.037107118208887555,0.012987091983317925,0.01968978592869596
Ifi47,-0.037102372843280385,0.012998690687299955,0.01969226934007051
Ccrn4l,-0.03707380605789091,0.01306870785105214,0.019783181792902053
Adam32,-0.0370537576282994,0.013118045452149072,0.0198426747198919
Ten1,-0.03689378513144408,0.013517659766293136,0.020431508683456827
Hmha1,-0.03688095423340303,0.013550172596738288,0.02046500475458487
Tlr12,-0.036802654752292045,0.01375008028486035,0.020751075361197642
Fcgr3,-0.03679549517649756,0.013768488793831028,0.020753670769600645
Ccl2,-0.03679382152830124,0.013772795169305031,0.020753670769600645
Ptgs1,-0.036697700024964044,0.014022124090517405,0.021102963804317084
Serpine1,-0.03669623852919883,0.014025945593764617,0.021102963804317084
Nrxn2,-0.03664029132060237,0.014172928360719315,0.021307893056381814
5330417C22Rik,-0.03663059084170889,0.014198550903253188,0.02133019387213644
Tspan8,-0.03659807099371472,0.014284746135271932,0.021443388845430986
Slc5a1,-0.036571499869818044,0.014355516241725465,0.021533274362588197
Sgol2a,-0.03645259845610914,0.014676001523545352,0.021997312366981926
Gstm5,-0.036404833978619586,0.014806509898136014,0.02217611368834462
A630033H20Rik,-0.03639877362105498,0.014823141677740632,0.022184217333000175
Fignl1,-0.03637885444903543,0.014877922977888902,0.022249359854225687
Ehd3,-0.03636719961568844,0.014910058489456366,0.022280563593087856
Mylk4,-0.03629044247885856,0.015123229799430704,0.022582043288122734
Fam89a,-0.03624422449723217,0.015252877468681487,0.022758444343836455
Aurkb,-0.036176033113490505,0.015445949866685158,0.02302914244829303
Hbb-bs,-0.036103155804246646,0.015654663529550857,0.02332273534131277
Fosb,-0.03606565769901496,0.01576301787616302,0.02346601275131824
Adam23,-0.03605955916578481,0.01578070237582457,0.02346601275131824
4732471J01Rik,-0.03605377145336506,0.015797501689987475,0.02346601275131824
Fabp5,-0.03605349239579714,0.015798312074863218,0.02346601275131824
Serpina4-ps1,-0.035999401159568116,0.01595608519738249,0.0236825678943132
Smad6,-0.035968764590605336,0.01604605878842566,0.023798243229345484
S100g,-0.03595746526024457,0.016079355076282446,0.02382697154672383
Cd79b,-0.035954015366202685,0.016089533138531266,0.02382697154672383
Pdzk1ip1,-0.03592954931878819,0.016161876762847697,0.023916190389333757
Sqle,-0.035867012583448404,0.016348091919466744,0.024173655740303477
Vash1,-0.03576705454354579,0.016649650502297896,0.024601165204067965
Fkbp11,-0.03565333988325533,0.016998638150933297,0.02509806394652362
Shisa5,-0.035580255197785675,0.017226306059639804,0.02541522916411037
Sh3kbp1,-0.035455473000394644,0.01762120166961759,0.025978460627020118
Bhlha15,-0.03537383107623217,0.017883844666774888,0.02634602153965272
Cldn7,-0.035341837643755473,0.01798769919312315,0.026479286153986946
Arhgap11a,-0.03533359599756039,0.01801453796074094,0.02649906365207205
Chst2,-0.035297318209024195,0.018133093194505505,0.02665362471787166
Fxyd3,-0.03524774318886983,0.018296207735185345,0.026873404674934195
Ly86,-0.035167327146421366,0.018563528615933432,0.027245802578842165
Arpc1b,-0.03506967554329615,0.01889273279685157,0.027708407076688094
Hk3,-0.03501203808333895,0.01908942670641001,0.027970057297174316
Mef2c,-0.03500912007336076,0.01909943214526319,0.027970057297174316
Tmigd1,-0.03495680524096113,0.019279591441823746,0.028212992065496333
Fam174b,-0.03477096744807435,0.019931629335465145,0.02912669517783341
Nkx6-2,-0.03477045773109541,0.01993344389256884,0.02912669517783341
Vwf,-0.034762203086230854,0.01996284993359446,0.02914811988088349
Sparc,-0.03465080007043772,0.020363426179588775,0.02971106535575425
Adgre1,-0.034589647352784414,0.020586281389337352,0.030014069547728575
Iqgap1,-0.0345260415887805,0.020820328779863673,0.030332932938681265
Prr11,-0.03448656163525756,0.020966764795438127,0.030523780560074504
Slc34a2,-0.03435104239411949,0.021476269431038378,0.03124251998908232
Tceal5,-0.034279476340740495,0.021749655649598132,0.03161696266121729
Zcwpw1,-0.03426902242254855,0.02178984256721817,0.03165210782908914
Casp1,-0.03425312860766507,0.02185106528120919,0.03171773572757017
Xlr,-0.03421302474236252,0.022006210250931295,0.031903073686339004
Dok4,-0.034211784613359206,0.022011023018799394,0.031903073686339004
Gng11,-0.03420682839343157,0.022030266558135846,0.031907572883102246
Tmem26,-0.034196700207434524,0.02206963681741156,0.03194119472036797
H3f3b,-0.03418189186421204,0.022127309887961667,0.032001237489758756
Trim35,-0.03416028854509619,0.022211681918783796,0.032096301617599174
Kif2c,-0.03415675422359484,0.022225511843446268,0.032096301617599174
Tspan3,-0.0341251302697488,0.022349591007702688,0.032251928045422054
Ptprc,-0.03409059259579602,0.02248578981068891,0.03242480412526038
Clec4f,-0.034033809495774475,0.02271128098814851,0.03272609512650846
Sult2a7,-0.03393550299151881,0.02310631150641538,0.0332710690809783
Pecam1,-0.03388934980063286,0.023293819927773757,0.03351665356419849
Fgr,-0.033878286347328083,0.023338963591413762,0.03355718619652728
Aspm,-0.03381845770855173,0.023584407960722135,0.033885446612171265
AB124611,-0.033792114753314444,0.023693186822037707,0.03401701550266416
Hells,-0.03377469953649849,0.023765338765720765,0.0340958452393541
Orm2,-0.03353165725789286,0.02479233267771641,0.035543467515478856
Slc15a3,-0.03348279371352676,0.025003386134667342,0.035820068397273426
Gpr182,-0.03336488246357787,0.025519087686926,0.036532394175997615
Tubb2a,0.03320920596796699,0.026214033681300458,0.037500104622236616
Fam198a,-0.033190101361694375,0.02630043358797293,0.037596498339423336
Gm13889,-0.033133667354326886,0.0265570924866157,0.03793596231650234
Xist,-0.03306382517961334,0.026877723349524436,0.03836625203033199
Arhgap31,-0.03303552561802515,0.027008588816666797,0.03852523816057017
Fam124a,-0.032925577058924564,0.02752225446819077,0.03922963019726976
Timp3,-0.03286613893005201,0.0278034337523396,0.03960186493398803
Wfdc2,-0.03284704228402076,0.027894296754914165,0.03966537290442466
Pcdh17,-0.0328444696392034,0.027906557094583586,0.03966537290442466
Aqp4,-0.03284412260726125,0.027908211284802576,0.03966537290442466
Mmp12,-0.032788497051146274,0.0281744552080883,0.04001501289252196
Clec12a,-0.032739502822007056,0.028410768777952622,0.040321672558515674
Nfam1,-0.03272589959588795,0.028476683133972298,0.040386228519270616
Rps15a-ps6,0.03268246587414288,0.028688023195583213,0.040656789862127604
Csf1,-0.032591625947812744,0.02913440118245026,0.041259821731879774
Ptpro,-0.03236846954192948,0.030256412290472493,0.04281812963368942
Pkm,-0.03233312591306048,0.03043747916536556,0.043043559592222974
Pde2a,-0.032288410619893355,0.030667890125965228,0.04333839798358346
Pomt1,-0.0322078528440997,0.031086771596621363,0.04389896246180031
Ttc39a,-0.03216974477444112,0.03128662880773717,0.04414965392783468
Mss51,-0.032144662481253805,0.03141877308430884,0.044304503842852054
Prr15l,-0.032115653047655915,0.031572203864440464,0.04448912832501696
Gbp3,-0.03207053399835363,0.0318121148073259,0.04477913789071564
Blvrb,-0.03206843523552251,0.03182331246153539,0.04477913789071564
Syde1,-0.031994149912244536,0.03222183305127808,0.04530765572004037
Cib3,-0.031973121381716776,0.03233541886127594,0.04543505550017237
Sapcd2,-0.031907955186795345,0.0326895952821244,0.0459000922391761
Elf3,-0.031714528080279504,0.03376048743161988,0.04734488230493358
Rfc5,-0.031713464768477494,0.03376645627210741,0.04734488230493358
Pcid2,-0.03170555549609877,0.03381088284204051,0.047373575746785315
Fgfr2,-0.03165976114084625,0.034069094152146866,0.04770155746373538
Trem2,-0.031652079335949795,0.03411257260457205,0.04772863130873244
Npr1,-0.03152697732381156,0.03482734158036462,0.04869423925345181
Fdps,-0.03152049302113158,0.0348647355147102,0.048712072164368944
Ezr,-0.03147815462508241,0.0351097376775068,0.049019739681095305
AI607873,-0.03140955023409977,0.035509853728118455,0.04954338801728312
Phf21b,-0.03136626647287181,0.03576428991168232,0.04986318840295905
Sbspon,-0.03133885434572687,0.0359262300302709,0.0500536693233584
Emp3,-0.031315472294758666,0.03606485560527261,0.05021142220536898
Bcl2a1b,-0.03122211447374025,0.03662290060064281,0.05095248028674936
Cks1b,-0.031205652869291937,0.03672205843529641,0.05105450740265893
Cbfa2t3,-0.03105470889288936,0.03764198853200129,0.05229670507924565
Ccr2,-0.03095920292303757,0.038234118127718174,0.05308205866467614
Cenpe,-0.030929166360646645,0.03842197125218496,0.05330542958987345
Arhgef39,-0.03089298029651487,0.03864932528618308,0.05358325111555677
Lamb2,-0.030810362870160035,0.03917269012930186,0.05427078373204609
Gm12250,-0.030736170490468007,0.03964779940768653,0.054890545818624834
Cmtm3,-0.03069705801035002,0.03990022786963535,0.05520136493930657
Flt4,-0.03065382094960275,0.04018086102795185,0.05555074283374881
Gpihbp1,-0.030605312195622607,0.0404977007359005,0.0559496536372294
Serpina3c,-0.030585022358468786,0.04063085250285763,0.056094410194238505
Ighm,-0.03042200052102266,0.041714205908712026,0.057549884913833685
Obp2a,0.030392286759524264,0.04191427829704534,0.05778558451412736
Bhlhe41,-0.03030699199856059,0.042493111149553495,0.058542774036701925
Smtn,-0.030241960671033328,0.04293895892328612,0.05911582297446843
Clec4a3,-0.030127133213926648,0.043735856515044,0.06017104267936115
Gpr65,-0.030111648376460434,0.04384427004268076,0.060278248869527026
Atpif1,-0.03004559238581917,0.04430929708536361,0.06087524693381782
Gimap8,-0.029983377511719856,0.04475108142281227,0.06143950553673601
Iqgap3,-0.029964167427718284,0.04488823935401142,0.06155135932508385
Myzap,-0.029963246928258063,0.044894820509241734,0.06155135932508385
Mapk13,-0.02993537007556948,0.045094513093971667,0.0617822954863354
Rnd1,-0.029884644411893226,0.04545980116898871,0.06223963082485504
Srgn,-0.02988010567418819,0.04549260691123576,0.06224144212007827
Rarg,-0.02983199919863832,0.04584154546043545,0.06267547398013892
Cyp17a1,-0.029809553478576854,0.046005124220641604,0.06281813096119761
Prtn3,-0.029808962833363723,0.04600943532211135,0.06281813096119761
Tinagl1,-0.029734327528864242,0.0465569399385902,0.06352178761807648
Tmem204,-0.029666803894242855,0.04705698860725947,0.0641168741132728
St14,-0.029666673487148125,0.04705795869416227,0.0641168741132728
Cyp4b1,-0.02950750645095845,0.04825459099488001,0.06570201542484695
Ccl6,-0.0294783102094064,0.04847684154916316,0.06595919872174506
Chpf,-0.029469415790463974,0.04854471908065573,0.0660061276633125
2410089E03Rik,-0.029457557588511048,0.048635338727104904,0.06608389323950956
Kit,-0.029400689068462667,0.049071900093671225,0.06663128192664011
Mkrn1,-0.0293175510092562,0.049716037316121765,0.06745957843100393
Ets1,-0.029306732129392363,0.049800378776770744,0.06752767410265827
Mmrn2,-0.0292839120630394,0.04997867204698427,0.0677229846723015
Reg1,-0.02927667096233327,0.05003535848706263,0.06775335871844029
Dos,-0.029171731001419603,0.05086294033061441,0.06882685354799774
Cdh5,-0.029144235422967704,0.051081662151867206,0.06907554451042508
H2afv,-0.028988274357119096,0.05233725067410841,0.07068290506039918
Gen1,-0.02898771284513009,0.05234181740436237,0.07068290506039918
Bok,-0.028952507837095524,0.05262880262436644,0.07102194046987881
Ahnak,-0.02891631845750785,0.05292518161952354,0.07137318148826605
Susd3,-0.028835082452043737,0.05359555767692689,0.0722279601412982
Tyms,-0.028812001102653233,0.053787317657677844,0.07243700749947486
Sema3f,-0.02879991893798883,0.05388792444797338,0.07252309505353531
Casc5,-0.028717247278392612,0.05458054311237303,0.07340526104296699
Tnfaip8l2,-0.028686836546262983,0.05483718302142624,0.07370027928848381
Zfp40,-0.028620090089948636,0.05540399266212748,0.07441147655776224
Sbsn,-0.028597886049499335,0.05559362747900945,0.07461547965105342
Igf1r,-0.028488894591570234,0.05653233149591069,0.07580339594317499
Napsa,-0.028486236143062726,0.05655539151046187,0.07580339594317499
Kif22,-0.02846863146623447,0.05670829626257501,0.07595684397771733
Fgl2,-0.028389974936214177,0.05739567143284906,0.07682548572968355
Oit3,-0.028307185213522726,0.058126633661674545,0.07775125490468916
Plk4,-0.028213001264994417,0.05896758220881494,0.07882279244545445
Trim30d,-0.027853202939551618,0.06227362543583796,0.08318578208557544
Tk1,-0.02782751264013512,0.06251543305761842,0.08345240456104767
Cep55,-0.027799555979373093,0.06277945410393185,0.08374830011030585
H2afz,0.027703739765422456,0.06369133796998254,0.08490746808270767
Mxd3,-0.02768084352466685,0.06391085327220133,0.08514269334173992
Kif3a,-0.02764103763203885,0.06429397481212432,0.08559541293169681
Kcnj10,-0.02762577880701326,0.0644413387351948,0.08573386721364745
Ifit3,-0.027561540291102183,0.06506478937626588,0.08650510329312551
Iigp1,0.027535123404710135,0.06532261096398158,0.08678951738964488
Gm3776,0.027416520623707797,0.06649054089737573,0.08828193375024299
Klf2,-0.02740229630627671,0.06663176116143923,0.08841006162158749
Siglec1,-0.027357986222660863,0.06707325898601468,0.08890620742476463
BC048546,-0.02735574734634994,0.0670956304895037,0.08890620742476463
Clec4a1,-0.02717628646003005,0.0689089274319905,0.09124778937243483
Ncapg,-0.027161903240748922,0.06905598321394446,0.09135478059033908
Sult1e1,0.027159347229109836,0.06908214313735808,0.09135478059033908
Hba-a2,-0.027121136038749143,0.06947419300767228,0.09181181789850809
Melk,-0.02704891154929199,0.07022021036415475,0.09273570867731058
Cracr2b,-0.027002387502618953,0.07070423449965801,0.09331259786770621
Dct,-0.026991976928350456,0.07081291709919879,0.09339368719487391
Pirb,-0.026974551894770788,0.07099513452301512,0.09357158730133391
Aim2,-0.026956709539134052,0.07118211402021697,0.09375552259691468
Nrip2,-0.026916665418889586,0.07160322695038619,0.0941946119994557
Mup7,-0.02691594944435769,0.07161077482811427,0.0941946119994557
Ly6a,-0.02689144155701886,0.07186953273363539,0.09447211849361513
Ccng1,-0.026811800046099482,0.07271569105444874,0.09552087788348515
Slc51b,-0.02675108688060511,0.07336620443718776,0.09631141180100943
Ralgds,-0.026725451919184153,0.07364229619790072,0.09660970111695404
Myo9a,-0.02666157199827565,0.07433398751970599,0.09745244915547661
Irf8,-0.026624676583478748,0.07473590272803768,0.09791443319637541
Igsf3,-0.026559909512622024,0.07544572458728882,0.09874602315426557
Gm12060,-0.026557655027256627,0.07547053160652265,0.09874602315426557
Gm12718,0.026543719628090424,0.07562401622420178,0.0988814021661686
Myl12b,0.026532162212710736,0.07575150280542546,0.09898263122691747
Igkc,-0.026459401405681492,0.0765581382712401,0.09997056761046345
Dchs1,-0.026420812249311518,0.07698877554169649,0.10046654075639205
Uhrf1,-0.02637326414821411,0.07752210242123249,0.10109577604668644
Mybl1,-0.026276429489564605,0.0786175586783752,0.10245676566061157
B430306N03Rik,-0.026196255483016247,0.07953403834914681,0.10358286812665563
Nucb2,-0.02611901313775195,0.08042519987261898,0.1046745359764106
F13a1,-0.026095974530700825,0.08069256556965075,0.10495342245473653
Etnppl,0.02604947894687374,0.08123434973683799,0.10558863210370066
Pdia2,-0.026029900187029865,0.0814633702353665,0.10581674307182624
Dusp7,-0.025930796613869114,0.08263067184191318,0.10726253331021823
Fam83d,-0.02588229983166558,0.08320681533326081,0.10793954981224188
Arap3,-0.02581007204329715,0.08407091038272284,0.10894457582165819
Pik3cd,-0.025806350931813857,0.08411562373883097,0.10894457582165819
Ms4a6b,-0.025803751299201372,0.08414687267560549,0.10894457582165819
Guca2b,-0.02573605823967007,0.08496389051298416,0.10993037404723147
Ascl2,-0.02570344528892492,0.08535979377463529,0.11037038083221319
Igtp,-0.025690963668946343,0.08551170770105004,0.11049453995096467
Hist3h2ba,-0.02567328975471638,0.08572719070586451,0.11070062444513008
Mesp1,-0.025663786727968325,0.08584323425431588,0.1107781162668293
Akap12,-0.025548035116375385,0.08726691314360498,0.1125418703750209
Efcab11,-0.02548568239922191,0.08804167398739016,0.11346700747918537
Rpl22l1,0.025452536685009002,0.0884557761979091,0.11392642966988031
Mgst3,-0.025431121406225863,0.088724159132261,0.114197697008125
Gm2083.3,-0.02530546390677607,0.09031218167804321,0.1161660267908207
Lyz1,-0.02524587737602378,0.09107316930991272,0.11706869683075255
Cklf,-0.025159979099860147,0.09217924927825863,0.11841349956018019
Cnn2,-0.025119388988933476,0.09270565267798807,0.1190123865872613
Clps,-0.02510724534737032,0.0928636086736748,0.11913780295123624
Efnb2,-0.025058792210792838,0.09349600431387169,0.11987133627011953
Ttc26,-0.025033681538504035,0.0938250973684428,0.12021530621996851
Meg3,-0.0249934714884021,0.09435401202063824,0.12081469026217732
Rpgr,-0.02498248434529736,0.09449894948877653,0.12092195672447327
G6pdx,-0.024919961177886057,0.09532712609734972,0.12190279967300156
Ccdc38,-0.024889946174064693,0.09572676149308856,0.12231201762815164
Itga4,-0.02488663976515738,0.09577086661020674,0.12231201762815164
Srrm4,-0.024773800821270918,0.09728582920612022,0.12413948798251051
Neurl1b,-0.024770726739317548,0.09732736791749685,0.12413948798251051
Srcap,-0.024682373230840927,0.09852731923267366,0.12558898138168653
Ska1,-0.0245808116452095,0.09992121048966156,0.12728365537246192
Clec4d,-0.024571120087048152,0.10005504073755948,0.12737206409411148
C130080G10Rik,-0.0245128273998801,0.10086301837389164,0.12831800986176561
Fblim1,-0.02448141727411693,0.10130053458631283,0.12879174075700353
Mcam,-0.02435520217843112,0.10307385779481391,0.13096209309790946
Alpk1,-0.024265432768936505,0.10435006965931848,0.13249845068495353
Ctxn1,-0.024220054351282442,0.10499995155950965,0.13323806433449972
Lgals1,-0.024096875454499345,0.10678024297345068,0.13541022473284925
Zfp369,-0.024046767955557474,0.10751124863301786,0.1362498324022284
Crym,-0.02399906963319019,0.10821078278419499,0.13704850580676073
Tyrobp,-0.0239731846579967,0.10859191137185278,0.1374431554303156
Tsix,-0.02396595745298572,0.10869851362237962,0.1374900584974053
Bub1,-0.023648185437210804,0.11346804978522454,0.14343116011853513
Ptp4a3,-0.023574164124387346,0.11460238386971386,0.14477246831337015
Cd74,-0.023474426659717267,0.11614488819060477,0.14662735884599337
Cox6a2,-0.023378286709886745,0.11764714654818918,0.14842910575990428
Cd5l,-0.023325595641288274,0.11847692657414165,0.1493806657124222
Slc22a7,-0.02328114715202716,0.11918046374701445,0.15017194189155358
Gpr4,-0.023269624000103663,0.11936338706530908,0.1503066345402013
Pfkp,-0.023246217180062045,0.11973563368246856,0.15067940661377488
Crip1,-0.023150754537144262,0.12126322964389073,0.1525047105635954
Rasip1,-0.02312636259824463,0.1216559843665559,0.15290138658148825
Olfm1,-0.02310285945292338,0.12203536789496061,0.15328076386806677
H2-Ab1,-0.02301055999608068,0.12353419963711917,0.1550648334492601
Tgtp1,-0.022851385179288856,0.126152710158831,0.15825121064975184
Cel,-0.02275029055641708,0.12783807925928486,0.16019142501728625
Hck,-0.022748896542129766,0.12786144090909343,0.16019142501728625
Wfdc16,-0.022503963358024452,0.1320179250304302,0.16529413412613075
Rpp38,-0.022464591244936286,0.13269572009483963,0.16603761938449238
Serpinb1c,0.022418276345178453,0.13349648054625454,0.1669339291840261
Myo5a,-0.022394219140749787,0.13391388949158964,0.1673500376263418
Plxnc1,-0.022284534342283148,0.13582979701888873,0.16959543964933108
Lpcat2,-0.022281549201409304,0.13588223389202855,0.16959543964933108
Traip,-0.022260720888459373,0.13624853824336844,0.169945337607028
Gatm,-0.022223020269423854,0.13691351058731893,0.17066709358835405
Ly6c2,-0.022205450343452886,0.13722426684173447,0.17094667646257658
Adamts5,-0.022180563272757265,0.13766537051297856,0.17138723715991344
Armcx1,-0.0221757222932258,0.13775129987208015,0.17138723715991344
Ccl24,-0.02213915501018595,0.13840171999324802,0.1720881763689631
Cotl1,-0.022098016577813566,0.13913627147459182,0.17289277731317915
Ggact,0.022083686109618094,0.13939285414363087,0.1731028094484662
Clic6,0.022027841468107323,0.14039621081749432,0.17423936521417846
Igfbp2,-0.021956849923061666,0.14167971610234997,0.17572195654601375
Spata6,-0.021909215361743027,0.1425459735835157,0.17668551083047682
Mir703,0.02188183476879876,0.14304573929087808,0.17719387630204633
Pf4,-0.02180878209587863,0.14438571381929696,0.17874173839746407
Serpina3f,-0.021760049023577498,0.14528493799750364,0.1796099496633566
Afp,-0.02175866182552856,0.14531059723712175,0.1796099496633566
Cxcl9,-0.021756013409610975,0.14535959507403673,0.1796099496633566
Rpl30,-0.021719452989093096,0.14603728554140866,0.18033461181471888
Ripk3,-0.021606908952034255,0.14813859858759673,0.18281523683375703
Scn8a,-0.021595485311927246,0.14835317399084758,0.18296582968178768
Dcbld2,-0.021511876939887372,0.14993085863318215,0.1847540262703324
Prkcdbp,-0.0215087563336912,0.14998999097819093,0.1847540262703324
Gadd45b,-0.02146707528770672,0.15078151065479678,0.18561335402523862
Cdnf,-0.021387268606606263,0.1523059080371436,0.18737322973829057
Gm9920,-0.02137177922617096,0.15260312682756141,0.1876221279465727
Spn,-0.021345311176684707,0.15311203125221315,0.18813081776608168
Xlr3a,-0.021271139901654194,0.15454500623533435,0.18977358840202235
Colec11,-0.02124777412851057,0.1549985317286088,0.19019836073540372
Gm1673,-0.021243410690254632,0.15508333712972727,0.19019836073540372
Igfbp7,-0.021201703798121127,0.15589570756806514,0.19107614002607862
Il1r2,-0.02117220843391107,0.15647216658827648,0.19165843280633948
Kif11,-0.021167482613921474,0.15656467829147105,0.19165843280633948
Lama5,-0.021107820412139173,0.15773618235027448,0.19297303991738407
Evl,-0.021092097109782597,0.15804602161327044,0.19323251993162377
Pydc3,-0.02097029649584282,0.1604618215353089,0.19606490801934842
Itgb2,-0.02096003401149008,0.16066663566635056,0.19619390902555592
2210010C04Rik,0.020941267994670845,0.16104167017772184,0.19653048267984943
Gpm6a,-0.020826929398804043,0.16334099783857967,0.19921354270627514
P3h3,-0.020765313935061962,0.16459028824219038,0.2006134401077746
Lyz2,-0.020745971904192438,0.1649839392358648,0.20096934557566526
Hpse,-0.020613277241406013,0.1677036799445562,0.20415651185368694
Cx3cl1,-0.020604948480060982,0.16787550428398143,0.20421893706455846
Usp53,-0.020596085661621754,0.16805849145166532,0.20421893706455846
Rian,-0.020595777768568763,0.16806485108954813,0.20421893706455846
Tgfb1,-0.020554902966987608,0.16891073897021922,0.20504248888211835
Il18bp,-0.020553007966377837,0.16895003256902924,0.20504248888211835
Dpysl3,-0.020466350171899135,0.1707542501664335,0.20710500158223255
Masp1,-0.02043719396329437,0.17136451558502658,0.20771774819840438
Dynlt1f.1,-0.020419333024541266,0.1717391663556017,0.20804432100798076
Dram1,-0.020380526125368077,0.17255529095647135,0.20890496645495643
Ms4a6c,-0.02037090616195173,0.17275805039835399,0.20902243919066452
Marco,-0.020318052202880237,0.17387522862787108,0.21024545993718724
Sycn,0.020239066992672302,0.17555478795537616,0.2121465866673464
Clec4g,-0.020228783040945275,0.17577435534286018,0.21228216280564113
Ifit1,-0.020137940213073753,0.17772279321557796,0.21450425041953458
Gm4841,-0.02007670033615593,0.17904533566157196,0.21596865686572775
Slc30a3,-0.02002626660983562,0.18013999023611516,0.2171565614004876
Amotl1,-0.020014944011719923,0.18038642692942933,0.21732112494788652
2610020C07Rik,0.019959735199254435,0.1815916355835866,0.2186398681782891
Cep89,-0.01986246523554069,0.18372955503892996,0.2210793245964483
Arhgap25,-0.019802158066866683,0.18506438680618192,0.2225500563964852
Ednrb,-0.01979074276482333,0.18531785700842993,0.22271939410678784
Zfp13,-0.019751408993941802,0.18619320677527296,0.22363546160067718
Tff3,-0.019672799489413167,0.1879517613029683,0.22561058415055757
Thy1,0.019652981910792504,0.18839702327379565,0.2260078367793046
Il1b,-0.019625548086075206,0.18901469033463245,0.22661130551338285
Dcn,-0.019562730928615945,0.1904346250039349,0.22816040087104442
Mup9,-0.01955818909806084,0.19053759324132238,0.22816040087104442
Reln,-0.019544850727666128,0.19084022548412824,0.2283844587058847
1810008I18Rik,0.019532743079804214,0.19111524017386572,0.22857521465440567
Tmem71,-0.019522610920401508,0.19134560735477144,0.22871237348269838
Cela2a,-0.019474017648629438,0.19245327457651654,0.22989735579321643
Fut8,-0.019393053625540994,0.19430927541179402,0.2319742980006744
Rhox5,-0.019275865336638418,0.19701888155944766,0.23506718699036092
Lat,-0.019254719884471125,0.19751073384284365,0.23551189433492273
Igha,-0.019184087753950658,0.19916017855465518,0.23733554731920029
Dhx29,-0.01917851930448701,0.19929064305610839,0.23734795260357003
Glis3,-0.019097695687257915,0.20119131194347817,0.23946732312598215
Bhlhe22,-0.019034167654226733,0.20269450617579918,0.24111133496363116
Wfdc18,-0.01900886620636717,0.2032954585458296,0.2416807706224324
Sox17,0.018878592044270292,0.20641022754088648,0.24523618981269985
Icam4,0.018851364160027383,0.20706558205050143,0.24586706048879362
Calcrl,-0.018763811622811696,0.20918313397672406,0.2482323264537716
Adgrg6,-0.018699221742835608,0.21075533033629829,0.2499479832482674
2700081O15Rik,-0.018618744642699258,0.21272617425489698,0.2520265534360877
Ugt2b38,-0.018616355080639194,0.2127848961361875,0.2520265534360877
Rpl34,0.01861206253873374,0.21289041185547114,0.2520265534360877
Pla2g1b,0.0185227253082079,0.21509500396123526,0.25448403520727836
Eif4ebp3,0.018503321103367013,0.21557601155177925,0.25490058303700214
Troap,-0.018478289909573592,0.21619764902202265,0.2554828165669688
Smim22,0.018418983797733508,0.21767563409008575,0.25707570405979663
Tmsb4x,-0.018413298187436918,0.2178177074144423,0.2570899149602104
Clec2i,-0.018387750824362423,0.2184569131958041,0.25769052350125576
Adgra3,-0.018306460250087274,0.22049979895295044,0.25994520127011506
Rpsa,0.018172170790045558,0.22390451921663848,0.26380168920816105
Zfp14,0.018066997471347088,0.22659715946189019,0.26681511867549546
Selenbp2,0.018024012067079598,0.22770428990363759,0.2679591554401735
Clec4n,-0.017956168903544432,0.2294594870605809,0.2698640130391246
BC021614,-0.017888461927306813,0.23122073386158645,0.27177371631650205
Pygb,-0.017839520454684427,0.2324998015250517,0.2731147401158807
Cstb,0.017820567879372272,0.23299646589394885,0.27353563721635205
Rsph9,-0.017787454460629085,0.2338660286864909,0.2743935541324585
Wnk4,-0.017713995800803715,0.23580326452399047,0.27650240448631624
Timp1,-0.017610360754949133,0.23855556400452108,0.2795639300752449
Lcn12,0.01760136786060686,0.23879545812302388,0.2796792776713378
Sema4d,-0.017559291364786095,0.23992014974319736,0.28083015751468393
Chil1,0.0175268449597288,0.24078997732419827,0.281681529686355
Ctrl,-0.01750000532015731,0.24151117418296508,0.2823581261736972
Lst1,-0.01749213540393003,0.24172293133603603,0.2824386733163967
Gsta1,0.017383404818803922,0.24466193834395045,0.2857038701157649
Blnk,-0.01736155803933495,0.245255473051703,0.28622790450012797
Sult4a1,-0.017232389648122747,0.248785362502947,0.29017620157423374
Reck,-0.017201095546966715,0.2496458800194907,0.29096124389035516
Cdc42ep3,-0.017197213501742074,0.24975277232267715,0.29096124389035516
Sult5a1,0.017184368931545176,0.2501066760334899,0.2912019425902294
Dnase1,-0.017146681582825424,0.2511470878919408,0.29224119644636076
Panx1,-0.017106362036417678,0.2522635037962393,0.29336761588539123
2010003K11Rik,-0.017088111242105568,0.2527699889904084,0.2937838143645135
Clec1a,-0.017003189705347692,0.25513599462956327,0.2963594955244692
Otud3,-0.016975660434773162,0.2559062830906205,0.2969354436046798
Smpd3,-0.016974734535153045,0.25593221846351766,0.2969354436046798
Cybb,-0.016944863134112205,0.2567699258789879,0.29773263546202877
4930515G01Rik,-0.01692917592234012,0.2572106160691119,0.2980688088913448
Asf1b,-0.016856548972325438,0.259257712077024,0.3002650830558152
Cyp2b10,-0.016795021511774425,0.26100075783536303,0.30210684908695123
TrnY,-0.016722595326700482,0.26306292010604115,0.3043156191045309
Alox5ap,-0.016621233570578306,0.26596778752135475,0.3074960911869698
Ppp1r18,-0.01646428114744409,0.27050921229347513,0.3125638297511399
Sall2,-0.016410989858996146,0.27206321333058336,0.31417580184261873
4930539J05Rik,-0.01628472660239091,0.2757694616787597,0.31826983405657205
4930563E22Rik,-0.016204452195922397,0.2781436078398487,0.3208225861723343
Col13a1,-0.016162454332693265,0.27939123645977987,0.3220737460530524
Igfbp5,-0.01611683424771721,0.28075077404202803,0.3232998407611159
Ncoa7,-0.016115791381984584,0.2807819052032554,0.3232998407611159
Jam3,-0.016100503464801012,0.28123854222232014,0.3236371350253358
Npl,-0.016079760413797498,0.2818589246702027,0.3241623583903378
Emcn,-0.016066200488748513,0.2822649756692565,0.32444061447565126
Try4,-0.016049627934576868,0.2827617778377838,0.3248227976672275
Rps12,0.016029567361805594,0.2833639339049461,0.3253254920616019
Ptpre,-0.015991685439883205,0.28450339808812797,0.32644411957064945
H2-Aa,-0.0159776867756462,0.2849252522429751,0.3267385288192354
Fam83a,-0.015940650233332205,0.28604339905044024,0.32753987295714204
Actb,-0.015938329134785385,0.2861135724263367,0.32753987295714204
Fam189b,-0.015938081075970036,0.2861210726337806,0.32753987295714204
Xcl1,0.01590705983772791,0.2870600651712819,0.3284246231733937
Cela1,0.015898534473210945,0.2873184862245444,0.3285301603620152
Zfp608,-0.01580517453141554,0.2901586843402095,0.3315859647055458
Il2rg,-0.015752298803504265,0.2917756221412564,0.3332411351665303
Coro1a,-0.015605691709867852,0.296290470368457,0.33820222859032306
4930506A18Rik,-0.015453711360045735,0.30101987285156295,0.3434023592772879
Wnt2,0.015301806554374329,0.3057968906177621,0.34865078013340006
Cdr2,-0.01526148500735893,0.307073293740773,0.3498566700655331
Gimap6,-0.01525722075374652,0.30720848721991173,0.3498566700655331
H1fx,-0.015176994291444973,0.3097593219762119,0.35255853744788196
E2f7,0.015149369209511964,0.3106409010920266,0.3533584933595722
C2cd4c,-0.015107215589641124,0.31198930582047457,0.35449772417628433
Fli1,-0.015106849537961223,0.31200103190021994,0.35449772417628433
Popdc2,-0.01508499261505831,0.31270172169787486,0.3550897781715673
Ift57,-0.0150313075546287,0.3144271532066465,0.35684413426494843
Apom,-0.014985679556574448,0.3158985420909016,0.3583083291530192
4933404O12Rik,-0.014976513116008845,0.31619468117268734,0.35843858066422185
Rgs1,-0.01483328450513375,0.32084560388684946,0.36350244062137615
Ptprcap,-0.01479811356877417,0.32199447454294433,0.36459511808213113
Hacd4,-0.014614423893928126,0.32803831839050623,0.3712259619107217
Polq,-0.014577653912864377,0.3292569227974521,0.37239184002892606
Sdc3,-0.014570339353569448,0.32949968592255285,0.37245333280096454
Cpb1,-0.014558305811276333,0.3298993196570065,0.3726919742639439
Col6a1,-0.014495073061926307,0.3320044318283467,0.37469840240429686
Vim,-0.014493574494086683,0.3320544264098776,0.37469840240429686
Mir692-1,0.014315639610215806,0.338025171493023,0.3812183479986917
Irf5,0.014289692254201332,0.338901579443744,0.38195358428631615
Ccl5,-0.014284903056129648,0.3390635004666084,0.38195358428631615
Tmem8b,-0.014225547674212564,0.3410744012589312,0.38400005198684906
Dqx1,-0.014196853289544717,0.342049269843107,0.38487843282858425
Rasgrp3,-0.014139261432602624,0.3440112777492127,0.386658533931481
Rufy4,-0.014138934421918575,0.3440224386370637,0.386658533931481
Sat1,-0.014117132724121842,0.344767052687901,0.3872752631613524
Krt23,-0.014022944147457571,0.347995764037639,0.3906800826248792
Timd4,-0.013968575363982062,0.34986820323139334,0.39255927229765303
B430212C06Rik,-0.013828109901366457,0.3547352971024712,0.39779448801564693
Lepr,-0.01375382169469676,0.35732655827952864,0.4004731324935533
Robo4,-0.013703161633370908,0.35910045683412384,0.40180670244180944
Adamts6,-0.013701150144966494,0.35917100456801776,0.40180670244180944
Fam105a,-0.013700942042394443,0.35917830372247417,0.40180670244180944
Ccdc18,-0.01369663443142654,0.35932941321048006,0.40180670244180944
Gpx2,-0.01368494658836891,0.3597396197951733,0.4020380035811519
Pgm5,-0.013653866082381493,0.3608318777681234,0.4030308600833786
Hdgfrp3,-0.013507415921209227,0.36600650037510063,0.4085798143656544
Tnfrsf25,-0.01336318687860457,0.3711476403641224,0.4140851495484594
Snn,-0.013332685469153314,0.3722405949910893,0.41501621288407714
H2-DMb1,-0.013328185689838816,0.3724020038727126,0.41501621288407714
Ifitm6,-0.013278141326144806,0.3742000366571069,0.416785054913296
Ramp2,-0.013253329266995144,0.3750934906504222,0.41754494989633145
Lair1,-0.013163107893431074,0.37835335300100426,0.42093673544343585
Cks2,-0.013126750426444376,0.37967192941554617,0.4221661442376461
Aif1,-0.013115046911959522,0.3800969810819622,0.4224011982006966
Ms4a4c,-0.012995166545328502,0.3844676483034736,0.42701828128986924
Cxcl2,-0.01288142837365236,0.3886426648298337,0.4314129973995402
Sytl5,-0.012796777884211415,0.3917677924710241,0.43463800545186004
Slc11a1,-0.012760551988497654,0.3931098248363176,0.4358635459541561
Wfdc12,-0.012755063722269472,0.3933133869409279,0.4358635459541561
Cntln,-0.012732129018197157,0.39416473524540907,0.4365622865995371
Mir6236,-0.012670162784339965,0.39647052343548983,0.4388702266696323
Oasl2,-0.012595764318392468,0.39924964651900074,0.44169924519757386
Mup20,-0.012534736675061118,0.4015380334729728,0.44398249003135754
Cldn34c1,-0.012527345638956395,0.4018157124747602,0.4440411758315265
Ccl22,-0.012484608479902208,0.40342359191620636,0.4455689615744916
Klrd1,-0.012476052571806368,0.40374594888337334,0.4456760139265377
Rnf141,0.012450778115466861,0.40469910273602683,0.44647886501625283
Defb1,-0.012409887860305516,0.4062440075514451,0.4479332977853914
Plac8,-0.012351931535283675,0.40843971770301857,0.450103300946972
Ifit3b,-0.012315367783926898,0.4098285846578268,0.4513822350242471
Trpm2,-0.012296047793647485,0.4105635827915216,0.4519399794982395
AW112010,-0.01227079403126707,0.411525501250125,0.45274675346215754
Try5,0.012152969287216337,0.4160310965086855,0.4574490977740107
S100a9,-0.01213980239922261,0.41653639776077656,0.45775011582715686
Ifi44,-0.01208809218109005,0.418524362666172,0.45967925832834555
Crygn,-0.012075971579174291,0.41899113751127115,0.4599364124707291
Trp53i11,0.01203577509610838,0.4205413284695346,0.4613819125328912
H19,-0.012005498070112617,0.4217111921596023,0.46240877809181014
Ly6c1,-0.011867206314630393,0.42707880380263186,0.468034808823616
Ppp1r14a,-0.011848658894523328,0.42780171194966843,0.4685673044457033
Hcar2,-0.01172155349684747,0.432774927336425,0.47375195534003994
Arhgap19,-0.011686998922551553,0.4341326946145315,0.4749752834825284
Bcl11a,0.01164189956298824,0.4359084987563876,0.47665437059810745
Dmrta1,-0.011589464779871746,0.43797839224299295,0.47865300246788123
Eps8l1,-0.011562120884075601,0.4390600464477029,0.4795700065343142
H2-DMa,-0.011387071194045863,0.4460208024191268,0.486903990272012
Gm8234,-0.011344265435595751,0.4477324613318342,0.4885028013537728
Serpina3g,0.011282548169235218,0.4502068849100309,0.49093161139941044
Pcolce2,-0.011221497033414555,0.4526622037348622,0.4933369221520521
Isg15,0.011089076823714026,0.458013702640679,0.4988942645292685
Tox3,-0.011006159751450624,0.4613826157905513,0.5022871318380616
Cela3b,0.010969829795717144,0.46286304742768836,0.5036214885880792
Cuedc1,-0.01094005788108568,0.4640782128542845,0.50466591133824
Ncf2,-0.010895865635343087,0.4658852253563429,0.5063524411926827
Gm14440,0.010831584710890194,0.46852062046913767,0.5089369597074095
Edn1,-0.010776334378303117,0.47079235535683506,0.51112382566747
Tmem45a,-0.010707590947310974,0.47362735260427313,0.5139194709652294
C030016D13Rik,-0.010598960657880314,0.47812636268568287,0.5185166313930856
Fmr1nb,0.010464271157641413,0.48373691223195847,0.5243135282250997
Ins2,0.010437394488773906,0.4848607298702946,0.5252436509334644
Rps4l,0.010424095998941287,0.4854173136965736,0.5255586140077361
Bmyc,-0.010401135573681731,0.486379093318532,0.5263116953972292
Spink5,-0.010374942626801142,0.48747753508011726,0.5272117542961662
Upp2,0.010330049511082998,0.4893633067491988,0.5289618684763072
Klrk1,-0.010322973832931867,0.48966088414887154,0.5289942994329613
Klre1,-0.010293469006352932,0.4909027990992495,0.5300463319602492
Pi16,0.010263276412291392,0.4921754129900665,0.5311303446950663
Inhbb,-0.010239836102624914,0.4931646374930342,0.5319075222715377
Sgtb,-0.010181511307285484,0.49563066531048483,0.5342758044268422
Apoc2,0.00998592809635308,0.5039479158258402,0.5429455202112731
Pgpep1l,0.009932878751598902,0.506216486839558,0.5450925895870404
Zfp493,-0.009897782141918216,0.5077202839125957,0.5464142630893858
Krt18,0.009820802093973336,0.5110268669380926,0.5496736212930409
Cnksr1,-0.009753199476369122,0.5139399018421984,0.5525063545089866
Dusp2,-0.009701041878553895,0.5161932896276837,0.5546272465184406
Prdm16,-0.009477000370423745,0.5259305801016042,0.5647825947098705
Fxyd5,0.009315158153221852,0.5330225022664381,0.5720876693706559
Ankrd1,-0.009216787492762704,0.5373566050925996,0.5761138873471092
Mtcl1,-0.009216787492762704,0.5373566050925996,0.5761138873471092
Mup21,0.009181765192814254,0.5389039107026725,0.5774596376472539
Ywhah,0.009147235587125381,0.5404316313690722,0.5787818370001563
Ppfia4,-0.009140647819325776,0.540723344936413,0.5787818370001563
4930558J18Rik,0.009123481897715438,0.5414838401675232,0.5792822251142821
Gldc,-0.009090129141265193,0.5429629791310939,0.5805504649768376
Mmd2,-0.009041889540913933,0.5451058780752334,0.5825266599755332
Jakmip1,0.009011825833995707,0.5464434874326319,0.583640612995307
Arhgap15,-0.008661535187933455,0.5621475435480565,0.5998560212213846
Ncaph,-0.008659658212864227,0.5622322748220666,0.5998560212213846
Mup15.1,0.00855934607801883,0.5667695599724132,0.604370776734337
Retnlg,0.008378205125816615,0.5750070449201707,0.6128242198421442
Serpina3h,0.008274682891744115,0.5797400498008383,0.6173327619086038
Laptm5,-0.008272023403928633,0.579861881064379,0.6173327619086038
Flrt1,-0.008235906789385255,0.5815175718816702,0.6187622387567611
Oasl1,-0.00822584662344078,0.5819791523876031,0.6189202712588979
Dok2,0.008167202517735074,0.5846732612493972,0.6214510954247626
1500017E21Rik,0.008157040084232885,0.5851407119794221,0.6216137493730883
Mppe1,-0.008122852860446077,0.5867145258098047,0.6229509224092287
Nkg7,0.008018675436603949,0.5915223982101545,0.6277186158139965
Smim1,0.007992689109738209,0.5927245021794136,0.6283879722118325
Rbp1,-0.007991298632790559,0.5927888559307373,0.6283879722118325
Enho,0.007893535024732112,0.5973215330485461,0.6328535213488615
Thbd,-0.007670365252675445,0.6077270511449202,0.6435331441422106
Mcm6,-0.007574268030956861,0.6122324401842566,0.6479569241136377
Rac2,-0.007483799484619968,0.6164873782331206,0.652111046959272
Gimap3,0.007448720114481152,0.6181407213930605,0.6535102706920218
S100a8,-0.007439864148981768,0.6185584225263638,0.6536023523969114
Ddx4,-0.007276411178496871,0.6262898696402959,0.661418307841274
Stxbp5l,-0.006974905585528043,0.6406590809957382,0.6762322494012678
Aox3,-0.006935147436174268,0.6425641257040343,0.6778811507560704
Cpa2,0.006920212038398815,0.6432803762896578,0.6782748287598153
Ranbp3l,-0.006901771083595032,0.6441651987082624,0.6788457344596134
Klrb1c,0.006846030349086349,0.6468427778201724,0.6813043003465534
Rgs5,-0.006731005350766037,0.6523825936889094,0.6867733693945547
Cd3d,0.006566492732617774,0.6603391899683567,0.6947794457516984
Gm12070,-0.00643333100683877,0.6668077966034394,0.7012122414281913
Amhr2,0.006371661478638836,0.6698119688629481,0.7039969497299566
Asns,0.006349995813083518,0.670868648887531,0.7047329005582618
Nrtn,-0.006294936137630659,0.6735569504316722,0.7071811423278895
Mastl,-0.006203223582460379,0.678044091284443,0.7115144206312866
Trim12a,-0.006127721185591356,0.6817467264984016,0.7150203067837347
Rbm3os,-0.006100879421899675,0.6830648997274259,0.7160229622275297
Tubb4b,-0.006085417751226607,0.6838246466004405,0.7164394946100004
Bhlhb9,-0.006001015715659423,0.6879775717513502,0.7204087178773407
Ngf,-0.005597823108741615,0.7079444414260037,0.7409243836417201
Arl4c,0.00554722896823629,0.7104645377631089,0.7431684609299822
Sell,-0.005361973639644993,0.7197189664981956,0.7524507650803451
Muc1,-0.0052557337898438946,0.7250448675881829,0.7576182363751784
Epgn,-0.005174336838042219,0.7291344032481336,0.7614890201909985
Ly6k,-0.005072332173659602,0.734270193666316,0.7664067510784067
Neil3,-0.005065422689614682,0.7346185095061106,0.7664067510784067
Ms4a4b,0.005047076233129815,0.7355436423194699,0.7669671840008396
Gimap4,0.004955589536843488,0.74016262385483,0.7713766512182387
Ccm2l,0.004714158890659099,0.752396634181498,0.783713459313394
Esm1,-0.00470206827375891,0.7530109690398237,0.78394032953751
Gm13152,0.004682106087389758,0.754025607329318,0.7845834872052956
Ctrb1,-0.004655909833997918,0.7553577549130067,0.7855561712062148
Thbs1,-0.004645231071546356,0.7559010067173232,0.7857078287487633
Prss2,-0.004582558922130289,0.7590916987703511,0.7886097154329921
Cdca5,-0.004525233799915551,0.7620137652608263,0.791229629160007
Kcnk6,-0.004424035282812256,0.7671804796459527,0.7961762773018628
Plxnd1,-0.0042343736963569726,0.7768914471973948,0.8058312650100994
Hoxb5,-0.004225485992379764,0.7773473806312052,0.8058813694325605
Nexn,0.004178149608997805,0.7797769942445721,0.8079764767408381
Mns1,-0.0040848278168222575,0.78457316345681,0.8125202431399232
Twist1,0.004054000513733971,0.7861593068498446,0.8137366228492894
Zdhhc2,-0.003957769054927586,0.7911163432410132,0.8184390426936071
Them5,0.003758946368190011,0.8013845971482385,0.8286283203776503
Aldoa,-0.0037274704966246464,0.803013376687058,0.8298784347675451
Shisa8,-0.0037087857806278033,0.8039806584885336,0.8304439716989712
BC089597,-0.0035960947075482723,0.8098208323739702,0.8360395747275922
Cd69,0.0035836443683662203,0.8104667229563572,0.8362696822989135
2410003L11Rik,-0.0034336416142923365,0.8182584878299219,0.8438690821281981
Tmem191c,0.003354492135059587,0.8223771369222728,0.8476744523958984
Lck,-0.003345206788037208,0.8228606355507835,0.8477308371463778
Zbp1,0.0033026465960266566,0.8250776511179253,0.8495721438854887
Lsp1,-0.0032897834362873015,0.8257479852060726,0.8498197640564319
Rec114,-0.0032728074923627053,0.8266328419553461,0.8502877880050569
Sept1,0.00325359215477077,0.8276346907512461,0.8505875761391147
Sult1c2,-0.0032507140568604985,0.8277847731369028,0.8505875761391147
Nlrp12,0.0031870507114282218,0.8311061840670173,0.8535568446236329
Irf7,0.003052211896906296,0.8381508205126715,0.8603448453549074
Ccl9,0.0029754059638179894,0.8421693797660783,0.8640212059146533
Epcam,0.0027561040810714687,0.8536657553784238,0.875361617418643
Scgb1c1,0.0026804187735810308,0.8576407281583883,0.8789817105075862
Cd3g,-0.0026673520756988426,0.8583273561250083,0.8792296285280525
Tuba1c,0.0026371859983909452,0.8599129295163372,0.880397649743034
Ocstamp,0.002618653269486776,0.860887317498092,0.8809390407317432
Samd3,0.0025751745419173816,0.8631741099074448,0.8828221496570194
Mup14,-0.002500429461496744,0.867108046139953,0.8863870771554742
Cabp2,0.0024472807258262333,0.8699073459814228,0.8887890558166786
Ptch1,0.002287739306081289,0.878319915680253,0.8966219345434852
Ltb,0.0022846893930247012,0.8784808736523676,0.8966219345434852
Cd200,0.002179017959995231,0.8840606978601022,0.9018513930182777
Top2a,0.0020931895244689597,0.8885969899343489,0.9060114745230571
Rspo3,0.002005962847691292,0.8932109222329134,0.9102463882755
Isg20,-0.0019934565241264486,0.8938727552795646,0.9104515389941777
Car7,-0.0018520095272341935,0.9013631459909436,0.9176081048527783
Pnliprp1,0.0017564423469376902,0.9064289660335317,0.9222289620863028
Lefty1,-0.0017487827060985305,0.9068351554353933,0.9222289620863028
AU021092,-0.001738730198644338,0.9073682750784094,0.9222966991413961
Iglc3,-0.0016639285951375747,0.9113365599972092,0.9258542544267638
Uroc1,-0.0016546857124701499,0.9118270578501115,0.9258767813917158
Gm11744,-0.0016077177371243792,0.9143200519335709,0.927931592747777
Rnase1,0.0014336650954875868,0.9235656795698688,0.9368339397176144
Abcb9,-0.0014198722437013575,0.924298810245733,0.9370967937722123
Ccdc80,-0.0013909628793673363,0.9258356358954823,0.9381737837854273
Cd2,0.001360775146982579,0.9274407149925343,0.9389004783163366
Hmbox1,0.001359611406181935,0.927502596940721,0.9389004783163366
Ncf1,0.0013073509465415848,0.9302819945132016,0.9412320896379731
Cxcr6,0.001190747113159337,0.9364864172813556,0.946569381862954
Slc9b2,-0.001190214332391187,0.9365147753788254,0.946569381862954
Hdc,-0.0011700101467530734,0.9375902341452175,0.9471721476265177
Fam184a,0.0011338895926393052,0.9395131956673646,0.9486300244302246
P2rx3,-0.0010741368882543,0.9426950383782376,0.9513568610892168
Siglech,0.000928402219315075,0.95045916982252,0.9587029483362868
Hes6,-0.0008812233291485023,0.9529737065991833,0.9607491167499161
Bst1,0.0008200399899575838,0.9562353448332508,0.9630799796561551
Crisp2,0.0008188217098871438,0.9563002980572917,0.9630799796561551
Xlr3b,-0.0008104409190169343,0.9567471320408136,0.9630799796561551
Cpa1,0.0007679550019266463,0.9590125362573447,0.9647972770239938
Rnase6,0.0007601422547049973,0.9594291586389336,0.9647972770239938
Rps19-ps3,-0.000688673048837314,0.9632408237268699,0.9681378284229902
Cdh1,0.0006147245492506672,0.9671856000749477,0.9716087049533393
Cyb5d1,0.0005564430492375095,0.9702951922409934,0.9742374784461372
Cdkn1c,-0.0005441280482649393,0.9709523148411299,0.9744023992085857
Tmem88,-0.0005155048016186823,0.9724797130809183,0.9754400775043001
Grk5,-0.0004417789034581548,0.9764143373137979,0.9788900328952224
Krt8,0.000330065847337924,0.9823773328430333,0.9843689746734297
Pnlip,0.00015821691489864635,0.9915520535539664,0.9927503759560027
Il2rb,-0.00015458304227472405,0.9917460761320714,0.9927503759560027
Cd3e,0.0001338233358677955,0.9928545036743599,0.9933569604069886
Gm6297,-0.00011576860369562847,0.9938185152204123,0.9938185152204123
