id,entropy_raw,intervalo,entropy_norm,week,seurat_clusters
Hepatocyte_Chow_Animal4_Capture1_AACTCCCTCCGGGTGT,5.726277235003657,0_15,0.681083329762128,0,4
Hepatocyte_Chow_Animal4_Capture1_AAGCCGCCAACTTGAC,4.423723007379898,0_15,0.5261575491654853,0,4
Hepatocyte_Chow_Animal4_Capture1_ACTGATGCATCTCGCT,5.819982467936061,0_15,0.6922286287832112,0,4
Hepatocyte_Chow_Animal4_Capture1_CACTCCAGTGAGGGAG,4.609429552037127,0_15,0.5482454828443868,0,6
Hepatocyte_Chow_Animal4_Capture1_CGCCAAGCACGGATAG,4.39796283510443,0_15,0.5230936346554832,0,6
Hepatocyte_Chow_Animal4_Capture1_GTTCTCGAGATATGCA,5.073635830088639,0_15,0.6034581707001481,0,4
Hepatocyte_Chow_Animal5_Capture1_CCTAGCTCAGACGCCT,4.780911654959587,0_15,0.5686415616334304,0,4
Hepatocyte_Chow_Animal5_Capture1_TAAGAGACACCGTTGG,5.111780704339194,0_15,0.6079951214801619,0,6
Hepatocyte_Chow_Animal5_Capture1_TAAGTGCAGTACGTTC,5.8028699841717035,0_15,0.6901932702170063,0,6
Hepatocyte_Chow_Animal5_Capture1_TCAGCAAAGGGCTTGA,4.567300474081954,0_15,0.5432346509345869,0,6
Hepatocyte_Chow_Animal6_Capture1_AAGGAGCAGCCGATTT,5.036889389147694,0_15,0.5990875495573262,0,6
Hepatocyte_Chow_Animal4_Capture1_AAACGGGGTCGGCATC,6.052039432191396,0_15,0.7198294806845799,0,4
Hepatocyte_Chow_Animal5_Capture1_CATGGCGAGCTCCCAG,5.5624842781120085,0_15,0.6616017978884311,0,4
Hepatocyte_Chow_Animal5_Capture1_CGCTATCGTGCAACTT,5.8226273748196675,0_15,0.6925432139688857,0,4
Hepatocyte_Chow_Animal5_Capture1_GGGCATCGTACCATCA,5.954051012930647,0_15,0.7081747395448601,0,4
Hepatocyte_Chow_Animal5_Capture1_TAGACCATCAGGTTCA,5.677788362182164,0_15,0.6753160639448533,0,4
Hepatocyte_Chow_Animal5_Capture1_TAGAGCTGTGCAGGTA,5.735367993406167,0_15,0.6821645844322646,0,4
Hepatocyte_Chow_Animal5_Capture1_TCTTTCCTCCTCTAGC,5.8265685782600425,0_15,0.6930119806478778,0,4
Hepatocyte_Chow_Animal6_Capture1_AAGGTTCTCCCTTGTG,5.9368038600964095,0_15,0.7061233634414724,0,4
Hepatocyte_Chow_Animal6_Capture1_ATCCACCTCTAACTCT,5.855635074896356,0_15,0.696469149328529,0,4
Hepatocyte_Chow_Animal6_Capture1_CGACTTCTCCTTGACC,5.838608860339651,0_15,0.6944440516206082,0,4
Hepatocyte_Chow_Animal6_Capture1_CGTTAGATCTTGCATT,5.431860810462862,0_15,0.6460654445753699,0,4
Hepatocyte_Chow_Animal6_Capture1_GCAAACTCACACCGCA,5.954594276076123,0_15,0.7082393552553597,0,4
Hepatocyte_Chow_Animal6_Capture1_TGCCCATTCGTTTATC,5.523793193855295,0_15,0.6569998808983515,0,4
Hepatocyte_Chow_Animal4_Capture1_AAACCTGAGCCCAGCT,7.5710221924955965,0_15,0.9004972677618838,0,3
Hepatocyte_Chow_Animal4_Capture1_AAAGCAACAGCTCGAC,5.348512893762465,0_15,0.6361520445939582,0,3
Hepatocyte_Chow_Animal4_Capture1_AAGACCTCATGTAAGA,7.223631399833728,0_15,0.8591786120131635,0,3
Hepatocyte_Chow_Animal4_Capture1_AAGGAGCCAATGGACG,7.161911548661724,0_15,0.8518376538262822,0,3
Hepatocyte_Chow_Animal4_Capture1_ACACCCTTCTAACTTC,7.451443519045667,0_15,0.8862745821077611,0,3
Hepatocyte_Chow_Animal4_Capture1_ACAGCCGAGCTAACTC,7.680515341361674,0_15,0.9135203812709525,0,3
Hepatocyte_Chow_Animal4_Capture1_ACATGGTTCGAATGCT,7.331397329428383,0_15,0.8719962900875977,0,3
Hepatocyte_Chow_Animal4_Capture1_ACGGGCTTCCAGTAGT,7.110805137333981,0_15,0.8457590580177315,0,3
Hepatocyte_Chow_Animal4_Capture1_ACTATCTAGTGGTCCC,7.639743807276467,0_15,0.9086710156089972,0,3
Hepatocyte_Chow_Animal4_Capture1_ACTGTCCTCGCCAGCA,7.702450105825575,0_15,0.9161293018323426,0,3
Hepatocyte_Chow_Animal4_Capture1_AGACGTTCATCTCGCT,7.086406795294785,0_15,0.8428571195759195,0,3
Hepatocyte_Chow_Animal4_Capture1_AGATTGCAGAGCTTCT,7.530745757120339,0_15,0.895706789133178,0,3
Hepatocyte_Chow_Animal4_Capture1_AGCGTATAGAATCTCC,6.872341666799393,0_15,0.8173962163541239,0,3
Hepatocyte_Chow_Animal4_Capture1_AGGCCGTTCATGGTCA,6.387990446363912,0_15,0.7597874893487264,0,3
Hepatocyte_Chow_Animal4_Capture1_AGGTCATGTCAGATAA,7.422809231312634,0_15,0.882868820347683,0,3
Hepatocyte_Chow_Animal4_Capture1_AGGTCCGAGCTTTGGT,7.7840325850923255,0_15,0.9258327207114694,0,3
Hepatocyte_Chow_Animal4_Capture1_AGTCTTTGTTAAGGGC,7.402789214114552,0_15,0.8804876397978112,0,3
Hepatocyte_Chow_Animal4_Capture1_ATAAGAGCACATTTCT,7.481995948675155,0_15,0.8899084876366752,0,3
Hepatocyte_Chow_Animal4_Capture1_ATTCTACAGTAGATGT,7.025094673538472,0_15,0.835564656719719,0,3
Hepatocyte_Chow_Animal4_Capture1_CAAGAAAAGGAATGGA,7.356604247722691,0_15,0.8749944005772514,0,3
Hepatocyte_Chow_Animal4_Capture1_CACACAATCTAGAGTC,6.803407723130441,0_15,0.8091972141121978,0,3
Hepatocyte_Chow_Animal4_Capture1_CACACTCCAAATTGCC,6.9231669988824125,0_15,0.8234413806014582,0,3
Hepatocyte_Chow_Animal4_Capture1_CACTCCAAGATCCCGC,7.338999466026928,0_15,0.8729004881023557,0,3
Hepatocyte_Chow_Animal4_Capture1_CACTCCACACATCCGG,7.557336907642027,0_15,0.898869540183513,0,3
Hepatocyte_Chow_Animal4_Capture1_CACTCCAGTTTGTTTC,7.47204430209003,0_15,0.8887248389388125,0,3
Hepatocyte_Chow_Animal4_Capture1_CAGAGAGTCACAATGC,7.422181813155327,0_15,0.882794195241319,0,1
Hepatocyte_Chow_Animal4_Capture1_CAGATCAAGCCCTAAT,7.458827318031464,0_15,0.8871528110500831,0,3
Hepatocyte_Chow_Animal4_Capture1_CAGCGACTCGACCAGC,7.090291725403312,0_15,0.8433191931056526,0,3
Hepatocyte_Chow_Animal4_Capture1_CAGCTGGAGTGGGTTG,7.319637621328683,0_15,0.870597590579894,0,3
Hepatocyte_Chow_Animal4_Capture1_CAGTCCTAGATATACG,7.127658964416299,0_15,0.8477636519619948,0,3
Hepatocyte_Chow_Animal4_Capture1_CATATGGCAACAACCT,7.627504345584853,0_15,0.9072152542161566,0,3
Hepatocyte_Chow_Animal4_Capture1_CATCAAGGTTCGGGCT,7.312721899220588,0_15,0.8697750346944929,0,3
Hepatocyte_Chow_Animal4_Capture1_CCCAATCCAGCGTTCG,7.264236832637074,0_15,0.8640082215911072,0,3
Hepatocyte_Chow_Animal4_Capture1_CCTTCCCTCAGCTTAG,7.392335339551399,0_15,0.8792442561116589,0,3
Hepatocyte_Chow_Animal4_Capture1_CGAACATAGGATGGAA,7.392883269459482,0_15,0.8793094268868342,0,3
Hepatocyte_Chow_Animal4_Capture1_CGAATGTAGTACACCT,7.1480975257153645,0_15,0.8501946141410562,0,3
Hepatocyte_Chow_Animal4_Capture1_CGACTTCCAGAGTGTG,7.6178806093122695,0_15,0.9060706071660247,0,3
Hepatocyte_Chow_Animal4_Capture1_CGACTTCGTCGAACAG,7.552849845301313,0_15,0.8983358490549761,0,3
Hepatocyte_Chow_Animal4_Capture1_CGAGCCAGTCAGCTAT,7.567226264939137,0_15,0.9000457801943791,0,3
Hepatocyte_Chow_Animal4_Capture1_CGATGGCTCGCGTAGC,7.239226890836159,0_15,0.8610335394826687,0,3
Hepatocyte_Chow_Animal4_Capture1_CGATGTAAGTCCATAC,7.428606938827413,0_15,0.8835583995938667,0,3
Hepatocyte_Chow_Animal4_Capture1_CGATTGAGTTAAGTAG,6.635679752095633,0_15,0.7892476517144283,0,3
Hepatocyte_Chow_Animal4_Capture1_CGCGGTAGTCTGATTG,6.84881205833241,0_15,0.8145976050705607,0,3
Hepatocyte_Chow_Animal4_Capture1_CGGACTGCATTGGTAC,7.258860468466978,0_15,0.8633687569161176,0,3
Hepatocyte_Chow_Animal4_Capture1_CGGTTAAGTCATACTG,7.6586458375389626,0_15,0.9109192228092615,0,3
Hepatocyte_Chow_Animal4_Capture1_CGTCAGGCACATTAGC,7.597713612178863,0_15,0.903671944824816,0,3
Hepatocyte_Chow_Animal4_Capture1_CGTCTACAGTTCCACA,7.208322280110906,0_15,0.8573577455394256,0,3
Hepatocyte_Chow_Animal4_Capture1_CGTGTAATCAACGAAA,7.195648363460529,0_15,0.8558503100802058,0,3
Hepatocyte_Chow_Animal4_Capture1_CGTGTCTCATCGGGTC,4.078569645163642,0_15,0.4851050133609223,0,3
Hepatocyte_Chow_Animal4_Capture1_CGTTCTGAGCACAGGT,7.541671384873654,0_15,0.8970062831368009,0,3
Hepatocyte_Chow_Animal4_Capture1_CTAATGGTCCAAAGTC,7.5019087674295,0_15,0.8922769180052321,0,3
Hepatocyte_Chow_Animal4_Capture1_CTAGTGACACAGACAG,6.778453889638639,0_15,0.8062292055252166,0,3
Hepatocyte_Chow_Animal4_Capture1_CTCAGAATCCGTTGCT,6.490142659414868,0_15,0.77193747206036,0,3
Hepatocyte_Chow_Animal4_Capture1_CTCGAGGAGGAGTTGC,7.685662113509995,0_15,0.914132538274263,0,3
Hepatocyte_Chow_Animal4_Capture1_CTCGTACGTCGAATCT,7.571275283663175,0_15,0.9005273704216177,0,3
Hepatocyte_Chow_Animal4_Capture1_CTGCTGTCATCTATGG,7.6155192683614885,0_15,0.9057897493082127,0,3
Hepatocyte_Chow_Animal4_Capture1_CTTAGGATCTGCCAGG,6.817375334133544,0_15,0.8108585215586246,0,3
Hepatocyte_Chow_Animal4_Capture1_CTTGGCTGTACTTAGC,7.513287053152741,0_15,0.8936302511411128,0,3
Hepatocyte_Chow_Animal4_Capture1_GACAGAGAGATGTGTA,7.719698573209024,0_15,0.9181808342881941,0,3
Hepatocyte_Chow_Animal4_Capture1_GACGTTAGTCACTGGC,7.523294372583558,0_15,0.8948205215664199,0,3
Hepatocyte_Chow_Animal4_Capture1_GACTGCGGTCTAAACC,7.584866632090156,0_15,0.9021439252027974,0,3
Hepatocyte_Chow_Animal4_Capture1_GATCGATAGATGTGTA,7.159538121886288,0_15,0.8515553584806641,0,3
Hepatocyte_Chow_Animal4_Capture1_GATGAAATCCAATGGT,7.521039754444775,0_15,0.8945523573182906,0,3
Hepatocyte_Chow_Animal4_Capture1_GATGCTAAGCCGCCTA,7.653218337415759,0_15,0.9102736760247644,0,3
Hepatocyte_Chow_Animal4_Capture1_GATGCTACAGATTGCT,7.404300686786422,0_15,0.8806674143350809,0,3
Hepatocyte_Chow_Animal4_Capture1_GCAAACTGTTATGCGT,6.685874914137369,0_15,0.7952178635463591,0,3
Hepatocyte_Chow_Animal4_Capture1_GCACATAGTCGTTGTA,7.376594231528255,0_15,0.8773720089558606,0,3
Hepatocyte_Chow_Animal4_Capture1_GCATACAAGCTAGTTC,7.432594865515163,0_15,0.8840327235352115,0,3
Hepatocyte_Chow_Animal4_Capture1_GCGGGTTGTCATGCAT,7.17363638255053,0_15,0.8532322053958572,0,3
Hepatocyte_Chow_Animal4_Capture1_GGCCGATCAGGATCGA,6.479182505264633,0_15,0.7706338714875973,0,3
Hepatocyte_Chow_Animal4_Capture1_GGCCGATTCAGGTTCA,7.621934115048243,0_15,0.9065527310783968,0,3
Hepatocyte_Chow_Animal4_Capture1_GGCGACTGTTTAGCTG,7.11871690958294,0_15,0.8467000840921768,0,3
Hepatocyte_Chow_Animal4_Capture1_GGGTCTGCAAACTGTC,7.281891508230423,0_15,0.866108068445445,0,3
Hepatocyte_Chow_Animal4_Capture1_GTAGTCACACACTGCG,7.384787775093902,0_15,0.8783465489065514,0,3
Hepatocyte_Chow_Animal4_Capture1_GTCCTCATCAAGGCTT,7.386313251512708,0_15,0.878527989049275,0,3
Hepatocyte_Chow_Animal4_Capture1_GTCTTCGGTTAAGAAC,7.58013425717849,0_15,0.9015810566006945,0,3
Hepatocyte_Chow_Animal4_Capture1_GTGAAGGGTCCCGACA,7.218483324106195,0_15,0.8585662999621606,0,3
Hepatocyte_Chow_Animal4_Capture1_GTGCTTCTCACTTATC,7.303292929635285,0_15,0.8686535531912698,0,3
Hepatocyte_Chow_Animal4_Capture1_GTGGGTCGTAGCTGCC,7.386087951688273,0_15,0.8785011918914841,0,3
Hepatocyte_Chow_Animal4_Capture1_GTGTTAGGTACCATCA,5.871128097915773,0_15,0.6983118892576479,0,3
Hepatocyte_Chow_Animal4_Capture1_TACCTATGTGTGCCTG,7.427440428495757,0_15,0.8834196548722473,0,3
Hepatocyte_Chow_Animal4_Capture1_TACGGATGTGTTGAGG,6.94503115471499,0_15,0.8260419029732816,0,1
Hepatocyte_Chow_Animal4_Capture1_TAGCCGGCACAGACAG,7.487398721455826,0_15,0.8905510933514167,0,3
Hepatocyte_Chow_Animal4_Capture1_TATCAGGAGACCTAGG,7.483052513199962,0_15,0.8900341554056518,0,3
Hepatocyte_Chow_Animal4_Capture1_TCAGATGAGAGTCTGG,7.359841166274361,0_15,0.8753793996219822,0,3
Hepatocyte_Chow_Animal4_Capture1_TCAGCTCCAATAAGCA,7.239676252529497,0_15,0.8610869865558379,0,3
Hepatocyte_Chow_Animal4_Capture1_TCATTACCACAGGAGT,7.575806580133498,0_15,0.9010663227568769,0,3
Hepatocyte_Chow_Animal4_Capture1_TCGGGACGTACTCAAC,7.4244877270212815,0_15,0.8830684606024805,0,3
Hepatocyte_Chow_Animal4_Capture1_TCGGGACGTCCGAAGA,6.385161766444275,0_15,0.7594510462008605,0,3
Hepatocyte_Chow_Animal4_Capture1_TCGGTAAAGAGGTAGA,7.466163953257784,0_15,0.8880254303355497,0,3
Hepatocyte_Chow_Animal4_Capture1_TCGTAGACACCTCGTT,7.301174735965542,0_15,0.8684016152674734,0,3
Hepatocyte_Chow_Animal4_Capture1_TCTTCGGAGCTACCGC,7.117295499941892,0_15,0.8465310216504628,0,3
Hepatocyte_Chow_Animal4_Capture1_TGAGCATAGGACAGCT,7.5827753781192175,0_15,0.901895191486379,0,3
Hepatocyte_Chow_Animal4_Capture1_TGCACCTAGGCTAGGT,7.553902150605601,0_15,0.898461010232327,0,3
Hepatocyte_Chow_Animal4_Capture1_TGCACCTGTCCGCTGA,7.27789279436962,0_15,0.8656324614778966,0,3
Hepatocyte_Chow_Animal4_Capture1_TGCCCTAAGGTGCTAG,7.081820385128822,0_15,0.8423116120185147,0,3
Hepatocyte_Chow_Animal4_Capture1_TGCCCTACAAGACGTG,7.73574794871409,0_15,0.9200897467737396,0,3
Hepatocyte_Chow_Animal4_Capture1_TGCGCAGAGGGTGTTG,7.621911696291878,0_15,0.9065500645918458,0,3
Hepatocyte_Chow_Animal4_Capture1_TGGCTGGGTTGGTGGA,7.761354398452599,0_15,0.9231353775274658,0,3
Hepatocyte_Chow_Animal4_Capture1_TGTGTTTCATCGATTG,7.497004038920284,0_15,0.8916935496687821,0,3
Hepatocyte_Chow_Animal4_Capture1_TTCCCAGCACCATGTA,7.527441604614149,0_15,0.8953137932828895,0,3
Hepatocyte_Chow_Animal4_Capture1_TTCTACAAGCTCTCGG,7.564784885090867,0_15,0.8997554025112816,0,3
Hepatocyte_Chow_Animal4_Capture1_TTCTACAAGTCGTACT,6.79309790312945,0_15,0.8079709642735418,0,3
Hepatocyte_Chow_Animal4_Capture1_TTGTAGGGTATAATGG,7.609832765503238,0_15,0.905113396742234,0,3
Hepatocyte_Chow_Animal4_Capture1_TTTGCGCTCGAATCCA,7.284833604839231,0_15,0.866458001372646,0,3
Hepatocyte_Chow_Animal4_Capture1_TTTGTCAAGGGAACGG,7.553171423666508,0_15,0.8983740975809832,0,3
Hepatocyte_Chow_Animal5_Capture1_AAACCTGTCTCTGTCG,7.497447186051146,0_15,0.8917462575819821,0,3
Hepatocyte_Chow_Animal5_Capture1_AAAGATGAGATCACGG,7.403365377535664,0_15,0.880556168666609,0,3
Hepatocyte_Chow_Animal5_Capture1_AAAGATGCACAAGTAA,6.574030642821384,0_15,0.7819151075678213,0,3
Hepatocyte_Chow_Animal5_Capture1_AAAGCAACATGCGCAC,7.736466632256681,0_15,0.9201752269836813,0,3
Hepatocyte_Chow_Animal5_Capture1_AAAGTAGGTTGATTCG,7.534278486431662,0_15,0.8961269719052932,0,3
Hepatocyte_Chow_Animal5_Capture1_AACCATGCAAGAAAGG,7.2475633132757,0_15,0.8620250734445103,0,3
Hepatocyte_Chow_Animal5_Capture1_AACTCAGGTTAGTGGG,7.480421412804198,0_15,0.8897212123634373,0,1
Hepatocyte_Chow_Animal5_Capture1_AACTCTTCAGCTGCTG,7.1629811821361065,0_15,0.8519648760159283,0,3
Hepatocyte_Chow_Animal5_Capture1_AAGACCTAGGTGATAT,7.450139421279598,0_15,0.8861194727387245,0,3
Hepatocyte_Chow_Animal5_Capture1_AATCGGTAGAATGTGT,7.249981336895422,0_15,0.8623126731381291,0,3
Hepatocyte_Chow_Animal5_Capture1_AATCGGTTCGAATGGG,7.770365151817629,0_15,0.924207116399626,0,3
Hepatocyte_Chow_Animal5_Capture1_ACACTGATCGCCTGTT,6.014949753476693,0_15,0.7154180348460165,0,3
Hepatocyte_Chow_Animal5_Capture1_ACAGCCGAGCTAGTTC,6.6159358316659596,0_15,0.7868993101101134,0,1
Hepatocyte_Chow_Animal5_Capture1_ACAGCTACACCAACCG,7.663258808987203,0_15,0.9114678895651881,0,3
Hepatocyte_Chow_Animal5_Capture1_ACATACGCACATGTGT,7.351180460900378,0_15,0.8743492954527072,0,3
Hepatocyte_Chow_Animal5_Capture1_ACATCAGCAAGCCCAC,7.146900205137859,0_15,0.8500522048492506,0,3
Hepatocyte_Chow_Animal5_Capture1_ACATGGTAGCTAAGAT,7.643198485557845,0_15,0.9090819149927635,0,3
Hepatocyte_Chow_Animal5_Capture1_ACCCACTCACGCGAAA,7.41643618808679,0_15,0.8821108106805221,0,3
Hepatocyte_Chow_Animal5_Capture1_ACCGTAAAGTGGGCTA,7.66042660215819,0_15,0.9111310269267731,0,3
Hepatocyte_Chow_Animal5_Capture1_ACCGTAACAGGTTTCA,5.695819275302555,0_15,0.6774606604851009,0,3
Hepatocyte_Chow_Animal5_Capture1_ACCTTTAGTGACTCAT,7.389967013483841,0_15,0.8789625674441606,0,3
Hepatocyte_Chow_Animal5_Capture1_ACGAGGATCGGTGTTA,7.7111638977727885,0_15,0.9171657201178536,0,3
Hepatocyte_Chow_Animal5_Capture1_ACGCCAGGTGTGAAAT,7.3966802678857615,0_15,0.8797610418235795,0,3
Hepatocyte_Chow_Animal5_Capture1_ACGGGTCAGCTGCCCA,7.488364021621029,0_15,0.8906659061388098,0,1
Hepatocyte_Chow_Animal5_Capture1_ACTGAACAGCCACGCT,7.333515229521166,0_15,0.8722481930933549,0,3
Hepatocyte_Chow_Animal5_Capture1_ACTGAACGTGATAAGT,7.2822438585751925,0_15,0.8661499769902481,0,3
Hepatocyte_Chow_Animal5_Capture1_ACTGATGGTCGCATCG,7.471283326662093,0_15,0.8886343285326521,0,3
Hepatocyte_Chow_Animal5_Capture1_ACTGTCCTCGGACAAG,7.308371444202326,0_15,0.8692575916388711,0,3
Hepatocyte_Chow_Animal5_Capture1_ACTTTCAGTCACTTCC,7.67968523411394,0_15,0.9134216483271664,0,3
Hepatocyte_Chow_Animal5_Capture1_ACTTTCAGTGACCAAG,7.600179001133785,0_15,0.9039651781507042,0,3
Hepatocyte_Chow_Animal5_Capture1_AGAGCTTGTCAATACC,7.280737872461886,0_15,0.8659708550241728,0,3
Hepatocyte_Chow_Animal5_Capture1_AGATTGCGTACTTCTT,7.078672557225256,0_15,0.8419372094141537,0,3
Hepatocyte_Chow_Animal5_Capture1_AGCAGCCCATATGAGA,7.4785518486299,0_15,0.8894988464281571,0,3
Hepatocyte_Chow_Animal5_Capture1_AGCATACAGGTAGCTG,7.107126280122303,0_15,0.8453214947953063,0,3
Hepatocyte_Chow_Animal5_Capture1_AGCATACAGTGAACGC,7.384739844588467,0_15,0.8783408480529429,0,3
Hepatocyte_Chow_Animal5_Capture1_AGCATACCAGCTCCGA,7.241962914175456,0_15,0.8613589620582375,0,3
Hepatocyte_Chow_Animal5_Capture1_AGCGGTCAGCCCTAAT,7.65371277811475,0_15,0.9103324847942001,0,3
Hepatocyte_Chow_Animal5_Capture1_AGCGTCGAGGGATCTG,7.534267622577596,0_15,0.8961256797586511,0,3
Hepatocyte_Chow_Animal5_Capture1_AGCGTCGCACCAGGCT,7.097748259611482,0_15,0.8442060731742496,0,3
Hepatocyte_Chow_Animal5_Capture1_AGCTCCTGTGTTTGTG,7.665542671311439,0_15,0.9117395321163031,0,3
Hepatocyte_Chow_Animal5_Capture1_AGCTCTCAGCTCCTCT,7.270301974639597,0_15,0.8647296094913136,0,3
Hepatocyte_Chow_Animal5_Capture1_AGCTCTCCACATGGGA,7.487298638114015,0_15,0.8905391894402198,0,3
Hepatocyte_Chow_Animal5_Capture1_AGCTCTCCATCACGAT,7.026704861574432,0_15,0.8357561724609358,0,3
Hepatocyte_Chow_Animal5_Capture1_AGGCCACTCTCAAGTG,6.875856157222508,0_15,0.8178142297931449,0,3
Hepatocyte_Chow_Animal5_Capture1_AGGGAGTCATTGGCGC,7.37615483381681,0_15,0.8773197469985506,0,3
Hepatocyte_Chow_Animal5_Capture1_AGTCTTTAGCCACGCT,6.318830260439207,0_15,0.7515615778562424,0,3
Hepatocyte_Chow_Animal5_Capture1_AGTGAGGTCCACTCCA,7.486557243317273,0_15,0.8904510079540446,0,3
Hepatocyte_Chow_Animal5_Capture1_AGTGGGATCTACTATC,6.773972856807313,0_15,0.8056962315464373,0,3
Hepatocyte_Chow_Animal5_Capture1_ATAACGCCACCAACCG,7.629061129067361,0_15,0.9074004180205746,0,3
Hepatocyte_Chow_Animal5_Capture1_ATAGACCCAGTGAGTG,7.176713107099893,0_15,0.8535981509683195,0,3
Hepatocyte_Chow_Animal5_Capture1_ATAGACCGTCATACTG,7.667847736297026,0_15,0.9120136965116462,0,3
Hepatocyte_Chow_Animal5_Capture1_ATCCACCAGCGATATA,6.352912008186806,0_15,0.7556152604300015,0,3
Hepatocyte_Chow_Animal5_Capture1_ATCGAGTCAGCTCGAC,5.158763745262348,0_15,0.6135832836736873,0,3
Hepatocyte_Chow_Animal5_Capture1_ATCTACTCACCACCAG,7.639307261545665,0_15,0.9086190928662228,0,3
Hepatocyte_Chow_Animal5_Capture1_ATCTACTGTAATAGCA,7.679105390615566,0_15,0.9133526817500335,0,3
Hepatocyte_Chow_Animal5_Capture1_ATCTGCCTCGCGGATC,7.388925114119452,0_15,0.8788386439491476,0,3
Hepatocyte_Chow_Animal5_Capture1_ATGGGAGTCCGCATAA,7.390799381805538,0_15,0.8790615693200502,0,3
Hepatocyte_Chow_Animal5_Capture1_ATGTGTGGTCCGTTAA,7.385693943132846,0_15,0.8784543285197206,0,3
Hepatocyte_Chow_Animal5_Capture1_ATGTGTGTCATCTGCC,7.572868817885045,0_15,0.9007169053584326,0,3
Hepatocyte_Chow_Animal5_Capture1_ATTGGACGTCTGATTG,7.498063754151989,0_15,0.8918195921827905,0,3
Hepatocyte_Chow_Animal5_Capture1_ATTGGTGTCCTTGACC,7.313589091861877,0_15,0.8698781785744405,0,3
Hepatocyte_Chow_Animal5_Capture1_ATTGGTGTCTTAGCCC,7.760767491594878,0_15,0.9230655708344763,0,3
Hepatocyte_Chow_Animal5_Capture1_CAACTAGAGCGACGTA,7.352313598805387,0_15,0.8744840708583942,0,3
Hepatocyte_Chow_Animal5_Capture1_CAACTAGCACCAGGTC,7.180260666098486,0_15,0.8540200975832196,0,3
Hepatocyte_Chow_Animal5_Capture1_CAACTAGCATTTGCTT,6.812792804245926,0_15,0.8103134755214689,0,3
Hepatocyte_Chow_Animal5_Capture1_CACACAACAGACGTAG,7.5152200705870795,0_15,0.8938601642062051,0,3
Hepatocyte_Chow_Animal5_Capture1_CACACAACAGCGTCCA,7.144052929345088,0_15,0.8497135499085088,0,3
Hepatocyte_Chow_Animal5_Capture1_CACATAGCAACACCTA,7.307472886331636,0_15,0.8691507171790016,0,3
Hepatocyte_Chow_Animal5_Capture1_CACTCCAAGGGAAACA,7.075983383273222,0_15,0.8416173591040141,0,3
Hepatocyte_Chow_Animal5_Capture1_CACTCCACAAGGGTCA,7.754031548158621,0_15,0.9222643978216485,0,3
Hepatocyte_Chow_Animal5_Capture1_CAGAATCAGTAGGCCA,6.817005431598377,0_15,0.8108145253565547,0,3
Hepatocyte_Chow_Animal5_Capture1_CAGAATCGTCTTGTCC,7.255909072044403,0_15,0.8630177178692044,0,3
Hepatocyte_Chow_Animal5_Capture1_CAGAGAGTCATTCACT,7.531592086675636,0_15,0.8958074515579859,0,3
Hepatocyte_Chow_Animal5_Capture1_CAGATCACATAAAGGT,7.6521465729138285,0_15,0.9101462003707332,0,3
Hepatocyte_Chow_Animal5_Capture1_CAGCAGCGTGGCAAAC,7.455909421128974,0_15,0.8868057564355943,0,3
Hepatocyte_Chow_Animal5_Capture1_CAGCGACAGTGACTCT,7.363659113478212,0_15,0.8758335062060224,0,3
Hepatocyte_Chow_Animal5_Capture1_CAGCGACCAAGCCCAC,6.659936581381701,0_15,0.7921327586314734,0,3
Hepatocyte_Chow_Animal5_Capture1_CAGCGACGTCGAACAG,7.332519263171405,0_15,0.8721297328704234,0,3
Hepatocyte_Chow_Animal5_Capture1_CAGCTAATCGTTGCCT,7.285624210411122,0_15,0.8665520359876905,0,3
Hepatocyte_Chow_Animal5_Capture1_CAGTAACCACCAGATT,7.259185151829769,0_15,0.8634073747504927,0,3
Hepatocyte_Chow_Animal5_Capture1_CAGTCCTTCTAACTCT,6.314811647162339,0_15,0.751083604052441,0,3
Hepatocyte_Chow_Animal5_Capture1_CAGTCCTTCTGTCCGT,7.52826210331621,0_15,0.895411383386395,0,3
Hepatocyte_Chow_Animal5_Capture1_CATATGGCACATCCGG,7.566892869392035,0_15,0.9000061261329306,0,3
Hepatocyte_Chow_Animal5_Capture1_CATATTCTCACGACTA,6.663900846063001,0_15,0.7926042682141204,0,3
Hepatocyte_Chow_Animal5_Capture1_CATCGAAGTTCGGGCT,7.407627299070235,0_15,0.8810630815509882,0,3
Hepatocyte_Chow_Animal5_Capture1_CATCGGGAGTGAACAT,7.66317680220652,0_15,0.9114581356799047,0,3
Hepatocyte_Chow_Animal5_Capture1_CATCGGGGTAAGTAGT,7.705168959470818,0_15,0.9164526822447542,0,3
Hepatocyte_Chow_Animal5_Capture1_CATGACATCGCCCTTA,6.544432735259242,0_15,0.7783947328795005,0,3
Hepatocyte_Chow_Animal5_Capture1_CCAATCCTCCTCTAGC,7.454943427057436,0_15,0.8866908611149921,0,3
Hepatocyte_Chow_Animal5_Capture1_CCAATCCTCGTTTGCC,7.5830090566744595,0_15,0.9019229852102884,0,3
Hepatocyte_Chow_Animal5_Capture1_CCACGGATCGGACAAG,7.542249508951487,0_15,0.8970750452060803,0,3
Hepatocyte_Chow_Animal5_Capture1_CCGGGATAGCTAACTC,6.890829900069919,0_15,0.8195952065462746,0,3
Hepatocyte_Chow_Animal5_Capture1_CCGGTAGAGGCATGGT,7.649105464418115,0_15,0.9097844909711661,0,3
Hepatocyte_Chow_Animal5_Capture1_CCGGTAGCATCCCACT,7.035819961252592,0_15,0.8368403222820388,0,3
Hepatocyte_Chow_Animal5_Capture1_CCGTACTGTCCGAATT,7.49520704090123,0_15,0.8914798147509349,0,3
Hepatocyte_Chow_Animal5_Capture1_CCGTTCAAGAAAGTGG,7.584360433530122,0_15,0.9020837179535429,0,3
Hepatocyte_Chow_Animal5_Capture1_CCTATTAAGTACGCCC,7.656248596456679,0_15,0.9106340949903386,0,3
Hepatocyte_Chow_Animal5_Capture1_CCTCAGTGTCATACTG,7.383943410694929,0_15,0.8782461202174077,0,3
Hepatocyte_Chow_Animal5_Capture1_CCTCTGACATGATCCA,7.650992309820662,0_15,0.9100089123354789,0,3
Hepatocyte_Chow_Animal5_Capture1_CCTCTGAGTCTTGCGG,7.474338684189515,0_15,0.8889977327118403,0,3
Hepatocyte_Chow_Animal5_Capture1_CGAATGTCAGTACACT,7.302586335489302,0_15,0.868569510893982,0,3
Hepatocyte_Chow_Animal5_Capture1_CGACTTCGTCCCTTGT,7.265251164996783,0_15,0.8641288662669907,0,3
Hepatocyte_Chow_Animal5_Capture1_CGACTTCTCATAAAGG,7.469594976336982,0_15,0.8884335161699181,0,3
Hepatocyte_Chow_Animal5_Capture1_CGAGCCACATGCTGGC,7.501502381172537,0_15,0.8922285824298307,0,3
Hepatocyte_Chow_Animal5_Capture1_CGCGGTAAGACTAGAT,7.591154701314491,0_15,0.9028918280634738,0,3
Hepatocyte_Chow_Animal5_Capture1_CGCGTTTTCGGCGGTT,7.033027453939612,0_15,0.8365081815034743,0,3
Hepatocyte_Chow_Animal5_Capture1_CGCTGGAGTCCAAGTT,7.264588810869354,0_15,0.8640500858768564,0,3
Hepatocyte_Chow_Animal5_Capture1_CGCTTCATCGCCATAA,7.662452499429538,0_15,0.9113719871183074,0,3
Hepatocyte_Chow_Animal5_Capture1_CGGACACGTACTTGAC,7.755665838650461,0_15,0.9224587803086116,0,3
Hepatocyte_Chow_Animal5_Capture1_CGGAGTCCAATCCGAT,7.710752614819469,0_15,0.9171168021294599,0,3
Hepatocyte_Chow_Animal5_Capture1_CGGAGTCGTGCTGTAT,7.672238388027768,0_15,0.9125359205636568,0,3
Hepatocyte_Chow_Animal5_Capture1_CGGGTCAAGCAGCGTA,7.762950260156788,0_15,0.9233251892949934,0,3
Hepatocyte_Chow_Animal5_Capture1_CGTCACTCAGTTAACC,7.601804626379982,0_15,0.9041585299934786,0,3
Hepatocyte_Chow_Animal5_Capture1_CGTCAGGAGATCACGG,7.33850064537116,0_15,0.8728411583809255,0,3
Hepatocyte_Chow_Animal5_Capture1_CGTCAGGCATCCAACA,6.336703166121315,0_15,0.7536873809941143,0,1
Hepatocyte_Chow_Animal5_Capture1_CGTCCATTCCGCATCT,7.429340445877757,0_15,0.8836456429116016,0,3
Hepatocyte_Chow_Animal5_Capture1_CGTCTACAGGCTACGA,7.465170277069606,0_15,0.8879072425044031,0,3
Hepatocyte_Chow_Animal5_Capture1_CGTGAGCCAAGTTAAG,7.605129750235832,0_15,0.9045540201757859,0,3
Hepatocyte_Chow_Animal5_Capture1_CGTGTAAGTGTGCCTG,7.521017950428285,0_15,0.8945497639488914,0,3
Hepatocyte_Chow_Animal5_Capture1_CGTTAGAGTCTAAAGA,7.069138916164274,0_15,0.8408032782871592,0,3
Hepatocyte_Chow_Animal5_Capture1_CGTTAGATCAACACAC,7.527906947368298,0_15,0.8953691411431955,0,3
Hepatocyte_Chow_Animal5_Capture1_CTAACTTTCGTCTGCT,7.716435563870261,0_15,0.9177927320056317,0,3
Hepatocyte_Chow_Animal5_Capture1_CTAATGGCAGCTGTGC,7.063232155274452,0_15,0.8401007282341585,0,3
Hepatocyte_Chow_Animal5_Capture1_CTACACCTCTGGTATG,7.687889721478781,0_15,0.9143974899331717,0,3
Hepatocyte_Chow_Animal5_Capture1_CTACATTCATACCATG,6.712108294330657,0_15,0.7983380613991181,0,3
Hepatocyte_Chow_Animal5_Capture1_CTACCCACATGCGCAC,7.2363881981662885,0_15,0.8606959054184379,0,3
Hepatocyte_Chow_Animal5_Capture1_CTACGTCTCCGTTGTC,7.705581703931984,0_15,0.9165017740648695,0,3
Hepatocyte_Chow_Animal5_Capture1_CTAGAGTTCCCGGATG,6.844106081959635,0_15,0.8140378763102836,0,3
Hepatocyte_Chow_Animal5_Capture1_CTAGCCTTCTGGAGCC,7.771765837569797,0_15,0.9243737139423027,0,3
Hepatocyte_Chow_Animal5_Capture1_CTCATTAGTCGCGGTT,7.276654436055349,0_15,0.8654851711582859,0,3
Hepatocyte_Chow_Animal5_Capture1_CTCGGGATCTTCCTTC,7.089366865503434,0_15,0.84320919028282,0,3
Hepatocyte_Chow_Animal5_Capture1_CTCGTCAGTTACCGAT,7.315174045776397,0_15,0.870066692969626,0,3
Hepatocyte_Chow_Animal5_Capture1_CTGAAACTCATGTCTT,7.696242617488876,0_15,0.9153909832612517,0,3
Hepatocyte_Chow_Animal5_Capture1_CTGAAGTAGCCACGCT,7.166218940926417,0_15,0.8523499749986306,0,3
Hepatocyte_Chow_Animal5_Capture1_CTGAAGTTCTTTACGT,7.501872643666403,0_15,0.8922726214453829,0,3
Hepatocyte_Chow_Animal5_Capture1_CTGCTGTGTTGGACCC,7.514402602878801,0_15,0.8937629346090552,0,3
Hepatocyte_Chow_Animal5_Capture1_CTTAGGAGTTCGGGCT,6.940651112895836,0_15,0.8255209408639985,0,3
Hepatocyte_Chow_Animal5_Capture1_CTTCTCTAGGAGTAGA,7.554696604453984,0_15,0.8985555025613208,0,3
Hepatocyte_Chow_Animal5_Capture1_GAACGGACAATGGAAT,7.497801919914707,0_15,0.891788449622475,0,3
Hepatocyte_Chow_Animal5_Capture1_GAAGCAGAGGCAGTCA,7.725053305421763,0_15,0.9188177260584952,0,3
Hepatocyte_Chow_Animal5_Capture1_GAAGCAGCATAAAGGT,6.6787050023802,0_15,0.7943650743478512,0,3
Hepatocyte_Chow_Animal5_Capture1_GACACGCGTTGGTGGA,6.6822904841075434,0_15,0.7947915314915488,0,3
Hepatocyte_Chow_Animal5_Capture1_GACGGCTCAGCCTGTG,7.0345451504288246,0_15,0.836688696301487,0,3
Hepatocyte_Chow_Animal5_Capture1_GACTGCGTCAACGGGA,7.703725813718822,0_15,0.9162810345103249,0,3
Hepatocyte_Chow_Animal5_Capture1_GAGGTGAAGGGCTCTC,7.607099883774561,0_15,0.9047883478297861,0,3
Hepatocyte_Chow_Animal5_Capture1_GAGTCCGTCCCGACTT,7.6579315128576315,0_15,0.9108342610422135,0,3
Hepatocyte_Chow_Animal5_Capture1_GATCGATGTCACCTAA,7.396770834410193,0_15,0.8797718138046577,0,3
Hepatocyte_Chow_Animal5_Capture1_GATCGCGAGTTATCGC,7.504367054897371,0_15,0.8925693066803552,0,3
Hepatocyte_Chow_Animal5_Capture1_GATCGTATCATAACCG,7.665687170429743,0_15,0.9117567188393002,0,3
Hepatocyte_Chow_Animal5_Capture1_GATGCTAAGAGCCTAG,7.535616967595848,0_15,0.896286170835194,0,3
Hepatocyte_Chow_Animal5_Capture1_GATGCTACACCACCAG,7.1063795847458975,0_15,0.8452326828582643,0,3
Hepatocyte_Chow_Animal5_Capture1_GCAAACTTCTTTACGT,7.670009608180266,0_15,0.912270829521511,0,3
Hepatocyte_Chow_Animal5_Capture1_GCACATATCACGCATA,7.428050436412658,0_15,0.8834922092048745,0,3
Hepatocyte_Chow_Animal5_Capture1_GCACATATCTACCAGA,7.325463521326794,0_15,0.871290523039629,0,3
Hepatocyte_Chow_Animal5_Capture1_GCACTCTAGAGGTACC,7.648999216336742,0_15,0.9097718538259367,0,3
Hepatocyte_Chow_Animal5_Capture1_GCACTCTAGTCGTACT,7.575183731372512,0_15,0.9009922411344439,0,3
Hepatocyte_Chow_Animal5_Capture1_GCAGCCAGTAACGCGA,7.041591760580156,0_15,0.8375268200088176,0,3
Hepatocyte_Chow_Animal5_Capture1_GCAGTTAGTTACCAGT,7.70038858694814,0_15,0.9158841048075064,0,3
Hepatocyte_Chow_Animal5_Capture1_GCATACAAGTCCGGTC,7.660662011365113,0_15,0.9111590264943678,0,3
Hepatocyte_Chow_Animal5_Capture1_GCATACATCAACGGGA,7.6594986655000525,0_15,0.9110206581543585,0,3
Hepatocyte_Chow_Animal5_Capture1_GCCAAATGTCCTCTTG,6.9617117748659965,0_15,0.8280258956876926,0,1
Hepatocyte_Chow_Animal5_Capture1_GCCTCTACAATGTAAG,6.423591721957395,0_15,0.7640219045420337,0,3
Hepatocyte_Chow_Animal5_Capture1_GCCTCTACATGCTGGC,7.326942245016841,0_15,0.8714664024134844,0,3
Hepatocyte_Chow_Animal5_Capture1_GCGAGAATCAGTTCGA,7.36582349013406,0_15,0.8760909371335042,0,3
Hepatocyte_Chow_Animal5_Capture1_GCGCCAAGTGCGCTTG,6.978380632977368,0_15,0.830008489425283,0,3
Hepatocyte_Chow_Animal5_Capture1_GCTGCAGAGGAGTTGC,7.320881935032249,0_15,0.8707455892334194,0,3
Hepatocyte_Chow_Animal5_Capture1_GCTGCAGCATCAGTCA,6.446333673475568,0_15,0.7667268319197379,0,3
Hepatocyte_Chow_Animal5_Capture1_GCTGCGAAGTACGTAA,7.046700337753254,0_15,0.8381344341023393,0,3
Hepatocyte_Chow_Animal5_Capture1_GCTGCTTAGTAACCCT,7.538802203887945,0_15,0.8966650227927345,0,3
Hepatocyte_Chow_Animal5_Capture1_GCTGGGTCACTTAACG,7.584127612888641,0_15,0.9020560262698836,0,3
Hepatocyte_Chow_Animal5_Capture1_GCTTCCAAGCTCCTTC,7.665993459712402,0_15,0.9117931488820561,0,3
Hepatocyte_Chow_Animal5_Capture1_GCTTCCAGTACTCAAC,7.093356486591311,0_15,0.8436837157560909,0,3
Hepatocyte_Chow_Animal5_Capture1_GCTTGAATCGTTGACA,7.039621302633113,0_15,0.8372924537696973,0,3
Hepatocyte_Chow_Animal5_Capture1_GGAACTTGTCTGCGGT,7.3303937475304775,0_15,0.8718769240714823,0,3
Hepatocyte_Chow_Animal5_Capture1_GGACAGAAGCAGGCTA,7.166819601845951,0_15,0.852421417599529,0,3
Hepatocyte_Chow_Animal5_Capture1_GGACAGACAGCTGGCT,6.147103421447008,0_15,0.7311363901626786,0,1
Hepatocyte_Chow_Animal5_Capture1_GGCAATTTCAATACCG,6.909363434296507,0_15,0.8217995848334703,0,3
Hepatocyte_Chow_Animal5_Capture1_GGCGACTGTAAGTTCC,7.486365205367551,0_15,0.8904281669631409,0,3
Hepatocyte_Chow_Animal5_Capture1_GGCTGGTAGTCGATAA,7.678204498364969,0_15,0.9132455296390523,0,3
Hepatocyte_Chow_Animal5_Capture1_GGCTGGTCAATACGCT,7.230776329150569,0_15,0.8600284298005877,0,3
Hepatocyte_Chow_Animal5_Capture1_GGGACCTAGGGCTTCC,7.0262260258007405,0_15,0.8356992197410846,0,1
Hepatocyte_Chow_Animal5_Capture1_GGGTCTGAGGACAGAA,7.666329651066157,0_15,0.9118331354767066,0,3
Hepatocyte_Chow_Animal5_Capture1_GGGTCTGTCGGCCGAT,7.360956229196551,0_15,0.8755120251894796,0,3
Hepatocyte_Chow_Animal5_Capture1_GGTGCGTGTATATCCG,6.990138573677152,0_15,0.8314069787184669,0,3
Hepatocyte_Chow_Animal5_Capture1_GGTGTTATCTCCTATA,7.481771154885958,0_15,0.8898817506667079,0,3
Hepatocyte_Chow_Animal5_Capture1_GTAACTGAGCTGGAAC,6.901896032385908,0_15,0.8209114121605068,0,3
Hepatocyte_Chow_Animal5_Capture1_GTAACTGGTGTGTGCC,7.513942302165109,0_15,0.8937081864489668,0,3
Hepatocyte_Chow_Animal5_Capture1_GTACTTTTCGAGCCCA,7.581100294923338,0_15,0.9016959571157998,0,3
Hepatocyte_Chow_Animal5_Capture1_GTAGGCCGTGGTACAG,7.529625000178976,0_15,0.8955734863191244,0,3
Hepatocyte_Chow_Animal5_Capture1_GTATTCTCAGCTTCGG,4.584269281197236,0_15,0.5452529206022727,0,3
Hepatocyte_Chow_Animal5_Capture1_GTATTCTGTATTAGCC,7.497786653667574,0_15,0.8917866338552666,0,3
Hepatocyte_Chow_Animal5_Capture1_GTCGGGTGTTCATGGT,7.613504477512505,0_15,0.9055501101143902,0,3
Hepatocyte_Chow_Animal5_Capture1_GTCGTAAAGTGGAGAA,6.823332379521862,0_15,0.8115670524491337,0,3
Hepatocyte_Chow_Animal5_Capture1_GTCTTCGGTCCCGACA,7.487919137831298,0_15,0.8906129916674295,0,3
Hepatocyte_Chow_Animal5_Capture1_GTGAAGGCACTACAGT,7.510564591473415,0_15,0.8933064415891807,0,3
Hepatocyte_Chow_Animal5_Capture1_GTGCAGCTCTATCCTA,7.632791054361185,0_15,0.9078440552799361,0,3
Hepatocyte_Chow_Animal5_Capture1_GTGGGTCTCGTTTATC,7.418842414826725,0_15,0.8823970072534333,0,3
Hepatocyte_Chow_Animal5_Capture1_GTTCTCGCATCGATTG,6.606035432059956,0_15,0.7857217567271906,0,3
Hepatocyte_Chow_Animal5_Capture1_GTTCTCGCATCGGAAG,7.419248758322652,0_15,0.8824453377428378,0,3
Hepatocyte_Chow_Animal5_Capture1_TACAGTGAGATCTGCT,7.218200651103324,0_15,0.8585326788393738,0,3
Hepatocyte_Chow_Animal5_Capture1_TACAGTGTCCTGCCAT,6.930316055544093,0_15,0.8242916892952168,0,3
Hepatocyte_Chow_Animal5_Capture1_TACCTATAGCACCGCT,7.29711024997167,0_15,0.867918185363389,0,3
Hepatocyte_Chow_Animal5_Capture1_TACCTTATCACAAACC,7.493189855740834,0_15,0.8912398907777485,0,3
Hepatocyte_Chow_Animal5_Capture1_TACGGATCAGATAATG,7.11049995709634,0_15,0.8457227598847736,0,3
Hepatocyte_Chow_Animal5_Capture1_TACGGGCTCCAAATGC,7.661495287533199,0_15,0.9112581363494936,0,3
Hepatocyte_Chow_Animal5_Capture1_TAGACCATCGGTTCGG,7.569229206778895,0_15,0.9002840100672193,0,3
Hepatocyte_Chow_Animal5_Capture1_TAGTTGGCATGGTTGT,7.621871732942495,0_15,0.9065453113516604,0,3
Hepatocyte_Chow_Animal5_Capture1_TCAACGACACGAAATA,7.451429199584477,0_15,0.8862728789512586,0,3
Hepatocyte_Chow_Animal5_Capture1_TCAATCTGTCGCTTTC,7.342729017512824,0_15,0.8733440809010078,0,3
Hepatocyte_Chow_Animal5_Capture1_TCAATCTTCTCTTGAT,7.693917113181531,0_15,0.9151143878132806,0,3
Hepatocyte_Chow_Animal5_Capture1_TCAGCTCAGGAGTTGC,7.569434082922908,0_15,0.9003083780327624,0,3
Hepatocyte_Chow_Animal5_Capture1_TCATTTGAGCCGATTT,7.62757744832951,0_15,0.9072239490555264,0,3
Hepatocyte_Chow_Animal5_Capture1_TCATTTGAGCGACGTA,7.353687725116607,0_15,0.8746475094215567,0,3
Hepatocyte_Chow_Animal5_Capture1_TCCACACTCGAATCCA,6.828561516841888,0_15,0.8121890059647505,0,3
Hepatocyte_Chow_Animal5_Capture1_TCCCGATAGGATTCGG,7.032616822529182,0_15,0.8364593410095822,0,3
Hepatocyte_Chow_Animal5_Capture1_TCCCGATTCCCAAGAT,7.3674283965937315,0_15,0.8762818246841152,0,3
Hepatocyte_Chow_Animal5_Capture1_TCGCGAGTCTGCGACG,5.648221103497844,0_15,0.6717993346336079,0,1
Hepatocyte_Chow_Animal5_Capture1_TCGGGACAGTGTACGG,7.581174092520285,0_15,0.9017047346008906,0,3
Hepatocyte_Chow_Animal5_Capture1_TCGGGACGTTGCCTCT,7.544941749475118,0_15,0.8973952602542002,0,3
Hepatocyte_Chow_Animal5_Capture1_TCGTAGACACGGTTTA,6.942097586106307,0_15,0.8256929843662896,0,3
Hepatocyte_Chow_Animal5_Capture1_TCTCTAACACCATCCT,7.299662385281164,0_15,0.8682217362994088,0,3
Hepatocyte_Chow_Animal5_Capture1_TCTCTAAGTTGGGACA,7.603418124189975,0_15,0.90435043939917,0,3
Hepatocyte_Chow_Animal5_Capture1_TGAAAGAAGTAGGTGC,7.522922316794578,0_15,0.8947762692563733,0,3
Hepatocyte_Chow_Animal5_Capture1_TGAGAGGGTAGCAAAT,7.25808822673277,0_15,0.8632769064956558,0,3
Hepatocyte_Chow_Animal5_Capture1_TGAGCATCATCGGTTA,7.217758993587485,0_15,0.8584801481009626,0,3
Hepatocyte_Chow_Animal5_Capture1_TGAGCCGTCCGTACAA,7.71906890823373,0_15,0.9181059419453318,0,3
Hepatocyte_Chow_Animal5_Capture1_TGCCCATGTCTCCATC,7.649247688159798,0_15,0.9098014070609014,0,3
Hepatocyte_Chow_Animal5_Capture1_TGCCCTACATGCGCAC,7.152808814262152,0_15,0.850754974731232,0,3
Hepatocyte_Chow_Animal5_Capture1_TGCCCTAGTTTAGGAA,6.649045265040208,0_15,0.7908373456266659,0,3
Hepatocyte_Chow_Animal5_Capture1_TGCGCAGAGCACCGCT,7.3443071699860845,0_15,0.8735317863328702,0,3
Hepatocyte_Chow_Animal5_Capture1_TGCGTGGCATGGTCAT,7.5956190088951905,0_15,0.9034228127411905,0,3
Hepatocyte_Chow_Animal5_Capture1_TGCTACCGTGGTTTCA,7.557169433214639,0_15,0.8988496207775929,0,3
Hepatocyte_Chow_Animal5_Capture1_TGGCTGGAGCAGACTG,7.548102014256212,0_15,0.8977711421005908,0,3
Hepatocyte_Chow_Animal5_Capture1_TGTATTCTCGCCAAAT,7.731020686035956,0_15,0.9195274862206173,0,3
Hepatocyte_Chow_Animal5_Capture1_TGTGGTAGTCGAACAG,7.601224917306871,0_15,0.9040895794048842,0,3
Hepatocyte_Chow_Animal5_Capture1_TTAGGACTCCGCGCAA,7.516921894171669,0_15,0.8940625790782225,0,3
Hepatocyte_Chow_Animal5_Capture1_TTAGGCAAGTACCGGA,7.691550971695836,0_15,0.9148329589799167,0,3
Hepatocyte_Chow_Animal5_Capture1_TTAGGCACAGTCAGAG,7.396616239743652,0_15,0.8797534263173026,0,3
Hepatocyte_Chow_Animal5_Capture1_TTCGAAGGTTTGGCGC,6.998738208985393,0_15,0.8324298192150243,0,3
Hepatocyte_Chow_Animal5_Capture1_TTCTCCTCATATACGC,7.4429691666307445,0_15,0.8852666427566847,0,3
Hepatocyte_Chow_Animal5_Capture1_TTGAACGCAACAACCT,7.529846518713827,0_15,0.8955998337303879,0,3
Hepatocyte_Chow_Animal5_Capture1_TTGACTTCATGTTGAC,6.895734911028086,0_15,0.8201786084771987,0,3
Hepatocyte_Chow_Animal5_Capture1_TTGCCGTGTGAGCGAT,7.319115455690117,0_15,0.8705354842065547,0,3
Hepatocyte_Chow_Animal5_Capture1_TTGCGTCAGTAACCCT,7.709587756015233,0_15,0.9169782538404873,0,3
Hepatocyte_Chow_Animal5_Capture1_TTTATGCAGATTACCC,7.668725084680066,0_15,0.9121180483153678,0,3
Hepatocyte_Chow_Animal5_Capture1_TTTCCTCGTTAAGAAC,7.664113477749672,0_15,0.9115695438551739,0,3
Hepatocyte_Chow_Animal6_Capture1_AAAGATGTCCTTCAAT,6.220322963058773,0_15,0.7398451213606303,0,3
Hepatocyte_Chow_Animal6_Capture1_AAAGCAAAGGTGCTAG,7.456417246159286,0_15,0.8868661571371999,0,3
Hepatocyte_Chow_Animal6_Capture1_AAAGTAGAGGTTCCTA,6.995786236711492,0_15,0.832078711676363,0,3
Hepatocyte_Chow_Animal6_Capture1_AAAGTAGGTTCCAACA,6.253671543253725,0_15,0.7438116009965055,0,3
Hepatocyte_Chow_Animal6_Capture1_AACACGTAGTACGACG,7.2897891610335765,0_15,0.8670474151532146,0,3
Hepatocyte_Chow_Animal6_Capture1_AACCGCGTCATGCTCC,7.811478045103678,0_15,0.9290970833198882,0,3
Hepatocyte_Chow_Animal6_Capture1_AACTCAGAGTCCCACG,7.46965859107259,0_15,0.8884410825056318,0,3
Hepatocyte_Chow_Animal6_Capture1_AACTCAGTCTCTTGAT,7.711150770051372,0_15,0.9171641587068622,0,3
Hepatocyte_Chow_Animal6_Capture1_AACTTTCAGTAGCCGA,7.5148477200373796,0_15,0.8938158768373229,0,3
Hepatocyte_Chow_Animal6_Capture1_AAGGAGCCAAAGGAAG,7.392841447160185,0_15,0.8793044525431735,0,3
Hepatocyte_Chow_Animal6_Capture1_AAGGAGCTCACCCGAG,6.5046212959765635,0_15,0.7736595608791785,0,3
Hepatocyte_Chow_Animal6_Capture1_AAGGCAGTCGTACCGG,7.099378982822522,0_15,0.8444000313688872,0,3
Hepatocyte_Chow_Animal6_Capture1_AAGTCTGGTTGTACAC,6.730784198488142,0_15,0.800559373163792,0,3
Hepatocyte_Chow_Animal6_Capture1_AAGTCTGTCCACTCCA,6.691146562224034,0_15,0.7958448732919322,0,3
Hepatocyte_Chow_Animal6_Capture1_ACACCGGCAGCCAGAA,7.172785958513666,0_15,0.8531310559734722,0,3
Hepatocyte_Chow_Animal6_Capture1_ACATACGCAGATCTGT,7.635918063809144,0_15,0.9082159817374947,0,3
Hepatocyte_Chow_Animal6_Capture1_ACATACGTCTGCTGTC,7.323983925424596,0_15,0.871114539924873,0,3
Hepatocyte_Chow_Animal6_Capture1_ACCCACTTCGTGGACC,7.502421113162171,0_15,0.8923378563991093,0,1
Hepatocyte_Chow_Animal6_Capture1_ACCGTAACACAACTGT,7.2874631582713185,0_15,0.8667707604190236,0,3
Hepatocyte_Chow_Animal6_Capture1_ACCGTAAGTAGCGTCC,7.1517223518642,0_15,0.8506257509096652,0,3
Hepatocyte_Chow_Animal6_Capture1_ACGAGCCAGATCCCGC,7.353941046408341,0_15,0.8746776394522544,0,3
Hepatocyte_Chow_Animal6_Capture1_ACGAGGAAGCTGGAAC,7.192466625635236,0_15,0.8554718742302554,0,3
Hepatocyte_Chow_Animal6_Capture1_ACGCCAGGTTCAGACT,7.194734374857534,0_15,0.855741600289264,0,3
Hepatocyte_Chow_Animal6_Capture1_ACGCCAGTCCTAGGGC,7.20139214796879,0_15,0.8565334757247908,0,3
Hepatocyte_Chow_Animal6_Capture1_ACGGAGACACGAAAGC,6.304314786534426,0_15,0.7498351076043812,0,3
Hepatocyte_Chow_Animal6_Capture1_ACGGGCTCAACAACCT,7.453377286393062,0_15,0.8865045843675011,0,3
Hepatocyte_Chow_Animal6_Capture1_ACTGAGTAGTGCCATT,7.57694999678146,0_15,0.901202320716099,0,3
Hepatocyte_Chow_Animal6_Capture1_ACTGAGTCATGCCTAA,7.170608031920369,0_15,0.8528720134166304,0,3
Hepatocyte_Chow_Animal6_Capture1_ACTGCTCCAGATCGGA,7.170033936923785,0_15,0.8528037305662153,0,3
Hepatocyte_Chow_Animal6_Capture1_ACTTACTAGCGATATA,7.44973841946052,0_15,0.8860717775882856,0,3
Hepatocyte_Chow_Animal6_Capture1_AGAATAGAGGAATCGC,7.453226763692067,0_15,0.8864866811996678,0,3
Hepatocyte_Chow_Animal6_Capture1_AGAATAGTCATGCTCC,7.681451981558397,0_15,0.9136317852421179,0,3
Hepatocyte_Chow_Animal6_Capture1_AGAGCTTGTTCAGGCC,7.185804876367667,0_15,0.8546795258707557,0,3
Hepatocyte_Chow_Animal6_Capture1_AGATCTGAGCTCCCAG,7.467766695389541,0_15,0.8882160604610306,0,3
Hepatocyte_Chow_Animal6_Capture1_AGATCTGCACCATGTA,7.312165395018404,0_15,0.8697088440929039,0,3
Hepatocyte_Chow_Animal6_Capture1_AGCATACTCACAACGT,7.336866910356559,0_15,0.8726468419624168,0,3
Hepatocyte_Chow_Animal6_Capture1_AGCCTAACATTGGGCC,7.10822639817561,0_15,0.8454523428203193,0,3
Hepatocyte_Chow_Animal6_Capture1_AGCGTATTCCTAGTGA,7.292034385912318,0_15,0.8673144621671333,0,3
Hepatocyte_Chow_Animal6_Capture1_AGCGTCGAGCAAATCA,7.6657208570336905,0_15,0.9117607255234762,0,3
Hepatocyte_Chow_Animal6_Capture1_AGCTCCTGTACGCACC,7.594750385744167,0_15,0.9033194987164361,0,3
Hepatocyte_Chow_Animal6_Capture1_AGGCCGTAGGTGCTTT,7.331620791221943,0_15,0.8720228686300235,0,3
Hepatocyte_Chow_Animal6_Capture1_AGGCCGTCACGGTAGA,7.481926072414733,0_15,0.8899001765552926,0,3
Hepatocyte_Chow_Animal6_Capture1_AGGTCATTCTCGATGA,7.258933123608632,0_15,0.8633773985175928,0,3
Hepatocyte_Chow_Animal6_Capture1_AGGTCCGAGGACACCA,6.94162989636665,0_15,0.825637357355562,0,3
Hepatocyte_Chow_Animal6_Capture1_AGTGTCAGTGTAATGA,7.464872219511459,0_15,0.887871791542839,0,3
Hepatocyte_Chow_Animal6_Capture1_ATAACGCCATGCCTAA,5.751116983986787,0_15,0.6840377691393327,0,3
Hepatocyte_Chow_Animal6_Capture1_ATAAGAGAGTTTCCTT,6.961676011880935,0_15,0.8280216420387776,0,3
Hepatocyte_Chow_Animal6_Capture1_ATAAGAGTCAGCTGGC,6.421712438134712,0_15,0.7637983825519181,0,3
Hepatocyte_Chow_Animal6_Capture1_ATAGACCAGGTGCTTT,6.655672077502429,0_15,0.7916255386030536,0,3
Hepatocyte_Chow_Animal6_Capture1_ATCATGGCAGACGCTC,7.436017274108187,0_15,0.8844397847627216,0,3
Hepatocyte_Chow_Animal6_Capture1_ATCCGAACACCATCCT,7.220693681820317,0_15,0.8588291998760343,0,3
Hepatocyte_Chow_Animal6_Capture1_ATCCGAACACCCTATC,7.167637498007838,0_15,0.8525186981569446,0,3
Hepatocyte_Chow_Animal6_Capture1_ATCGAGTGTACTTGAC,6.851699991546644,0_15,0.8149410958044109,0,3
Hepatocyte_Chow_Animal6_Capture1_ATCGAGTTCAGTTTGG,7.217255976122791,0_15,0.8584203192111408,0,3
Hepatocyte_Chow_Animal6_Capture1_ATGCGATAGGGTGTGT,7.411963506296482,0_15,0.8815788299744383,0,3
Hepatocyte_Chow_Animal6_Capture1_ATGGGAGCACCAACCG,7.645477289606207,0_15,0.9093529559126209,0,3
Hepatocyte_Chow_Animal6_Capture1_ATGGGAGGTCAGGACA,7.19268765942053,0_15,0.855498163985414,0,3
Hepatocyte_Chow_Animal6_Capture1_ATGTGTGTCAGTTCGA,7.341418327796781,0_15,0.8731881874855386,0,3
Hepatocyte_Chow_Animal6_Capture1_ATTACTCAGTCACGCC,6.959892215054929,0_15,0.8278094772706367,0,3
Hepatocyte_Chow_Animal6_Capture1_ATTATCCCAATCTGCA,7.419040576825603,0_15,0.8824205766386534,0,3
Hepatocyte_Chow_Animal6_Capture1_ATTCTACCAGCGAACA,7.351938962992541,0_15,0.8744395116803472,0,3
Hepatocyte_Chow_Animal6_Capture1_ATTGGACGTTCAGGCC,7.194156266013261,0_15,0.8556728400318641,0,3
Hepatocyte_Chow_Animal6_Capture1_CAACCAAAGTTAGCGG,7.350127585456006,0_15,0.8742240664629032,0,3
Hepatocyte_Chow_Animal6_Capture1_CAACCAATCACCCGAG,7.501492214864307,0_15,0.8922273732492799,0,3
Hepatocyte_Chow_Animal6_Capture1_CAACCTCAGACCCACC,7.516907712275915,0_15,0.8940608922837511,0,3
Hepatocyte_Chow_Animal6_Capture1_CAACCTCGTAGAAAGG,7.3623944640866945,0_15,0.8756830888260724,0,3
Hepatocyte_Chow_Animal6_Capture1_CAAGATCAGGGATGGG,7.72191561729876,0_15,0.9184445294794845,0,3
Hepatocyte_Chow_Animal6_Capture1_CAAGGCCAGACGACGT,6.931684917877519,0_15,0.8244545017609383,0,3
Hepatocyte_Chow_Animal6_Capture1_CACAAACGTCATTAGC,7.562345801420949,0_15,0.8994652979356035,0,3
Hepatocyte_Chow_Animal6_Capture1_CACACAACAGTTCCCT,7.13562794504531,0_15,0.8487114824003185,0,3
Hepatocyte_Chow_Animal6_Capture1_CACAGGCGTCTCTTAT,7.473898540739209,0_15,0.8889453820563613,0,3
Hepatocyte_Chow_Animal6_Capture1_CACAGTACAGATCTGT,7.226577498417841,0_15,0.859529020935248,0,3
Hepatocyte_Chow_Animal6_Capture1_CACCACTGTCCGAGTC,7.57284525308987,0_15,0.9007141025620425,0,3
Hepatocyte_Chow_Animal6_Capture1_CACCAGGGTACCGTTA,7.68087495198063,0_15,0.91356315335266,0,3
Hepatocyte_Chow_Animal6_Capture1_CACTCCATCCAGTAGT,7.160835264709618,0_15,0.851709640628914,0,3
Hepatocyte_Chow_Animal6_Capture1_CAGATCAAGGGCACTA,7.603518545210226,0_15,0.9043623834738356,0,3
Hepatocyte_Chow_Animal6_Capture1_CAGCAGCAGTTGCAGG,7.17348662775567,0_15,0.8532143935627683,0,3
Hepatocyte_Chow_Animal6_Capture1_CAGCAGCTCAATACCG,7.126629635482468,0_15,0.8476412235938067,0,3
Hepatocyte_Chow_Animal6_Capture1_CAGTCCTCAGCTGCTG,7.479442752126089,0_15,0.8896048104768365,0,3
Hepatocyte_Chow_Animal6_Capture1_CATATGGCACGAAAGC,7.312594351711568,0_15,0.8697598641956538,0,3
Hepatocyte_Chow_Animal6_Capture1_CATATGGGTCAACATC,7.5956830663952815,0_15,0.9034304317393053,0,3
Hepatocyte_Chow_Animal6_Capture1_CATCAGAAGAACAACT,7.0488844927258185,0_15,0.8383942174625192,0,3
Hepatocyte_Chow_Animal6_Capture1_CATCCACGTAAATACG,5.677395160490272,0_15,0.6752692965414268,0,3
Hepatocyte_Chow_Animal6_Capture1_CATCCACGTAATAGCA,7.730203585246225,0_15,0.9194303002647543,0,3
Hepatocyte_Chow_Animal6_Capture1_CATCGAATCATCGGAT,7.655302227063111,0_15,0.9105215338286443,0,3
Hepatocyte_Chow_Animal6_Capture1_CATCGGGGTCATGCAT,7.49027791327309,0_15,0.8908935443836403,0,3
Hepatocyte_Chow_Animal6_Capture1_CATGGCGCATCACGTA,7.682252465782196,0_15,0.9137269948238744,0,3
Hepatocyte_Chow_Animal6_Capture1_CCACGGAAGCGACGTA,6.737261346189434,0_15,0.8013297650157251,0,3
Hepatocyte_Chow_Animal6_Capture1_CCACTACTCAGTTGAC,7.53759880556926,0_15,0.8965218906144826,0,3
Hepatocyte_Chow_Animal6_Capture1_CCCAATCGTGTTGGGA,6.564592705694824,0_15,0.7807925594653735,0,3
Hepatocyte_Chow_Animal6_Capture1_CCCAGTTCATATGCTG,7.472473510144885,0_15,0.8887758889385181,0,3
Hepatocyte_Chow_Animal6_Capture1_CCCAGTTGTTATCACG,6.859802325232165,0_15,0.8159047872533065,0,3
Hepatocyte_Chow_Animal6_Capture1_CCGTACTCAGGAATCG,7.5008964158986515,0_15,0.892156508929104,0,3
Hepatocyte_Chow_Animal6_Capture1_CCGTACTGTCCAGTGC,7.163884982639443,0_15,0.8520723740344472,0,3
Hepatocyte_Chow_Animal6_Capture1_CCTAAAGTCATGCATG,6.655798701922501,0_15,0.7916405993097069,0,3
Hepatocyte_Chow_Animal6_Capture1_CCTACACAGCTGAAAT,6.408522089575818,0_15,0.7622295226891265,0,3
Hepatocyte_Chow_Animal6_Capture1_CCTCAGTAGTATCGAA,7.3871857994814265,0_15,0.878631769891788,0,3
Hepatocyte_Chow_Animal6_Capture1_CCTCTGAGTGCAACTT,7.012374140021752,0_15,0.834051676651105,0,3
Hepatocyte_Chow_Animal6_Capture1_CCTTCCCAGCCCTAAT,7.360009894341925,0_15,0.8753994681358463,0,3
Hepatocyte_Chow_Animal6_Capture1_CCTTCCCCATGAGCGA,7.529069557690345,0_15,0.8955074219977297,0,1
Hepatocyte_Chow_Animal6_Capture1_CCTTCGAAGCTAAACA,7.222862174720146,0_15,0.8590871203895144,0,3
Hepatocyte_Chow_Animal6_Capture1_CCTTCGAAGGCACATG,7.2126554593647345,0_15,0.8578731338158808,0,3
Hepatocyte_Chow_Animal6_Capture1_CCTTCGACAATCTACG,6.270662532450633,0_15,0.7458325090006522,0,3
Hepatocyte_Chow_Animal6_Capture1_CCTTTCTCATGACATC,7.3346758892806125,0_15,0.8723862419480021,0,3
Hepatocyte_Chow_Animal6_Capture1_CGAACATAGCGCCTTG,7.3808020551119045,0_15,0.8778724874307562,0,3
Hepatocyte_Chow_Animal6_Capture1_CGAACATTCTGGTATG,6.835050884042508,0_15,0.8129608512037534,0,3
Hepatocyte_Chow_Animal6_Capture1_CGAGAAGTCGAACGGA,7.367090945325277,0_15,0.8762416882352289,0,3
Hepatocyte_Chow_Animal6_Capture1_CGAGCACTCGCGTTTC,7.728189279197619,0_15,0.9191907187330816,0,3
Hepatocyte_Chow_Animal6_Capture1_CGAGCACTCGTCCGTT,7.260911977970936,0_15,0.8636127634262203,0,3
Hepatocyte_Chow_Animal6_Capture1_CGAGCCACATGCGCAC,7.585780048451141,0_15,0.9022525669312831,0,3
Hepatocyte_Chow_Animal6_Capture1_CGATCGGAGGACCACA,6.783879614995523,0_15,0.8068745412190339,0,3
Hepatocyte_Chow_Animal6_Capture1_CGATCGGTCATTCACT,6.7366463792635844,0_15,0.8012566208586468,0,3
Hepatocyte_Chow_Animal6_Capture1_CGATGTATCCTTTCTC,6.722899168721329,0_15,0.7996215278397782,0,3
Hepatocyte_Chow_Animal6_Capture1_CGATTGAAGGCTACGA,7.641634110833958,0_15,0.908895848286208,0,3
Hepatocyte_Chow_Animal6_Capture1_CGATTGACATGAACCT,7.428677879018928,0_15,0.8835668372191978,0,3
Hepatocyte_Chow_Animal6_Capture1_CGGACACGTCTAGAGG,7.445711632259374,0_15,0.8855928315780514,0,3
Hepatocyte_Chow_Animal6_Capture1_CGGAGTCTCCTATTCA,6.58767152427021,0_15,0.7835375538058876,0,3
Hepatocyte_Chow_Animal6_Capture1_CGGCTAGCAGTTCCCT,7.671053618164036,0_15,0.912395004053562,0,3
Hepatocyte_Chow_Animal6_Capture1_CGTAGCGCAGGATCGA,7.243760232022874,0_15,0.8615727350164654,0,3
Hepatocyte_Chow_Animal6_Capture1_CGTAGCGTCAGGTAAA,7.237581923473507,0_15,0.8608378870888488,0,1
Hepatocyte_Chow_Animal6_Capture1_CGTAGGCGTAAACACA,7.288408830688653,0_15,0.866883238682375,0,3
Hepatocyte_Chow_Animal6_Capture1_CGTCACTAGGTACTCT,7.738131585791164,0_15,0.9203732565324836,0,3
Hepatocyte_Chow_Animal6_Capture1_CGTCTACAGAGTGAGA,7.582022332431654,0_15,0.9018056242434216,0,3
Hepatocyte_Chow_Animal6_Capture1_CGTGAGCAGGATCGCA,7.461115283568854,0_15,0.8874249416373103,0,3
Hepatocyte_Chow_Animal6_Capture1_CGTGTCTGTTAAAGAC,7.039079620605458,0_15,0.8372280261173278,0,3
Hepatocyte_Chow_Animal6_Capture1_CTAACTTCACTGCCAG,7.628961853727995,0_15,0.9073886102131765,0,3
Hepatocyte_Chow_Animal6_Capture1_CTACATTAGACACTAA,6.402452997056089,0_15,0.761507664914462,0,3
Hepatocyte_Chow_Animal6_Capture1_CTACGTCGTGAAAGAG,7.4871711877517235,0_15,0.890524030496011,0,3
Hepatocyte_Chow_Animal6_Capture1_CTAGCCTAGGACGAAA,7.1279375262456375,0_15,0.8477967841018623,0,3
Hepatocyte_Chow_Animal6_Capture1_CTCGAAATCCGAAGAG,7.6616320604726935,0_15,0.9112744041208971,0,3
Hepatocyte_Chow_Animal6_Capture1_CTCGAGGGTGACAAAT,6.875041549364806,0_15,0.8177173403465805,0,3
Hepatocyte_Chow_Animal6_Capture1_CTCGAGGTCATTGCGA,7.289255613331559,0_15,0.8669839549974164,0,3
Hepatocyte_Chow_Animal6_Capture1_CTCGGGAAGAGGGATA,7.420156982059331,0_15,0.8825533618606652,0,3
Hepatocyte_Chow_Animal6_Capture1_CTCGGGACAATGTTGC,7.1128114273765295,0_15,0.8459976861257622,0,3
Hepatocyte_Chow_Animal6_Capture1_CTCGTCACATGAACCT,7.623190418833842,0_15,0.9067021558321021,0,3
Hepatocyte_Chow_Animal6_Capture1_CTCTAATGTGCCTGCA,7.477449593703422,0_15,0.8893677442434806,0,3
Hepatocyte_Chow_Animal6_Capture1_CTCTAATTCAATAAGG,7.488977335452267,0_15,0.8907388536768395,0,3
Hepatocyte_Chow_Animal6_Capture1_CTCTAATTCGTTTGCC,6.819051276440641,0_15,0.8110578581118794,0,3
Hepatocyte_Chow_Animal6_Capture1_CTCTACGCACCAGTTA,7.51641392455956,0_15,0.8940021611800603,0,3
Hepatocyte_Chow_Animal6_Capture1_CTGAAGTTCCCAAGAT,6.344232855622948,0_15,0.7545829621522354,0,3
Hepatocyte_Chow_Animal6_Capture1_CTGATAGAGTGAATTG,6.104497917429999,0_15,0.72606889214412,0,3
Hepatocyte_Chow_Animal6_Capture1_CTGCCTATCGCCCTTA,7.465783915612155,0_15,0.8879802286635913,0,3
Hepatocyte_Chow_Animal6_Capture1_CTGCGGACATTCCTCG,6.8492781744878295,0_15,0.8146530449192024,0,3
Hepatocyte_Chow_Animal6_Capture1_CTGGTCTGTCGAAAGC,7.268707927355903,0_15,0.8645400135309329,0,3
Hepatocyte_Chow_Animal6_Capture1_CTGTGCTAGTATGACA,7.533892483152706,0_15,0.8960810606809949,0,3
Hepatocyte_Chow_Animal6_Capture1_CTGTTTAAGACACTAA,7.187385015606641,0_15,0.8548674676085027,0,3
Hepatocyte_Chow_Animal6_Capture1_CTTAGGATCTTAACCT,7.513118441560373,0_15,0.8936101964808068,0,3
Hepatocyte_Chow_Animal6_Capture1_CTTCTCTGTCATTAGC,7.223254080352352,0_15,0.8591337336396211,0,3
Hepatocyte_Chow_Animal6_Capture1_CTTTGCGCAGGACCCT,7.661492826440867,0_15,0.911257843627208,0,3
Hepatocyte_Chow_Animal6_Capture1_CTTTGCGGTCAACTGT,7.275600482281353,0_15,0.8653598139119724,0,3
Hepatocyte_Chow_Animal6_Capture1_CTTTGCGGTCCTAGCG,7.109708518470877,0_15,0.8456286261863496,0,3
Hepatocyte_Chow_Animal6_Capture1_GAAATGATCGATCCCT,7.251099974858819,0_15,0.8624457239209748,0,3
Hepatocyte_Chow_Animal6_Capture1_GAACATCCAATCGAAA,6.6995379522074465,0_15,0.79684294509263,0,3
Hepatocyte_Chow_Animal6_Capture1_GAACCTAAGAAGGACA,7.444455185375267,0_15,0.8854433898042117,0,3
Hepatocyte_Chow_Animal6_Capture1_GAACGGATCTCCTATA,6.208951531211693,0_15,0.738492603424679,0,3
Hepatocyte_Chow_Animal6_Capture1_GAATAAGCAAAGCGGT,6.653660915131367,0_15,0.7913863309803415,0,1
Hepatocyte_Chow_Animal6_Capture1_GAATGAACATTACGAC,7.421678649877183,0_15,0.8827343490084476,0,3
Hepatocyte_Chow_Animal6_Capture1_GAATGAATCTCACATT,7.23396553295672,0_15,0.8604077536541912,0,3
Hepatocyte_Chow_Animal6_Capture1_GACACGCAGACTGGGT,7.192097063094728,0_15,0.8554279184671454,0,3
Hepatocyte_Chow_Animal6_Capture1_GACAGAGGTTGGTGGA,6.070622978592963,0_15,0.722039807419129,0,3
Hepatocyte_Chow_Animal6_Capture1_GACCAATGTCCGAATT,6.9414277942293126,0_15,0.8256133193303318,0,3
Hepatocyte_Chow_Animal6_Capture1_GACGCGTAGAGATGAG,6.938314841173837,0_15,0.8252430647398876,0,3
Hepatocyte_Chow_Animal6_Capture1_GACGGCTAGGATCGCA,7.311801493452927,0_15,0.8696655616460804,0,3
Hepatocyte_Chow_Animal6_Capture1_GACGTGCCAACGCACC,6.381439376593637,0_15,0.7590083052070001,0,3
Hepatocyte_Chow_Animal6_Capture1_GACGTGCGTTCTGGTA,7.3365152448138,0_15,0.8726050148679546,0,3
Hepatocyte_Chow_Animal6_Capture1_GACGTTACAGGATTGG,7.472768823308899,0_15,0.8888110134818845,0,3
Hepatocyte_Chow_Animal6_Capture1_GACTGCGAGTGAATTG,7.469785875633573,0_15,0.8884562217294353,0,3
Hepatocyte_Chow_Animal6_Capture1_GAGGTGACAAACCCAT,7.758677462603552,0_15,0.9228169828171149,0,3
Hepatocyte_Chow_Animal6_Capture1_GATCGCGCAGCTCCGA,7.060118747418735,0_15,0.8397304195497802,0,3
Hepatocyte_Chow_Animal6_Capture1_GATCGTATCCAGAGGA,7.169700356514425,0_15,0.8527640545172526,0,3
Hepatocyte_Chow_Animal6_Capture1_GATGCTAAGGTGCAAC,6.664645134939652,0_15,0.7926927939221172,0,1
Hepatocyte_Chow_Animal6_Capture1_GCAAACTAGCACCGCT,7.492972243813856,0_15,0.8912140080183676,0,3
Hepatocyte_Chow_Animal6_Capture1_GCAATCAAGCGATCCC,7.568896554241238,0_15,0.9002444443793032,0,3
Hepatocyte_Chow_Animal6_Capture1_GCAATCACACAGACAG,6.460145479503289,0_15,0.7683696079246938,0,3
Hepatocyte_Chow_Animal6_Capture1_GCACATAGTGTTTGTG,6.8898427608876744,0_15,0.8194777962265171,0,3
Hepatocyte_Chow_Animal6_Capture1_GCACTCTTCGTTGCCT,7.218237448759584,0_15,0.8585370555520659,0,3
Hepatocyte_Chow_Animal6_Capture1_GCATACAAGCAGACTG,7.213108078216269,0_15,0.8579269682953978,0,3
Hepatocyte_Chow_Animal6_Capture1_GCATACAGTTAAAGTG,7.443043849553252,0_15,0.8852755255423848,0,3
Hepatocyte_Chow_Animal6_Capture1_GCATGATCACAGGTTT,6.835390045554931,0_15,0.8130011910690319,0,3
Hepatocyte_Chow_Animal6_Capture1_GCATGCGAGACTGTAA,7.591820930621922,0_15,0.9029710693674603,0,3
Hepatocyte_Chow_Animal6_Capture1_GCCAAATCAAGGTGTG,7.508212376353446,0_15,0.8930266691575506,0,3
Hepatocyte_Chow_Animal6_Capture1_GCCAAATTCACGATGT,7.564586284685776,0_15,0.8997317809820332,0,3
Hepatocyte_Chow_Animal6_Capture1_GCGACCACAAAGTGCG,7.044236127276358,0_15,0.8378413409446103,0,3
Hepatocyte_Chow_Animal6_Capture1_GCGACCACAAGGTTCT,7.425861976442479,0_15,0.883231913808342,0,3
Hepatocyte_Chow_Animal6_Capture1_GCGACCAGTCTCATCC,7.348404361043096,0_15,0.8740191061766813,0,3
Hepatocyte_Chow_Animal6_Capture1_GCGACCATCTTACCTA,7.642953429398872,0_15,0.9090527680168344,0,3
Hepatocyte_Chow_Animal6_Capture1_GCGCAGTGTGTGCGTC,7.5952483069047005,0_15,0.9033787214519163,0,3
Hepatocyte_Chow_Animal6_Capture1_GCGGGTTAGTACGATA,6.54601235115801,0_15,0.7785826123711711,0,3
Hepatocyte_Chow_Animal6_Capture1_GCTCCTAAGAGACGAA,6.905920224809938,0_15,0.8213900495479891,0,3
Hepatocyte_Chow_Animal6_Capture1_GCTGCAGTCCGAGCCA,7.34899328309781,0_15,0.8740891525571715,0,3
Hepatocyte_Chow_Animal6_Capture1_GCTGCGATCCGTAGGC,6.947979906418336,0_15,0.8263926274573286,0,3
Hepatocyte_Chow_Animal6_Capture1_GCTGGGTCAATGAATG,7.772369072902365,0_15,0.9244454627438495,0,3
Hepatocyte_Chow_Animal6_Capture1_GCTGGGTCATTGGTAC,7.466911848219498,0_15,0.8881143849512506,0,3
Hepatocyte_Chow_Animal6_Capture1_GCTTCCACATTCGACA,6.56672089116155,0_15,0.7810456858133557,0,3
Hepatocyte_Chow_Animal6_Capture1_GGAATAAGTTCCAACA,7.070941791865159,0_15,0.8410177122963964,0,3
Hepatocyte_Chow_Animal6_Capture1_GGACAGAGTTGCTCCT,7.137282979558117,0_15,0.8489083321808292,0,3
Hepatocyte_Chow_Animal6_Capture1_GGATGTTGTGCGAAAC,7.620758101657227,0_15,0.9064128560630375,0,3
Hepatocyte_Chow_Animal6_Capture1_GGATGTTGTTAAGAAC,6.634070175447004,0_15,0.7890562086916116,0,3
Hepatocyte_Chow_Animal6_Capture1_GGATTACGTTCCACGG,7.70894960334047,0_15,0.9169023519707756,0,3
Hepatocyte_Chow_Animal6_Capture1_GGCCGATAGACAAAGG,5.814299660508291,0_15,0.6915527157516794,0,3
Hepatocyte_Chow_Animal6_Capture1_GGCGTGTCACAACGCC,7.643721472519036,0_15,0.9091441190542037,0,3
Hepatocyte_Chow_Animal6_Capture1_GGCTGGTGTACGACCC,7.482512469519602,0_15,0.8899699226182853,0,3
Hepatocyte_Chow_Animal6_Capture1_GGGTTGCCATCGACGC,6.968483236997611,0_15,0.8288312932936217,0,3
Hepatocyte_Chow_Animal6_Capture1_GGTATTGGTCATATCG,6.527323502043788,0_15,0.776359760933534,0,3
Hepatocyte_Chow_Animal6_Capture1_GGTGTTACAGGATCGA,7.449834620762815,0_15,0.8860832197697599,0,3
Hepatocyte_Chow_Animal6_Capture1_GTAACGTTCAACGCTA,5.8515207051629545,0_15,0.6959797862532018,0,3
Hepatocyte_Chow_Animal6_Capture1_GTACGTAGTACAGTGG,7.491628972680911,0_15,0.8910542393696533,0,3
Hepatocyte_Chow_Animal6_Capture1_GTACTCCAGCGATGAC,6.735980750747757,0_15,0.8011774510128047,0,3
Hepatocyte_Chow_Animal6_Capture1_GTACTCCTCACTTCAT,7.4694042483875425,0_15,0.8884108309904285,0,3
Hepatocyte_Chow_Animal6_Capture1_GTAGGCCTCAGGCCCA,7.511034565477203,0_15,0.8933623402902505,0,3
Hepatocyte_Chow_Animal6_Capture1_GTAGTCACAGTAAGAT,7.077670922909099,0_15,0.8418180750433827,0,3
Hepatocyte_Chow_Animal6_Capture1_GTATTCTAGAAGGGTA,6.31561067341473,0_15,0.7511786402231,0,3
Hepatocyte_Chow_Animal6_Capture1_GTCAAGTTCTCTAAGG,7.567869577449413,0_15,0.9001222957748505,0,3
Hepatocyte_Chow_Animal6_Capture1_GTCACGGCAACAACCT,7.61869049358312,0_15,0.9061669347892388,0,3
Hepatocyte_Chow_Animal6_Capture1_GTCATTTAGGATTCGG,7.018557261241205,0_15,0.8347870969976305,0,3
Hepatocyte_Chow_Animal6_Capture1_GTCGTAATCTCGCTTG,6.8290322581569205,0_15,0.8122449959298084,0,3
Hepatocyte_Chow_Animal6_Capture1_GTCTCGTCATGCCTAA,7.010481675591667,0_15,0.8338265869597397,0,3
Hepatocyte_Chow_Animal6_Capture1_GTGTGCGAGAGCTTCT,7.349116060643331,0_15,0.8741037557166225,0,3
Hepatocyte_Chow_Animal6_Capture1_TACGGTATCGCCCTTA,7.162758957366108,0_15,0.8519384446050666,0,3
Hepatocyte_Chow_Animal6_Capture1_TACTTACGTAAGAGAG,7.320579391894764,0_15,0.8707096047571151,0,3
Hepatocyte_Chow_Animal6_Capture1_TAGACCAGTAAGTAGT,7.4161824781814385,0_15,0.8820806344281266,0,3
Hepatocyte_Chow_Animal6_Capture1_TAGGCATAGTGTCCCG,7.034891849019559,0_15,0.8367299326267487,0,3
Hepatocyte_Chow_Animal6_Capture1_TATCAGGCACGGCGTT,6.9551370506345425,0_15,0.827243898084703,0,3
Hepatocyte_Chow_Animal6_Capture1_TCAATCTCATCACGTA,7.498527614071602,0_15,0.8918747636747787,0,3
Hepatocyte_Chow_Animal6_Capture1_TCACAAGCAAGAAGAG,7.167763490201593,0_15,0.8525336836666092,0,3
Hepatocyte_Chow_Animal6_Capture1_TCACAAGGTACTTGAC,7.525316515497872,0_15,0.8950610352147842,0,3
Hepatocyte_Chow_Animal6_Capture1_TCACGAACATGGGACA,7.282122548015592,0_15,0.8661355483140809,0,3
Hepatocyte_Chow_Animal6_Capture1_TCAGATGAGGACGAAA,6.942915994465536,0_15,0.8257903258444496,0,3
Hepatocyte_Chow_Animal6_Capture1_TCAGGATAGATCGGGT,7.214343567661691,0_15,0.8580739173917898,0,3
Hepatocyte_Chow_Animal6_Capture1_TCAGGTAGTCAAAGCG,7.277508718487709,0_15,0.8655867794981744,0,3
Hepatocyte_Chow_Animal6_Capture1_TCAGGTATCTATCCCG,7.14959134626204,0_15,0.8503722891348162,0,3
Hepatocyte_Chow_Animal6_Capture1_TCATTTGTCGGATGTT,6.199497753049988,0_15,0.7373681711897451,0,3
Hepatocyte_Chow_Animal6_Capture1_TCCCGATGTCCTGCTT,6.60440034113199,0_15,0.7855272790363663,0,3
Hepatocyte_Chow_Animal6_Capture1_TCGCGAGAGAAGGGTA,7.628878086673236,0_15,0.9073786469609205,0,3
Hepatocyte_Chow_Animal6_Capture1_TCGCGAGGTGCTGTAT,6.993044948373006,0_15,0.8317526628818687,0,3
Hepatocyte_Chow_Animal6_Capture1_TCGCGAGGTTAGGGTG,6.880300013191799,0_15,0.8183427819565028,0,3
Hepatocyte_Chow_Animal6_Capture1_TCGGGACAGGAGTAGA,7.4482630492149156,0_15,0.8858962970730626,0,3
Hepatocyte_Chow_Animal6_Capture1_TCGTACCAGGCTAGCA,7.555291826452579,0_15,0.8986262982570431,0,3
Hepatocyte_Chow_Animal6_Capture1_TCGTAGAGTTATCCGA,6.891510044209034,0_15,0.8196761028801361,0,3
Hepatocyte_Chow_Animal6_Capture1_TCTCATATCATGTCCC,7.713579399746914,0_15,0.9174530198869824,0,3
Hepatocyte_Chow_Animal6_Capture1_TCTCTAAAGAGTACCG,7.162060080839492,0_15,0.8518553202413123,0,3
Hepatocyte_Chow_Animal6_Capture1_TCTGGAATCGACCAGC,6.666190004672673,0_15,0.7928765407053472,0,3
Hepatocyte_Chow_Animal6_Capture1_TCTTTCCCACGGTAGA,7.087243543800441,0_15,0.8429566424308246,0,3
Hepatocyte_Chow_Animal6_Capture1_TCTTTCCGTCTTGATG,6.7691015699338095,0_15,0.805116840757645,0,3
Hepatocyte_Chow_Animal6_Capture1_TGACGGCTCCGTAGTA,7.588328989219247,0_15,0.9025557379085972,0,3
Hepatocyte_Chow_Animal6_Capture1_TGACTAGCAAGAAGAG,7.101821137519708,0_15,0.8446905012125032,0,3
Hepatocyte_Chow_Animal6_Capture1_TGAGAGGGTCGAAAGC,7.587712384416136,0_15,0.9024823989424217,0,3
Hepatocyte_Chow_Animal6_Capture1_TGAGGGACAGTATCTG,7.0170565439897175,0_15,0.8346086017099021,0,3
Hepatocyte_Chow_Animal6_Capture1_TGCCAAAAGACAAGCC,7.233339526213113,0_15,0.8603332964213518,0,3
Hepatocyte_Chow_Animal6_Capture1_TGCGCAGGTTGGACCC,7.077529185994566,0_15,0.8418012168568614,0,3
Hepatocyte_Chow_Animal6_Capture1_TGCGCAGTCCCAACGG,7.460357535152669,0_15,0.8873348150518802,0,3
Hepatocyte_Chow_Animal6_Capture1_TGCGGGTCATCCCATC,7.639985445770757,0_15,0.9086997560879394,0,3
Hepatocyte_Chow_Animal6_Capture1_TGCGTGGTCGTGGTCG,6.825402441771029,0_15,0.8118132656224778,0,3
Hepatocyte_Chow_Animal6_Capture1_TGCTACCTCATCGATG,6.845212726607453,0_15,0.8141695006083516,0,3
Hepatocyte_Chow_Animal6_Capture1_TGGCTGGCATGCCCGA,7.4009905426282945,0_15,0.8802737058377995,0,3
Hepatocyte_Chow_Animal6_Capture1_TGGGAAGCAAGCGTAG,7.082649192837894,0_15,0.8424101903951915,0,3
Hepatocyte_Chow_Animal6_Capture1_TGGGAAGTCTGATACG,6.9623237387709,0_15,0.828098682665504,0,3
Hepatocyte_Chow_Animal6_Capture1_TGGTTAGGTAGATTAG,7.208147051511648,0_15,0.8573369038524177,0,3
Hepatocyte_Chow_Animal6_Capture1_TGGTTCCCAAGCGAGT,6.7619227999682,0_15,0.804262997963956,0,3
Hepatocyte_Chow_Animal6_Capture1_TGTATTCCAAGGACTG,7.666632190911227,0_15,0.9118691195614113,0,3
Hepatocyte_Chow_Animal6_Capture1_TGTGGTAAGAGCCTAG,6.4142900641931915,0_15,0.7629155655049319,0,1
Hepatocyte_Chow_Animal6_Capture1_TGTGGTAAGTACGCGA,7.600851503888874,0_15,0.9040451656184625,0,3
Hepatocyte_Chow_Animal6_Capture1_TGTTCCGAGTGGCACA,6.812524045372749,0_15,0.8102815093450625,0,3
Hepatocyte_Chow_Animal6_Capture1_TTAGTTCCAATGACCT,7.165627267671991,0_15,0.8522796013904873,0,3
Hepatocyte_Chow_Animal6_Capture1_TTCGAAGCACAGAGGT,7.266715983578607,0_15,0.8643030917674794,0,3
Hepatocyte_Chow_Animal6_Capture1_TTCGAAGTCCAAACAC,6.707152400072106,0_15,0.7977486074091977,0,3
Hepatocyte_Chow_Animal6_Capture1_TTCGGTCAGAATCTCC,6.2704550120994,0_15,0.7458078265331414,0,3
Hepatocyte_Chow_Animal6_Capture1_TTCGGTCGTAAGAGGA,7.2394825242639405,0_15,0.8610639445187936,0,3
Hepatocyte_Chow_Animal6_Capture1_TTCTCCTCAAGTAGTA,7.303207139577549,0_15,0.8686433493230697,0,3
Hepatocyte_Chow_Animal6_Capture1_TTCTTAGCAGCTTCGG,6.93570344626247,0_15,0.8249324654676963,0,3
Hepatocyte_Chow_Animal6_Capture1_TTGTAGGAGGTGCACA,7.309340219108448,0_15,0.8693728177118977,0,3
Hepatocyte_Chow_Animal4_Capture1_CACACTCTCATAAAGG,4.568789438937513,0_15,0.543411748392517,0,6
Hepatocyte_Chow_Animal4_Capture1_CAGCTAAGTCCGAAGA,4.654657887195507,0_15,0.5536249403601645,0,6
Hepatocyte_Chow_Animal4_Capture1_CTCACACCATAAAGGT,3.8493086274014012,0_15,0.45783671129415,0,6
Hepatocyte_Chow_Animal4_Capture1_GATCGTAAGGCTCATT,4.778553327369551,0_15,0.5683610621847007,0,6
Hepatocyte_Chow_Animal4_Capture1_GGAATAATCATGCAAC,3.5442623340969357,0_15,0.42155450967362934,0,6
Hepatocyte_Chow_Animal4_Capture1_GTAGGCCCACAGGCCT,5.275774079905642,0_15,0.6275004911480796,0,4
Hepatocyte_Chow_Animal4_Capture1_GTCACAATCTGGCGAC,4.552104723217397,0_15,0.5414272685511767,0,6
Hepatocyte_Chow_Animal4_Capture1_TAGGCATGTGACTACT,4.87640651895974,0_15,0.5799997193472813,0,6
Hepatocyte_Chow_Animal5_Capture1_AACACGTGTGCAGTAG,4.731742270549161,0_15,0.5627933557778183,0,6
Hepatocyte_Chow_Animal5_Capture1_AACTCCCCAGTAAGCG,3.7780147668737074,0_15,0.44935702057589794,0,6
Hepatocyte_Chow_Animal5_Capture1_AATCGGTCAATGGAAT,4.643420190296053,0_15,0.5522883288569087,0,6
Hepatocyte_Chow_Animal5_Capture1_ACTATCTGTGGTCTCG,4.548749771923336,0_15,0.5410282306938091,0,6
Hepatocyte_Chow_Animal5_Capture1_ATCATGGAGCAGGCTA,4.665856405377178,0_15,0.5549568919473058,0,6
Hepatocyte_Chow_Animal5_Capture1_ATGCGATTCTCTTATG,4.809156722262363,0_15,0.5720010295212818,0,6
Hepatocyte_Chow_Animal5_Capture1_ATGTGTGTCTGGCGAC,4.610559366825702,0_15,0.5483798629986542,0,6
Hepatocyte_Chow_Animal5_Capture1_CATCAAGTCGGTGTCG,4.503828871157792,0_15,0.5356853394201749,0,6
Hepatocyte_Chow_Animal5_Capture1_CCACTACTCATCATTC,4.565987659529842,0_15,0.5430785047911472,0,6
Hepatocyte_Chow_Animal5_Capture1_CCGTTCAAGCTTCGCG,4.690164498979443,0_15,0.5578480962413622,0,6
Hepatocyte_Chow_Animal5_Capture1_CCTTCCCGTTCGTCTC,4.931132055309114,0_15,0.5865087738324553,0,6
Hepatocyte_Chow_Animal5_Capture1_CCTTTCTAGGCTCATT,5.132231585949807,0_15,0.610427549036897,0,6
Hepatocyte_Chow_Animal5_Capture1_CGATGTAGTCGGCATC,4.38464200638648,0_15,0.5215092554845006,0,6
Hepatocyte_Chow_Animal5_Capture1_CGTCAGGAGGGTCTCC,4.721355300968679,0_15,0.561557929769317,0,6
Hepatocyte_Chow_Animal5_Capture1_CTACACCAGACCTTTG,4.788261488297967,0_15,0.5695157507021504,0,6
Hepatocyte_Chow_Animal5_Capture1_CTACGTCGTGAAAGAG,4.502919731923209,0_15,0.5355772064130404,0,6
Hepatocyte_Chow_Animal5_Capture1_CTCTACGTCAGAAATG,4.694235680125928,0_15,0.5583323224667994,0,6
Hepatocyte_Chow_Animal5_Capture1_CTGCGGAGTACATGTC,4.425935137947541,0_15,0.5264206599425306,0,6
Hepatocyte_Chow_Animal5_Capture1_GTAACGTGTTCACGGC,4.702353101003284,0_15,0.5592978083860691,0,6
Hepatocyte_Chow_Animal5_Capture1_GTACGTATCGCACTCT,4.692987396294468,0_15,0.558183851606321,0,6
Hepatocyte_Chow_Animal5_Capture1_GTTAAGCGTTACCAGT,4.490354812697465,0_15,0.5340827351058969,0,6
Hepatocyte_Chow_Animal5_Capture1_TCGGGACGTTAAAGAC,4.634117336864017,0_15,0.5511818476070928,0,6
Hepatocyte_Chow_Animal5_Capture1_TGAGCATGTAAGTGGC,4.31092178212549,0_15,0.5127409730996443,0,6
Hepatocyte_Chow_Animal5_Capture1_TGTATTCGTCGTCTTC,4.702612585550362,0_15,0.5593286714742663,0,6
Hepatocyte_Chow_Animal6_Capture1_AACTCAGCACACATGT,4.885303732540017,0_15,0.5810579537991198,0,6
Hepatocyte_Chow_Animal6_Capture1_AACTCTTTCCTCAACC,4.243935865771757,0_15,0.5047736691978207,0,6
Hepatocyte_Chow_Animal6_Capture1_AATCCAGCACCGAATT,4.757427649497897,0_15,0.5658483743706434,0,6
Hepatocyte_Chow_Animal6_Capture1_ATGTGTGTCATAACCG,4.046058197973543,0_15,0.4812381023122811,0,6
Hepatocyte_Chow_Animal6_Capture1_CAGCTAAGTCTCTCTG,4.181192014811251,0_15,0.4973109164912182,0,6
Hepatocyte_Chow_Animal6_Capture1_CGTCTACTCCCAAGAT,5.016617398233404,0_15,0.5966763992573698,0,6
Hepatocyte_Chow_Animal6_Capture1_CTAACTTGTGTGAATA,4.7898230596993,0_15,0.5697014839815627,0,6
Hepatocyte_Chow_Animal6_Capture1_GATGAAAAGGTGGGTT,4.688726897448035,0_15,0.557677107936448,0,6
Hepatocyte_Chow_Animal6_Capture1_GGACGTCGTGACGCCT,4.229083191833104,0_15,0.503007092378911,0,1
Hepatocyte_Chow_Animal6_Capture1_GTAACTGCATGTTGAC,4.732183436058196,0_15,0.5628458279969475,0,6
Hepatocyte_Chow_Animal6_Capture1_GTTCGGGAGACAATAC,4.654250813799368,0_15,0.5535765230564397,0,6
Hepatocyte_Chow_Animal6_Capture1_TCATTTGTCTGCCCTA,4.751792174776133,0_15,0.5651780910904649,0,6
Hepatocyte_Chow_Animal6_Capture1_TTGCCGTAGAGCTGGT,4.385734156692731,0_15,0.5216391558257965,0,6
Hepatocyte_Chow_Animal6_Capture1_TTGGCAACATCCCACT,4.578060395192149,0_15,0.5445144357925243,0,6
Hepatocyte_Chow_Animal6_Capture1_TTGTAGGAGAAACCTA,4.6894411115679935,0_15,0.5577620565533279,0,6
Hepatocyte_Chow_Animal4_Capture1_CTCGGGAAGACTAAGT,6.098529992367501,0_15,0.7253590672253245,0,4
Hepatocyte_Chow_Animal4_Capture1_CTTAGGACAGATGGCA,6.040469742038884,0_15,0.7184533819087086,0,4
Hepatocyte_Chow_Animal5_Capture1_GAGCAGAGTTATCGGT,6.16469131948576,0_15,0.7332282944956587,0,4
Hepatocyte_Chow_Animal6_Capture1_GTCAAGTAGCTAGCCC,6.87655264546239,0_15,0.8178970700941104,0,3
Hepatocyte_Chow_Animal4_Capture1_ATCCACCTCTCCAACC,5.181867660149299,0_15,0.6163312629691283,0,3
Hepatocyte_Chow_Animal4_Capture1_GAAGCAGGTTATCACG,4.36717183455224,0_15,0.5194313535045463,0,3
Hepatocyte_Chow_Animal4_Capture1_GACAGAGGTTCATGGT,4.604555417124581,0_15,0.5476657533098729,0,3
Hepatocyte_Chow_Animal5_Capture1_AGAGTGGGTTCTGTTT,3.8392290599445182,0_15,0.4566378476896896,0,7
Hepatocyte_Chow_Animal5_Capture1_AGGCCGTGTCGCCATG,3.2424174596367843,0_15,0.3856530847631709,0,7
Hepatocyte_Chow_Animal5_Capture1_CATGCCTCACGAAATA,4.361810657368547,0_15,0.5187936951694951,0,7
Hepatocyte_Chow_Animal5_Capture1_GACCTGGCAGCAGTTT,4.0919861678494724,0_15,0.48670077437103143,0,7
Hepatocyte_Chow_Animal5_Capture1_TCTTCGGGTCTCAACA,5.038549150330937,0_15,0.5992849615279487,0,3
Hepatocyte_Chow_Animal5_Capture1_TTGAACGCATGCGCAC,4.470157847602724,0_15,0.5316805083758097,0,7
Hepatocyte_Chow_Animal6_Capture1_CGTCCATTCTGGTTCC,4.305852056181477,0_15,0.5121379799707363,0,7
Hepatocyte_Chow_Animal6_Capture1_GCTTCCATCGAATCCA,3.3376439350296283,0_15,0.39697932034003225,0,7
Hepatocyte_Chow_Animal6_Capture1_GGCGACTGTTACCGAT,3.719244998455134,0_15,0.4423669451881411,0,7
Hepatocyte_Chow_Animal4_Capture1_CTCGGAGCATCCGCGA,6.0859811685937295,0_15,0.7238665103110009,0,10
Hepatocyte_Chow_Animal5_Capture1_CGGTTAACACATCTTT,4.494012766475708,0_15,0.5345178120742583,0,1
Hepatocyte_Chow_Animal5_Capture1_TAAACCGAGCTAAGAT,5.857280900592997,0_15,0.6966649038125808,0,1
Hepatocyte_Chow_Animal6_Capture1_GCATGCGTCCGAGCCA,5.807582241964494,0_15,0.6907537460892873,0,4
Hepatocyte_Chow_Animal1_Capture1_AAACCTGTCACCTCGT,6.1482577940045715,0_15,0.7312736912176266,0,4
Hepatocyte_Chow_Animal1_Capture1_AAACGGGCATATACCG,5.54948030032811,0_15,0.660055104962865,0,4
Hepatocyte_Chow_Animal1_Capture1_AACCGCGAGTCGTACT,5.834411577657446,0_15,0.6939448268803747,0,4
Hepatocyte_Chow_Animal1_Capture1_AACTCAGCAAGAAGAG,6.212753520957342,0_15,0.7389448120288764,0,4
Hepatocyte_Chow_Animal1_Capture1_AACTCTTGTAGCTGCC,5.204098411818875,0_15,0.6189753882443901,0,4
Hepatocyte_Chow_Animal1_Capture1_AACTTTCCAATCTGCA,6.043886758463756,0_15,0.7188598017918182,0,4
Hepatocyte_Chow_Animal1_Capture1_AAGCCGCTCTACGAGT,5.740336598214757,0_15,0.6827555502148188,0,4
Hepatocyte_Chow_Animal1_Capture1_ACACTGACAGGGTTAG,4.710923726660315,0_15,0.56031719847514,0,4
Hepatocyte_Chow_Animal1_Capture1_ACATACGCAGCCTTGG,6.327409347113844,0_15,0.7525819742986225,0,4
Hepatocyte_Chow_Animal1_Capture1_ACCCACTTCAAGGCTT,5.380950528302647,0_15,0.6400101763671084,0,4
Hepatocyte_Chow_Animal1_Capture1_ACCGTAATCCTGCTTG,5.720416333056392,0_15,0.6803862341710778,0,4
Hepatocyte_Chow_Animal1_Capture1_ACCTTTACAGGAATCG,6.324925000457381,0_15,0.7522864861439932,0,4
Hepatocyte_Chow_Animal1_Capture1_ACCTTTATCGCATGGC,6.119526775637717,0_15,0.7278564243173905,0,4
Hepatocyte_Chow_Animal1_Capture1_ACGAGCCTCACGAAGG,4.508712629263684,0_15,0.5362662135371634,0,4
Hepatocyte_Chow_Animal1_Capture1_ACGATACTCCGAATGT,5.42426738445353,0_15,0.6451622825979643,0,4
Hepatocyte_Chow_Animal1_Capture1_ACGCAGCCACGTCTCT,5.543095202331756,0_15,0.6592956615014778,0,4
Hepatocyte_Chow_Animal1_Capture1_ACGGCCAGTACAAGTA,5.768174706029248,0_15,0.686066614347144,0,4
Hepatocyte_Chow_Animal1_Capture1_ACTTGTTCACATTTCT,5.075009969560119,0_15,0.6036216108285917,0,4
Hepatocyte_Chow_Animal1_Capture1_AGAGTGGGTACGACCC,4.904778537391917,0_15,0.583374286800589,0,4
Hepatocyte_Chow_Animal1_Capture1_AGAGTGGGTTCGTCTC,5.472303193569999,0_15,0.6508756610248546,0,4
Hepatocyte_Chow_Animal1_Capture1_AGATTGCAGAGCCTAG,6.6203123915262925,0_15,0.7874198580752656,0,4
Hepatocyte_Chow_Animal1_Capture1_AGCGTCGCAGTGGAGT,6.257701276435879,0_15,0.7442908974016772,0,4
Hepatocyte_Chow_Animal1_Capture1_AGCGTCGTCACAATGC,5.841464684318607,0_15,0.6947837232824886,0,4
Hepatocyte_Chow_Animal1_Capture1_AGCTCTCAGTACGATA,6.166700434189321,0_15,0.7334672585688283,0,4
Hepatocyte_Chow_Animal1_Capture1_AGGGAGTAGAAACCTA,6.0726581790505,0_15,0.7222818741314914,0,4
Hepatocyte_Chow_Animal1_Capture1_AGGGTGATCTTGCATT,6.04543787030719,0_15,0.7190442910115683,0,4
Hepatocyte_Chow_Animal1_Capture1_AGTGAGGCAATAGAGT,5.413339801765783,0_15,0.6438625560744691,0,4
Hepatocyte_Chow_Animal1_Capture1_AGTGGGAAGCCCTAAT,4.899655708284976,0_15,0.5827649775822664,0,4
Hepatocyte_Chow_Animal1_Capture1_AGTGTCATCTGGAGCC,4.638082543420083,0_15,0.5516534692163105,0,4
Hepatocyte_Chow_Animal1_Capture1_ATAACGCAGTTAGGTA,6.50625196222774,0_15,0.7738535122990108,0,4
Hepatocyte_Chow_Animal1_Capture1_ATAACGCTCGTTTGCC,4.540800722367543,0_15,0.5400827708570396,0,4
Hepatocyte_Chow_Animal1_Capture1_ATCCGAATCTTAACCT,5.495983474102895,0_15,0.6536921932417121,0,4
Hepatocyte_Chow_Animal1_Capture1_ATCTGCCAGCTAACAA,5.766490689991817,0_15,0.6858663175045225,0,4
Hepatocyte_Chow_Animal1_Capture1_ATCTGCCCAGAGCCAA,6.028837415308377,0_15,0.7170698331391754,0,4
Hepatocyte_Chow_Animal1_Capture1_ATGAGGGGTGGGTCAA,5.627439951461508,0_15,0.669327624717315,0,4
Hepatocyte_Chow_Animal1_Capture1_ATGCGATGTAGCGCTC,5.5709693658587085,0_15,0.6626110140997106,0,4
Hepatocyte_Chow_Animal1_Capture1_CAAGAAACATCCCATC,5.317713944612138,0_15,0.6324888180368763,0,4
Hepatocyte_Chow_Animal1_Capture1_CACAAACCAAGCCATT,5.830978779565587,0_15,0.6935365299260268,0,4
Hepatocyte_Chow_Animal1_Capture1_CACACAATCAGGTTCA,5.877383583007303,0_15,0.6990559165620496,0,4
Hepatocyte_Chow_Animal1_Capture1_CACACAATCCGCGGTA,5.673147322290984,0_15,0.6747640587287381,0,4
Hepatocyte_Chow_Animal1_Capture1_CACATAGCACAAGTAA,5.049272928626343,0_15,0.600560447560029,0,4
Hepatocyte_Chow_Animal1_Capture1_CACATAGGTAGAAAGG,4.670149029063517,0_15,0.5554674565451629,0,4
Hepatocyte_Chow_Animal1_Capture1_CACATTTGTCCAGTAT,6.37404390093934,0_15,0.7581286874418991,0,4
Hepatocyte_Chow_Animal1_Capture1_CAGAATCGTATCAGTC,5.886709712124147,0_15,0.700165166221473,0,4
Hepatocyte_Chow_Animal1_Capture1_CAGCAGCCAGCGAACA,5.49822751185013,0_15,0.653959099058227,0,4
Hepatocyte_Chow_Animal1_Capture1_CAGCAGCTCCGCAGTG,4.844371724715168,0_15,0.5761895013929416,0,4
Hepatocyte_Chow_Animal1_Capture1_CAGCATAAGCGTCTAT,5.9080539146114575,0_15,0.7027038453500892,0,4
Hepatocyte_Chow_Animal1_Capture1_CAGTAACAGGAACTGC,5.959803237724757,0_15,0.7088589090769191,0,4
Hepatocyte_Chow_Animal1_Capture1_CAGTCCTAGGGATACC,5.272020836572523,0_15,0.6270540804414686,0,4
Hepatocyte_Chow_Animal1_Capture1_CATATGGAGGTAAACT,5.765729069775587,0_15,0.6857757304072523,0,4
Hepatocyte_Chow_Animal1_Capture1_CATATTCCAAGTTCTG,4.331346485930365,0_15,0.5151702870685515,0,4
Hepatocyte_Chow_Animal1_Capture1_CATGACACATGCCTAA,6.1692288040147325,0_15,0.7337679828385223,0,4
Hepatocyte_Chow_Animal1_Capture1_CCACCTAAGTCGATAA,5.715145514938248,0_15,0.6797593231419484,0,4
Hepatocyte_Chow_Animal1_Capture1_CCATGTCAGGGTTTCT,4.987679229874917,0_15,0.5932344939401882,0,4
Hepatocyte_Chow_Animal1_Capture1_CCATGTCGTACCGAGA,5.756353269603467,0_15,0.684660572873248,0,4
Hepatocyte_Chow_Animal1_Capture1_CCATGTCGTAGGCATG,5.696326693654521,0_15,0.67752101281639,0,4
Hepatocyte_Chow_Animal1_Capture1_CCCAATCGTCCAACTA,5.948284016904898,0_15,0.707488813122728,0,4
Hepatocyte_Chow_Animal1_Capture1_CCCAGTTCAGACAGGT,5.818908022534128,0_15,0.6921008342629734,0,4
Hepatocyte_Chow_Animal1_Capture1_CCCAGTTTCACGATGT,6.0173837415261415,0_15,0.7157075333486712,0,4
Hepatocyte_Chow_Animal1_Capture1_CCCTCCTCAGTAAGAT,5.303685414708633,0_15,0.6308202648973354,0,4
Hepatocyte_Chow_Animal1_Capture1_CCTACACAGGTAGCCA,6.354238141768562,0_15,0.7557729907386304,0,4
Hepatocyte_Chow_Animal1_Capture1_CCTCTGACAGGAATCG,5.7348284886345535,0_15,0.6821004157426966,0,4
Hepatocyte_Chow_Animal1_Capture1_CCTCTGAGTCCAGTAT,6.203924954582618,0_15,0.7378947424746525,0,4
Hepatocyte_Chow_Animal1_Capture1_CGACCTTAGCGATGAC,6.32153742544323,0_15,0.7518835680218399,0,4
Hepatocyte_Chow_Animal1_Capture1_CGAGAAGTCAGCACAT,5.683754033290704,0_15,0.6760256207783983,0,4
Hepatocyte_Chow_Animal1_Capture1_CGATCGGAGGCGACAT,6.1637813437075115,0_15,0.733120061990033,0,4
Hepatocyte_Chow_Animal1_Capture1_CGCCAAGAGATCTGCT,5.896307096456345,0_15,0.7013066789722044,0,4
Hepatocyte_Chow_Animal1_Capture1_CGGACTGAGACGCAAC,5.952640895431354,0_15,0.7080070201903196,0,4
Hepatocyte_Chow_Animal1_Capture1_CGGAGCTCAGTAAGCG,6.148934498214664,0_15,0.7313541784063811,0,4
Hepatocyte_Chow_Animal1_Capture1_CGGAGCTGTAAATGAC,5.773770801512265,0_15,0.6867322138612475,0,4
Hepatocyte_Chow_Animal1_Capture1_CGTGAGCTCGGATGGA,4.869497714659515,0_15,0.579177986265846,0,4
Hepatocyte_Chow_Animal1_Capture1_CGTTGGGCAGTGACAG,4.681473021205665,0_15,0.5568143320033102,0,4
Hepatocyte_Chow_Animal1_Capture1_CTAACTTGTACAGCAG,5.817276092290198,0_15,0.6919067325038618,0,4
Hepatocyte_Chow_Animal1_Capture1_CTAACTTTCCTAAGTG,4.584543847232241,0_15,0.5452855774824212,0,4
Hepatocyte_Chow_Animal1_Capture1_CTACGTCAGACACGAC,6.356453972015204,0_15,0.7560365415554412,0,4
Hepatocyte_Chow_Animal1_Capture1_CTCGGAGCACCGTTGG,4.844447379994542,0_15,0.5761984998307531,0,6
Hepatocyte_Chow_Animal1_Capture1_CTCTAATTCGGAATCT,5.378106850109502,0_15,0.639671949324813,0,4
Hepatocyte_Chow_Animal1_Capture1_CTCTACGGTCGCATAT,5.17154526319492,0_15,0.615103517227822,0,4
Hepatocyte_Chow_Animal1_Capture1_CTGAAGTAGCTACCTA,5.606848014240521,0_15,0.6668784200083653,0,4
Hepatocyte_Chow_Animal1_Capture1_CTGCGGACATGTAAGA,6.09456027477045,0_15,0.7248869090729585,0,4
Hepatocyte_Chow_Animal1_Capture1_CTGCTGTAGCGGCTTC,5.4041867520410936,0_15,0.6427738924753923,0,9
Hepatocyte_Chow_Animal1_Capture1_CTGGTCTAGCTGAAAT,6.504465432896643,0_15,0.7736410225267547,0,4
Hepatocyte_Chow_Animal1_Capture1_CTGGTCTAGTACGCGA,6.371714212601071,0_15,0.7578515943453515,0,4
Hepatocyte_Chow_Animal1_Capture1_CTTACCGCAGTTAACC,6.676418116190603,0_15,0.7940930721382347,0,4
Hepatocyte_Chow_Animal1_Capture1_CTTCTCTCACTCAGGC,6.229069838012569,0_15,0.7408854745384555,0,4
Hepatocyte_Chow_Animal1_Capture1_GAACCTATCCTATTCA,5.375096187607104,0_15,0.6393138611712411,0,4
Hepatocyte_Chow_Animal1_Capture1_GATCAGTGTCATTAGC,4.48661376959704,0_15,0.5336377754947824,0,4
Hepatocyte_Chow_Animal1_Capture1_GATCGATTCCGTTGCT,5.759611242367657,0_15,0.685048076105705,0,4
Hepatocyte_Chow_Animal1_Capture1_GATCGTAGTAAAGTCA,5.562535372201298,0_15,0.6616078750186566,0,4
Hepatocyte_Chow_Animal1_Capture1_GATGCTAGTCTAGAGG,5.766127801911251,0_15,0.6858231556015794,0,4
Hepatocyte_Chow_Animal1_Capture1_GCAATCATCCATGAGT,6.139956308260025,0_15,0.7302863126257718,0,4
Hepatocyte_Chow_Animal1_Capture1_GCATGATTCCGAAGAG,5.8490039169803385,0_15,0.6956804395039309,0,4
Hepatocyte_Chow_Animal1_Capture1_GCATGCGCAATCACAC,6.43179531833548,0_15,0.7649976401740872,0,4
Hepatocyte_Chow_Animal1_Capture1_GCATGTATCGGCCGAT,5.124732846251271,0_15,0.609535649047899,0,4
Hepatocyte_Chow_Animal1_Capture1_GCCAAATTCCGTCATC,6.287930782582535,0_15,0.7478863944163124,0,4
Hepatocyte_Chow_Animal1_Capture1_GCCTCTATCGGATGTT,6.388540852332632,0_15,0.7598529546265173,0,4
Hepatocyte_Chow_Animal1_Capture1_GCGAGAAAGGTGTGGT,6.138250223552186,0_15,0.7300833909358179,0,4
Hepatocyte_Chow_Animal1_Capture1_GCGCAGTCACCTTGTC,5.200818174592488,0_15,0.6185852368771282,0,4
Hepatocyte_Chow_Animal1_Capture1_GCTCTGTAGAAGGACA,4.407568843948277,0_15,0.524236173205503,0,4
Hepatocyte_Chow_Animal1_Capture1_GCTGCAGGTAGCTAAA,5.211694081730438,0_15,0.6198788171114938,0,4
Hepatocyte_Chow_Animal1_Capture1_GCTTCCATCCGTACAA,6.084177276101883,0_15,0.7236519553646616,0,4
Hepatocyte_Chow_Animal1_Capture1_GGAACTTCACATTTCT,4.716101373956676,0_15,0.5609330277681026,0,4
Hepatocyte_Chow_Animal1_Capture1_GGACAAGCATTGGGCC,5.363597124195323,0_15,0.6379461627388692,0,4
Hepatocyte_Chow_Animal1_Capture1_GGACAGAGTGTGCGTC,5.9579597096418,0_15,0.7086396398739585,0,4
Hepatocyte_Chow_Animal1_Capture1_GGACGTCGTCTTCGTC,5.0491848652075415,0_15,0.6005499732982973,0,4
Hepatocyte_Chow_Animal1_Capture1_GGCCGATAGCCCAGCT,6.346100970671355,0_15,0.7548051557285034,0,4
Hepatocyte_Chow_Animal1_Capture1_GGCTCGATCATGCATG,3.748916022944248,0_15,0.44589601640267634,0,4
Hepatocyte_Chow_Animal1_Capture1_GGCTGGTGTACAGTTC,4.754527305382955,0_15,0.5655034074844462,0,4
Hepatocyte_Chow_Animal1_Capture1_GGGCACTCACTCGACG,5.593067158808024,0_15,0.6652393252667483,0,4
Hepatocyte_Chow_Animal1_Capture1_GGGTTGCCAGACGCTC,5.171668215614531,0_15,0.6151181411867946,0,4
Hepatocyte_Chow_Animal1_Capture1_GGGTTGCTCTCGCTTG,6.559086668441051,0_15,0.7801376714757263,0,4
Hepatocyte_Chow_Animal1_Capture1_GGTGCGTCAATTGCTG,4.750150257278638,0_15,0.5649828014475617,0,4
Hepatocyte_Chow_Animal1_Capture1_GTACTCCCAATACGCT,5.586368203117937,0_15,0.6644425515759036,0,4
Hepatocyte_Chow_Animal1_Capture1_GTCGGGTAGACCCACC,4.867824468800477,0_15,0.5789789704280837,0,4
Hepatocyte_Chow_Animal1_Capture1_GTGAAGGGTCTAGTCA,6.0533648774258335,0_15,0.7199871291211889,0,4
Hepatocyte_Chow_Animal1_Capture1_GTGAAGGGTTCAGTAC,4.9486307946313435,0_15,0.5885900736290091,0,4
Hepatocyte_Chow_Animal1_Capture1_GTGAAGGTCTGCGACG,5.592075928140716,0_15,0.6651214283058178,0,4
Hepatocyte_Chow_Animal1_Capture1_GTGGGTCAGTTCCACA,5.962803122350617,0_15,0.7092157153100147,0,4
Hepatocyte_Chow_Animal1_Capture1_GTTTCTAAGCCAGTAG,4.945239596893585,0_15,0.5881867246201634,0,4
Hepatocyte_Chow_Animal1_Capture1_TAAACCGGTCCAACTA,5.660678183482984,0_15,0.6732809795430665,0,4
Hepatocyte_Chow_Animal1_Capture1_TAAGTGCGTAGAGGAA,4.49190720843648,0_15,0.5342673770321686,0,4
Hepatocyte_Chow_Animal1_Capture1_TAAGTGCTCTTGTCAT,5.80665018578074,0_15,0.6906428873405568,0,4
Hepatocyte_Chow_Animal1_Capture1_TACACGAAGTGAACGC,6.447952564462738,0_15,0.7669193827898431,0,4
Hepatocyte_Chow_Animal1_Capture1_TACAGTGTCCAACCAA,6.010643495694427,0_15,0.7149058486089912,0,4
Hepatocyte_Chow_Animal1_Capture1_TACTTGTTCTGCGGCA,6.15241404742092,0_15,0.731768035937585,0,4
Hepatocyte_Chow_Animal1_Capture1_TAGAGCTAGGAGTCTG,5.6618051505982265,0_15,0.6734150209951097,0,4
Hepatocyte_Chow_Animal1_Capture1_TAGTTGGAGAGTACCG,6.244539498271492,0_15,0.7427254357011864,0,4
Hepatocyte_Chow_Animal1_Capture1_TATCTCACATCCTAGA,4.008672778183025,0_15,0.47679148103452795,0,4
Hepatocyte_Chow_Animal1_Capture1_TATCTCATCTAACTGG,5.613366399919353,0_15,0.6676537167047379,0,4
Hepatocyte_Chow_Animal1_Capture1_TCAACGATCGTGGTCG,5.6329787098005655,0_15,0.6699864045523627,0,4
Hepatocyte_Chow_Animal1_Capture1_TCACGAACACATTTCT,5.318131013770973,0_15,0.6325384242364686,0,4
Hepatocyte_Chow_Animal1_Capture1_TCAGGATGTCACACGC,6.0750130990992774,0_15,0.722561968287314,0,4
Hepatocyte_Chow_Animal1_Capture1_TCATTACCAAGTTCTG,5.120917361349464,0_15,0.6090818353300276,0,4
Hepatocyte_Chow_Animal1_Capture1_TCGCGAGAGACACGAC,6.139220778115814,0_15,0.7301988286812822,0,4
Hepatocyte_Chow_Animal1_Capture1_TCGCGTTAGGGCTCTC,4.449930825742996,0_15,0.5292747066945388,0,4
Hepatocyte_Chow_Animal1_Capture1_TCGCGTTCACCTGGTG,4.473704127326064,0_15,0.5321023028337302,0,4
Hepatocyte_Chow_Animal1_Capture1_TCGCGTTTCCTTTACA,5.054482757498704,0_15,0.6011801045291656,0,4
Hepatocyte_Chow_Animal1_Capture1_TCGCGTTTCGCGTTTC,5.011692061898698,0_15,0.5960905798264603,0,4
Hepatocyte_Chow_Animal1_Capture1_TCGGGACAGTGGCACA,6.232402938809736,0_15,0.7412819134980454,0,4
Hepatocyte_Chow_Animal1_Capture1_TGACAACAGCAGCGTA,5.4659728705484785,0_15,0.6501227324981651,0,4
Hepatocyte_Chow_Animal1_Capture1_TGACTTTCAGTATAAG,5.322590026565814,0_15,0.6330687791524335,0,4
Hepatocyte_Chow_Animal1_Capture1_TGAGCCGGTTCATGGT,6.146502494381832,0_15,0.7310649159064214,0,4
Hepatocyte_Chow_Animal1_Capture1_TGCACCTAGTGGGCTA,6.270520051917534,0_15,0.7458155623681497,0,4
Hepatocyte_Chow_Animal1_Capture1_TGCCCTATCTTAGAGC,5.194113105024237,0_15,0.6177877360017051,0,4
Hepatocyte_Chow_Animal1_Capture1_TGCGTGGGTAAATGAC,5.576900286968585,0_15,0.6633164377689278,0,4
Hepatocyte_Chow_Animal1_Capture1_TGCTACCGTCTAAAGA,6.089236432454658,0_15,0.7242536913465439,0,4
Hepatocyte_Chow_Animal1_Capture1_TGCTGCTCAAGCGTAG,5.013419144619279,0_15,0.5962959990197396,0,4
Hepatocyte_Chow_Animal1_Capture1_TGGACGCTCAGTGTTG,5.420486016155958,0_15,0.6447125267084967,0,4
Hepatocyte_Chow_Animal1_Capture1_TGTATTCTCCTCAATT,5.879835639354263,0_15,0.6993475641077435,0,4
Hepatocyte_Chow_Animal1_Capture1_TGTGGTAGTCGCTTTC,5.184262612379549,0_15,0.6166161185520241,0,4
Hepatocyte_Chow_Animal1_Capture1_TGTGTTTCACGAAAGC,6.21454787521991,0_15,0.7391582324983661,0,4
Hepatocyte_Chow_Animal1_Capture1_TGTTCCGAGTGTACCT,4.85368345082526,0_15,0.5772970379589546,0,4
Hepatocyte_Chow_Animal1_Capture1_TTATGCTCAGCGTAAG,5.18444224493899,0_15,0.6166374840459911,0,4
Hepatocyte_Chow_Animal1_Capture1_TTCGGTCTCGCGTTTC,5.81907491613074,0_15,0.6921206845848896,0,4
Hepatocyte_Chow_Animal1_Capture1_TTCTACATCGCCATAA,4.666167268865807,0_15,0.5549938660460523,0,4
Hepatocyte_Chow_Animal1_Capture1_TTCTCCTCATCCGGGT,5.6118959589497255,0_15,0.6674788224775269,0,4
Hepatocyte_Chow_Animal1_Capture1_TTCTCCTGTACACCGC,5.88812990060784,0_15,0.7003340834187491,0,4
Hepatocyte_Chow_Animal3_Capture1_ATGCGATTCAGGATCT,4.742840600150487,0_15,0.564113390936693,0,4
Hepatocyte_Chow_Animal1_Capture1_AAAGCAACAATGACCT,4.4916181172593745,0_15,0.5342329925318332,0,4
Hepatocyte_Chow_Animal1_Capture1_AAAGTAGCACAGACTT,6.193985044276978,0_15,0.7367124896896984,0,4
Hepatocyte_Chow_Animal1_Capture1_AACCATGCACACCGCA,6.052009888846071,0_15,0.7198259667995233,0,4
Hepatocyte_Chow_Animal1_Capture1_AACGTTGCAGCTGCAC,5.9329486732815555,0_15,0.7056648275786495,0,4
Hepatocyte_Chow_Animal1_Capture1_AACTCAGAGGTGATAT,6.395342510331054,0_15,0.7606619437283985,0,4
Hepatocyte_Chow_Animal1_Capture1_AACTCAGTCCTTAATC,5.5266207437645525,0_15,0.6573361896427996,0,4
Hepatocyte_Chow_Animal1_Capture1_AACTCCCAGTCCATAC,6.873029819915153,0_15,0.8174780652755493,0,4
Hepatocyte_Chow_Animal1_Capture1_AACTGGTGTAGCGATG,6.141407588691428,0_15,0.7304589278988495,0,4
Hepatocyte_Chow_Animal1_Capture1_AACTTTCCATAGGATA,5.768252159527403,0_15,0.6860758266650707,0,4
Hepatocyte_Chow_Animal1_Capture1_AACTTTCTCTTATCTG,6.191093715858278,0_15,0.7363685951302791,0,4
Hepatocyte_Chow_Animal1_Capture1_AAGACCTCACTTGGAT,6.188603122597551,0_15,0.7360723640046308,0,4
Hepatocyte_Chow_Animal1_Capture1_AAGGCAGCAGCATGAG,5.640147221165398,0_15,0.6708390271882269,0,4
Hepatocyte_Chow_Animal1_Capture1_AAGGTTCTCATCGATG,6.35726024722717,0_15,0.756132439917245,0,4
Hepatocyte_Chow_Animal1_Capture1_AAGTCTGCAGGATCGA,6.1727639891251425,0_15,0.7341884577033447,0,4
Hepatocyte_Chow_Animal1_Capture1_ACATGGTAGGAGCGTT,5.705704902210694,0_15,0.6786364568035579,0,4
Hepatocyte_Chow_Animal1_Capture1_ACCCACTTCCACGTTC,6.486725861651987,0_15,0.7715310781849043,0,4
Hepatocyte_Chow_Animal1_Capture1_ACGAGCCGTTGGTGGA,5.973907988471309,0_15,0.7105365279224063,0,4
Hepatocyte_Chow_Animal1_Capture1_ACGAGGATCTGCTGCT,6.491693545980419,0_15,0.7721219344855621,0,4
Hepatocyte_Chow_Animal1_Capture1_ACGATACAGATAGCAT,5.574864814424535,0_15,0.6630743386945995,0,4
Hepatocyte_Chow_Animal1_Capture1_ACGCAGCCATTCGACA,5.572085020555514,0_15,0.6627437100528719,0,4
Hepatocyte_Chow_Animal1_Capture1_ACGCCAGAGAAGAAGC,6.241259826464694,0_15,0.742335351584922,0,4
Hepatocyte_Chow_Animal1_Capture1_ACGCCGAGTACACCGC,5.601293677059496,0_15,0.666217787226084,0,4
Hepatocyte_Chow_Animal1_Capture1_ACGGCCAGTCTTTCAT,6.701141980804981,0_15,0.7970337282303315,0,4
Hepatocyte_Chow_Animal1_Capture1_ACGGGCTTCTTAGAGC,6.370797200041027,0_15,0.7577425248850029,0,4
Hepatocyte_Chow_Animal1_Capture1_ACGGGTCTCTAACTGG,6.674329172546889,0_15,0.7938446132121021,0,4
Hepatocyte_Chow_Animal1_Capture1_ACGTCAAGTGCGCTTG,5.835496038411175,0_15,0.6940738126264072,0,4
Hepatocyte_Chow_Animal1_Capture1_ACTATCTAGGTGGGTT,6.224037870322937,0_15,0.740286972375766,0,4
Hepatocyte_Chow_Animal1_Capture1_ACTGAGTAGCTACCTA,6.414733275623877,0_15,0.7629682810659519,0,4
Hepatocyte_Chow_Animal1_Capture1_ACTGATGGTATGCTTG,5.303772721572285,0_15,0.6308306491744088,0,4
Hepatocyte_Chow_Animal1_Capture1_ACTGCTCAGCTTTGGT,6.401124602252217,0_15,0.7613496656561081,0,4
Hepatocyte_Chow_Animal1_Capture1_ACTGCTCTCAGCAACT,6.515961743112328,0_15,0.7750083934940236,0,4
Hepatocyte_Chow_Animal1_Capture1_ACTTACTAGCTTATCG,6.414230393091289,0_15,0.7629084682249528,0,4
Hepatocyte_Chow_Animal1_Capture1_ACTTGTTAGATGGCGT,6.329364760349135,0_15,0.7528145511199492,0,4
Hepatocyte_Chow_Animal1_Capture1_ACTTTCAAGGGATGGG,6.003938929152821,0_15,0.7141084075635498,0,4
Hepatocyte_Chow_Animal1_Capture1_AGACGTTGTAGCTGCC,5.852101396852228,0_15,0.6960488537141479,0,4
Hepatocyte_Chow_Animal1_Capture1_AGACGTTGTGCCTGTG,6.211250398705036,0_15,0.738766030690386,0,4
Hepatocyte_Chow_Animal1_Capture1_AGATCTGCATTATCTC,6.5116855235056645,0_15,0.774499779997161,0,4
Hepatocyte_Chow_Animal1_Capture1_AGATTGCAGTGCGATG,6.061237766621616,0_15,0.7209235304458635,0,4
Hepatocyte_Chow_Animal1_Capture1_AGATTGCTCGGTCCGA,5.145518792152422,0_15,0.6120079291464023,0,4
Hepatocyte_Chow_Animal1_Capture1_AGCATACTCAAACCAC,6.096585858251615,0_15,0.7251278319422931,0,4
Hepatocyte_Chow_Animal1_Capture1_AGCCTAAGTCCGTTAA,6.431763109110708,0_15,0.7649938092093685,0,4
Hepatocyte_Chow_Animal1_Capture1_AGCTCTCAGTTAAGTG,6.326762052116915,0_15,0.7525049850412474,0,4
Hepatocyte_Chow_Animal1_Capture1_AGCTCTCTCAGTGCAT,6.410107937907443,0_15,0.7624181434662692,0,4
Hepatocyte_Chow_Animal1_Capture1_AGGGAGTGTGCACGAA,5.805799688773755,0_15,0.6905417292391066,0,4
Hepatocyte_Chow_Animal1_Capture1_AGGGATGTCATTCACT,6.115854382527995,0_15,0.7274196299351563,0,4
Hepatocyte_Chow_Animal1_Capture1_AGGGTGACAAGGCTCC,6.881414767003407,0_15,0.8184753707583922,0,4
Hepatocyte_Chow_Animal1_Capture1_AGGTCATGTCAGTGGA,6.400814968710106,0_15,0.7613128378471823,0,4
Hepatocyte_Chow_Animal1_Capture1_AGGTCATGTCCATCCT,5.672030451962565,0_15,0.6746312181883706,0,4
Hepatocyte_Chow_Animal1_Capture1_AGGTCCGCAGCTGTAT,6.474337086033763,0_15,0.7700575573958378,0,4
Hepatocyte_Chow_Animal1_Capture1_AGTGAGGAGTGAACGC,6.226031940042948,0_15,0.7405241469988144,0,4
Hepatocyte_Chow_Animal1_Capture1_AGTGGGACAGCATGAG,6.054012154111522,0_15,0.7200641162006253,0,4
Hepatocyte_Chow_Animal1_Capture1_AGTGTCATCTTGAGGT,6.4395005246485475,0_15,0.7659140972991683,0,4
Hepatocyte_Chow_Animal1_Capture1_ATAACGCAGGCAAAGA,6.273081385629162,0_15,0.7461202073619834,0,4
Hepatocyte_Chow_Animal1_Capture1_ATAAGAGCATCGGAAG,5.653137881988115,0_15,0.6723841361946267,0,4
Hepatocyte_Chow_Animal1_Capture1_ATAGACCTCAGAGACG,6.696661814686785,0_15,0.7965008573383991,0,4
Hepatocyte_Chow_Animal1_Capture1_ATCATCTCATGGGACA,6.088599946955389,0_15,0.7241779877706609,0,4
Hepatocyte_Chow_Animal1_Capture1_ATCGAGTAGTACGTTC,6.371293481074251,0_15,0.7578015525437652,0,4
Hepatocyte_Chow_Animal1_Capture1_ATCTACTAGCATCATC,5.717598342583052,0_15,0.6800510624257965,0,4
Hepatocyte_Chow_Animal1_Capture1_ATCTACTCAAACTGTC,6.244857871749552,0_15,0.7427633030379649,0,4
Hepatocyte_Chow_Animal1_Capture1_ATCTGCCTCTCACATT,6.037306614626979,0_15,0.7180771595810514,0,4
Hepatocyte_Chow_Animal1_Capture1_ATGCGATGTCGGGTCT,6.605443487699478,0_15,0.7856513508736975,0,4
Hepatocyte_Chow_Animal1_Capture1_ATGCGATGTTGGAGGT,6.065000354831645,0_15,0.7213710526319962,0,4
Hepatocyte_Chow_Animal1_Capture1_ATGCGATTCACCTCGT,5.92343957195502,0_15,0.7045338152073077,0,4
Hepatocyte_Chow_Animal1_Capture1_ATGTGTGGTCCGCTGA,5.834116615584577,0_15,0.6939097440957839,0,4
Hepatocyte_Chow_Animal1_Capture1_ATTCTACGTCTTGATG,6.437935922186411,0_15,0.7657280035054288,0,4
Hepatocyte_Chow_Animal1_Capture1_ATTGGACAGCGTGAGT,6.25254969945785,0_15,0.7436781689119922,0,4
Hepatocyte_Chow_Animal1_Capture1_ATTTCTGGTCCGTTAA,6.249477549751645,0_15,0.7433127674713076,0,4
Hepatocyte_Chow_Animal1_Capture1_CAACCAAAGAATCTCC,6.660257085671651,0_15,0.7921708794069866,0,4
Hepatocyte_Chow_Animal1_Capture1_CAACCAACATATACCG,6.14577466329178,0_15,0.7309783476873196,0,4
Hepatocyte_Chow_Animal1_Capture1_CAACCAACATGTCCTC,6.359644414559765,0_15,0.7564160127445728,0,4
Hepatocyte_Chow_Animal1_Capture1_CAACCAATCAGCTCTC,6.3062299347468995,0_15,0.7500628953044888,0,4
Hepatocyte_Chow_Animal1_Capture1_CAACCTCGTGGTTTCA,6.398845536203878,0_15,0.7610785935739773,0,4
Hepatocyte_Chow_Animal1_Capture1_CAACCTCTCGCTTGTC,5.116701658551541,0_15,0.6085804197015028,0,4
Hepatocyte_Chow_Animal1_Capture1_CAAGATCAGCTCCTTC,6.101620374550971,0_15,0.7257266372365857,0,4
Hepatocyte_Chow_Animal1_Capture1_CACACAACAAACCTAC,4.801415799740125,0_15,0.5710803243108097,0,4
Hepatocyte_Chow_Animal1_Capture1_CACACAAGTTACGCGC,6.033194859866161,0_15,0.7175881075305248,0,4
Hepatocyte_Chow_Animal1_Capture1_CACACCTAGACTAAGT,6.629054825791458,0_15,0.7884596830776508,0,4
Hepatocyte_Chow_Animal1_Capture1_CACAGGCGTAGCTCCG,5.4976170376075455,0_15,0.6538864892608298,0,4
Hepatocyte_Chow_Animal1_Capture1_CACATAGGTGGGTATG,6.604894954992634,0_15,0.7855861084016466,0,4
Hepatocyte_Chow_Animal1_Capture1_CACCACTAGACAAAGG,6.492557336766543,0_15,0.7722246737489068,0,4
Hepatocyte_Chow_Animal1_Capture1_CACCTTGGTTGCCTCT,5.833001790672584,0_15,0.6937771468372158,0,4
Hepatocyte_Chow_Animal1_Capture1_CAGAATCCACCTGGTG,6.808908075499191,0_15,0.8098514259417043,0,4
Hepatocyte_Chow_Animal1_Capture1_CAGCGACTCGGCATCG,5.855700951002559,0_15,0.6964769846316279,0,4
Hepatocyte_Chow_Animal1_Capture1_CAGTAACAGGTGCTAG,6.2804168747294185,0_15,0.7469926903272328,0,4
Hepatocyte_Chow_Animal1_Capture1_CAGTCCTTCCAAACTG,6.232069303358328,0_15,0.7412422309023822,0,4
Hepatocyte_Chow_Animal1_Capture1_CATCAAGAGCTGAACG,6.2165209533204635,0_15,0.7393929103785063,0,4
Hepatocyte_Chow_Animal1_Capture1_CATCGAAAGTTACGGG,5.759135115944002,0_15,0.6849914456359071,0,4
Hepatocyte_Chow_Animal1_Capture1_CATCGGGCAGATCGGA,5.611644245214014,0_15,0.6674488836495188,0,4
Hepatocyte_Chow_Animal1_Capture1_CATGGCGCAGTATCTG,6.187196286093451,0_15,0.7359050348916103,0,4
Hepatocyte_Chow_Animal1_Capture1_CCACGGAGTTATGTGC,6.122176620912351,0_15,0.7281715968752209,0,4
Hepatocyte_Chow_Animal1_Capture1_CCATTCGTCCATGAAC,5.722499851220485,0_15,0.6806340477907443,0,4
Hepatocyte_Chow_Animal1_Capture1_CCGTACTCACCAGATT,6.125862024702299,0_15,0.7286099387475689,0,4
Hepatocyte_Chow_Animal1_Capture1_CCTAGCTCACCGTTGG,5.8541715831564565,0_15,0.696295081642599,0,4
Hepatocyte_Chow_Animal1_Capture1_CCTCAGTAGGATTCGG,5.932897334759316,0_15,0.7056587213755725,0,4
Hepatocyte_Chow_Animal1_Capture1_CCTCAGTCATACAGCT,6.141265598421892,0_15,0.7304420395782879,0,4
Hepatocyte_Chow_Animal1_Capture1_CCTTTCTGTACAGTGG,6.533255993627041,0_15,0.7770653713948315,0,4
Hepatocyte_Chow_Animal1_Capture1_CGAACATCACGGCGTT,6.433561534264339,0_15,0.7652077138705811,0,4
Hepatocyte_Chow_Animal1_Capture1_CGAATGTAGCACAGGT,5.660338549959729,0_15,0.6732405835368265,0,4
Hepatocyte_Chow_Animal1_Capture1_CGAATGTTCCTGCTTG,6.321661417667665,0_15,0.751898315655183,0,4
Hepatocyte_Chow_Animal1_Capture1_CGACTTCAGAGGTAGA,6.083631412157789,0_15,0.7235870303152128,0,4
Hepatocyte_Chow_Animal1_Capture1_CGAGCCACACCGAATT,6.469400358285306,0_15,0.769470383070345,0,4
Hepatocyte_Chow_Animal1_Capture1_CGATTGAAGGATTCGG,6.485712782917032,0_15,0.7714105826151305,0,4
Hepatocyte_Chow_Animal1_Capture1_CGATTGATCAGGCGAA,6.503678618887272,0_15,0.7735474388801002,0,4
Hepatocyte_Chow_Animal1_Capture1_CGCGGTACATCGGTTA,5.908456538025944,0_15,0.7027517333730621,0,4
Hepatocyte_Chow_Animal1_Capture1_CGCTTCAGTGTTTGTG,6.233897913300781,0_15,0.7414597257419314,0,4
Hepatocyte_Chow_Animal1_Capture1_CGGACGTCACCACGTG,6.206640342689162,0_15,0.7382177106959422,0,4
Hepatocyte_Chow_Animal1_Capture1_CGGACGTGTTGTTTGG,6.170754023051999,0_15,0.7339493923682895,0,4
Hepatocyte_Chow_Animal1_Capture1_CGGAGCTCAGGATTGG,6.123123938566287,0_15,0.7282842708229894,0,4
Hepatocyte_Chow_Animal1_Capture1_CGGAGCTCATAACCTG,6.782412318887342,0_15,0.8067000210415968,0,4
Hepatocyte_Chow_Animal1_Capture1_CGGCTAGTCTATCCTA,6.395786271099527,0_15,0.7607147246276469,0,4
Hepatocyte_Chow_Animal1_Capture1_CGGTTAACACCAGCAC,6.107276022588155,0_15,0.7263993199306022,0,4
Hepatocyte_Chow_Animal1_Capture1_CGGTTAATCAACGGGA,5.821978804863505,0_15,0.6924660730678783,0,4
Hepatocyte_Chow_Animal1_Capture1_CGGTTAATCCGCATAA,6.2929671974552965,0_15,0.7484854255268978,0,4
Hepatocyte_Chow_Animal1_Capture1_CGGTTAATCTAAGCCA,5.988527695401638,0_15,0.7122753956487867,0,4
Hepatocyte_Chow_Animal1_Capture1_CGTAGCGTCTGGGCCA,6.264447946019431,0_15,0.7450933461823059,0,4
Hepatocyte_Chow_Animal1_Capture1_CGTCCATTCCGAAGAG,6.515361516595156,0_15,0.7749370025609358,0,4
Hepatocyte_Chow_Animal1_Capture1_CGTCTACAGGCATGGT,5.9221536992414805,0_15,0.7043808735257499,0,4
Hepatocyte_Chow_Animal1_Capture1_CGTCTACTCTGATACG,5.2181049535313795,0_15,0.6206413261088182,0,4
Hepatocyte_Chow_Animal1_Capture1_CGTGTAAGTAAATGAC,6.321811013247435,0_15,0.7519161085512315,0,4
Hepatocyte_Chow_Animal1_Capture1_CGTGTCTCAATAACGA,6.191330268473212,0_15,0.7363967306948058,0,4
Hepatocyte_Chow_Animal1_Capture1_CGTGTCTGTCGTCTTC,6.651790336347601,0_15,0.7911638443674264,0,4
Hepatocyte_Chow_Animal1_Capture1_CGTTCTGTCTTACCTA,6.1196341734119635,0_15,0.7278691982070732,0,4
Hepatocyte_Chow_Animal1_Capture1_CTAACTTTCAGCAACT,5.650788187982313,0_15,0.6721046636242783,0,4
Hepatocyte_Chow_Animal1_Capture1_CTAATGGTCCGTCATC,6.793623180078704,0_15,0.8080334407061285,0,4
Hepatocyte_Chow_Animal1_Capture1_CTACACCAGGCCATAG,6.2057129140618965,0_15,0.7381074023487121,0,4
Hepatocyte_Chow_Animal1_Capture1_CTACCCACAGACAAAT,6.367818709487364,0_15,0.7573882632625385,0,4
Hepatocyte_Chow_Animal1_Capture1_CTCATTACACCAGGCT,6.116978791892085,0_15,0.7275533671683152,0,4
Hepatocyte_Chow_Animal1_Capture1_CTCCTAGCAACGCACC,5.987844202226827,0_15,0.7121941009806689,0,4
Hepatocyte_Chow_Animal1_Capture1_CTCCTAGGTGCACGAA,6.097591471696717,0_15,0.725247439590602,0,4
Hepatocyte_Chow_Animal1_Capture1_CTCGAGGTCCTCATTA,6.138952959524901,0_15,0.7301669743420343,0,4
Hepatocyte_Chow_Animal1_Capture1_CTCGTACAGTCAATAG,5.542465228512708,0_15,0.6592207324247441,0,4
Hepatocyte_Chow_Animal1_Capture1_CTCTAATGTAAGGGAA,6.445379529001948,0_15,0.7666133459901369,0,4
Hepatocyte_Chow_Animal1_Capture1_CTCTACGAGTAGTGCG,6.018421640905084,0_15,0.7158309810854743,0,4
Hepatocyte_Chow_Animal1_Capture1_CTCTACGCAAGTCTAC,5.692343930426127,0_15,0.6770473030168247,0,4
Hepatocyte_Chow_Animal1_Capture1_CTCTACGCACGAGGTA,6.152127604749962,0_15,0.7317339664505317,0,4
Hepatocyte_Chow_Animal1_Capture1_CTGAAACGTACGCTGC,6.350877412644918,0_15,0.7553732656662975,0,4
Hepatocyte_Chow_Animal1_Capture1_CTGAAGTTCCATGAAC,6.230744656663558,0_15,0.7410846774440695,0,4
Hepatocyte_Chow_Animal1_Capture1_CTGATAGCAGTTAACC,6.361657987244726,0_15,0.7566555070499845,0,4
Hepatocyte_Chow_Animal1_Capture1_CTGATCCCAGCAGTTT,5.853558995525143,0_15,0.6962222204787777,0,4
Hepatocyte_Chow_Animal1_Capture1_CTGCGGACACCACCAG,5.853858194339838,0_15,0.6962578071813789,0,4
Hepatocyte_Chow_Animal1_Capture1_CTGCGGATCTGTCCGT,5.697682447000597,0_15,0.6776822660993496,0,4
Hepatocyte_Chow_Animal1_Capture1_CTGGTCTTCTGCTTGC,6.226297377058038,0_15,0.7405557180734691,0,4
Hepatocyte_Chow_Animal1_Capture1_CTGTTTATCTTGACGA,6.009336878423606,0_15,0.7147504395700967,0,4
Hepatocyte_Chow_Animal1_Capture1_GAAATGATCTCAAGTG,6.249132974223819,0_15,0.7432717836631169,0,4
Hepatocyte_Chow_Animal1_Capture1_GAACATCTCCAAAGTC,6.216540142924702,0_15,0.739395192789751,0,4
Hepatocyte_Chow_Animal1_Capture1_GACACGCCAAGTTGTC,6.23540808151737,0_15,0.7416393451273096,0,4
Hepatocyte_Chow_Animal1_Capture1_GACACGCCAGCTGCAC,6.112136552539076,0_15,0.7269774312911815,0,4
Hepatocyte_Chow_Animal1_Capture1_GACACGCTCTGTTGAG,6.323578901720315,0_15,0.7521263811800865,0,4
Hepatocyte_Chow_Animal1_Capture1_GACAGAGAGTAGATGT,6.273464972345243,0_15,0.746165831160329,0,4
Hepatocyte_Chow_Animal1_Capture1_GACGCGTGTAACGCGA,6.636972634823829,0_15,0.7894014271670259,0,4
Hepatocyte_Chow_Animal1_Capture1_GACTACACACTAAGTC,5.989729705185287,0_15,0.7124183626747018,0,4
Hepatocyte_Chow_Animal1_Capture1_GAGCAGATCCAATGGT,5.995211625888889,0_15,0.7130703822422279,0,4
Hepatocyte_Chow_Animal1_Capture1_GAGGTGAGTCAGCTAT,6.394945557552626,0_15,0.7606147301707947,0,4
Hepatocyte_Chow_Animal1_Capture1_GAGTCCGCATTGGGCC,6.124118326255968,0_15,0.7284025432801143,0,4
Hepatocyte_Chow_Animal1_Capture1_GATCTAGGTCAATACC,6.079639908964544,0_15,0.7231122809843572,0,4
Hepatocyte_Chow_Animal1_Capture1_GATCTAGTCTTGGGTA,6.060290868773838,0_15,0.7208109064298333,0,4
Hepatocyte_Chow_Animal1_Capture1_GATGAAATCTCTTATG,6.050888424106812,0_15,0.7196925797999983,0,4
Hepatocyte_Chow_Animal1_Capture1_GATGAGGAGGCGACAT,5.607528952801735,0_15,0.6669594108307795,0,4
Hepatocyte_Chow_Animal1_Capture1_GATGAGGTCACAGGCC,5.9772821041450275,0_15,0.7109378451908073,0,4
Hepatocyte_Chow_Animal1_Capture1_GATGCTATCAAACCGT,5.988852962141744,0_15,0.7123140828700512,0,4
Hepatocyte_Chow_Animal1_Capture1_GATTCAGAGTGTCTCA,5.754127958858571,0_15,0.6843958944461147,0,4
Hepatocyte_Chow_Animal1_Capture1_GCAAACTTCATAACCG,5.745374616246412,0_15,0.6833547720050993,0,4
Hepatocyte_Chow_Animal1_Capture1_GCACATAGTAGGCATG,6.562751575666723,0_15,0.7805735754870222,0,4
Hepatocyte_Chow_Animal1_Capture1_GCAGCCAGTCCCGACA,4.81792748619772,0_15,0.5730442240542213,0,4
Hepatocyte_Chow_Animal1_Capture1_GCAGCCATCCTAAGTG,6.522158106060837,0_15,0.7757453888116076,0,4
Hepatocyte_Chow_Animal1_Capture1_GCAGTTAGTGAGTATA,6.762422937963157,0_15,0.8043224843696898,0,4
Hepatocyte_Chow_Animal1_Capture1_GCATGATAGATCCCGC,6.170525283676799,0_15,0.7339221861103813,0,4
Hepatocyte_Chow_Animal1_Capture1_GCATGATGTACTTGAC,6.192963857908345,0_15,0.7365910297980947,0,4
Hepatocyte_Chow_Animal1_Capture1_GCATGCGAGACGCTTT,6.048590144703056,0_15,0.7194192224816579,0,4
Hepatocyte_Chow_Animal1_Capture1_GCCTCTAGTGCTCTTC,6.425131352559255,0_15,0.7642050281830806,0,4
Hepatocyte_Chow_Animal1_Capture1_GCGCAGTAGGAGTTTA,6.245937901621818,0_15,0.7428917617750216,0,4
Hepatocyte_Chow_Animal1_Capture1_GCGCAGTCAATGGAGC,6.347434400684333,0_15,0.754963753874554,0,4
Hepatocyte_Chow_Animal1_Capture1_GCGCCAAAGCGATGAC,6.061608714286515,0_15,0.7209676509556483,0,4
Hepatocyte_Chow_Animal1_Capture1_GCGCGATCAGACGCAA,6.0399077398125485,0_15,0.7183865373722081,0,4
Hepatocyte_Chow_Animal1_Capture1_GCGGGTTTCTAACGGT,6.230761744729881,0_15,0.7410867098984255,0,4
Hepatocyte_Chow_Animal1_Capture1_GCTCCTACACAGACAG,6.555070811757413,0_15,0.7796600255410832,0,4
Hepatocyte_Chow_Animal1_Capture1_GCTCTGTCATTATCTC,6.462738260671439,0_15,0.7686779932785417,0,4
Hepatocyte_Chow_Animal1_Capture1_GCTCTGTGTTCCGGCA,6.44579703292734,0_15,0.7666630039008571,0,4
Hepatocyte_Chow_Animal1_Capture1_GCTGCAGGTAAATACG,6.13396473464173,0_15,0.7295736749480991,0,4
Hepatocyte_Chow_Animal1_Capture1_GCTGCAGGTGATGCCC,6.031854632167541,0_15,0.7174287008678442,0,4
Hepatocyte_Chow_Animal1_Capture1_GCTGGGTCAGACGCAA,6.40709152741114,0_15,0.7620593716463872,0,4
Hepatocyte_Chow_Animal1_Capture1_GCTGGGTCATGGATGG,6.337833332650628,0_15,0.7538218029844197,0,4
Hepatocyte_Chow_Animal1_Capture1_GGAAAGCCACGGCCAT,5.693756860637639,0_15,0.6772153569153149,0,4
Hepatocyte_Chow_Animal1_Capture1_GGAACTTCAGCCAGAA,5.927128470234368,0_15,0.7049725727141734,0,4
Hepatocyte_Chow_Animal1_Capture1_GGAATAACATGGTTGT,5.846945423208903,0_15,0.6954356022851574,0,4
Hepatocyte_Chow_Animal1_Capture1_GGCTCGAAGACCCACC,6.114848849310718,0_15,0.7273000318291437,0,4
Hepatocyte_Chow_Animal1_Capture1_GGCTCGAAGCGACGTA,6.597331555444741,0_15,0.7846865177711212,0,4
Hepatocyte_Chow_Animal1_Capture1_GGCTCGAAGTCAAGGC,5.796629069854976,0_15,0.6894509759603444,0,4
Hepatocyte_Chow_Animal1_Capture1_GGCTGGTGTGAGTATA,6.590179962910424,0_15,0.7838359074607086,0,4
Hepatocyte_Chow_Animal1_Capture1_GGGACCTGTCTAGCGC,6.130103376419832,0_15,0.7291144050582135,0,4
Hepatocyte_Chow_Animal1_Capture1_GGGACCTTCCTCTAGC,5.840624580570309,0_15,0.6946838013550732,0,4
Hepatocyte_Chow_Animal1_Capture1_GGGATGACAGTGGGAT,5.1346216327742775,0_15,0.6107118211709018,0,4
Hepatocyte_Chow_Animal1_Capture1_GGGTCTGGTCTCTTTA,6.411551557317176,0_15,0.7625898475375426,0,4
Hepatocyte_Chow_Animal1_Capture1_GGTATTGAGTGAACAT,6.681263664800748,0_15,0.7946694016183633,0,4
Hepatocyte_Chow_Animal1_Capture1_GGTATTGTCGAGCCCA,5.919300070520502,0_15,0.7040414629678209,0,4
Hepatocyte_Chow_Animal1_Capture1_GGTGCGTAGCCGGTAA,6.090923048321583,0_15,0.7244542974128471,0,4
Hepatocyte_Chow_Animal1_Capture1_GGTGTTAGTTTGGCGC,6.281378304242377,0_15,0.7471070427393052,0,4
Hepatocyte_Chow_Animal1_Capture1_GTAACGTGTCCGAATT,5.474238450109896,0_15,0.6511058404091288,0,4
Hepatocyte_Chow_Animal1_Capture1_GTATTCTAGTACATGA,5.643962396173016,0_15,0.6712928040472881,0,4
Hepatocyte_Chow_Animal1_Capture1_GTATTCTAGTCACGCC,6.63008042318238,0_15,0.7885816676161803,0,4
Hepatocyte_Chow_Animal1_Capture1_GTCAAGTCAATGACCT,6.0787998143654605,0_15,0.7230123601451492,0,4
Hepatocyte_Chow_Animal1_Capture1_GTCAAGTCACCATCCT,5.813660026059207,0_15,0.691476637639752,0,4
Hepatocyte_Chow_Animal1_Capture1_GTCACAAAGCTCCTTC,6.101098565412994,0_15,0.7256645732654211,0,4
Hepatocyte_Chow_Animal1_Capture1_GTCACAATCACTTACT,6.652985167049466,0_15,0.7913059575134601,0,4
Hepatocyte_Chow_Animal1_Capture1_GTCATTTAGCTAGTTC,6.741035979170464,0_15,0.8017787198067428,0,4
Hepatocyte_Chow_Animal1_Capture1_GTCATTTCATCCAACA,6.214212269718775,0_15,0.7391183155850175,0,4
Hepatocyte_Chow_Animal1_Capture1_GTCCTCAAGACGACGT,6.261383296072493,0_15,0.7447288367628778,0,4
Hepatocyte_Chow_Animal1_Capture1_GTCCTCACATCCGGGT,6.134761667599563,0_15,0.7296684621423342,0,4
Hepatocyte_Chow_Animal1_Capture1_GTCTTCGAGAGTGAGA,5.923358102896927,0_15,0.7045241252787413,0,4
Hepatocyte_Chow_Animal1_Capture1_GTGCGGTGTCAAAGAT,5.971792536039022,0_15,0.7102849160413524,0,4
Hepatocyte_Chow_Animal1_Capture1_GTGCTTCTCAGAGGTG,5.285250794272975,0_15,0.6286276514149721,0,4
Hepatocyte_Chow_Animal1_Capture1_GTGGGTCTCAGGCGAA,6.235184076485209,0_15,0.7416127019720925,0,4
Hepatocyte_Chow_Animal1_Capture1_GTTACAGAGCTCAACT,6.442868953466686,0_15,0.7663147381730505,0,4
Hepatocyte_Chow_Animal1_Capture1_GTTCATTAGGTGACCA,6.799669605494162,0_15,0.8087526024557457,0,4
Hepatocyte_Chow_Animal1_Capture1_GTTCATTCATATACCG,6.218676074929912,0_15,0.739649240510906,0,4
Hepatocyte_Chow_Animal1_Capture1_TAAGCGTGTTGCGCAC,5.982216304019171,0_15,0.7115247188509666,0,4
Hepatocyte_Chow_Animal1_Capture1_TAAGTGCAGGAATTAC,5.64467418483531,0_15,0.6713774641802691,0,4
Hepatocyte_Chow_Animal1_Capture1_TACACGACATGCTAGT,5.989693519430427,0_15,0.7124140587415532,0,4
Hepatocyte_Chow_Animal1_Capture1_TACACGAGTAATCACC,6.206877291893108,0_15,0.7382458934307602,0,4
Hepatocyte_Chow_Animal1_Capture1_TACAGTGAGTAGGCCA,6.31390940764146,0_15,0.7509762916971526,0,4
Hepatocyte_Chow_Animal1_Capture1_TACAGTGGTCTACCTC,5.701909011440295,0_15,0.6781849736113866,0,4
Hepatocyte_Chow_Animal1_Capture1_TACCTTACACTAGTAC,6.136256559604415,0_15,0.7298462645753137,0,4
Hepatocyte_Chow_Animal1_Capture1_TACGGGCAGCCGTCGT,6.43947014581941,0_15,0.7659104840416793,0,4
Hepatocyte_Chow_Animal1_Capture1_TACTCATAGTTCCACA,6.3253828062526045,0_15,0.7523409375585158,0,4
Hepatocyte_Chow_Animal1_Capture1_TACTCATTCACGCATA,5.197614548068799,0_15,0.6182041975857138,0,4
Hepatocyte_Chow_Animal1_Capture1_TACTTGTGTTATGCGT,6.774739796552234,0_15,0.8057874513483716,0,4
Hepatocyte_Chow_Animal1_Capture1_TACTTGTGTTGCCTCT,6.609809697620564,0_15,0.7861706678172286,0,4
Hepatocyte_Chow_Animal1_Capture1_TAGTTGGAGATAGCAT,6.611028944491575,0_15,0.7863156850220601,0,4
Hepatocyte_Chow_Animal1_Capture1_TATCTCACATGCAACT,6.104311354982515,0_15,0.7260467024093715,0,4
Hepatocyte_Chow_Animal1_Capture1_TATGCCCAGCCATCGC,6.374833140434236,0_15,0.758222559575766,0,4
Hepatocyte_Chow_Animal1_Capture1_TATGCCCTCACATGCA,5.6832466647393325,0_15,0.6759652743703913,0,4
Hepatocyte_Chow_Animal1_Capture1_TATTACCAGAGGGCTT,6.128841168682722,0_15,0.7289642780886026,0,4
Hepatocyte_Chow_Animal1_Capture1_TATTACCTCAACGAAA,5.948297362296687,0_15,0.7074904004234304,0,4
Hepatocyte_Chow_Animal1_Capture1_TCAATCTGTCCAGTGC,6.06013386692501,0_15,0.7207922326322523,0,4
Hepatocyte_Chow_Animal1_Capture1_TCAATCTGTCCGCTGA,6.490198770777251,0_15,0.7719441459449732,0,4
Hepatocyte_Chow_Animal1_Capture1_TCAATCTGTTGGAGGT,5.689499540560836,0_15,0.6767089913282546,0,4
Hepatocyte_Chow_Animal1_Capture1_TCAATCTTCTATCGCC,4.6343500558854185,0_15,0.5512095272040612,0,4
Hepatocyte_Chow_Animal1_Capture1_TCATTACCACCTGGTG,6.647009371671627,0_15,0.7905951964994743,0,4
Hepatocyte_Chow_Animal1_Capture1_TCATTACGTCAGTGGA,6.063739175794772,0_15,0.7212210480159763,0,4
Hepatocyte_Chow_Animal1_Capture1_TCATTACTCGAATGGG,5.370632291953506,0_15,0.6387829254881278,0,4
Hepatocyte_Chow_Animal1_Capture1_TCGCGTTCAGGTGCCT,6.312547403029226,0_15,0.7508142948886884,0,4
Hepatocyte_Chow_Animal1_Capture1_TCGGGACTCGGAGGTA,6.149737280483724,0_15,0.7314496613176071,0,4
Hepatocyte_Chow_Animal1_Capture1_TCGGTAACAGATTGCT,6.149543742040631,0_15,0.731426641858044,0,4
Hepatocyte_Chow_Animal1_Capture1_TCGGTAAGTAATCACC,5.329352952977374,0_15,0.6338731615199454,0,4
Hepatocyte_Chow_Animal1_Capture1_TCGGTAAGTTTAGCTG,6.109029743826748,0_15,0.7266079075088204,0,4
Hepatocyte_Chow_Animal1_Capture1_TCTATTGAGAAGGTTT,5.922473248061529,0_15,0.7044188806576871,0,4
Hepatocyte_Chow_Animal1_Capture1_TCTATTGCACGAGAGT,6.243451847081412,0_15,0.7425960704847014,0,4
Hepatocyte_Chow_Animal1_Capture1_TCTCATAGTGTGGCTC,5.197902997824748,0_15,0.6182385057954264,0,4
Hepatocyte_Chow_Animal1_Capture1_TCTTTCCGTTATGCGT,5.205201691565945,0_15,0.6191066123212127,0,4
Hepatocyte_Chow_Animal1_Capture1_TGACGGCAGACCTAGG,5.826689241036869,0_15,0.6930263322767716,0,4
Hepatocyte_Chow_Animal1_Capture1_TGAGCATTCCACGCAG,6.241764484117365,0_15,0.7423953755586776,0,4
Hepatocyte_Chow_Animal1_Capture1_TGATTTCTCGTTGCCT,5.917227061633676,0_15,0.7037948993214372,0,4
Hepatocyte_Chow_Animal1_Capture1_TGCCAAACAAGTAGTA,6.532159529274109,0_15,0.776934957940887,0,4
Hepatocyte_Chow_Animal1_Capture1_TGCCCATTCACGCATA,4.712977674716719,0_15,0.5605614950266348,0,4
Hepatocyte_Chow_Animal1_Capture1_TGCTGCTCATAGTAAG,6.283289448663011,0_15,0.7473343542284704,0,4
Hepatocyte_Chow_Animal1_Capture1_TGGACGCAGGACTGGT,5.137864775092265,0_15,0.6110975604703064,0,4
Hepatocyte_Chow_Animal1_Capture1_TGGACGCCACCGCTAG,5.578713559481825,0_15,0.663532108374873,0,4
Hepatocyte_Chow_Animal1_Capture1_TGGACGCCAGCCTGTG,6.25598713330317,0_15,0.7440870172427884,0,4
Hepatocyte_Chow_Animal1_Capture1_TGGACGCGTAGAGTGC,6.403445658819822,0_15,0.7616257320899802,0,4
Hepatocyte_Chow_Animal1_Capture1_TGGACGCGTCTACCTC,6.244824223977902,0_15,0.7427593009725018,0,4
Hepatocyte_Chow_Animal1_Capture1_TGGCCAGCACCAGGCT,5.932186311363877,0_15,0.7055741522634198,0,4
Hepatocyte_Chow_Animal1_Capture1_TGGCTGGAGCTTATCG,6.060384467739659,0_15,0.7208220390894456,0,4
Hepatocyte_Chow_Animal1_Capture1_TGGCTGGCAGGGCATA,5.921654605073229,0_15,0.704321511272749,0,4
Hepatocyte_Chow_Animal1_Capture1_TGGCTGGTCAGTCCCT,5.789335370114287,0_15,0.6885834634209048,0,4
Hepatocyte_Chow_Animal1_Capture1_TGGGAAGGTGTGGTTT,5.4403606993070355,0_15,0.6470764212289642,0,4
Hepatocyte_Chow_Animal1_Capture1_TGGGAAGGTTTCGCTC,6.802894724450966,0_15,0.8091361980568373,0,4
Hepatocyte_Chow_Animal1_Capture1_TGGGAAGTCGGCTTGG,6.564476792309687,0_15,0.7807787727290573,0,4
Hepatocyte_Chow_Animal1_Capture1_TGGGAAGTCTTTCCTC,6.282696387740653,0_15,0.7472638155711239,0,4
Hepatocyte_Chow_Animal1_Capture1_TGGTTAGGTGTCAATC,6.577450135780657,0_15,0.7823218220098961,0,4
Hepatocyte_Chow_Animal1_Capture1_TGGTTCCAGCTAAGAT,6.235090036006798,0_15,0.7416015167989791,0,4
Hepatocyte_Chow_Animal1_Capture1_TGGTTCCCATCGTCGG,5.85107252730154,0_15,0.695926479984984,0,4
Hepatocyte_Chow_Animal1_Capture1_TGGTTCCTCCACGTTC,6.419645408500313,0_15,0.7635525300777298,0,4
Hepatocyte_Chow_Animal1_Capture1_TGTATTCTCGGTGTTA,6.33494455569317,0_15,0.7534782118957629,0,4
Hepatocyte_Chow_Animal1_Capture1_TGTTCCGTCATACGGT,5.781847830435012,0_15,0.6876928955620324,0,4
Hepatocyte_Chow_Animal1_Capture1_TTAACTCAGCTGTTCA,6.23804182776681,0_15,0.7419526028673211,0,4
Hepatocyte_Chow_Animal1_Capture1_TTATGCTCACTCAGGC,6.374117232597229,0_15,0.7581374095082053,0,4
Hepatocyte_Chow_Animal1_Capture1_TTATGCTTCAACCATG,6.296282123920552,0_15,0.7488797028317185,0,4
Hepatocyte_Chow_Animal1_Capture1_TTCGAAGCACTGAAGG,6.157067459437683,0_15,0.7323215126941344,0,4
Hepatocyte_Chow_Animal1_Capture1_TTCTCAACAGTTCCCT,5.915716411622497,0_15,0.7036152226314177,0,4
Hepatocyte_Chow_Animal1_Capture1_TTCTCAATCCTTTCGG,6.263690881769121,0_15,0.7450033009715549,0,4
Hepatocyte_Chow_Animal1_Capture1_TTCTCCTTCGACAGCC,6.118765463128206,0_15,0.7277658738187527,0,4
Hepatocyte_Chow_Animal1_Capture1_TTCTTAGAGAATAGGG,6.377009039512048,0_15,0.7584813609799459,0,4
Hepatocyte_Chow_Animal1_Capture1_TTCTTAGCAAGCCATT,5.990637625567681,0_15,0.7125263507115751,0,4
Hepatocyte_Chow_Animal1_Capture1_TTGACTTAGTGTTTGC,6.520212848198139,0_15,0.7755140198701471,0,4
Hepatocyte_Chow_Animal1_Capture1_TTGCGTCCATGTCGAT,6.1762770922772186,0_15,0.7346063061403689,0,4
Hepatocyte_Chow_Animal1_Capture1_TTGGCAACAACACCCG,6.005329260717401,0_15,0.7142737735793077,0,4
Hepatocyte_Chow_Animal1_Capture1_TTTGCGCTCCGAACGC,5.802588017236161,0_15,0.6901597330738571,0,4
Hepatocyte_Chow_Animal1_Capture1_TTTGGTTCACATCCAA,5.644609326692371,0_15,0.6713697499537059,0,4
Hepatocyte_Chow_Animal1_Capture1_TTTGGTTGTTTGTGTG,6.364180784721565,0_15,0.7569555685446215,0,4
Hepatocyte_Chow_Animal2_Capture1_AAATGCCTCCGCAGTG,5.868702889041549,0_15,0.6980234349499647,0,4
Hepatocyte_Chow_Animal2_Capture1_AGGGAGTGTGTGACCC,5.9194006856047965,0_15,0.7040534301244609,0,4
Hepatocyte_Chow_Animal2_Capture1_AGGTCATAGCGTGAGT,5.54544646570093,0_15,0.6595753207318824,0,4
Hepatocyte_Chow_Animal2_Capture1_ATCATGGCATGTCTCC,5.479977978597811,0_15,0.6517884998427165,0,4
Hepatocyte_Chow_Animal2_Capture1_CAAGATCCAATGGAGC,5.729986933620719,0_15,0.6815245612608541,0,4
Hepatocyte_Chow_Animal2_Capture1_CGACTTCGTTTGTTTC,5.240258577761079,0_15,0.6232762778475202,0,4
Hepatocyte_Chow_Animal2_Capture1_CTGTGCTCATTACGAC,5.877126571245957,0_15,0.6990253475869508,0,4
Hepatocyte_Chow_Animal2_Capture1_TCGCGTTTCTAAGCCA,5.4339375366562885,0_15,0.6463124503581457,0,4
Hepatocyte_Chow_Animal2_Capture1_TCGTACCAGGACCACA,5.7339881420058685,0_15,0.6820004649270915,0,8
Hepatocyte_Chow_Animal2_Capture1_TTGTAGGAGAGCCCAA,5.93074368749569,0_15,0.7054025666018433,0,4
Hepatocyte_Chow_Animal3_Capture1_ACATCAGAGCTAGTTC,6.0871092042407735,0_15,0.7240006788542007,0,4
Hepatocyte_Chow_Animal3_Capture1_ACCTTTAAGCAGATCG,5.688179430474692,0_15,0.6765519774541049,0,4
Hepatocyte_Chow_Animal3_Capture1_ATTGGTGCATGCCACG,5.01345616062983,0_15,0.5963004017034879,0,4
Hepatocyte_Chow_Animal3_Capture1_CAACTAGGTCTGATCA,5.074206071750022,0_15,0.6035259952349312,0,8
Hepatocyte_Chow_Animal3_Capture1_CAAGAAAGTCGGCTCA,5.789830374348733,0_15,0.6886423392172392,0,4
Hepatocyte_Chow_Animal3_Capture1_CCACTACTCTTCCTTC,4.869061063835971,0_15,0.5791260510233425,0,8
Hepatocyte_Chow_Animal3_Capture1_CTTAACTTCCTTGCCA,4.936060665006275,0_15,0.5870949825970468,0,4
Hepatocyte_Chow_Animal3_Capture1_GATCTAGGTGATAAGT,4.2983616344240785,0_15,0.5112470693175345,0,8
Hepatocyte_Chow_Animal3_Capture1_GTTCGGGGTGACGCCT,5.235755003274737,0_15,0.6227406227646263,0,8
Hepatocyte_Chow_Animal3_Capture1_TTCGGTCTCTAACTCT,5.151424439517504,0_15,0.6127103467567868,0,8
Hepatocyte_Chow_Animal1_Capture1_AAAGATGAGGACAGAA,5.677522677114475,0_15,0.6752844633668262,0,3
Hepatocyte_Chow_Animal1_Capture1_AAGACCTAGACGACGT,6.474474654123714,0_15,0.7700739197424249,0,4
Hepatocyte_Chow_Animal1_Capture1_ACACCGGAGAGACTTA,6.668953355460891,0_15,0.7932052136072869,0,3
Hepatocyte_Chow_Animal1_Capture1_ACGAGGAAGATACACA,7.298340428621041,0_15,0.8680645027937773,0,3
Hepatocyte_Chow_Animal1_Capture1_ACGAGGAGTATCAGTC,7.410833030988417,0_15,0.8814443712579926,0,3
Hepatocyte_Chow_Animal1_Capture1_ACGAGGAGTGCTAGCC,5.386370853630353,0_15,0.6406548697815351,0,3
Hepatocyte_Chow_Animal1_Capture1_ACTATCTCAGACTCGC,6.8324896545706855,0_15,0.8126562186082006,0,3
Hepatocyte_Chow_Animal1_Capture1_AGAGCTTTCGGTGTTA,7.190669367481525,0_15,0.8552581083719961,0,3
Hepatocyte_Chow_Animal1_Capture1_AGATCTGAGAACTCGG,7.251691438779393,0_15,0.8625160726309529,0,3
Hepatocyte_Chow_Animal1_Capture1_AGATCTGGTCGATTGT,6.8882942314384,0_15,0.81929361415669,0,3
Hepatocyte_Chow_Animal1_Capture1_AGCGGTCGTCGATTGT,6.3845267754635895,0_15,0.7593755203829957,0,3
Hepatocyte_Chow_Animal1_Capture1_AGCGTATGTACCCAAT,7.313148349860793,0_15,0.8698257567273407,0,3
Hepatocyte_Chow_Animal1_Capture1_AGCGTATGTTGTGGAG,6.743885540009556,0_15,0.8021176465308603,0,3
Hepatocyte_Chow_Animal1_Capture1_AGCGTCGCAATCGGTT,6.727873678764627,0_15,0.8002131959908615,0,1
Hepatocyte_Chow_Animal1_Capture1_AGGCCGTCATGCCTTC,7.012890204984885,0_15,0.8341130574101984,0,3
Hepatocyte_Chow_Animal1_Capture1_ATAGACCGTAGCTAAA,7.035627590977141,0_15,0.8368174417643176,0,3
Hepatocyte_Chow_Animal1_Capture1_ATCCACCAGTCTCGGC,7.136173474396287,0_15,0.848776367653267,0,3
Hepatocyte_Chow_Animal1_Capture1_CAACCTCGTATCACCA,6.951914763629496,0_15,0.8268606393159116,0,3
Hepatocyte_Chow_Animal1_Capture1_CCACCTATCCCAACGG,6.51922103501225,0_15,0.7753960536244652,0,3
Hepatocyte_Chow_Animal1_Capture1_CCATGTCTCTTGGGTA,6.767567968582549,0_15,0.8049344342355752,0,3
Hepatocyte_Chow_Animal1_Capture1_CCTAGCTGTGTGGTTT,7.314924950822756,0_15,0.8700370656195188,0,3
Hepatocyte_Chow_Animal1_Capture1_CGAGAAGGTTACGTCA,7.163270269338861,0_15,0.8519992600435545,0,3
Hepatocyte_Chow_Animal1_Capture1_CGCTGGAGTATCGCAT,7.16382269507446,0_15,0.8520649655523881,0,3
Hepatocyte_Chow_Animal1_Capture1_CGGACACCAGCAGTTT,7.341819718286794,0_15,0.8732359288644929,0,3
Hepatocyte_Chow_Animal1_Capture1_CGGACTGTCTACCAGA,7.193944811580979,0_15,0.8556476896448114,0,1
Hepatocyte_Chow_Animal1_Capture1_CGGAGCTAGAGACTAT,7.240924109187904,0_15,0.8612354066083596,0,3
Hepatocyte_Chow_Animal1_Capture1_CGGAGCTAGCCGATTT,6.493073955283778,0_15,0.7722861203477169,0,1
Hepatocyte_Chow_Animal1_Capture1_CGGAGTCAGCGTGTCC,6.538567001107568,0_15,0.777697062546129,0,3
Hepatocyte_Chow_Animal1_Capture1_CGTAGGCTCTCGAGTA,7.229394603674111,0_15,0.8598640873928239,0,3
Hepatocyte_Chow_Animal1_Capture1_CGTTGGGGTTAGTGGG,7.255787581529766,0_15,0.8630032677891878,0,3
Hepatocyte_Chow_Animal1_Capture1_CTAAGACTCCCTCTTT,6.484951249755335,0_15,0.7713200058721251,0,3
Hepatocyte_Chow_Animal1_Capture1_CTAGTGAGTAGGACAC,6.979400202514501,0_15,0.8301297570109721,0,3
Hepatocyte_Chow_Animal1_Capture1_CTCCTAGCATTCACTT,7.076840185381532,0_15,0.8417192671341228,0,3
Hepatocyte_Chow_Animal1_Capture1_CTCGTACAGGCATGGT,6.848053505081858,0_15,0.8145073827581429,0,1
Hepatocyte_Chow_Animal1_Capture1_CTGCTGTAGAAGGTTT,6.864224457375862,0_15,0.816430755585169,0,3
Hepatocyte_Chow_Animal1_Capture1_CTGCTGTCATGGTAGG,7.420715388705416,0_15,0.8826197787389036,0,3
Hepatocyte_Chow_Animal1_Capture1_GAATAAGAGTCGAGTG,4.392615782871644,0_15,0.5224576563418843,0,3
Hepatocyte_Chow_Animal1_Capture1_GAATGAATCCAGGGCT,7.044463932263429,0_15,0.837868436066408,0,3
Hepatocyte_Chow_Animal1_Capture1_GAGTCCGCAACGATCT,6.377185867025665,0_15,0.7585023928418041,0,1
Hepatocyte_Chow_Animal1_Capture1_GCAATCACACATGGGA,6.465638327334203,0_15,0.7690229271645808,0,1
Hepatocyte_Chow_Animal1_Capture1_GCAGTTATCGATCCCT,6.681463958419599,0_15,0.7946932245384313,0,1
Hepatocyte_Chow_Animal1_Capture1_GCGCAACCAAGCCGTC,6.999572328080525,0_15,0.8325290293278805,0,3
Hepatocyte_Chow_Animal1_Capture1_GGAACTTAGCTAGGCA,7.030038864811124,0_15,0.8361527187566693,0,3
Hepatocyte_Chow_Animal1_Capture1_GGCGACTAGATACACA,6.409342998564898,0_15,0.762327161592164,0,3
Hepatocyte_Chow_Animal1_Capture1_GGCGTGTTCAACGGGA,6.671042512372363,0_15,0.7934536978994835,0,3
Hepatocyte_Chow_Animal1_Capture1_GGGATGAAGTCGTTTG,7.2054354027212755,0_15,0.8570143803853381,0,3
Hepatocyte_Chow_Animal1_Capture1_GTATCTTTCGAATCCA,6.62631379725638,0_15,0.7881336651841697,0,3
Hepatocyte_Chow_Animal1_Capture1_GTCACAATCTTATCTG,4.614738841322113,0_15,0.5488769696335323,0,4
Hepatocyte_Chow_Animal1_Capture1_GTTTCTATCAGGCCCA,6.7479378257281475,0_15,0.8025996253343829,0,3
Hepatocyte_Chow_Animal1_Capture1_TACGGTACAGCTGGCT,7.487796319733148,0_15,0.8905983836846494,0,3
Hepatocyte_Chow_Animal1_Capture1_TACTCATAGCTCCTCT,7.111329841850292,0_15,0.8458214663651525,0,3
Hepatocyte_Chow_Animal1_Capture1_TATCAGGTCGAATGCT,7.246493569828439,0_15,0.8618978381746917,0,3
Hepatocyte_Chow_Animal1_Capture1_TCGAGGCCACGAAGCA,7.148215949359232,0_15,0.8502086994475089,0,3
Hepatocyte_Chow_Animal1_Capture1_TGACAACTCAACACCA,7.2205875834033435,0_15,0.8588165805318865,0,3
Hepatocyte_Chow_Animal1_Capture1_TGCGCAGCATGCCACG,6.071585601354058,0_15,0.722154301756117,0,3
Hepatocyte_Chow_Animal1_Capture1_TGGCTGGTCAGCTCTC,7.163971105829408,0_15,0.8520826175253898,0,3
Hepatocyte_Chow_Animal1_Capture1_TGTCCCACAGCTGCAC,6.505721156582286,0_15,0.7737903782833798,0,3
Hepatocyte_Chow_Animal1_Capture1_TTCTCAACAAGTCATC,7.14270522622323,0_15,0.8495532541190985,0,3
Hepatocyte_Chow_Animal1_Capture1_TTTCCTCGTTACGACT,7.103860186939423,0_15,0.8449330257203702,0,3
Hepatocyte_Chow_Animal2_Capture1_AAAGATGCAAGGTTTC,7.166455279015374,0_15,0.8523780850474408,0,3
Hepatocyte_Chow_Animal2_Capture1_AACACGTGTGGTTTCA,7.547048455580316,0_15,0.8976458318472393,0,3
Hepatocyte_Chow_Animal2_Capture1_ACAGCTATCACATGCA,7.438091535630019,0_15,0.8846864973974942,0,3
Hepatocyte_Chow_Animal2_Capture1_ACATGGTCAGGGATTG,5.8570385832059255,0_15,0.6966360825861413,0,3
Hepatocyte_Chow_Animal2_Capture1_AGATCTGGTCCAGTTA,6.712534391342862,0_15,0.7983887413714568,0,3
Hepatocyte_Chow_Animal2_Capture1_AGCTCCTGTCTAAACC,6.973467552512257,0_15,0.8294241277073222,0,3
Hepatocyte_Chow_Animal2_Capture1_ATAGACCAGCTGAAAT,6.660677632258654,0_15,0.7922208992118338,0,1
Hepatocyte_Chow_Animal2_Capture1_ATCATGGAGTACGACG,7.531289784504788,0_15,0.8957714957422499,0,3
Hepatocyte_Chow_Animal2_Capture1_ATCTACTGTGGCTCCA,7.175676090333449,0_15,0.853474808209434,0,3
Hepatocyte_Chow_Animal2_Capture1_CACACCTAGACACTAA,7.0560373438569055,0_15,0.8392449774704129,0,1
Hepatocyte_Chow_Animal2_Capture1_CACAGTAGTGAAAGAG,6.653575908665958,0_15,0.7913762203126012,0,1
Hepatocyte_Chow_Animal2_Capture1_CATCAAGGTCTCTTAT,6.440978288892436,0_15,0.7660898625565118,0,3
Hepatocyte_Chow_Animal2_Capture1_CATGCCTAGGGTCTCC,7.015969461265545,0_15,0.8344793041067438,0,3
Hepatocyte_Chow_Animal2_Capture1_CCCTCCTGTAGCCTAT,7.442898010381943,0_15,0.885258179433503,0,3
Hepatocyte_Chow_Animal2_Capture1_CGAGAAGGTGTGCGTC,7.124147173332623,0_15,0.8473459595823666,0,1
Hepatocyte_Chow_Animal2_Capture1_CGCTTCACAGCCAATT,7.344095963164658,0_15,0.8735066653966489,0,3
Hepatocyte_Chow_Animal2_Capture1_CTCACACAGCCACGTC,5.423515045463782,0_15,0.6450727994096347,0,3
Hepatocyte_Chow_Animal2_Capture1_CTCTGGTGTGAGTGAC,6.483100876996572,0_15,0.7710999225635252,0,3
Hepatocyte_Chow_Animal2_Capture1_CTGATCCAGTACGTTC,7.546819200307436,0_15,0.8976185642284688,0,3
Hepatocyte_Chow_Animal2_Capture1_GACCAATGTACTCTCC,7.3752263044843165,0_15,0.8772093077334571,0,3
Hepatocyte_Chow_Animal2_Capture1_GCTCTGTGTGCCTGTG,5.33616563647134,0_15,0.6346834619941037,0,5
Hepatocyte_Chow_Animal2_Capture1_GGCTCGAAGTGTGGCA,6.501215528053873,0_15,0.7732544788927522,0,1
Hepatocyte_Chow_Animal2_Capture1_GGTGAAGCAGCCAGAA,7.336159234748253,0_15,0.8725626710360164,0,1
Hepatocyte_Chow_Animal2_Capture1_GTCTCGTGTTTGACAC,6.124034327978672,0_15,0.7283925525262532,0,1
Hepatocyte_Chow_Animal2_Capture1_GTGCGGTTCTTTAGTC,7.4952117178638975,0_15,0.8914803710288055,0,3
Hepatocyte_Chow_Animal2_Capture1_GTGTTAGCAGCTATTG,7.026117187869482,0_15,0.8356862745591481,0,3
Hepatocyte_Chow_Animal2_Capture1_TCGGTAAAGGTTACCT,7.166417958551667,0_15,0.8523736461520387,0,3
Hepatocyte_Chow_Animal2_Capture1_TCTATTGCAGGTCCAC,6.90334377394602,0_15,0.8210836065202853,0,3
Hepatocyte_Chow_Animal2_Capture1_TGCCCTACAGCGTCCA,6.990627218754932,0_15,0.8314650981568015,0,3
Hepatocyte_Chow_Animal2_Capture1_TGGACGCGTACCGAGA,7.518935002951256,0_15,0.8943020182067358,0,3
Hepatocyte_Chow_Animal2_Capture1_TGGGCGTCAGTCACTA,6.55716457656459,0_15,0.7799090578963268,0,1
Hepatocyte_Chow_Animal2_Capture1_TGTTCCGAGCGCTTAT,7.0944903642521115,0_15,0.8438185791483207,0,3
Hepatocyte_Chow_Animal2_Capture1_TTAACTCGTTCAGACT,6.92298586460033,0_15,0.8234198364926224,0,3
Hepatocyte_Chow_Animal2_Capture1_TTCCCAGCAATGAAAC,6.62730551871065,0_15,0.7882516205192943,0,1
Hepatocyte_Chow_Animal2_Capture1_TTTCCTCCAGCTCCGA,5.024999050056374,0_15,0.5976733128014086,0,3
Hepatocyte_Chow_Animal2_Capture1_TTTGGTTCAAATACAG,6.463478933862239,0_15,0.7687660889369168,0,3
Hepatocyte_Chow_Animal3_Capture1_AAGACCTAGTTGTAGA,7.334063148868777,0_15,0.8723133626124677,0,3
Hepatocyte_Chow_Animal3_Capture1_AAGACCTGTTGAGTTC,5.935346882525769,0_15,0.705950070550738,0,1
Hepatocyte_Chow_Animal3_Capture1_ACACCGGAGTGTGGCA,6.97438209197453,0_15,0.8295329030174584,0,3
Hepatocyte_Chow_Animal3_Capture1_ACATGGTTCTGGAGCC,5.5007297958159365,0_15,0.6542567206761647,0,3
Hepatocyte_Chow_Animal3_Capture1_ACCGTAAGTAGCGATG,6.465515528325128,0_15,0.7690083214522551,0,3
Hepatocyte_Chow_Animal3_Capture1_ACGGAGACAAGAAAGG,7.540178729366412,0_15,0.8968287467128139,0,3
Hepatocyte_Chow_Animal3_Capture1_AGAATAGAGAAACGAG,6.43333759892521,0_15,0.7651810790046524,0,3
Hepatocyte_Chow_Animal3_Capture1_AGAGCTTTCTTCGAGA,6.615936101842879,0_15,0.7868993422449522,0,3
Hepatocyte_Chow_Animal3_Capture1_AGATTGCAGGACAGAA,7.50349253384087,0_15,0.8924652911588103,0,3
Hepatocyte_Chow_Animal3_Capture1_AGCGTCGAGTGGACGT,6.634147321107095,0_15,0.7890653843952835,0,3
Hepatocyte_Chow_Animal3_Capture1_AGCTTGATCCGGGTGT,7.3548576927293094,0_15,0.8747866653521328,0,3
Hepatocyte_Chow_Animal3_Capture1_AGGGAGTTCCTACAGA,7.635500832950896,0_15,0.9081663563053767,0,3
Hepatocyte_Chow_Animal3_Capture1_ATCTACTGTACAGTGG,6.746978752393412,0_15,0.8024855531661136,0,3
Hepatocyte_Chow_Animal3_Capture1_ATTCTACAGCACCGCT,7.6795326587696575,0_15,0.9134035010179709,0,3
Hepatocyte_Chow_Animal3_Capture1_CAAGATCGTGAGGGAG,7.196601898238038,0_15,0.8559637234925604,0,3
Hepatocyte_Chow_Animal3_Capture1_CACAAACCAGTATGCT,6.634113619674983,0_15,0.7890613759474457,0,3
Hepatocyte_Chow_Animal3_Capture1_CACAGTATCTTGGGTA,4.912983856772472,0_15,0.584350227366531,0,3
Hepatocyte_Chow_Animal3_Capture1_CACCACTAGATCCCAT,7.631344673249506,0_15,0.9076720227318741,0,3
Hepatocyte_Chow_Animal3_Capture1_CAGAATCTCTGGAGCC,6.573483400267691,0_15,0.7818500185465671,0,5
Hepatocyte_Chow_Animal3_Capture1_CAGCATACAGTATGCT,7.187288770060463,0_15,0.8548560201646618,0,3
Hepatocyte_Chow_Animal3_Capture1_CAGCTAATCTGCTGTC,6.18080884628578,0_15,0.7351453128952194,0,3
Hepatocyte_Chow_Animal3_Capture1_CAGTAACCACGAAATA,7.570974536519996,0_15,0.9004915995608497,0,3
Hepatocyte_Chow_Animal3_Capture1_CAGTCCTTCCGCGGTA,7.319254455841278,0_15,0.870552016882481,0,3
Hepatocyte_Chow_Animal3_Capture1_CCCAGTTTCGGTGTCG,6.642910266146768,0_15,0.7901076489488856,0,3
Hepatocyte_Chow_Animal3_Capture1_CCGTGGATCCTCATTA,5.58791119449795,0_15,0.6646260749478545,0,5
Hepatocyte_Chow_Animal3_Capture1_CCTAGCTCATCACGAT,7.471453171581704,0_15,0.8886545298848824,0,3
Hepatocyte_Chow_Animal3_Capture1_CTAGTGAGTGTTGAGG,6.757284817954705,0_15,0.8037113564517675,0,3
Hepatocyte_Chow_Animal3_Capture1_CTCGAAATCATAGCAC,7.628857697730318,0_15,0.907376221900351,0,3
Hepatocyte_Chow_Animal3_Capture1_GAAACTCCAGGACGTA,6.9281387613280145,0_15,0.8240327219533121,0,3
Hepatocyte_Chow_Animal3_Capture1_GACGCGTTCCTGTAGA,7.500771974723631,0_15,0.892141707897585,0,3
Hepatocyte_Chow_Animal3_Capture1_GACGTTATCTCTGTCG,7.153116392280493,0_15,0.850791558056191,0,1
Hepatocyte_Chow_Animal3_Capture1_GATCGCGTCAAGATCC,6.979900071939131,0_15,0.8301892114729552,0,3
Hepatocyte_Chow_Animal3_Capture1_GCGCCAATCATGGTCA,6.824961395599188,0_15,0.8117608075973126,0,3
Hepatocyte_Chow_Animal3_Capture1_GCGGGTTTCTTGACGA,7.322261046991242,0_15,0.8709096207894544,0,3
Hepatocyte_Chow_Animal3_Capture1_GCTGCGAGTGCAACTT,7.042209444316752,0_15,0.837600287303326,0,3
Hepatocyte_Chow_Animal3_Capture1_GCTGCGATCTGATACG,7.467875451908877,0_15,0.8882289959598343,0,3
Hepatocyte_Chow_Animal3_Capture1_GCTGGGTGTGGAAAGA,7.444497878405842,0_15,0.8854484677126379,0,3
Hepatocyte_Chow_Animal3_Capture1_GGAAAGCAGGACGAAA,6.570426986577961,0_15,0.7814864887474496,0,3
Hepatocyte_Chow_Animal3_Capture1_GGCTCGACACCAACCG,7.502385476277794,0_15,0.8923336177486079,0,3
Hepatocyte_Chow_Animal3_Capture1_GTCAAGTAGTAGCGGT,7.735837416755455,0_15,0.9201003881012582,0,3
Hepatocyte_Chow_Animal3_Capture1_GTGCATAGTATATGGA,5.0469073764585115,0_15,0.600279088820123,0,3
Hepatocyte_Chow_Animal3_Capture1_GTTCTCGTCGCACTCT,7.092828177779274,0_15,0.8436208787137897,0,3
Hepatocyte_Chow_Animal3_Capture1_TAAGCGTGTACTTCTT,6.9401122070829935,0_15,0.825456843414578,0,3
Hepatocyte_Chow_Animal3_Capture1_TAAGTGCCAAGAGTCG,6.634436328897038,0_15,0.789099758977551,0,3
Hepatocyte_Chow_Animal3_Capture1_TACAGTGTCCAATGGT,7.55192480206408,0_15,0.8982258244260013,0,3
Hepatocyte_Chow_Animal3_Capture1_TACGGTAGTCCTCCAT,6.782208220819729,0_15,0.8066757456204492,0,3
Hepatocyte_Chow_Animal3_Capture1_TACTTGTAGAAGGGTA,7.068333490734442,0_15,0.8407074809984301,0,3
Hepatocyte_Chow_Animal3_Capture1_TAGCCGGAGCTGAAAT,7.621503650356733,0_15,0.9065015316143459,0,3
Hepatocyte_Chow_Animal3_Capture1_TCAACGACAATGTTGC,7.00886633152302,0_15,0.8336344579600713,0,3
Hepatocyte_Chow_Animal3_Capture1_TCAGGATTCTACTTAC,7.415607161521034,0_15,0.8820122062730348,0,3
Hepatocyte_Chow_Animal3_Capture1_TCGGGACGTATGAAAC,6.585634103765763,0_15,0.7832952230411787,0,3
Hepatocyte_Chow_Animal3_Capture1_TGCGCAGGTACCGTAT,7.206879787083983,0_15,0.8571861754401069,0,3
Hepatocyte_Chow_Animal3_Capture1_TGGTTAGCACCAACCG,7.338077279181862,0_15,0.8727908032126228,0,1
Hepatocyte_Chow_Animal3_Capture1_TGTCCCATCCCTAATT,7.323948816790104,0_15,0.871110364104405,0,3
Hepatocyte_Chow_Animal3_Capture1_TTATGCTGTTATGTGC,7.4446854234692745,0_15,0.8854707743197127,0,3
Hepatocyte_Chow_Animal1_Capture1_AAAGTAGAGGGCTTGA,6.635293080343215,0_15,0.7892016609819063,0,4
Hepatocyte_Chow_Animal1_Capture1_AAGGAGCAGGAGTACC,6.869624563616679,0_15,0.8170730441416997,0,4
Hepatocyte_Chow_Animal1_Capture1_CATCCACCAGATGGGT,6.425516607909873,0_15,0.7642508504487934,0,4
Hepatocyte_Chow_Animal1_Capture1_CCACCTAGTTTGGCGC,6.390184752640343,0_15,0.7600484801048382,0,4
Hepatocyte_Chow_Animal1_Capture1_CCGTTCAGTTCCACAA,5.90562298089936,0_15,0.7024147101302739,0,4
Hepatocyte_Chow_Animal1_Capture1_CGGACACTCACTATTC,6.455695594894476,0_15,0.7678403387150402,0,4
Hepatocyte_Chow_Animal1_Capture1_CGGACGTGTCACCTAA,6.125265161640912,0_15,0.7285389478638624,0,4
Hepatocyte_Chow_Animal1_Capture1_CGGAGTCTCAATCACG,6.226874513479654,0_15,0.7406243626709326,0,4
Hepatocyte_Chow_Animal1_Capture1_CTAGCCTCAAGTCTGT,6.3357668354076555,0_15,0.7535760138328599,0,4
Hepatocyte_Chow_Animal1_Capture1_CTCACACCAGTCACTA,6.4959472552981525,0_15,0.772627870608992,0,4
Hepatocyte_Chow_Animal1_Capture1_CTCTAATGTAAGGGCT,6.554179145068219,0_15,0.7795539707182391,0,4
Hepatocyte_Chow_Animal1_Capture1_GAATAAGCAGATCGGA,6.569438529535439,0_15,0.7813689216814103,0,4
Hepatocyte_Chow_Animal1_Capture1_GACTAACGTCTACCTC,5.652209606893875,0_15,0.6722737271686271,0,4
Hepatocyte_Chow_Animal1_Capture1_GCTCTGTAGGGAAACA,6.567866721205261,0_15,0.7811819708218323,0,4
Hepatocyte_Chow_Animal1_Capture1_GGACAAGCAAAGCAAT,6.199344422342085,0_15,0.7373499340376115,0,4
Hepatocyte_Chow_Animal1_Capture1_GTGTTAGGTGAGGGAG,6.80177833661198,0_15,0.8090034149037558,0,4
Hepatocyte_Chow_Animal1_Capture1_GTTCATTAGATACACA,6.222080548042452,0_15,0.7400541684926321,0,4
Hepatocyte_Chow_Animal1_Capture1_GTTTCTAAGAGGTAGA,6.10371925630416,0_15,0.7259762782013124,0,4
Hepatocyte_Chow_Animal1_Capture1_TCATTACTCACTTACT,6.43679223717687,0_15,0.7655919736272846,0,4
Hepatocyte_Chow_Animal1_Capture1_TCGTACCGTGATGCCC,5.745781542039483,0_15,0.6834031717529174,0,4
Hepatocyte_Chow_Animal1_Capture1_TCTCATATCCGTTGTC,5.858225697222649,0_15,0.6967772779097584,0,4
Hepatocyte_Chow_Animal1_Capture1_TTTACTGAGACGCAAC,6.297516896987416,0_15,0.7490265667220554,0,4
Hepatocyte_Chow_Animal1_Capture1_AAAGTAGGTCTGGAGA,5.6602332592014,0_15,0.6732280602555858,0,4
Hepatocyte_Chow_Animal1_Capture1_AAATGCCGTCCGAAGA,4.801214103806437,0_15,0.5710563345994356,0,4
Hepatocyte_Chow_Animal1_Capture1_AAGGAGCGTCCAGTGC,4.401676628983824,0_15,0.5235353532446508,0,6
Hepatocyte_Chow_Animal1_Capture1_ACCGTAATCTGAGTGT,4.429736556353884,0_15,0.5268728005916393,0,6
Hepatocyte_Chow_Animal1_Capture1_ACTATCTTCCATGAAC,3.9575154566061093,0_15,0.47070682996169255,0,6
Hepatocyte_Chow_Animal1_Capture1_AGATCTGCACTACAGT,5.175615159812888,0_15,0.6155875906714563,0,6
Hepatocyte_Chow_Animal1_Capture1_AGTCTTTGTTAAGGGC,5.016968040070668,0_15,0.5967181045923156,0,6
Hepatocyte_Chow_Animal1_Capture1_AGTGGGATCCGTTGTC,4.6633775274451255,0_15,0.5546620542426771,0,6
Hepatocyte_Chow_Animal1_Capture1_ATCATCTAGAAGGTGA,4.68267223394351,0_15,0.5569569663486388,0,6
Hepatocyte_Chow_Animal1_Capture1_ATCTGCCAGCTCCCAG,5.085850728757396,0_15,0.6049110105674128,0,6
Hepatocyte_Chow_Animal1_Capture1_ATCTGCCAGGCTAGCA,4.826127823121694,0_15,0.574019572006851,0,6
Hepatocyte_Chow_Animal1_Capture1_CACCTTGAGCACAGGT,3.8270058901832478,0_15,0.4551840240588035,0,6
Hepatocyte_Chow_Animal1_Capture1_CAGTCCTGTGCCTGCA,4.778118036680654,0_15,0.568309288716592,0,6
Hepatocyte_Chow_Animal1_Capture1_CCACCTAGTTGACGTT,4.715526675077264,0_15,0.5608646730918728,0,6
Hepatocyte_Chow_Animal1_Capture1_CCATTCGGTACAGACG,5.07552484495352,0_15,0.6036828501002789,0,6
Hepatocyte_Chow_Animal1_Capture1_CCGTTCATCTCATTCA,4.9195689223925205,0_15,0.5851334549741272,0,6
Hepatocyte_Chow_Animal1_Capture1_CTACGTCGTACGCACC,4.85163268736552,0_15,0.5770531201833401,0,4
Hepatocyte_Chow_Animal1_Capture1_CTAGCCTTCTTCGGTC,5.659735522235081,0_15,0.6731688594281628,0,6
Hepatocyte_Chow_Animal1_Capture1_CTCGGAGCAGACAGGT,4.998303887544294,0_15,0.5944981905664724,0,6
Hepatocyte_Chow_Animal1_Capture1_CTTACCGAGTCCCACG,4.80864558912957,0_15,0.5719402353540163,0,6
Hepatocyte_Chow_Animal1_Capture1_GAAGCAGTCTGGTTCC,4.461821550987363,0_15,0.5306889893794943,0,6
Hepatocyte_Chow_Animal1_Capture1_GAATGAACACACAGAG,4.629391634062827,0_15,0.5506197725857113,0,6
Hepatocyte_Chow_Animal1_Capture1_GACGGCTAGATCCTGT,4.801829277402927,0_15,0.5711295033379169,0,4
Hepatocyte_Chow_Animal1_Capture1_GCCTCTACATAGAAAC,4.932014450134123,0_15,0.5866137258599101,0,4
Hepatocyte_Chow_Animal1_Capture1_GCGCCAAGTAGATTAG,4.679450792093233,0_15,0.5565738081025431,0,6
Hepatocyte_Chow_Animal1_Capture1_GCTCCTAGTTCCGTCT,4.684077533326305,0_15,0.5571241126364741,0,6
Hepatocyte_Chow_Animal1_Capture1_GGGAATGAGTCCGTAT,4.8742027027695904,0_15,0.5797375974821722,0,4
Hepatocyte_Chow_Animal1_Capture1_GGGACCTGTGTTAAGA,4.764307381396763,0_15,0.5666666495810903,0,6
Hepatocyte_Chow_Animal1_Capture1_GGTGCGTTCAATCTCT,5.192389985370874,0_15,0.6175827881755822,0,6
Hepatocyte_Chow_Animal1_Capture1_GGTGCGTTCTATGTGG,4.286551711585113,0_15,0.5098423972694841,0,6
Hepatocyte_Chow_Animal1_Capture1_GTAACGTAGTGGTAGC,4.559187930955512,0_15,0.542269745174939,0,6
Hepatocyte_Chow_Animal1_Capture1_GTCGGGTAGGATGTAT,4.360508401691237,0_15,0.5186388048984684,0,6
Hepatocyte_Chow_Animal1_Capture1_GTCTCGTTCTATGTGG,4.923768137421531,0_15,0.585632909547661,0,6
Hepatocyte_Chow_Animal1_Capture1_TCTTCGGCATCAGTCA,4.2691336488558465,0_15,0.5077706931457059,0,6
Hepatocyte_Chow_Animal1_Capture1_TGCCAAAGTCAGAGGT,4.804144485122891,0_15,0.571404874109937,0,6
Hepatocyte_Chow_Animal1_Capture1_TGCCCATTCCAAAGTC,4.81093107922175,0_15,0.5722120715118266,0,6
Hepatocyte_Chow_Animal1_Capture1_TGGGAAGTCGAGGTAG,4.877709087983455,0_15,0.5801546468877248,0,6
Hepatocyte_Chow_Animal1_Capture1_TGTGGTAGTACCTACA,4.66574009282117,0_15,0.554943057733612,0,6
Hepatocyte_Chow_Animal1_Capture1_TTGACTTTCACTCTTA,4.836045956492051,0_15,0.5751992346434442,0,6
Hepatocyte_Chow_Animal1_Capture1_TTTCCTCTCAGCCTAA,5.052725942086219,0_15,0.6009711489299504,0,6
Hepatocyte_Chow_Animal2_Capture1_AACTCCCGTAGGACAC,4.662743438968118,0_15,0.5545866357685865,0,6
Hepatocyte_Chow_Animal2_Capture1_CAACCTCTCGGCGCAT,4.543168452965116,0_15,0.5403643886993468,0,6
Hepatocyte_Chow_Animal2_Capture1_CAACTAGTCTGGCGAC,4.646922915747845,0_15,0.5527049429704144,0,6
Hepatocyte_Chow_Animal2_Capture1_CGGACACCAACGCACC,4.611275694037239,0_15,0.5484650629466152,0,6
Hepatocyte_Chow_Animal2_Capture1_GCTTCCAGTTGGAGGT,4.414192836621924,0_15,0.5250240307962792,0,6
Hepatocyte_Chow_Animal3_Capture1_CAGCATATCCTTCAAT,4.838434118984478,0_15,0.5754832826550236,0,6
Hepatocyte_Chow_Animal3_Capture1_CGCTTCAAGGTAAACT,4.574426044588869,0_15,0.5440821661854446,0,6
Hepatocyte_Chow_Animal3_Capture1_TCATTACGTTATCCGA,4.703464150202414,0_15,0.559429956561405,0,6
Hepatocyte_Chow_Animal1_Capture1_AAATGCCCATCGGTTA,5.743994153670268,0_15,0.6831905798066803,0,4
Hepatocyte_Chow_Animal1_Capture1_AACTTTCTCTAACGGT,6.49344268980858,0_15,0.7723299776266512,0,4
Hepatocyte_Chow_Animal1_Capture1_ACATACGTCCGCAGTG,6.369708232801901,0_15,0.7576130031376638,0,4
Hepatocyte_Chow_Animal1_Capture1_ACATGGTTCTTCGAGA,6.672874382766569,0_15,0.7936715805371161,0,4
Hepatocyte_Chow_Animal1_Capture1_ACGCAGCCAGTAGAGC,6.604087566077676,0_15,0.7854900775760255,0,4
Hepatocyte_Chow_Animal1_Capture1_ACTGATGTCCGTCATC,6.488401890305577,0_15,0.7717304250082098,0,4
Hepatocyte_Chow_Animal1_Capture1_ACTGATGTCTCAAACG,6.365168535269534,0_15,0.7570730515802092,0,4
Hepatocyte_Chow_Animal1_Capture1_AGATCTGCACAGATTC,6.619524811712549,0_15,0.7873261833438504,0,4
Hepatocyte_Chow_Animal1_Capture1_AGCCTAAAGACGCACA,5.921033812679647,0_15,0.7042476742346245,0,4
Hepatocyte_Chow_Animal1_Capture1_AGCGTATCATGTCGAT,6.201515741635538,0_15,0.7376081907223075,0,4
Hepatocyte_Chow_Animal1_Capture1_AGGCCACAGGTGATTA,6.339167330414198,0_15,0.7539804686587174,0,4
Hepatocyte_Chow_Animal1_Capture1_ATGAGGGCAGTTCATG,6.603138640923769,0_15,0.785377212432234,0,4
Hepatocyte_Chow_Animal1_Capture1_ATGGGAGCAGGTGCCT,6.4783014673426536,0_15,0.7705290808501688,0,4
Hepatocyte_Chow_Animal1_Capture1_ATGTGTGCACGACGAA,6.73488746724448,0_15,0.8010474158890712,0,4
Hepatocyte_Chow_Animal1_Capture1_ATTATCCCATCGATGT,6.647124281704794,0_15,0.790608863897122,0,4
Hepatocyte_Chow_Animal1_Capture1_CAGATCATCTGTCCGT,6.611171619841629,0_15,0.7863326548260884,0,4
Hepatocyte_Chow_Animal1_Capture1_CATCGGGAGCCAGTAG,6.216709043220492,0_15,0.7394152817884379,0,4
Hepatocyte_Chow_Animal1_Capture1_CCACTACCATCACGTA,5.80439206458434,0_15,0.6903743064388063,0,4
Hepatocyte_Chow_Animal1_Capture1_CCTACACCAAAGTCAA,6.7292133960304215,0_15,0.8003725419426693,0,4
Hepatocyte_Chow_Animal1_Capture1_CCTAGCTAGGATATAC,6.4120840573606595,0_15,0.7626531830848502,0,4
Hepatocyte_Chow_Animal1_Capture1_CCTCTGAAGAAACCGC,6.723559868574064,0_15,0.7997001114705049,0,4
Hepatocyte_Chow_Animal1_Capture1_CCTCTGAAGTACGCCC,6.311674777542942,0_15,0.7507105048262372,0,4
Hepatocyte_Chow_Animal1_Capture1_CCTTCCCCACTTGGAT,6.358400516287107,0_15,0.7562680635023936,0,4
Hepatocyte_Chow_Animal1_Capture1_CGAACATTCGTTACGA,6.361932312654047,0_15,0.7566881353101177,0,4
Hepatocyte_Chow_Animal1_Capture1_CGAGCCATCTTGGGTA,6.790900871704748,0_15,0.8077096493883349,0,4
Hepatocyte_Chow_Animal1_Capture1_CGCTATCTCATGCTCC,5.920537706106612,0_15,0.7041886673261546,0,4
Hepatocyte_Chow_Animal1_Capture1_CGCTGGAAGCAGGTCA,6.390007005849567,0_15,0.7600273389041684,0,4
Hepatocyte_Chow_Animal1_Capture1_CGGACGTAGCATGGCA,6.778527323102102,0_15,0.8062379397002764,0,4
Hepatocyte_Chow_Animal1_Capture1_CTAAGACGTATTCGTG,6.550202940995208,0_15,0.7790810410645181,0,4
Hepatocyte_Chow_Animal1_Capture1_CTACCCACAGTGGGAT,6.3633593509308755,0_15,0.7568578672216884,0,4
Hepatocyte_Chow_Animal1_Capture1_CTACGTCCATCGACGC,5.8951367290882954,0_15,0.7011674754947333,0,4
Hepatocyte_Chow_Animal1_Capture1_CTACGTCTCCAAGTAC,6.489346490861468,0_15,0.7718427757843769,0,4
Hepatocyte_Chow_Animal1_Capture1_CTCATTAGTTGAGTTC,6.389486615582186,0_15,0.7599654436934515,0,4
Hepatocyte_Chow_Animal1_Capture1_CTCGAAAAGCCGATTT,4.816708140299577,0_15,0.5728991950711041,0,4
Hepatocyte_Chow_Animal1_Capture1_CTCTGGTTCACTCCTG,5.8804099954264295,0_15,0.6994158780104845,0,4
Hepatocyte_Chow_Animal1_Capture1_CTGAAACTCAACGGCC,6.546844981828639,0_15,0.778681645450839,0,4
Hepatocyte_Chow_Animal1_Capture1_CTGCGGAGTAGCCTCG,6.1267352432163324,0_15,0.7287137993447319,0,4
Hepatocyte_Chow_Animal1_Capture1_GACACGCCACGTTGGC,6.836506486217331,0_15,0.8131339805049296,0,4
Hepatocyte_Chow_Animal1_Capture1_GACAGAGCAAGTACCT,6.293657481711588,0_15,0.7485675279261466,0,4
Hepatocyte_Chow_Animal1_Capture1_GACGGCTCAAAGCGGT,6.237111934094595,0_15,0.7418420013276811,0,4
Hepatocyte_Chow_Animal1_Capture1_GCAATCAGTCGGATCC,6.33627648352531,0_15,0.753636631372447,0,4
Hepatocyte_Chow_Animal1_Capture1_GCAGTTAGTCGTGGCT,5.968898943117679,0_15,0.7099407521420222,0,4
Hepatocyte_Chow_Animal1_Capture1_GCATGATGTTAGGGTG,6.769341650106863,0_15,0.8051453958898824,0,3
Hepatocyte_Chow_Animal1_Capture1_GCATGATTCTTGACGA,6.62520531137836,0_15,0.7880018218902088,0,4
Hepatocyte_Chow_Animal1_Capture1_GCTGCAGGTCCAACTA,6.688569014598366,0_15,0.795538299815402,0,4
Hepatocyte_Chow_Animal1_Capture1_GGCCGATCACATCTTT,6.460791733218195,0_15,0.7684464733320003,0,4
Hepatocyte_Chow_Animal1_Capture1_GGCTCGACAACACCCG,6.299625149312743,0_15,0.7492773222224938,0,4
Hepatocyte_Chow_Animal1_Capture1_GTAGGCCTCGGGAGTA,6.674918574846911,0_15,0.7939147167129621,0,4
Hepatocyte_Chow_Animal1_Capture1_GTATCTTGTGATGTGG,4.178293462573282,0_15,0.4969661627308418,0,4
Hepatocyte_Chow_Animal1_Capture1_GTGTGCGTCGCATGAT,6.7087047958210695,0_15,0.7979332493366527,0,4
Hepatocyte_Chow_Animal1_Capture1_GTGTGCGTCGCGTTTC,6.419006748547211,0_15,0.7634765678723401,0,4
Hepatocyte_Chow_Animal1_Capture1_TAAGAGAGTAGTGAAT,6.365404766732288,0_15,0.7571011489469004,0,4
Hepatocyte_Chow_Animal1_Capture1_TAAGCGTTCCGAACGC,6.475850602133699,0_15,0.7702375749784117,0,4
Hepatocyte_Chow_Animal1_Capture1_TACCTATCAGTAGAGC,6.560267326443752,0_15,0.7802780989211309,0,4
Hepatocyte_Chow_Animal1_Capture1_TACCTATGTTGCGTTA,5.82048503245223,0_15,0.6922884037993422,0,4
Hepatocyte_Chow_Animal1_Capture1_TCAATCTAGTACGTTC,6.492379839409363,0_15,0.7722035622158652,0,4
Hepatocyte_Chow_Animal1_Capture1_TCAGGATAGCCACGTC,6.139383352764446,0_15,0.7302181653075893,0,4
Hepatocyte_Chow_Animal1_Capture1_TGAAAGACACCACGTG,6.380996282673395,0_15,0.7589556036226704,0,4
Hepatocyte_Chow_Animal1_Capture1_TGTGTTTTCTGTGCAA,6.339307513814287,0_15,0.7539971420702537,0,4
Hepatocyte_Chow_Animal1_Capture1_TTCTCCTAGTAGCCGA,6.045063255474344,0_15,0.7189997343288822,0,4
Hepatocyte_Chow_Animal1_Capture1_TTTCCTCCAGTCGTGC,6.294104150835051,0_15,0.7486206547450946,0,4
Hepatocyte_Chow_Animal2_Capture1_GCACTCTTCGATGAGG,6.558308688771392,0_15,0.7800451385853069,0,1
Hepatocyte_Chow_Animal3_Capture1_ACACCAACATGCGCAC,6.26244577324479,0_15,0.7448552077820594,0,4
Hepatocyte_Chow_Animal1_Capture1_AACCGCGCAGATGGCA,6.076551668549436,0_15,0.7227449657149932,0,4
Hepatocyte_Chow_Animal1_Capture1_AAGTCTGCAGTATGCT,5.956989379960811,0_15,0.7085242288760322,0,4
Hepatocyte_Chow_Animal1_Capture1_AATCCAGAGCCACTAT,3.9701333003522574,0_15,0.4722075961105113,0,7
Hepatocyte_Chow_Animal1_Capture1_CCTTTCTTCCTTCAAT,6.607001733103782,0_15,0.7858366885590722,0,4
Hepatocyte_Chow_Animal1_Capture1_CGAGCCATCTCGCATC,5.5307126367163075,0_15,0.6578228793300497,0,4
Hepatocyte_Chow_Animal1_Capture1_CGTGTAAAGCTTTGGT,6.12161558818118,0_15,0.728104867650461,0,4
Hepatocyte_Chow_Animal1_Capture1_CTCGAAAAGACTGGGT,6.272358738016489,0_15,0.7460342556656046,0,4
Hepatocyte_Chow_Animal1_Capture1_CTCGGGACACTCAGGC,6.501313341284942,0_15,0.7732661127970111,0,4
Hepatocyte_Chow_Animal1_Capture1_CTCGTCACACATGACT,4.227871999227173,0_15,0.5028630331482491,0,7
Hepatocyte_Chow_Animal1_Capture1_CTTACCGCACGGTAAG,6.1149378035562965,0_15,0.727310612045799,0,4
Hepatocyte_Chow_Animal1_Capture1_GCAGTTAGTTACGCGC,5.313836091639214,0_15,0.6320275862615472,0,4
Hepatocyte_Chow_Animal1_Capture1_GCGCAACAGAATGTTG,3.950690663293334,0_15,0.4698950891458638,0,7
Hepatocyte_Chow_Animal1_Capture1_GGACATTCATGCAACT,3.230302605745424,0_15,0.3842121442202522,0,5
Hepatocyte_Chow_Animal1_Capture1_GTCACAAGTTTAGCTG,2.5617544797716554,0_15,0.3046950399904647,0,4
Hepatocyte_Chow_Animal1_Capture1_GTTACAGAGTGACTCT,6.1706359854715345,0_15,0.7339353529802123,0,4
Hepatocyte_Chow_Animal1_Capture1_TAGCCGGTCCGCGCAA,6.21048451190725,0_15,0.7386749361259686,0,4
Hepatocyte_Chow_Animal1_Capture1_TAGTGGTCATCCCACT,4.383251874332578,0_15,0.5213439131985398,0,7
Hepatocyte_Chow_Animal1_Capture1_TTCGGTCCAATCGAAA,4.250242946458112,0_15,0.505523833281509,0,7
Hepatocyte_Chow_Animal1_Capture1_TTGGCAACATACAGCT,2.901483609518785,0_15,0.34510241766525823,0,5
Hepatocyte_Chow_Animal1_Capture1_TTTATGCGTGTGAATA,6.344310165961032,0_15,0.7545921574427052,0,4
Hepatocyte_Chow_Animal2_Capture1_ATCCACCTCGAATGCT,6.145621035924025,0_15,0.7309600752504677,0,5
Hepatocyte_Chow_Animal2_Capture1_ATTGGTGTCCCGACTT,3.342531057981982,0_15,0.39756059467180915,0,4
Hepatocyte_Chow_Animal2_Capture1_CTCTAATAGTTAACGA,3.1256050959543695,0_15,0.3717594239519418,0,7
Hepatocyte_Chow_Animal3_Capture1_CTGAAGTCAGTCCTTC,3.645670073672397,0_15,0.43361594472108245,0,7
Hepatocyte_Chow_Animal3_Capture1_GTGCAGCAGTAGCCGA,4.384821305246259,0_15,0.5215305812882347,0,7
Hepatocyte_Chow_Animal3_Capture1_TTTGTCATCGGTGTTA,2.534621511900226,0_15,0.30146784519255343,0,4
Hepatocyte_Chow_Animal1_Capture1_AAGGTTCCACTCTGTC,6.633469805407515,0_15,0.7889848006879814,0,4
Hepatocyte_Chow_Animal1_Capture1_ACGCCAGGTAAGTTCC,6.603063883665778,0_15,0.7853683208050727,0,4
Hepatocyte_Chow_Animal1_Capture1_ACGCCAGTCATCTGTT,5.532843822592506,0_15,0.6580763625466901,0,4
Hepatocyte_Chow_Animal1_Capture1_ACTTACTTCACGACTA,6.175924369217082,0_15,0.7345643532648055,0,4
Hepatocyte_Chow_Animal1_Capture1_AGTCTTTCAATTGCTG,6.010198184266771,0_15,0.7148528832743624,0,4
Hepatocyte_Chow_Animal1_Capture1_AGTGAGGCAAGTCATC,6.391094370947039,0_15,0.7601566700928029,0,4
Hepatocyte_Chow_Animal1_Capture1_CAACTAGTCTTAGAGC,6.367666208008938,0_15,0.7573701247389467,0,4
Hepatocyte_Chow_Animal1_Capture1_CAAGATCAGGGTCTCC,6.66021439130394,0_15,0.7921658013395216,0,4
Hepatocyte_Chow_Animal1_Capture1_CAAGATCTCGCAGGCT,6.20654975680601,0_15,0.7382069364123379,0,4
Hepatocyte_Chow_Animal1_Capture1_CACACAAAGATTACCC,6.406826196001485,0_15,0.7620278131324413,0,4
Hepatocyte_Chow_Animal1_Capture1_CACAGTATCGGCTTGG,6.133398831546127,0_15,0.7295063664422656,0,4
Hepatocyte_Chow_Animal1_Capture1_CACATTTAGCGTAGTG,5.416579876275872,0_15,0.6442479304888475,0,4
Hepatocyte_Chow_Animal1_Capture1_CAGCAGCTCTGGCGAC,6.242496171576247,0_15,0.742482402454231,0,4
Hepatocyte_Chow_Animal1_Capture1_CAGTAACTCTTGCCGT,6.567998123018302,0_15,0.7811975997515348,0,4
Hepatocyte_Chow_Animal1_Capture1_CCACTACGTCTTCTCG,6.233608362541524,0_15,0.7414252865789017,0,3
Hepatocyte_Chow_Animal1_Capture1_CCTATTAGTACAGCAG,6.150668361026428,0_15,0.7315604040236056,0,4
Hepatocyte_Chow_Animal1_Capture1_CCTTCGAAGTTCGCAT,6.340729354081812,0_15,0.7541662557306745,0,4
Hepatocyte_Chow_Animal1_Capture1_CCTTCGACACCGAATT,6.418378122189305,0_15,0.7634017990626146,0,4
Hepatocyte_Chow_Animal1_Capture1_CCTTCGATCCGAGCCA,6.382748484014998,0_15,0.7591640104243631,0,4
Hepatocyte_Chow_Animal1_Capture1_CCTTTCTTCAACACTG,6.899187762216053,0_15,0.8205892905465016,0,4
Hepatocyte_Chow_Animal1_Capture1_CGGGTCATCGTCTGCT,6.589351217672876,0_15,0.783737336514394,0,4
Hepatocyte_Chow_Animal1_Capture1_CGTCTACTCATGTGGT,5.91052033604441,0_15,0.702997201478899,0,4
Hepatocyte_Chow_Animal1_Capture1_CGTTAGAAGAGGTACC,6.395646142778139,0_15,0.7606980577671705,0,4
Hepatocyte_Chow_Animal1_Capture1_CTAAGACTCAACACCA,6.657561963887381,0_15,0.7918503216617687,0,4
Hepatocyte_Chow_Animal1_Capture1_CTACCCATCCGAGCCA,6.555067465326181,0_15,0.7796596275166019,0,4
Hepatocyte_Chow_Animal1_Capture1_CTAGTGAGTCACCCAG,6.857170910827264,0_15,0.8155918068628499,0,4
Hepatocyte_Chow_Animal1_Capture1_CTCACACCATAGACTC,6.469601954709577,0_15,0.7694943609460705,0,4
Hepatocyte_Chow_Animal1_Capture1_CTCGAAAAGCCCAGCT,5.9861014215798924,0_15,0.711986814676261,0,4
Hepatocyte_Chow_Animal1_Capture1_CTCTAATTCATAAAGG,6.702124098779564,0_15,0.7971505413277238,0,4
Hepatocyte_Chow_Animal1_Capture1_CTCTGGTCAGCCTTTC,6.273940828083734,0_15,0.7462224294348373,0,4
Hepatocyte_Chow_Animal1_Capture1_CTCTGGTTCAGCTCTC,5.877884161360335,0_15,0.6991154553439664,0,4
Hepatocyte_Chow_Animal1_Capture1_GATGAAACAAACGCGA,6.57889698358534,0_15,0.7824939100664171,0,4
Hepatocyte_Chow_Animal1_Capture1_GATGAGGCACTTAAGC,6.428523811002645,0_15,0.7646085271402354,0,4
Hepatocyte_Chow_Animal1_Capture1_GATGCTATCTGCTGCT,5.962091675758938,0_15,0.7091310958629075,0,4
Hepatocyte_Chow_Animal1_Capture1_GCATGCGAGATCACGG,6.485743303403609,0_15,0.7714142127213532,0,4
Hepatocyte_Chow_Animal1_Capture1_GCGGGTTAGCGAGAAA,6.274059121634572,0_15,0.746236499268027,0,4
Hepatocyte_Chow_Animal1_Capture1_GGACAGATCCTAGTGA,6.63753992330056,0_15,0.7894689004500701,0,4
Hepatocyte_Chow_Animal1_Capture1_GTATTCTTCCTCCTAG,6.124301010341368,0_15,0.7284242717225338,0,4
Hepatocyte_Chow_Animal1_Capture1_GTTCATTAGAAACCTA,6.6111795984440604,0_15,0.7863336038009437,0,4
Hepatocyte_Chow_Animal1_Capture1_TAAACCGTCACTTATC,6.240695112857036,0_15,0.7422681845567672,0,4
Hepatocyte_Chow_Animal1_Capture1_TACCTTATCTGGCGAC,6.347459672169686,0_15,0.7549667596646487,0,4
Hepatocyte_Chow_Animal1_Capture1_TACTTGTGTGCGATAG,6.261122467403462,0_15,0.7446978138048354,0,4
Hepatocyte_Chow_Animal1_Capture1_TAGACCAAGAATCTCC,6.515456450187825,0_15,0.7749482939610458,0,4
Hepatocyte_Chow_Animal1_Capture1_TATCTCACAGCGAACA,5.3090063377473555,0_15,0.6314531354049784,0,4
Hepatocyte_Chow_Animal1_Capture1_TCAATCTGTCTAACGT,6.7644852980635,0_15,0.8045677814495663,0,4
Hepatocyte_Chow_Animal1_Capture1_TCACGAATCTTCAACT,6.698805473587897,0_15,0.7967558240964384,0,4
Hepatocyte_Chow_Animal1_Capture1_TCGTAGAGTTGGAGGT,6.539346873334066,0_15,0.7777898205372311,0,4
Hepatocyte_Chow_Animal1_Capture1_TCTATTGAGACAATAC,6.443075426139707,0_15,0.7663392960297304,0,4
Hepatocyte_Chow_Animal1_Capture1_TGAAAGAAGTCCTCCT,6.788511820944944,0_15,0.8074254957262467,0,4
Hepatocyte_Chow_Animal1_Capture1_TGAGAGGGTTAAGATG,6.541481117047127,0_15,0.7780436674529427,0,4
Hepatocyte_Chow_Animal1_Capture1_TGCCCTAAGCCACGTC,6.551211597275481,0_15,0.7792010106275974,0,4
Hepatocyte_Chow_Animal1_Capture1_TTATGCTGTGTTGAGG,5.599328148629735,0_15,0.6659840073036765,0,4
Hepatocyte_Chow_Animal1_Capture1_TTGGAACTCGCGATCG,5.990420464482553,0_15,0.7125005215753172,0,4
Hepatocyte_Chow_Animal1_Capture1_TTGGCAAAGTAATCCC,6.483871852995355,0_15,0.7711916224374342,0,4
Hepatocyte_Chow_Animal1_Capture1_TTTACTGCAAATCCGT,5.503739055243939,0_15,0.6546146419480887,0,4
Hepatocyte_Chow_Animal3_Capture1_TTCTTAGCAATAGCAA,6.571749395480669,0_15,0.7816437760428075,0,4
Hepatocyte_Chow_Animal3_Capture1_TTGAACGTCCAAAGTC,6.313178266643876,0_15,0.7508893297976978,0,4
Hepatocyte_Chow_Animal1_Capture1_CGAGCCAGTCTCCATC,6.397545633794448,0_15,0.7609239832005974,0,4
Hepatocyte_Chow_Animal1_Capture1_CGATGGCGTCATTAGC,6.113650972379885,0_15,0.7271575563646814,0,4
Hepatocyte_Chow_Animal1_Capture1_CTACCCACAGCTCGCA,6.477892324820599,0_15,0.7704804174446381,0,4
Hepatocyte_Chow_Animal1_Capture1_CTAGCCTAGGTGCTTT,5.91420653319614,0_15,0.7034356377136857,0,4
Hepatocyte_Chow_Animal1_Capture1_GCGCAGTTCCAGATCA,6.022285752257053,0_15,0.7162905784326099,0,4
Hepatocyte_Chow_Animal1_Capture1_TACTCGCCATGTCTCC,6.399625952443298,0_15,0.7611714162699682,0,4
Hepatocyte_Chow_Animal1_Capture1_TCAACGATCTGTACGA,5.978514618771155,0_15,0.7110844404622364,0,4
Hepatocyte_Chow_Animal1_Capture1_TCATTACGTGTGAATA,6.19269677831808,0_15,0.7365592633555729,0,4
Hepatocyte_Chow_Animal1_Capture1_AGACGTTCAGGATCGA,5.8123978198167805,0_15,0.6913265108479189,0,4
Hepatocyte_Chow_Animal1_Capture1_ATAGACCAGCCACTAT,2.644579922770125,0_15,0.31454629695748526,0,4
Hepatocyte_Chow_Animal1_Capture1_CATCGGGAGGGTGTTG,5.543049345492999,0_15,0.6592902072897533,0,4
Hepatocyte_Chow_Animal1_Capture1_CCCATACCATCGATGT,3.8499006025998215,0_15,0.45790712081550744,0,4
Hepatocyte_Chow_Animal1_Capture1_TAGGCATCAGGGTACA,5.2434026937513,0_15,0.6236502389569627,0,4
Hepatocyte_Chow_Animal1_Capture1_TTAGTTCTCAACGGGA,4.803962395151903,0_15,0.5713832163314768,0,4
Hepatocyte_Chow_Animal1_Capture1_TTTGTCATCGCAAGCC,4.242927738604748,0_15,0.5046537625674654,0,4
Hepatocyte_Chow_Animal3_Capture1_TACCTTATCGGCTTGG,5.53966080395064,0_15,0.6588871742087491,0,4
Hepatocyte_15weeks_Animal2_Capture2_AAACCTGCAGCGTAAG,5.106822822279231,15_30,0.689996385714107,15,1
Hepatocyte_15weeks_Animal2_Capture2_AAACGGGCAGCTCGCA,5.403717977084412,15_30,0.7301106780795852,15,1
Hepatocyte_15weeks_Animal2_Capture2_AAAGATGAGAAGGTTT,5.148606316427132,15_30,0.695641864507454,15,1
Hepatocyte_15weeks_Animal2_Capture2_AAAGATGCAGTTCATG,5.650436529142796,15_30,0.7634454764724782,15,1
Hepatocyte_15weeks_Animal2_Capture2_AAAGTAGGTTATTCTC,5.911416794028987,15_30,0.7987072127380438,15,1
Hepatocyte_15weeks_Animal2_Capture2_AACACGTGTCTCCACT,5.6280900042849105,15_30,0.7604261781882409,15,1
Hepatocyte_15weeks_Animal2_Capture2_AACACGTGTTCCACTC,4.405087475861466,15_30,0.5951830605594283,15,1
Hepatocyte_15weeks_Animal2_Capture2_AACACGTTCGGTGTTA,4.993891026042191,15_30,0.6747378709883148,15,1
Hepatocyte_15weeks_Animal2_Capture2_AACCGCGAGCTGCAAG,5.564401798942891,15_30,0.751821095727401,15,1
Hepatocyte_15weeks_Animal2_Capture2_AACCGCGTCACGATGT,4.931494205857639,15_30,0.6663072710036108,15,1
Hepatocyte_15weeks_Animal2_Capture2_AACCGCGTCGACAGCC,5.563832553712374,15_30,0.7517441834934524,15,1
Hepatocyte_15weeks_Animal2_Capture2_AACTCTTAGCCTATGT,4.599095325425379,15_30,0.6213959760369857,15,1
Hepatocyte_15weeks_Animal2_Capture2_AACTTTCAGAAGGACA,4.966679400905174,15_30,0.6710612360927323,15,0
Hepatocyte_15weeks_Animal2_Capture2_AACTTTCCATTATCTC,4.780118184734176,15_30,0.6458544550172604,15,1
Hepatocyte_15weeks_Animal2_Capture2_AAGACCTTCCTGCCAT,5.430313764075931,15_30,0.733704105448812,15,1
Hepatocyte_15weeks_Animal2_Capture2_AAGCCGCGTAACGTTC,5.402423687540777,15_30,0.7299358031841258,15,1
Hepatocyte_15weeks_Animal2_Capture2_AAGGAGCGTTCAGACT,4.675900544070186,15_30,0.631773332979486,15,1
Hepatocyte_15weeks_Animal2_Capture2_AAGGCAGAGCCCAATT,5.215905496587969,15_30,0.7047348353600782,15,5
Hepatocyte_15weeks_Animal2_Capture2_AAGGCAGCATCCGGGT,5.545008934576597,15_30,0.7492008743515957,15,1
Hepatocyte_15weeks_Animal2_Capture2_AAGGTTCCACCAGGTC,5.622968376897054,15_30,0.7597341815183783,15,1
Hepatocyte_15weeks_Animal2_Capture2_AAGTCTGCAATGAATG,5.345265203106111,15_30,0.7222129686458377,15,1
Hepatocyte_15weeks_Animal2_Capture2_AAGTCTGGTGAAGGCT,5.694748628890745,15_30,0.7694326018797077,15,1
Hepatocyte_15weeks_Animal2_Capture2_AATCGGTGTTTGTTTC,3.732746958180502,15_30,0.5043413487332156,15,3
Hepatocyte_15weeks_Animal2_Capture2_ACACCAAAGTGCAAGC,5.484201444660986,15_30,0.7409850129978249,15,1
Hepatocyte_15weeks_Animal2_Capture2_ACACCAACATGTAAGA,5.338593383043808,15_30,0.7213115213293104,15,5
Hepatocyte_15weeks_Animal2_Capture2_ACACCAAGTCTCCATC,4.279545110088078,15_30,0.5782206983134291,15,5
Hepatocyte_15weeks_Animal2_Capture2_ACACCCTCACTAAGTC,4.19957828468581,15_30,0.5674161682905978,15,1
Hepatocyte_15weeks_Animal2_Capture2_ACACCGGGTCGCGAAA,3.6500468982011336,15_30,0.4931675241322993,15,0
Hepatocyte_15weeks_Animal2_Capture2_ACACCGGGTTCCCGAG,3.8038048045809836,15_30,0.5139421629574846,15,5
Hepatocyte_15weeks_Animal2_Capture2_ACAGCCGAGTGGTAGC,4.397953919404368,15_30,0.5942192268130897,15,5
Hepatocyte_15weeks_Animal2_Capture2_ACATGGTCAATGCCAT,5.680808314939118,15_30,0.7675490890622316,15,1
Hepatocyte_15weeks_Animal2_Capture2_ACCAGTATCAGAGCTT,5.615813069321945,15_30,0.7587674089207547,15,1
Hepatocyte_15weeks_Animal2_Capture2_ACCCACTAGTGGGATC,5.694577550668214,15_30,0.7694094870469969,15,1
Hepatocyte_15weeks_Animal2_Capture2_ACCCACTGTCTAAACC,4.817863901777882,15_30,0.6509543790292549,15,1
Hepatocyte_15weeks_Animal2_Capture2_ACCTTTAAGAATGTTG,3.8122468746795857,15_30,0.5150827934548984,15,5
Hepatocyte_15weeks_Animal2_Capture2_ACCTTTACAAGGTTCT,4.547541056410896,15_30,0.6144303419184616,15,5
Hepatocyte_15weeks_Animal2_Capture2_ACGAGCCTCGTCTGCT,5.516092575876889,15_30,0.7452939083797654,15,1
Hepatocyte_15weeks_Animal2_Capture2_ACGATACGTAAGAGAG,4.698443813413917,15_30,0.6348192139333922,15,1
Hepatocyte_15weeks_Animal2_Capture2_ACGATGTTCACCCTCA,5.9421769384411585,15_30,0.8028632974911407,15,1
Hepatocyte_15weeks_Animal2_Capture2_ACGATGTTCACGGTTA,3.3256518703684588,15_30,0.4493376509337076,15,5
Hepatocyte_15weeks_Animal2_Capture2_ACGCCAGAGTATTGGA,5.571758325129084,15_30,0.7528150555056294,15,1
Hepatocyte_15weeks_Animal2_Capture2_ACGCCAGTCCCTGACT,5.3144377554667415,15_30,0.7180477903750823,15,1
Hepatocyte_15weeks_Animal2_Capture2_ACGGAGACACAACGCC,5.243526110072138,15_30,0.7084667297567545,15,1
Hepatocyte_15weeks_Animal2_Capture2_ACGGAGAGTGTATGGG,2.801942092445394,15_30,0.37857783284219715,15,1
Hepatocyte_15weeks_Animal2_Capture2_ACGGCCACAAGGCTCC,3.7206247559781906,15_30,0.502703485819703,15,5
Hepatocyte_15weeks_Animal2_Capture2_ACGGCCACATCACGAT,3.8921570186091117,15_30,0.5258796650935073,15,1
Hepatocyte_15weeks_Animal2_Capture2_ACGGGCTCATGGTAGG,4.777953346340464,15_30,0.645561957956113,15,5
Hepatocyte_15weeks_Animal2_Capture2_ACGGGCTTCGTCACGG,5.845264538601775,15_30,0.7897692059302727,15,1
Hepatocyte_15weeks_Animal2_Capture2_ACGTCAATCCGCGCAA,5.6585079759644,15_30,0.7645360310752526,15,1
Hepatocyte_15weeks_Animal2_Capture2_ACTGAACAGGGCTCTC,5.864223147641708,15_30,0.7923307539163612,15,1
Hepatocyte_15weeks_Animal2_Capture2_ACTGATGTCTGCCAGG,3.424645121029479,15_30,0.4627128917719455,15,5
Hepatocyte_15weeks_Animal2_Capture2_ACTTACTTCATTATCC,5.683450844917731,15_30,0.7679061283012726,15,1
Hepatocyte_15weeks_Animal2_Capture2_ACTTGTTTCCTGCCAT,5.747144693635663,15_30,0.7765119732536102,15,1
Hepatocyte_15weeks_Animal2_Capture2_ACTTTCACACTCGACG,4.936812743341159,15_30,0.6670258727191243,15,1
Hepatocyte_15weeks_Animal2_Capture2_AGAATAGTCACGACTA,5.192823263798503,15_30,0.701616133624537,15,1
Hepatocyte_15weeks_Animal2_Capture2_AGAGCGATCTGTCTCG,4.371912410674182,15_30,0.5907006894508807,15,5
Hepatocyte_15weeks_Animal2_Capture2_AGAGCTTAGATCTGCT,5.0677369572607756,15_30,0.6847153907523106,15,1
Hepatocyte_15weeks_Animal2_Capture2_AGATCTGCACCGATAT,5.391560385611765,15_30,0.7284680336278297,15,1
Hepatocyte_15weeks_Animal2_Capture2_AGATTGCTCCCAACGG,4.748041410634511,15_30,0.6415204769325734,15,1
Hepatocyte_15weeks_Animal2_Capture2_AGCATACTCCACGTTC,4.639754636421251,15_30,0.6268895634609285,15,1
Hepatocyte_15weeks_Animal2_Capture2_AGCGGTCAGATGTAAC,5.549080110018439,15_30,0.7497509416709912,15,1
Hepatocyte_15weeks_Animal2_Capture2_AGCGGTCAGCGATGAC,5.5226977780390145,15_30,0.7461863547749868,15,1
Hepatocyte_15weeks_Animal2_Capture2_AGCGGTCCAAGAGTCG,5.9212287822064775,15_30,0.8000329365030434,15,1
Hepatocyte_15weeks_Animal2_Capture2_AGCGGTCCAAGCTGAG,4.771059691873934,15_30,0.6446305380044522,15,1
Hepatocyte_15weeks_Animal2_Capture2_AGCGTCGTCACTATTC,5.610314409282983,15_30,0.7580244703687059,15,1
Hepatocyte_15weeks_Animal2_Capture2_AGCTCCTTCGCGCCAA,5.906615335665147,15_30,0.7980584749547878,15,1
Hepatocyte_15weeks_Animal2_Capture2_AGCTTGAAGTATCGAA,5.662334391905716,15_30,0.7650530282889074,15,1
Hepatocyte_15weeks_Animal2_Capture2_AGCTTGACACGAAACG,0.9113511584091827,15_30,0.12313507386145177,15,7
Hepatocyte_15weeks_Animal2_Capture2_AGGCCACAGCTAACAA,3.6550759237579453,15_30,0.4938470091229917,15,5
Hepatocyte_15weeks_Animal2_Capture2_AGGCCGTAGTAAGTAC,5.529710820370628,15_30,0.7471339055379705,15,1
Hepatocyte_15weeks_Animal2_Capture2_AGGGAGTGTGCCTTGG,4.07407746467421,15_30,0.550459419402742,15,5
Hepatocyte_15weeks_Animal2_Capture2_AGGGAGTGTTTGGGCC,4.723328169689289,15_30,0.6381814053561927,15,5
Hepatocyte_15weeks_Animal2_Capture2_AGGGATGAGACACTAA,5.427647562771566,15_30,0.7333438679141216,15,1
Hepatocyte_15weeks_Animal2_Capture2_AGGGATGCAGATCGGA,4.735231925357797,15_30,0.6397897533787366,15,1
Hepatocyte_15weeks_Animal2_Capture2_AGGGTGATCAAGGCTT,4.485574394610504,15_30,0.6060578617747395,15,5
Hepatocyte_15weeks_Animal2_Capture2_AGTGGGACATAACCTG,5.350092132958365,15_30,0.7228651479494981,15,1
Hepatocyte_15weeks_Animal2_Capture2_AGTGTCAGTCTCTTTA,4.7500056156077255,15_30,0.6417858658797692,15,5
Hepatocyte_15weeks_Animal2_Capture2_ATAAGAGCAATGGATA,5.43761672270597,15_30,0.7346908275723529,15,1
Hepatocyte_15weeks_Animal2_Capture2_ATAAGAGCATGAACCT,5.610360925274968,15_30,0.7580307552678426,15,1
Hepatocyte_15weeks_Animal2_Capture2_ATAGACCCACATTAGC,5.593212510374383,15_30,0.7557137874164206,15,1
Hepatocyte_15weeks_Animal2_Capture2_ATCACGAAGACTACAA,5.121511319102079,15_30,0.691980987505092,15,1
Hepatocyte_15weeks_Animal2_Capture2_ATCACGACACGAAATA,4.484913616693923,15_30,0.6059685823166366,15,1
Hepatocyte_15weeks_Animal2_Capture2_ATCACGAGTAGCGTCC,5.3013443439112855,15_30,0.7162787047881458,15,1
Hepatocyte_15weeks_Animal2_Capture2_ATCATCTAGCGACGTA,4.8631269476741315,15_30,0.6570699892945207,15,5
Hepatocyte_15weeks_Animal2_Capture2_ATCCACCAGTAACCCT,5.003559526820527,15_30,0.6760442077899798,15,1
Hepatocyte_15weeks_Animal2_Capture2_ATCCACCTCAGTTCGA,5.571619762167715,15_30,0.7527963338961541,15,1
Hepatocyte_15weeks_Animal2_Capture2_ATCCACCTCTCTAAGG,5.401522104585814,15_30,0.729813987918158,15,1
Hepatocyte_15weeks_Animal2_Capture2_ATCCGAATCCGTTGTC,5.093002605716534,15_30,0.6881290995736039,15,1
Hepatocyte_15weeks_Animal2_Capture2_ATCTGCCAGGGTTTCT,5.140583857525421,15_30,0.6945579287925568,15,5
Hepatocyte_15weeks_Animal2_Capture2_ATCTGCCCATGCATGT,5.496336560404269,15_30,0.7426246206941324,15,1
Hepatocyte_15weeks_Animal2_Capture2_ATGAGGGGTTACGACT,5.8090173702289745,15_30,0.7848717548065541,15,1
Hepatocyte_15weeks_Animal2_Capture2_ATGAGGGTCTCCTATA,4.461512288548607,15_30,0.6028067667606446,15,1
Hepatocyte_15weeks_Animal2_Capture2_ATGGGAGCAGCCTTTC,5.021685448313674,15_30,0.6784932491515571,15,1
Hepatocyte_15weeks_Animal2_Capture2_ATGTGTGAGGCTACGA,5.18445229065184,15_30,0.7004851092250005,15,0
Hepatocyte_15weeks_Animal2_Capture2_ATTACTCCAATTGCTG,5.652112223872754,15_30,0.7636718840349623,15,1
Hepatocyte_15weeks_Animal2_Capture2_ATTATCCCACGGACAA,5.3272953402093535,15_30,0.7197850127754191,15,1
Hepatocyte_15weeks_Animal2_Capture2_ATTCTACCAGTCGTGC,4.903610941565729,15_30,0.6625398891591897,15,5
Hepatocyte_15weeks_Animal2_Capture2_ATTGGACCAAAGTCAA,4.948669621829707,15_30,0.6686278870414653,15,5
Hepatocyte_15weeks_Animal2_Capture2_ATTGGACCAGGTTTCA,4.566072068870245,15_30,0.6169341161956484,15,1
Hepatocyte_15weeks_Animal2_Capture2_ATTGGACGTAATAGCA,5.08287283477469,15_30,0.6867604393358743,15,5
Hepatocyte_15weeks_Animal2_Capture2_ATTGGACGTTGCCTCT,5.83756230385511,15_30,0.7887285365508818,15,1
Hepatocyte_15weeks_Animal2_Capture2_ATTTCTGTCACCAGGC,4.783382690444974,15_30,0.6462955310482842,15,1
Hepatocyte_15weeks_Animal2_Capture2_CAACCAAAGCTGATAA,3.024523196023767,15_30,0.4086513565069148,15,1
Hepatocyte_15weeks_Animal2_Capture2_CAACCAAGTATCAGTC,3.5547698599216084,15_30,0.4802943906122536,15,5
Hepatocyte_15weeks_Animal2_Capture2_CAACCAAGTGTAATGA,2.445856334897015,15_30,0.3304661410402494,15,3
Hepatocyte_15weeks_Animal2_Capture2_CAACCTCCAAGAGTCG,4.939072860050709,15_30,0.6673312430864059,15,5
Hepatocyte_15weeks_Animal2_Capture2_CAAGATCCATCATCCC,5.592234380462585,15_30,0.755581629687949,15,1
Hepatocyte_15weeks_Animal2_Capture2_CAAGTTGAGTACGTTC,5.5029921267291115,15_30,0.7435238719250518,15,1
Hepatocyte_15weeks_Animal2_Capture2_CACACAAGTCGAGTTT,4.490136912969728,15_30,0.6066743157397929,15,5
Hepatocyte_15weeks_Animal2_Capture2_CACACCTAGAGTACCG,5.569088330773692,15_30,0.7524543054817476,15,1
Hepatocyte_15weeks_Animal2_Capture2_CACCACTTCAGTGCAT,4.935191729155119,15_30,0.6668068531900583,15,1
Hepatocyte_15weeks_Animal2_Capture2_CACCAGGTCGATGAGG,4.991194809919401,15_30,0.6743735780718437,15,1
Hepatocyte_15weeks_Animal2_Capture2_CACCTTGAGACTTGAA,5.368757032496317,15_30,0.7253870120652295,15,1
Hepatocyte_15weeks_Animal2_Capture2_CACTCCAAGGTAGCTG,4.854338568302688,15_30,0.6558825680321018,15,1
Hepatocyte_15weeks_Animal2_Capture2_CACTCCAAGGTGTTAA,5.047733946867552,15_30,0.682012730927397,15,1
Hepatocyte_15weeks_Animal2_Capture2_CAGAGAGGTCTAAAGA,5.342169697752883,15_30,0.7217947267016748,15,1
Hepatocyte_15weeks_Animal2_Capture2_CAGATCATCTGTTGAG,4.631374055263285,15_30,0.625757240897484,15,5
Hepatocyte_15weeks_Animal2_Capture2_CAGCATAGTAAGGATT,4.57728310216178,15_30,0.6184488686592609,15,1
Hepatocyte_15weeks_Animal2_Capture2_CAGCATATCAACACTG,5.144396361396121,15_30,0.6950730463094263,15,1
Hepatocyte_15weeks_Animal2_Capture2_CAGCCGACACAACTGT,4.4114300385417895,15_30,0.5960400210371829,15,1
Hepatocyte_15weeks_Animal2_Capture2_CAGCGACCATTCCTCG,4.463029210292554,15_30,0.603011722083584,15,5
Hepatocyte_15weeks_Animal2_Capture2_CAGCTAAGTCCAACTA,5.542573668039927,15_30,0.7488718390263007,15,1
Hepatocyte_15weeks_Animal2_Capture2_CAGCTGGCAAACTGCT,5.469510070701938,15_30,0.7390000224693316,15,1
Hepatocyte_15weeks_Animal2_Capture2_CAGCTGGGTAAATACG,5.139904071247594,15_30,0.6944660810643153,15,5
Hepatocyte_15weeks_Animal2_Capture2_CAGGTGCCACACATGT,5.040489058748974,15_30,0.6810338548647865,15,5
Hepatocyte_15weeks_Animal2_Capture2_CAGGTGCCATGAAGTA,5.341832439514521,15_30,0.7217491588459608,15,1
Hepatocyte_15weeks_Animal2_Capture2_CAGGTGCTCAGCTGGC,5.021991728199842,15_30,0.6785346314398853,15,1
Hepatocyte_15weeks_Animal2_Capture2_CAGGTGCTCATTTGGG,5.437112388395585,15_30,0.7346226856251056,15,1
Hepatocyte_15weeks_Animal2_Capture2_CATATGGTCCTCGCAT,5.439701998326712,15_30,0.7349725746960739,15,1
Hepatocyte_15weeks_Animal2_Capture2_CATCAAGGTAGTAGTA,4.375607571320105,15_30,0.5911999524132057,15,3
Hepatocyte_15weeks_Animal2_Capture2_CATCGGGAGCCCGAAA,4.3232167475056285,15_30,0.5841212891553252,15,5
Hepatocyte_15weeks_Animal2_Capture2_CATCGGGCACGACGAA,5.115720363829645,15_30,0.6911985561682578,15,1
Hepatocyte_15weeks_Animal2_Capture2_CATCGGGTCAGCTGGC,5.36923981589905,15_30,0.7254522422121449,15,1
Hepatocyte_15weeks_Animal2_Capture2_CATGACAAGCTGTCTA,5.0131944528757435,15_30,0.6773460082216922,15,1
Hepatocyte_15weeks_Animal2_Capture2_CATGCCTCAGACGTAG,5.487122486086354,15_30,0.7413796826576439,15,1
Hepatocyte_15weeks_Animal2_Capture2_CATGCCTTCTCTAGGA,5.101346284831522,15_30,0.6892564362040787,15,5
Hepatocyte_15weeks_Animal2_Capture2_CCACCTATCTGGAGCC,3.2715905352555743,15_30,0.44203328046053714,15,5
Hepatocyte_15weeks_Animal2_Capture2_CCCAGTTTCAGAGGTG,5.662429180544236,15_30,0.7650658354334396,15,1
Hepatocyte_15weeks_Animal2_Capture2_CCCATACCACCACCAG,5.1426060195284595,15_30,0.694831148467878,15,1
Hepatocyte_15weeks_Animal2_Capture2_CCCTCCTCAGGTGGAT,4.953409194213275,15_30,0.669268263245673,15,1
Hepatocyte_15weeks_Animal2_Capture2_CCCTCCTGTCTTGCGG,4.459147034558975,15_30,0.6024871910164026,15,5
Hepatocyte_15weeks_Animal2_Capture2_CCGGTAGTCCTTCAAT,4.9789848526187965,15_30,0.672723858334087,15,1
Hepatocyte_15weeks_Animal2_Capture2_CCGTACTAGGCATTGG,4.682528762607656,15_30,0.6326688891782687,15,5
Hepatocyte_15weeks_Animal2_Capture2_CCGTACTCAAAGAATC,5.619643061663199,15_30,0.7592848893512973,15,1
Hepatocyte_15weeks_Animal2_Capture2_CCGTTCACAGGGCATA,4.993687751546201,15_30,0.6747104060316437,15,5
Hepatocyte_15weeks_Animal2_Capture2_CCTAAAGCATTCTTAC,5.083188372741128,15_30,0.6868030725079999,15,1
Hepatocyte_15weeks_Animal2_Capture2_CCTACCAGTCAATACC,4.5045319846049585,15_30,0.6086192720748889,15,5
Hepatocyte_15weeks_Animal2_Capture2_CCTAGCTTCAACGAAA,5.110891647972444,15_30,0.6905461355527288,15,1
Hepatocyte_15weeks_Animal2_Capture2_CCTCAGTGTGCGATAG,5.2726521181097485,15_30,0.7124020220070664,15,1
Hepatocyte_15weeks_Animal2_Capture2_CCTTACGCAGATGGGT,4.477691123103808,15_30,0.6049927320382049,15,5
Hepatocyte_15weeks_Animal2_Capture2_CCTTACGCAGCCTTGG,5.2104833408678,15_30,0.7040022335095941,15,5
Hepatocyte_15weeks_Animal2_Capture2_CCTTCCCCATTGGTAC,5.294040595639695,15_30,0.7152918759740391,15,5
Hepatocyte_15weeks_Animal2_Capture2_CCTTCCCTCTGTTGAG,4.233649789875248,15_30,0.572019659787109,15,1
Hepatocyte_15weeks_Animal2_Capture2_CCTTCGAAGAGAGCTC,4.941611787419959,15_30,0.6676742843019207,15,1
Hepatocyte_15weeks_Animal2_Capture2_CGAACATAGTACGCCC,5.242735704522539,15_30,0.7083599359651053,15,1
Hepatocyte_15weeks_Animal2_Capture2_CGAACATAGTCCGGTC,5.680632360891476,15_30,0.7675253154438488,15,1
Hepatocyte_15weeks_Animal2_Capture2_CGACCTTGTCATTAGC,5.564782509603618,15_30,0.7518725345552293,15,1
Hepatocyte_15weeks_Animal2_Capture2_CGAGCACAGACTAAGT,3.9482511909456828,15_30,0.5334586975993939,15,1
Hepatocyte_15weeks_Animal2_Capture2_CGAGCCACAGGTGGAT,5.1181274779433386,15_30,0.6915237877449641,15,1
Hepatocyte_15weeks_Animal2_Capture2_CGATGTATCCCAGGTG,4.999987463803843,15_30,0.675561576875059,15,1
Hepatocyte_15weeks_Animal2_Capture2_CGATTGAGTTGTGGAG,4.887925291786505,15_30,0.6604205593856906,15,1
Hepatocyte_15weeks_Animal2_Capture2_CGCGGTATCCACGTTC,4.2921885361609995,15_30,0.5799289851674982,15,1
Hepatocyte_15weeks_Animal2_Capture2_CGCTGGAAGCTTATCG,4.605401250393603,15_30,0.622247986296217,15,5
Hepatocyte_15weeks_Animal2_Capture2_CGCTTCATCACGCATA,4.6628254582924,15_30,0.6300067234370097,15,5
Hepatocyte_15weeks_Animal2_Capture2_CGGACACAGCTAGTCT,5.525095934919818,15_30,0.7465103761161838,15,1
Hepatocyte_15weeks_Animal2_Capture2_CGGACACTCCGATATG,5.243753433031237,15_30,0.7084974439651042,15,3
Hepatocyte_15weeks_Animal2_Capture2_CGGACGTCAATGGACG,4.648803557622565,15_30,0.6281121872214943,15,5
Hepatocyte_15weeks_Animal2_Capture2_CGGAGTCAGATGCCTT,5.9285837801117385,15_30,0.8010266897911789,15,1
Hepatocyte_15weeks_Animal2_Capture2_CGGGTCATCTCCAGGG,4.117716801738814,15_30,0.556355646058222,15,1
Hepatocyte_15weeks_Animal2_Capture2_CGGTTAATCATGGTCA,5.4864466583352085,15_30,0.7412883697764487,15,1
Hepatocyte_15weeks_Animal2_Capture2_CGTAGCGAGTACGTAA,4.491757594551913,15_30,0.6068932903298693,15,1
Hepatocyte_15weeks_Animal2_Capture2_CGTAGCGGTAAGGATT,5.296521164846879,15_30,0.7156270322633866,15,0
Hepatocyte_15weeks_Animal2_Capture2_CGTAGCGGTATATGAG,5.480563161936326,15_30,0.7404934349624034,15,1
Hepatocyte_15weeks_Animal2_Capture2_CGTCACTTCAGGTTCA,4.507188042364396,15_30,0.6089781390883017,15,5
Hepatocyte_15weeks_Animal2_Capture2_CGTCTACAGACCGGAT,4.174580411333097,15_30,0.5640386392741883,15,5
Hepatocyte_15weeks_Animal2_Capture2_CGTCTACAGCCACGTC,3.1161054527818224,15_30,0.42102527828914665,15,5
Hepatocyte_15weeks_Animal2_Capture2_CGTCTACCATGGTAGG,5.560339602692936,15_30,0.7512722416104535,15,1
Hepatocyte_15weeks_Animal2_Capture2_CGTGAGCAGGGATCTG,3.977717494146392,15_30,0.5374399680323814,15,5
Hepatocyte_15weeks_Animal2_Capture2_CGTGTAATCAGGCGAA,5.931218494125293,15_30,0.8013826729944362,15,1
Hepatocyte_15weeks_Animal2_Capture2_CGTTCTGGTCAACTGT,3.8835382616501786,15_30,0.5247151619654434,15,5
Hepatocyte_15weeks_Animal2_Capture2_CGTTGGGGTCGGCACT,5.4240007646651325,15_30,0.7328511393428678,15,0
Hepatocyte_15weeks_Animal2_Capture2_CGTTGGGTCCTGCCAT,5.306190912710948,15_30,0.7169335375621149,15,1
Hepatocyte_15weeks_Animal2_Capture2_CGTTGGGTCCTTGACC,5.251890120049383,15_30,0.7095968133439897,15,1
Hepatocyte_15weeks_Animal2_Capture2_CTAATGGCATATGCTG,5.851885435724972,15_30,0.790663772913341,15,1
Hepatocyte_15weeks_Animal2_Capture2_CTACACCTCAGCTTAG,4.04196693882914,15_30,0.5461208810301518,15,1
Hepatocyte_15weeks_Animal2_Capture2_CTACCCACATCGGAAG,4.676830942150338,15_30,0.6318990415334972,15,0
Hepatocyte_15weeks_Animal2_Capture2_CTACGTCTCCCTTGCA,5.535020566945917,15_30,0.7478513194905408,15,1
Hepatocyte_15weeks_Animal2_Capture2_CTAGAGTAGCTCCTTC,5.31329311097722,15_30,0.7178931344200623,15,1
Hepatocyte_15weeks_Animal2_Capture2_CTAGCCTAGCGGCTTC,4.679529952030507,15_30,0.6322637119219429,15,5
Hepatocyte_15weeks_Animal2_Capture2_CTAGTGACAATCACAC,5.148164446372317,15_30,0.6955821622715654,15,5
Hepatocyte_15weeks_Animal2_Capture2_CTCGAAAAGGAGTAGA,5.284859105443875,15_30,0.7140513404647696,15,1
Hepatocyte_15weeks_Animal2_Capture2_CTCGAAACAGTATAAG,5.508236901061146,15_30,0.7442325073053908,15,1
Hepatocyte_15weeks_Animal2_Capture2_CTCGAAATCCAGTAGT,5.330637746531491,15_30,0.7202366141647999,15,5
Hepatocyte_15weeks_Animal2_Capture2_CTCGGAGGTCCTCTTG,5.224142122271302,15_30,0.7058477077172678,15,1
Hepatocyte_15weeks_Animal2_Capture2_CTCGGAGTCGCTTAGA,5.330284709021031,15_30,0.7201889143297525,15,1
Hepatocyte_15weeks_Animal2_Capture2_CTCGTCAAGGTTCCTA,5.037266003760667,15_30,0.6805983793508942,15,1
Hepatocyte_15weeks_Animal2_Capture2_CTCTACGCAGTCGATT,5.595427782843297,15_30,0.7560130987593272,15,1
Hepatocyte_15weeks_Animal2_Capture2_CTCTACGTCGGTCCGA,5.803127386945958,15_30,0.7840759435323764,15,1
Hepatocyte_15weeks_Animal2_Capture2_CTCTGGTAGTAACCCT,4.805749760677539,15_30,0.6493176052726247,15,5
Hepatocyte_15weeks_Animal2_Capture2_CTCTGGTCAGCTCGCA,5.23160069518454,15_30,0.706855455299633,15,1
Hepatocyte_15weeks_Animal2_Capture2_CTGAAACGTAGTACCT,5.543302973649942,15_30,0.7489703774429451,15,1
Hepatocyte_15weeks_Animal2_Capture2_CTGAAGTCACCACCAG,5.18539891471271,15_30,0.7006130101143325,15,1
Hepatocyte_15weeks_Animal2_Capture2_CTGAAGTCAGACGCTC,4.685081242548221,15_30,0.6330137615176642,15,5
Hepatocyte_15weeks_Animal2_Capture2_CTGATAGTCAGTACGT,4.634117310518514,15_30,0.6261278893959871,15,5
Hepatocyte_15weeks_Animal2_Capture2_CTGATAGTCGCCATAA,5.303057290515118,15_30,0.7165101455501808,15,1
Hepatocyte_15weeks_Animal2_Capture2_CTGCCTAGTAAATGTG,5.413355787874832,15_30,0.7314128682755274,15,1
Hepatocyte_15weeks_Animal2_Capture2_CTGCCTAGTACCGAGA,5.57722925680729,15_30,0.7535542476052618,15,1
Hepatocyte_15weeks_Animal2_Capture2_CTGCGGAAGATAGGAG,4.2448590400912405,15_30,0.5735341713346525,15,5
Hepatocyte_15weeks_Animal2_Capture2_CTGCTGTCAGATTGCT,4.894102152592913,15_30,0.6612551314434653,15,1
Hepatocyte_15weeks_Animal2_Capture2_CTGCTGTCATCCCACT,5.037252248609108,15_30,0.680596520855859,15,1
Hepatocyte_15weeks_Animal2_Capture2_CTGTTTAAGAGGTTAT,3.8236864950316845,15_30,0.5166284309229645,15,5
Hepatocyte_15weeks_Animal2_Capture2_CTGTTTATCGGATGGA,4.7888125800353665,15_30,0.6470291778425009,15,1
Hepatocyte_15weeks_Animal2_Capture2_CTTAACTAGGGTCTCC,4.936144429770012,15_30,0.6669355750987324,15,5
Hepatocyte_15weeks_Animal2_Capture2_CTTACCGCACCAACCG,4.846901112113791,15_30,0.6548776735864089,15,5
Hepatocyte_15weeks_Animal2_Capture2_CTTAGGAAGACCTTTG,5.6727278149289395,15_30,0.7664573112591204,15,1
Hepatocyte_15weeks_Animal2_Capture2_CTTAGGAAGGGCATGT,5.366370559349878,15_30,0.7250645693443928,15,1
Hepatocyte_15weeks_Animal2_Capture2_CTTAGGACAAGTTGTC,5.577720729987247,15_30,0.7536206518510418,15,1
Hepatocyte_15weeks_Animal2_Capture2_CTTCTCTAGCCTTGAT,5.397182362846678,15_30,0.729227633893524,15,1
Hepatocyte_15weeks_Animal2_Capture2_CTTTGCGCACCGTTGG,4.073177647016004,15_30,0.5503378426507044,15,5
Hepatocyte_15weeks_Animal2_Capture2_CTTTGCGTCTGTTTGT,5.721584997465247,15_30,0.7730585348651473,15,1
Hepatocyte_15weeks_Animal2_Capture2_CTTTGCGTCTTGTTTG,4.582145694651652,15_30,0.6191058664365433,15,5
Hepatocyte_15weeks_Animal2_Capture2_GAAACTCTCTGTTTGT,5.627667842412476,15_30,0.7603691387771818,15,0
Hepatocyte_15weeks_Animal2_Capture2_GAAATGAAGCGATGAC,3.7541986679014143,15_30,0.5072397461693364,15,5
Hepatocyte_15weeks_Animal2_Capture2_GAACATCAGTCCAGGA,5.4031915656131995,15_30,0.7300395532285426,15,1
Hepatocyte_15weeks_Animal2_Capture2_GAACATCCAGTAACGG,3.0627607413704157,15_30,0.41381773274629874,15,5
Hepatocyte_15weeks_Animal2_Capture2_GAACATCGTACGCTGC,3.8588477074370178,15_30,0.5213791556536451,15,5
Hepatocyte_15weeks_Animal2_Capture2_GAAGCAGAGCTCCTCT,5.081259873577954,15_30,0.6865425078675669,15,5
Hepatocyte_15weeks_Animal2_Capture2_GAAGCAGCACGGCGTT,4.133987077298481,15_30,0.5585539661725925,15,5
Hepatocyte_15weeks_Animal2_Capture2_GAATAAGCAAAGAATC,2.361790652408184,15_30,0.31910780355753354,15,5
Hepatocyte_15weeks_Animal2_Capture2_GAATAAGCATCCCATC,4.196793449713228,15_30,0.5670399018461251,15,1
Hepatocyte_15weeks_Animal2_Capture2_GAATGAACACGGCCAT,5.522485754434831,15_30,0.7461577077030863,15,1
Hepatocyte_15weeks_Animal2_Capture2_GAATGAAGTGTGACGA,5.36013854337245,15_30,0.7242225451250722,15,5
Hepatocyte_15weeks_Animal2_Capture2_GAATGAATCCGTCAAA,5.112307539887394,15_30,0.6907374404673255,15,1
Hepatocyte_15weeks_Animal2_Capture2_GACAGAGGTTATGTGC,5.285152440925536,15_30,0.7140909738002488,15,1
Hepatocyte_15weeks_Animal2_Capture2_GACAGAGTCTTGTACT,5.237776080935282,15_30,0.7076898280587217,15,1
Hepatocyte_15weeks_Animal2_Capture2_GACCAATAGAATTGTG,5.157069742481719,15_30,0.6967853804647626,15,1
Hepatocyte_15weeks_Animal2_Capture2_GACGCGTTCGTGGGAA,3.1847012010052023,15_30,0.4302934318939672,15,7
Hepatocyte_15weeks_Animal2_Capture2_GACGGCTTCCCATTTA,5.5261622524125835,15_30,0.7466544491027816,15,1
Hepatocyte_15weeks_Animal2_Capture2_GACGGCTTCTGCTGTC,4.925212872337077,15_30,0.665458583360142,15,5
Hepatocyte_15weeks_Animal2_Capture2_GACTGCGTCCAGTAGT,5.325493784991098,15_30,0.7195415998683102,15,1
Hepatocyte_15weeks_Animal2_Capture2_GAGGTGAGTCACCCAG,5.258794620846325,15_30,0.7105296987721401,15,1
Hepatocyte_15weeks_Animal2_Capture2_GAGTCCGAGAGTCGGT,5.664300659666298,15_30,0.7653186959447792,15,1
Hepatocyte_15weeks_Animal2_Capture2_GATCAGTAGTGGCACA,5.19474013240275,15_30,0.7018751268292843,15,1
Hepatocyte_15weeks_Animal2_Capture2_GATCGATGTGACGCCT,4.942742001732158,15_30,0.667826990557383,15,5
Hepatocyte_15weeks_Animal2_Capture2_GATCGCGTCTATCCCG,5.728275550917041,15_30,0.7739625132996496,15,1
Hepatocyte_15weeks_Animal2_Capture2_GATCGTACAACCGCCA,5.702491226719223,15_30,0.7704787248222114,15,1
Hepatocyte_15weeks_Animal2_Capture2_GATCGTAGTATGGTTC,5.6646754176638225,15_30,0.765369330492483,15,1
Hepatocyte_15weeks_Animal2_Capture2_GATCTAGTCGAGAGCA,5.446185793446961,15_30,0.7358486174636367,15,1
Hepatocyte_15weeks_Animal2_Capture2_GATCTAGTCTCGAGTA,4.507396596510556,15_30,0.6090063173925201,15,1
Hepatocyte_15weeks_Animal2_Capture2_GATGAAAAGCTAGCCC,5.105959726632468,15_30,0.6898797705705008,15,1
Hepatocyte_15weeks_Animal2_Capture2_GATGAGGCACCTCGTT,4.100952289753629,15_30,0.5540905483486296,15,5
Hepatocyte_15weeks_Animal2_Capture2_GATGAGGTCTCACATT,4.0058592410059495,15_30,0.5412422741425646,15,5
Hepatocyte_15weeks_Animal2_Capture2_GATGCTAGTAAATGTG,5.411797366759116,15_30,0.7312023058623235,15,1
Hepatocyte_15weeks_Animal2_Capture2_GATGCTAGTCATCCCT,5.378914621385879,15_30,0.7267594308597078,15,1
Hepatocyte_15weeks_Animal2_Capture2_GATGCTAGTTCAGGCC,4.526911209706998,15_30,0.6116429885759046,15,1
Hepatocyte_15weeks_Animal2_Capture2_GATGCTATCTCCCTGA,5.148887193347925,15_30,0.6956798145337078,15,1
Hepatocyte_15weeks_Animal2_Capture2_GATTCAGAGCTGATAA,5.878139375679447,15_30,0.7942110124220847,15,1
Hepatocyte_15weeks_Animal2_Capture2_GATTCAGCAACGATGG,5.269737503258412,15_30,0.7120082206587217,15,1
Hepatocyte_15weeks_Animal2_Capture2_GCAAACTTCTTGCATT,5.04364249879584,15_30,0.6814599245191735,15,5
Hepatocyte_15weeks_Animal2_Capture2_GCACATATCTCGTATT,4.512759775135508,15_30,0.6097309506911361,15,1
Hepatocyte_15weeks_Animal2_Capture2_GCACTCTAGGGCACTA,4.839348830696203,15_30,0.653857264799306,15,1
Hepatocyte_15weeks_Animal2_Capture2_GCAGCCATCTTTCCTC,5.700812677815205,15_30,0.7702519316246945,15,1
Hepatocyte_15weeks_Animal2_Capture2_GCATGCGGTTCGTGAT,5.410327845089526,15_30,0.7310037548892365,15,1
Hepatocyte_15weeks_Animal2_Capture2_GCATGCGGTTGGTAAA,4.628479223652527,15_30,0.6253661125152813,15,5
Hepatocyte_15weeks_Animal2_Capture2_GCATGTATCAACACCA,5.452160270139077,15_30,0.7366558448665746,15,1
Hepatocyte_15weeks_Animal2_Capture2_GCCAAATTCGACCAGC,4.33247704576437,15_30,0.5853724726311433,15,5
Hepatocyte_15weeks_Animal2_Capture2_GCCTCTACACTTACGA,5.634040679090804,15_30,0.7612301896551579,15,1
Hepatocyte_15weeks_Animal2_Capture2_GCGCAACTCTAACTCT,5.2780715386779,15_30,0.7131342543039019,15,5
Hepatocyte_15weeks_Animal2_Capture2_GCGCAACTCTCCCTGA,4.795495908516183,15_30,0.6479321800919985,15,1
Hepatocyte_15weeks_Animal2_Capture2_GCGCGATAGAACTGTA,4.977048242284049,15_30,0.6724621977717344,15,5
Hepatocyte_15weeks_Animal2_Capture2_GCTCCTACACCCATTC,5.1653049584419675,15_30,0.6978980623505248,15,1
Hepatocyte_15weeks_Animal2_Capture2_GCTCTGTCATGCAATC,5.601418449899053,15_30,0.7568225136852681,15,1
Hepatocyte_15weeks_Animal2_Capture2_GCTCTGTTCACGAAGG,5.1333803113876515,15_30,0.6935846385547006,15,1
Hepatocyte_15weeks_Animal2_Capture2_GCTGCAGAGCCAGTTT,4.640249902397196,15_30,0.6269564801614411,15,1
Hepatocyte_15weeks_Animal2_Capture2_GCTGCAGCACATTCGA,4.880614134906867,15_30,0.659432729574887,15,5
Hepatocyte_15weeks_Animal2_Capture2_GCTGCAGCACCAGTTA,4.777566886594577,15_30,0.64550974235413,15,5
Hepatocyte_15weeks_Animal2_Capture2_GCTGCTTGTCTCTCTG,4.928497193686046,15_30,0.6659023367346326,15,5
Hepatocyte_15weeks_Animal2_Capture2_GCTGGGTCATCCTAGA,4.935088789163832,15_30,0.6667929446946189,15,1
Hepatocyte_15weeks_Animal2_Capture2_GCTGGGTGTACACCGC,5.610205512646009,15_30,0.7580097570550579,15,1
Hepatocyte_15weeks_Animal2_Capture2_GCTTCCATCATTCACT,5.819204218504587,15_30,0.7862481269143402,15,1
Hepatocyte_15weeks_Animal2_Capture2_GCTTCCATCGCCTGTT,5.652438013999992,15_30,0.7637159024037444,15,1
Hepatocyte_15weeks_Animal2_Capture2_GCTTCCATCTGTCTAT,5.769541010470137,15_30,0.779537999063959,15,1
Hepatocyte_15weeks_Animal2_Capture2_GCTTGAACACCATCCT,5.649238924355018,15_30,0.7632836649109969,15,1
Hepatocyte_15weeks_Animal2_Capture2_GCTTGAATCTTTAGGG,5.670282198127248,15_30,0.7661268774820473,15,1
Hepatocyte_15weeks_Animal2_Capture2_GGACAAGTCCGATATG,5.6448659110398705,15_30,0.7626928154754207,15,1
Hepatocyte_15weeks_Animal2_Capture2_GGACATTCACATGGGA,3.680328195881849,15_30,0.4972589106325854,15,5
Hepatocyte_15weeks_Animal2_Capture2_GGACGTCTCCTAGAAC,5.869035710031883,15_30,0.792980991994087,15,1
Hepatocyte_15weeks_Animal2_Capture2_GGATGTTAGCTAGTTC,4.17873809896119,15_30,0.5646003954846832,15,5
Hepatocyte_15weeks_Animal2_Capture2_GGATTACGTCTTTCAT,4.930921744372036,15_30,0.6662299242129008,15,5
Hepatocyte_15weeks_Animal2_Capture2_GGCCGATCAGGTGGAT,5.376727526570969,15_30,0.726463926674421,15,1
Hepatocyte_15weeks_Animal2_Capture2_GGCCGATGTAATCACC,5.730788380883654,15_30,0.7743020284258281,15,1
Hepatocyte_15weeks_Animal2_Capture2_GGCGTGTGTTGGTGGA,5.719252447635309,15_30,0.7727433778667229,15,1
Hepatocyte_15weeks_Animal2_Capture2_GGCTCGAGTCGTGGCT,4.748644685341417,15_30,0.6416019869793959,15,1
Hepatocyte_15weeks_Animal2_Capture2_GGCTCGATCGGCGCTA,5.658322431704809,15_30,0.7645109616978798,15,1
Hepatocyte_15weeks_Animal2_Capture2_GGCTGGTGTACAGACG,5.733190777095829,15_30,0.7746266225543383,15,5
Hepatocyte_15weeks_Animal2_Capture2_GGCTGGTGTTTCCACC,5.121727501642711,15_30,0.6920101965019344,15,5
Hepatocyte_15weeks_Animal2_Capture2_GGGAATGAGCAATATG,5.207167804853622,15_30,0.7035542626388391,15,1
Hepatocyte_15weeks_Animal2_Capture2_GGGAGATCAGTCGATT,3.8610371134634285,15_30,0.5216749721128521,15,5
Hepatocyte_15weeks_Animal2_Capture2_GGGCACTGTTTGTTGG,5.1644829032144735,15_30,0.6977869922868927,15,5
Hepatocyte_15weeks_Animal2_Capture2_GGGCACTTCCCTTGTG,4.82982877537276,15_30,0.6525709848570458,15,5
Hepatocyte_15weeks_Animal2_Capture2_GGGTCTGCATACAGCT,4.145766206428951,15_30,0.5601454755728064,15,3
Hepatocyte_15weeks_Animal2_Capture2_GGTATTGGTGTGAAAT,4.680487961441391,15_30,0.6323931511161334,15,1
Hepatocyte_15weeks_Animal2_Capture2_GGTGAAGCAGTGACAG,5.508853351214881,15_30,0.7443157975218038,15,1
Hepatocyte_15weeks_Animal2_Capture2_GGTGAAGGTACAGACG,5.639886092109371,15_30,0.7620199789226104,15,1
Hepatocyte_15weeks_Animal2_Capture2_GGTGTTATCGGAATCT,5.579421339693683,15_30,0.7538504257421257,15,1
Hepatocyte_15weeks_Animal2_Capture2_GTACGTATCGCTGATA,5.245086612809188,15_30,0.7086775734233419,15,1
Hepatocyte_15weeks_Animal2_Capture2_GTACGTATCTCGCATC,5.456582721390744,15_30,0.737253373992969,15,5
Hepatocyte_15weeks_Animal2_Capture2_GTACTCCCACCAGGCT,4.7450973828967475,15_30,0.6411227015310779,15,5
Hepatocyte_15weeks_Animal2_Capture2_GTACTCCGTAACGACG,5.217393406013558,15_30,0.7049358707516816,15,1
Hepatocyte_15weeks_Animal2_Capture2_GTAGGCCGTAAGAGAG,5.329389308281794,15_30,0.72006793435936,15,1
Hepatocyte_15weeks_Animal2_Capture2_GTATCTTAGAGCTTCT,5.470332989498566,15_30,0.7391112092120814,15,1
Hepatocyte_15weeks_Animal2_Capture2_GTATCTTCAATCACAC,5.1861579263379864,15_30,0.7007155621895428,15,5
Hepatocyte_15weeks_Animal2_Capture2_GTATCTTGTAGGCTGA,4.847956749602736,15_30,0.6550203035693445,15,5
Hepatocyte_15weeks_Animal2_Capture2_GTCACAACACTCAGGC,4.445605672922701,15_30,0.6006575817051271,15,5
Hepatocyte_15weeks_Animal2_Capture2_GTCATTTGTCCTCTTG,5.781782705700548,15_30,0.7811920069976487,15,1
Hepatocyte_15weeks_Animal2_Capture2_GTCATTTTCAGGCAAG,5.441984644115329,15_30,0.7352809890270234,15,0
Hepatocyte_15weeks_Animal2_Capture2_GTCCTCACACCTATCC,5.572711914745507,15_30,0.7529438975296597,15,1
Hepatocyte_15weeks_Animal2_Capture2_GTGCATATCTTACCTA,4.9585621875771615,15_30,0.6699644978558065,15,1
Hepatocyte_15weeks_Animal2_Capture2_GTGCGGTGTTCCACGG,5.519907600008748,15_30,0.7458093664158091,15,1
Hepatocyte_15weeks_Animal2_Capture2_GTGCTTCCACCATGTA,5.062592681855693,15_30,0.6840203340487298,15,3
Hepatocyte_15weeks_Animal2_Capture2_GTGGGTCGTCAACTGT,5.965708167786527,15_30,0.8060426643430473,15,1
Hepatocyte_15weeks_Animal2_Capture2_GTGGGTCTCAGCGACC,2.8894742790588293,15_30,0.3904045388977574,15,0
Hepatocyte_15weeks_Animal2_Capture2_GTGTGCGTCTCCCTGA,5.295207199472944,15_30,0.7154494989142732,15,1
Hepatocyte_15weeks_Animal2_Capture2_GTGTTAGTCTCAACTT,4.625078044725223,15_30,0.6249065702032259,15,1
Hepatocyte_15weeks_Animal2_Capture2_GTTACAGCACACTGCG,5.848555749291892,15_30,0.7902138901419311,15,1
Hepatocyte_15weeks_Animal2_Capture2_GTTACAGCAGGACGTA,5.45599407558875,15_30,0.7371738404963164,15,1
Hepatocyte_15weeks_Animal2_Capture2_GTTCGGGAGTGACTCT,5.590835086758946,15_30,0.7553925674017362,15,1
Hepatocyte_15weeks_Animal2_Capture2_GTTTCTACAGGGATTG,5.536276624959031,15_30,0.7480210288224399,15,1
Hepatocyte_15weeks_Animal2_Capture2_TAAACCGAGACTAAGT,3.4650108771582073,15_30,0.4681668162186544,15,1
Hepatocyte_15weeks_Animal2_Capture2_TAAACCGAGGCCGAAT,5.5650757921667235,15_30,0.751912160740742,15,1
Hepatocyte_15weeks_Animal2_Capture2_TAAACCGGTGCCTGCA,5.051651166116352,15_30,0.6825419968169302,15,1
Hepatocyte_15weeks_Animal2_Capture2_TACACGAAGCACACAG,5.63571597140416,15_30,0.761456542846067,15,1
Hepatocyte_15weeks_Animal2_Capture2_TACAGTGGTCATATGC,5.206494914504685,15_30,0.7034633466378526,15,1
Hepatocyte_15weeks_Animal2_Capture2_TACAGTGTCTGCGTAA,5.578843316415593,15_30,0.7537723274828714,15,1
Hepatocyte_15weeks_Animal2_Capture2_TACAGTGTCTGTACGA,4.958347413300093,15_30,0.6699354791331918,15,1
Hepatocyte_15weeks_Animal2_Capture2_TACCTATTCAGCATGT,5.028867218980548,15_30,0.6794635972477456,15,1
Hepatocyte_15weeks_Animal2_Capture2_TACCTTAAGGCAGTCA,5.346637486246777,15_30,0.7223983814631976,15,1
Hepatocyte_15weeks_Animal2_Capture2_TACCTTAGTCCAGTAT,2.9695058931177556,15_30,0.40121782268794765,15,7
Hepatocyte_15weeks_Animal2_Capture2_TACGGATAGGACGAAA,5.5109163160996335,15_30,0.7445945301827694,15,1
Hepatocyte_15weeks_Animal2_Capture2_TACGGATTCTTACCGC,5.145753933758636,15_30,0.6952564715145056,15,1
Hepatocyte_15weeks_Animal2_Capture2_TACGGGCCACCCATGG,3.9926938442176185,15_30,0.5394634624397561,15,5
Hepatocyte_15weeks_Animal2_Capture2_TACGGTAGTTCAGCGC,5.3542135878734705,15_30,0.7234220086619747,15,1
Hepatocyte_15weeks_Animal2_Capture2_TACTCGCCAAGTACCT,5.2665092260806725,15_30,0.7115720395609547,15,1
Hepatocyte_15weeks_Animal2_Capture2_TACTCGCCATAAGACA,5.423281274409384,15_30,0.7327539271047896,15,1
Hepatocyte_15weeks_Animal2_Capture2_TACTTACAGGTAGCTG,4.856738696621241,15_30,0.6562068557394855,15,1
Hepatocyte_15weeks_Animal2_Capture2_TACTTACCATCTGGTA,3.3290636293299496,15_30,0.4497986227422627,15,5
Hepatocyte_15weeks_Animal2_Capture2_TACTTACTCTCTGAGA,5.293132889618109,15_30,0.7151692334042885,15,1
Hepatocyte_15weeks_Animal2_Capture2_TACTTGTTCTCCGGTT,5.243675836529236,15_30,0.7084869596957671,15,1
Hepatocyte_15weeks_Animal2_Capture2_TAGACCAGTAGCTTGT,4.9536674218866485,15_30,0.6693031530719935,15,5
Hepatocyte_15weeks_Animal2_Capture2_TAGCCGGGTTTGACTG,5.210854901279084,15_30,0.7040524360229341,15,1
Hepatocyte_15weeks_Animal2_Capture2_TAGGCATTCTCACATT,2.860077258865921,15_30,0.3864326294758405,15,5
Hepatocyte_15weeks_Animal2_Capture2_TAGTGGTGTACGCTGC,4.159920936283967,15_30,0.5620579586920781,15,5
Hepatocyte_15weeks_Animal2_Capture2_TAGTGGTGTGCCTGCA,4.109282476392142,15_30,0.555216061974797,15,1
Hepatocyte_15weeks_Animal2_Capture2_TAGTTGGAGTCTCGGC,5.068113094160689,15_30,0.684766211607176,15,1
Hepatocyte_15weeks_Animal2_Capture2_TATCAGGAGATAGCAT,4.482157508709322,15_30,0.6055961972517552,15,1
Hepatocyte_15weeks_Animal2_Capture2_TATCAGGAGATCGGGT,5.480383796305057,15_30,0.7404692003959021,15,1
Hepatocyte_15weeks_Animal2_Capture2_TATCAGGAGGCGCTCT,2.801222420103352,15_30,0.3784805960019565,15,5
Hepatocyte_15weeks_Animal2_Capture2_TATCAGGCAGTCACTA,4.88047904942097,15_30,0.6594144778163523,15,1
Hepatocyte_15weeks_Animal2_Capture2_TATTACCTCTCTGAGA,5.396814449000393,15_30,0.7291779240772596,15,1
Hepatocyte_15weeks_Animal2_Capture2_TCACGAAAGCTGAAAT,3.5500387814163017,15_30,0.47965516203848174,15,1
Hepatocyte_15weeks_Animal2_Capture2_TCACGAACACCTCGGA,4.628390120066763,15_30,0.6253540734933157,15,5
Hepatocyte_15weeks_Animal2_Capture2_TCACGAATCTGCCAGG,5.805983404588922,15_30,0.784461827656373,15,1
Hepatocyte_15weeks_Animal2_Capture2_TCAGATGCACCCAGTG,5.822184052309405,15_30,0.7866507401685896,15,1
Hepatocyte_15weeks_Animal2_Capture2_TCAGCAATCTAACCGA,5.534939439720451,15_30,0.7478403581757854,15,1
Hepatocyte_15weeks_Animal2_Capture2_TCAGCAATCTGGAGCC,3.0979035594346005,15_30,0.4185659721687257,15,1
Hepatocyte_15weeks_Animal2_Capture2_TCAGCTCTCACGGTTA,5.261926785658798,15_30,0.7109528938731409,15,1
Hepatocyte_15weeks_Animal2_Capture2_TCAGGATAGCGTGAGT,5.43405605729119,15_30,0.7342097366176761,15,1
Hepatocyte_15weeks_Animal2_Capture2_TCAGGATGTTAGATGA,5.590806647683076,15_30,0.7553887249227142,15,1
Hepatocyte_15weeks_Animal2_Capture2_TCATTACCAGTCCTTC,4.942181397302107,15_30,0.6677512458049191,15,5
Hepatocyte_15weeks_Animal2_Capture2_TCCACACAGGAGTACC,3.5756673726257624,15_30,0.4831179090185267,15,5
Hepatocyte_15weeks_Animal2_Capture2_TCCACACTCGTGTAGT,5.805195120462633,15_30,0.7843553204958578,15,1
Hepatocyte_15weeks_Animal2_Capture2_TCCCGATAGAAACGCC,4.3905488799687244,15_30,0.5932187122809673,15,1
Hepatocyte_15weeks_Animal2_Capture2_TCCCGATAGACGCACA,5.895778937426762,15_30,0.7965943404275384,15,1
Hepatocyte_15weeks_Animal2_Capture2_TCCCGATAGGCACATG,5.612668837904561,15_30,0.7583425834687381,15,1
Hepatocyte_15weeks_Animal2_Capture2_TCCCGATCAAATTGCC,5.242114168304588,15_30,0.708275958557057,15,1
Hepatocyte_15weeks_Animal2_Capture2_TCCCGATGTACTCTCC,4.568808907950203,15_30,0.6173038977876812,15,5
Hepatocyte_15weeks_Animal2_Capture2_TCGCGAGCATAAGACA,5.100169326639556,15_30,0.6890974142589564,15,5
Hepatocyte_15weeks_Animal2_Capture2_TCGCGTTCACCTCGGA,5.390801036860963,15_30,0.728365436002695,15,1
Hepatocyte_15weeks_Animal2_Capture2_TCGGGACTCTCCCTGA,5.163892877978843,15_30,0.6977072724113002,15,1
Hepatocyte_15weeks_Animal2_Capture2_TCGGTAAGTCGGATCC,5.354243468967084,15_30,0.7234260459758414,15,1
Hepatocyte_15weeks_Animal2_Capture2_TCGTAGAGTATTACCG,4.998163766456365,15_30,0.6753151722861027,15,1
Hepatocyte_15weeks_Animal2_Capture2_TCGTAGATCCTTGGTC,4.422086582749895,15_30,0.5974798550090444,15,1
Hepatocyte_15weeks_Animal2_Capture2_TGAAAGAAGCTGCCCA,4.50639893209554,15_30,0.6088715203054715,15,5
Hepatocyte_15weeks_Animal2_Capture2_TGACAACAGAAACCAT,5.029389799558185,15_30,0.6795342044965894,15,1
Hepatocyte_15weeks_Animal2_Capture2_TGACAACAGACCACGA,5.435727963854851,15_30,0.7344356323509577,15,1
Hepatocyte_15weeks_Animal2_Capture2_TGACTAGTCGTAGGTT,5.512816511195965,15_30,0.7448512705856085,15,1
Hepatocyte_15weeks_Animal2_Capture2_TGAGAGGGTCTGGAGA,4.837162224349202,15_30,0.6535618266122147,15,7
Hepatocyte_15weeks_Animal2_Capture2_TGAGCCGCAAGCCCAC,1.2888996068194556,15_30,0.17414664679062383,15,7
Hepatocyte_15weeks_Animal2_Capture2_TGAGCCGCACGGTTTA,5.1412041432969104,15_30,0.6946417372494649,15,1
Hepatocyte_15weeks_Animal2_Capture2_TGAGGGACAGATGAGC,5.617340410473284,15_30,0.7589737720374814,15,1
Hepatocyte_15weeks_Animal2_Capture2_TGATTTCAGATGCCTT,5.63149199892045,15_30,0.7608858307128008,15,1
Hepatocyte_15weeks_Animal2_Capture2_TGCCCATAGCCCAACC,5.837396875436163,15_30,0.7887061850781285,15,1
Hepatocyte_15weeks_Animal2_Capture2_TGCCCTACAGGACCCT,5.060409502299253,15_30,0.6837253588644063,15,1
Hepatocyte_15weeks_Animal2_Capture2_TGCCCTATCACAATGC,5.7048164780097625,15_30,0.7707928956956064,15,1
Hepatocyte_15weeks_Animal2_Capture2_TGCGCAGAGTTGAGTA,5.59457948978519,15_30,0.7558984836327622,15,1
Hepatocyte_15weeks_Animal2_Capture2_TGCGCAGGTTCTCATT,5.358569019189487,15_30,0.7240104825469833,15,1
Hepatocyte_15weeks_Animal2_Capture2_TGCGTGGGTGGCTCCA,5.583112847942717,15_30,0.754349195219413,15,1
Hepatocyte_15weeks_Animal2_Capture2_TGGACGCTCCGCGGTA,5.403319250173418,15_30,0.7300568050283658,15,1
Hepatocyte_15weeks_Animal2_Capture2_TGGACGCTCTGGAGCC,4.832467617791182,15_30,0.6529275258600422,15,1
Hepatocyte_15weeks_Animal2_Capture2_TGGCCAGAGACAGAGA,4.48570917938106,15_30,0.6060760729028264,15,5
Hepatocyte_15weeks_Animal2_Capture2_TGGCTGGGTTTGACAC,5.581180451400789,15_30,0.7540881039937924,15,1
Hepatocyte_15weeks_Animal2_Capture2_TGGCTGGTCACGCATA,5.443576407093301,15_30,0.7354960563477306,15,1
Hepatocyte_15weeks_Animal2_Capture2_TGGCTGGTCATATCGG,5.488092584620926,15_30,0.7415107552454222,15,1
Hepatocyte_15weeks_Animal2_Capture2_TGGTTAGAGCCAACAG,5.238562799125569,15_30,0.7077961236414675,15,1
Hepatocyte_15weeks_Animal2_Capture2_TGGTTAGCATTTGCCC,5.360768852143493,15_30,0.7243077078160522,15,1
Hepatocyte_15weeks_Animal2_Capture2_TGTGGTAGTCGAGTTT,4.911735067147163,15_30,0.6636375613290214,15,1
Hepatocyte_15weeks_Animal2_Capture2_TGTTCCGAGAAGGCCT,5.717573971047525,15_30,0.7725165944400442,15,1
Hepatocyte_15weeks_Animal2_Capture2_TGTTCCGCAATCGAAA,4.711861600938227,15_30,0.6366321268184181,15,5
Hepatocyte_15weeks_Animal2_Capture2_TTAACTCAGCCGGTAA,5.339905196287679,15_30,0.7214887638984191,15,1
Hepatocyte_15weeks_Animal2_Capture2_TTAGGACCACCCATTC,4.232207421747202,15_30,0.5718247776010894,15,5
Hepatocyte_15weeks_Animal2_Capture2_TTAGGCACACCTTGTC,4.8027769445156565,15_30,0.6489159401907381,15,1
Hepatocyte_15weeks_Animal2_Capture2_TTAGTTCAGTTCGATC,5.682241260606,15_30,0.7677426981545149,15,1
Hepatocyte_15weeks_Animal2_Capture2_TTATGCTCACATCCAA,4.618021369118608,15_30,0.6239531240326482,15,1
Hepatocyte_15weeks_Animal2_Capture2_TTCGAAGAGGATGGAA,5.997960629510008,15_30,0.8104003800488864,15,1
Hepatocyte_15weeks_Animal2_Capture2_TTCGAAGAGGTGCACA,4.611282502910813,15_30,0.623042617933454,15,5
Hepatocyte_15weeks_Animal2_Capture2_TTCTACATCATCGGAT,3.788883725108772,15_30,0.5119261363074384,15,5
Hepatocyte_15weeks_Animal2_Capture2_TTCTTAGTCCTATGTT,4.774472871328608,15_30,0.6450917017396114,15,1
Hepatocyte_15weeks_Animal2_Capture2_TTGAACGAGGGTATCG,5.259282495754605,15_30,0.7105956168458836,15,1
Hepatocyte_15weeks_Animal2_Capture2_TTGGCAAAGGGCTTGA,4.316408923205147,15_30,0.5832014659452041,15,5
Hepatocyte_15weeks_Animal2_Capture2_TTGGCAAAGTGTCTCA,5.761183199215397,15_30,0.7784087530025737,15,1
Hepatocyte_15weeks_Animal2_Capture2_TTGGCAAAGTTGTCGT,5.252895817518626,15_30,0.7097326957983157,15,5
Hepatocyte_15weeks_Animal2_Capture2_TTGTAGGCATGGTCAT,5.044254573687306,15_30,0.6815426235822887,15,1
Hepatocyte_15weeks_Animal2_Capture2_TTTACTGTCTACTCAT,5.922363949140749,15_30,0.8001863119204189,15,1
Hepatocyte_15weeks_Animal2_Capture2_TTTATGCTCTGTCTCG,5.103718096977667,15_30,0.6895768980382535,15,1
Hepatocyte_15weeks_Animal2_Capture2_TTTATGCTCTTCTGGC,5.7852972869769665,15_30,0.7816668714020779,15,1
Hepatocyte_15weeks_Animal2_Capture2_TTTGCGCTCACGATGT,4.687133486383909,15_30,0.6332910456292358,15,5
Hepatocyte_15weeks_Animal2_Capture1_AAAGCAAGTTTGGCGC,4.276245516026732,15_30,0.5777748814022334,15,5
Hepatocyte_15weeks_Animal2_Capture1_AAAGTAGTCGTCTGAA,4.8369970165088905,15_30,0.6535395049424264,15,1
Hepatocyte_15weeks_Animal2_Capture1_AAATGCCCACGAAATA,5.680305200971833,15_30,0.7674811119987793,15,1
Hepatocyte_15weeks_Animal2_Capture1_AAATGCCTCTAGCACA,5.850978466809818,15_30,0.7905412299359968,15,1
Hepatocyte_15weeks_Animal2_Capture1_AACACGTTCGTGGTCG,5.691455712210984,15_30,0.7689876871672605,15,1
Hepatocyte_15weeks_Animal2_Capture1_AACTCTTTCCAAACAC,5.5806307247255695,15_30,0.7540138289636548,15,1
Hepatocyte_15weeks_Animal2_Capture1_AACTTTCCATGCCTAA,5.679236473380366,15_30,0.7673367133773493,15,1
Hepatocyte_15weeks_Animal2_Capture1_AACTTTCGTTGGTAAA,2.8062832087949348,15_30,0.3791643725940914,15,1
Hepatocyte_15weeks_Animal2_Capture1_AAGGAGCGTTAGAACA,5.264640032125256,15_30,0.7113194878045457,15,1
Hepatocyte_15weeks_Animal2_Capture1_AAGGCAGAGTGCGATG,5.643660932269041,15_30,0.7625300075955179,15,1
Hepatocyte_15weeks_Animal2_Capture1_AAGGCAGGTAGGCATG,5.000897551685415,15_30,0.675684541264234,15,1
Hepatocyte_15weeks_Animal2_Capture1_AATCGGTAGTTACCCA,5.345761966925094,15_30,0.7222800877238987,15,1
Hepatocyte_15weeks_Animal2_Capture1_ACACCGGAGTGAAGAG,5.609704107636503,15_30,0.7579420108934272,15,1
Hepatocyte_15weeks_Animal2_Capture1_ACACTGATCATAGCAC,4.5364915108872035,15_30,0.6129374084957726,15,1
Hepatocyte_15weeks_Animal2_Capture1_ACAGCCGGTCTCTCTG,4.6414708713522295,15_30,0.6271214485175718,15,0
Hepatocyte_15weeks_Animal2_Capture1_ACAGCTACACGACGAA,5.541305573219922,15_30,0.7487005033694751,15,1
Hepatocyte_15weeks_Animal2_Capture1_ACATCAGCAAAGGTGC,5.471699867361956,15_30,0.7392958917080821,15,1
Hepatocyte_15weeks_Animal2_Capture1_ACATCAGCAGTCGATT,4.7878559792902395,15_30,0.6468999289768795,15,5
Hepatocyte_15weeks_Animal2_Capture1_ACCTTTAGTAAACGCG,4.614163629135277,15_30,0.6234318945445386,15,5
Hepatocyte_15weeks_Animal2_Capture1_ACGAGCCAGTGCGATG,4.808808940594627,15_30,0.6497309391906982,15,5
Hepatocyte_15weeks_Animal2_Capture1_ACGATACCATGCCTTC,4.828691384132183,15_30,0.6524173089077419,15,5
Hepatocyte_15weeks_Animal2_Capture1_ACGCAGCAGCACACAG,4.7517569611678505,15_30,0.6420224948267047,15,5
Hepatocyte_15weeks_Animal2_Capture1_ACGCCAGGTGAGTATA,3.9232148207023743,15_30,0.5300759671659201,15,1
Hepatocyte_15weeks_Animal2_Capture1_ACGGCCAAGTAGGCCA,4.753306532652378,15_30,0.6422318615427507,15,1
Hepatocyte_15weeks_Animal2_Capture1_ACGGGCTCAGCGATCC,5.676518525776357,15_30,0.7669694842627724,15,1
Hepatocyte_15weeks_Animal2_Capture1_ACGGGCTTCAACACGT,4.484670244145739,15_30,0.6059356996057079,15,5
Hepatocyte_15weeks_Animal2_Capture1_ACGGGTCAGCGCCTCA,5.090907869126486,15_30,0.6878460741532093,15,1
Hepatocyte_15weeks_Animal2_Capture1_ACTATCTAGAGAACAG,5.105458690507849,15_30,0.689812074249886,15,1
Hepatocyte_15weeks_Animal2_Capture1_ACTGCTCGTTAAAGTG,5.856641180979701,15_30,0.7913063342770963,15,1
Hepatocyte_15weeks_Animal2_Capture1_ACTGTCCCATCAGTCA,5.155591384125888,15_30,0.696585635543544,15,1
Hepatocyte_15weeks_Animal2_Capture1_ACTTTCATCTGAGGGA,5.803532609727,15_30,0.7841306942578389,15,1
Hepatocyte_15weeks_Animal2_Capture1_AGAATAGGTAGAGGAA,4.2243656364718385,15_30,0.5707652531793802,15,1
Hepatocyte_15weeks_Animal2_Capture1_AGACGTTTCGGTGTTA,3.7518147927467695,15_30,0.5069176544700664,15,1
Hepatocyte_15weeks_Animal2_Capture1_AGAGCGAAGATCTGCT,4.574374408914919,15_30,0.6180558673946137,15,5
Hepatocyte_15weeks_Animal2_Capture1_AGAGTGGAGCGTGTCC,5.690611483722143,15_30,0.768873621215437,15,1
Hepatocyte_15weeks_Animal2_Capture1_AGAGTGGGTCACACGC,4.180782280027322,15_30,0.5648765902140602,15,8
Hepatocyte_15weeks_Animal2_Capture1_AGATTGCGTATCTGCA,5.463061350176376,15_30,0.7381287187233496,15,1
Hepatocyte_15weeks_Animal2_Capture1_AGCAGCCCAGCTGGCT,5.121274310580194,15_30,0.6919489646546476,15,1
Hepatocyte_15weeks_Animal2_Capture1_AGCCTAACATATACCG,5.41793272005863,15_30,0.7320312697306752,15,1
Hepatocyte_15weeks_Animal2_Capture1_AGCGTATAGCGAAGGG,5.341665386091546,15_30,0.7217265878146004,15,1
Hepatocyte_15weeks_Animal2_Capture1_AGCGTCGCAATCTACG,5.247444973614215,15_30,0.7089962178111164,15,1
Hepatocyte_15weeks_Animal2_Capture1_AGCTCTCGTGTGACGA,4.870549052879462,15_30,0.6580728096280803,15,1
Hepatocyte_15weeks_Animal2_Capture1_AGCTTGATCATTCACT,5.655514419107557,15_30,0.7641315636630212,15,1
Hepatocyte_15weeks_Animal2_Capture1_AGGCCGTCACACCGCA,5.231688048394177,15_30,0.7068672578236341,15,1
Hepatocyte_15weeks_Animal2_Capture1_AGGGAGTTCTTGAGAC,4.880353869636037,15_30,0.6593975644433662,15,5
Hepatocyte_15weeks_Animal2_Capture1_AGGTCATTCTAGCACA,5.875549698911873,15_30,0.7938611143206666,15,1
Hepatocyte_15weeks_Animal2_Capture1_AGGTCCGAGCTACCTA,5.823911730939009,15_30,0.7868841714137274,15,1
Hepatocyte_15weeks_Animal2_Capture1_AGGTCCGCAAACCCAT,5.32758824122942,15_30,0.7198245874096391,15,1
Hepatocyte_15weeks_Animal2_Capture1_AGTAGTCAGCAGATCG,4.544697642068075,15_30,0.6140461606597981,15,5
Hepatocyte_15weeks_Animal2_Capture1_AGTAGTCTCTACTATC,5.285908938616109,15_30,0.7141931862110689,15,1
Hepatocyte_15weeks_Animal2_Capture1_AGTCTTTCAAGCCCAC,5.400693820856889,15_30,0.7297020763051664,15,1
Hepatocyte_15weeks_Animal2_Capture1_AGTTGGTAGGTGTTAA,5.293506100096555,15_30,0.7152196588625822,15,1
Hepatocyte_15weeks_Animal2_Capture1_AGTTGGTGTGGCGAAT,3.465453149541186,15_30,0.4682265728141692,15,5
Hepatocyte_15weeks_Animal2_Capture1_ATAACGCAGGCTATCT,4.860845558344592,15_30,0.6567617447270919,15,1
Hepatocyte_15weeks_Animal2_Capture1_ATAGACCGTGGTACAG,5.675545073347586,15_30,0.7668379585214472,15,1
Hepatocyte_15weeks_Animal2_Capture1_ATCATCTCAGCTCGAC,4.606238843144281,15_30,0.6223611556758452,15,5
Hepatocyte_15weeks_Animal2_Capture1_ATCATGGGTTCCGTCT,4.653747389353963,15_30,0.6287801614483192,15,5
Hepatocyte_15weeks_Animal2_Capture1_ATCCACCAGTCGTACT,5.670087910685194,15_30,0.7661006267900863,15,1
Hepatocyte_15weeks_Animal2_Capture1_ATCCACCCAGTATGCT,4.683039688698853,15_30,0.6327379217585171,15,1
Hepatocyte_15weeks_Animal2_Capture1_ATCCGAATCGTGACAT,5.3667837311220055,15_30,0.7251203940791384,15,1
Hepatocyte_15weeks_Animal2_Capture1_ATCTGCCAGACTAAGT,5.312776543287075,15_30,0.7178233395884065,15,1
Hepatocyte_15weeks_Animal2_Capture1_ATGCGATAGGCGACAT,5.330750908335731,15_30,0.7202519037565175,15,1
Hepatocyte_15weeks_Animal2_Capture1_ATGCGATTCCTATTCA,5.5001515392107985,15_30,0.7431400726061504,15,1
Hepatocyte_15weeks_Animal2_Capture1_ATGGGAGAGGCGTACA,5.518254226515285,15_30,0.7455859747348312,15,1
Hepatocyte_15weeks_Animal2_Capture1_ATTACTCCATATGCTG,5.127877860270357,15_30,0.6928411877799963,15,5
Hepatocyte_15weeks_Animal2_Capture1_ATTATCCCACGACGAA,5.777654954333736,15_30,0.7806342955548703,15,1
Hepatocyte_15weeks_Animal2_Capture1_ATTGGACAGCTAAGAT,4.761591571684394,15_30,0.6433512751559766,15,1
Hepatocyte_15weeks_Animal2_Capture1_ATTGGTGTCAGGCCCA,5.130711930440544,15_30,0.6932241065226944,15,1
Hepatocyte_15weeks_Animal2_Capture1_CAACCAATCGGATGGA,5.29108278235663,15_30,0.7148922379709292,15,1
Hepatocyte_15weeks_Animal2_Capture1_CAACCTCAGAGTTGGC,5.885403270244124,15_30,0.7951924564960733,15,1
Hepatocyte_15weeks_Animal2_Capture1_CAAGATCCAAGTTGTC,5.261840141495637,15_30,0.7109411871502908,15,1
Hepatocyte_15weeks_Animal2_Capture1_CAAGGCCAGCACCGCT,5.465488668434631,15_30,0.7384566801356522,15,1
Hepatocyte_15weeks_Animal2_Capture1_CAAGGCCCAGCTTAAC,5.4183383974865675,15_30,0.7320860818846864,15,1
Hepatocyte_15weeks_Animal2_Capture1_CACAAACAGCTAAACA,5.5552320596255855,15_30,0.750582147910516,15,1
Hepatocyte_15weeks_Animal2_Capture1_CACACAAGTTCACGGC,4.847635032907603,15_30,0.6549768355727855,15,1
Hepatocyte_15weeks_Animal2_Capture1_CACACAATCACCACCT,4.9049930088242615,15_30,0.6627266239346828,15,5
Hepatocyte_15weeks_Animal2_Capture1_CACACTCCAGGCGATA,4.945596002645469,15_30,0.6682126021956833,15,5
Hepatocyte_15weeks_Animal2_Capture1_CACAGGCCATCATCCC,5.218348937130068,15_30,0.7050649750969417,15,1
Hepatocyte_15weeks_Animal2_Capture1_CACATAGCAGTTCCCT,4.57921633862672,15_30,0.618710073369109,15,5
Hepatocyte_15weeks_Animal2_Capture1_CACATTTAGAAGAAGC,5.17295250244586,15_30,0.698931342318503,15,1
Hepatocyte_15weeks_Animal2_Capture1_CACCACTTCTCTGCTG,5.638555053893197,15_30,0.7618401388164683,15,1
Hepatocyte_15weeks_Animal2_Capture1_CACCAGGAGTACGCGA,4.989330775851761,15_30,0.6741217234815673,15,1
Hepatocyte_15weeks_Animal2_Capture1_CACCAGGCAGTTCCCT,5.35709377833086,15_30,0.7238111588390862,15,1
Hepatocyte_15weeks_Animal2_Capture1_CACTCCAGTCCAGTAT,5.4964698080469585,15_30,0.7426426241367934,15,1
Hepatocyte_15weeks_Animal2_Capture1_CAGAATCAGTGGTAAT,5.086029425158908,15_30,0.6871869346407021,15,5
Hepatocyte_15weeks_Animal2_Capture1_CAGCAGCAGCTAGGCA,5.72839748913181,15_30,0.7739789886954875,15,1
Hepatocyte_15weeks_Animal2_Capture1_CAGCCGACATTGGCGC,5.4053960965272765,15_30,0.7303374132514657,15,1
Hepatocyte_15weeks_Animal2_Capture1_CAGCGACGTAGCGCAA,3.078490482984973,15_30,0.4159430198846955,15,1
Hepatocyte_15weeks_Animal2_Capture1_CAGCGACGTCTAGTCA,4.879143948569263,15_30,0.6592340887967407,15,5
Hepatocyte_15weeks_Animal2_Capture1_CAGCTAAAGAGGTACC,4.437339345355381,15_30,0.5995406962475591,15,5
Hepatocyte_15weeks_Animal2_Capture1_CAGCTAACAGTGAGTG,5.541747576362721,15_30,0.7487602235872347,15,1
Hepatocyte_15weeks_Animal2_Capture1_CAGCTGGTCAGAGACG,5.303943138741312,15_30,0.7166298348551824,15,1
Hepatocyte_15weeks_Animal2_Capture1_CAGGTGCTCCATGCTC,5.2348930219296586,15_30,0.7073002903044447,15,1
Hepatocyte_15weeks_Animal2_Capture1_CAGTCCTAGAAGAAGC,5.1849938114233804,15_30,0.7005582755337125,15,1
Hepatocyte_15weeks_Animal2_Capture1_CATATTCCAATGTAAG,5.0337183198713245,15_30,0.6801190423645739,15,1
Hepatocyte_15weeks_Animal2_Capture1_CATCAAGGTGTGTGCC,5.23455673831473,15_30,0.7072548541326897,15,0
Hepatocyte_15weeks_Animal2_Capture1_CATCAGATCGATGAGG,5.059345947046782,15_30,0.6835816590914261,15,1
Hepatocyte_15weeks_Animal2_Capture1_CATCGGGCAGCCTTTC,4.929058977903338,15_30,0.665978240891282,15,1
Hepatocyte_15weeks_Animal2_Capture1_CATCGGGTCTCAAGTG,5.614677854635207,15_30,0.7586140270514169,15,1
Hepatocyte_15weeks_Animal2_Capture1_CATGACAGTATCACCA,4.440419146497799,15_30,0.5999568163541185,15,8
Hepatocyte_15weeks_Animal2_Capture1_CATGACATCGCGATCG,5.305306123523425,15_30,0.716813991346639,15,1
Hepatocyte_15weeks_Animal2_Capture1_CATGCCTCAATGCCAT,4.211430850657427,15_30,0.5690175999373304,15,5
Hepatocyte_15weeks_Animal2_Capture1_CATTATCTCCACGACG,4.64916022993253,15_30,0.6281603781639501,15,5
Hepatocyte_15weeks_Animal2_Capture1_CCACCTAGTGTCGCTG,4.8779601666096015,15_30,0.659074144874254,15,1
Hepatocyte_15weeks_Animal2_Capture1_CCATGTCTCCAAACAC,5.100747299173639,15_30,0.6891755056620534,15,1
Hepatocyte_15weeks_Animal2_Capture1_CCATGTCTCCAACCAA,4.402566142840184,15_30,0.5948423965629653,15,5
Hepatocyte_15weeks_Animal2_Capture1_CCCAATCGTGAACCTT,5.227894068954492,15_30,0.7063546431918056,15,1
Hepatocyte_15weeks_Animal2_Capture1_CCCAGTTAGTGGGCTA,5.840116633327158,15_30,0.7890736587853848,15,1
Hepatocyte_15weeks_Animal2_Capture1_CCGGTAGCATGGGAAC,5.827931686375268,15_30,0.7874273182622238,15,1
Hepatocyte_15weeks_Animal2_Capture1_CCGGTAGGTGCACTTA,4.744679368502976,15_30,0.6410662224968688,15,1
Hepatocyte_15weeks_Animal2_Capture1_CCGGTAGTCAATAAGG,5.424968442476616,15_30,0.7329818848603247,15,1
Hepatocyte_15weeks_Animal2_Capture1_CGAACATGTTTGTTTC,5.588779169915677,15_30,0.7551147870203617,15,1
Hepatocyte_15weeks_Animal2_Capture1_CGAACATTCTGCCCTA,5.532471377553945,15_30,0.7475068917458992,15,1
Hepatocyte_15weeks_Animal2_Capture1_CGAATGTTCTTCCTTC,4.890736861671241,15_30,0.6608004380551026,15,1
Hepatocyte_15weeks_Animal2_Capture1_CGACCTTCAGGCGATA,5.643084127764801,15_30,0.7624520740080332,15,1
Hepatocyte_15weeks_Animal2_Capture1_CGACCTTTCAACGGGA,3.717378624354544,15_30,0.5022648923603613,15,0
Hepatocyte_15weeks_Animal2_Capture1_CGAGCCAAGGCAGTCA,4.449262008089729,15_30,0.6011515988539504,15,1
Hepatocyte_15weeks_Animal2_Capture1_CGAGCCACACGCGAAA,5.9442274542822435,15_30,0.8031403481287751,15,1
Hepatocyte_15weeks_Animal2_Capture1_CGAGCCAGTGACCAAG,5.394863975093633,15_30,0.7289143903708967,15,1
Hepatocyte_15weeks_Animal2_Capture1_CGATCGGAGCGACGTA,5.192129897103131,15_30,0.7015224510100366,15,1
Hepatocyte_15weeks_Animal2_Capture1_CGATCGGGTTACAGAA,5.637295688105169,15_30,0.7616699825623214,15,1
Hepatocyte_15weeks_Animal2_Capture1_CGATGGCAGTTAGGTA,5.46706828000613,15_30,0.7386701056475794,15,1
Hepatocyte_15weeks_Animal2_Capture1_CGATGGCGTCAGAATA,5.074244111366957,15_30,0.6855945896144606,15,1
Hepatocyte_15weeks_Animal2_Capture1_CGCGTTTGTGATGCCC,5.679477874195597,15_30,0.7673693296822054,15,1
Hepatocyte_15weeks_Animal2_Capture1_CGGACGTAGTCCAGGA,5.2353293778516825,15_30,0.7073592475112168,15,1
Hepatocyte_15weeks_Animal2_Capture1_CGGACTGGTTCCATGA,5.290497025914342,15_30,0.7148130948633351,15,1
Hepatocyte_15weeks_Animal2_Capture1_CGGAGCTTCTGTGCAA,4.9270288000736135,15_30,0.6657039381763423,15,1
Hepatocyte_15weeks_Animal2_Capture1_CGGGTCAGTGTTGAGG,4.220230636548515,15_30,0.5702065623648929,15,5
Hepatocyte_15weeks_Animal2_Capture1_CGTAGCGAGGCTCAGA,4.795565788288972,15_30,0.6479416217335703,15,5
Hepatocyte_15weeks_Animal2_Capture1_CGTAGCGTCAATCACG,4.774354956222435,15_30,0.6450757699166538,15,5
Hepatocyte_15weeks_Animal2_Capture1_CGTCTACAGGACACCA,4.1236399851315655,15_30,0.5571559430873435,15,1
Hepatocyte_15weeks_Animal2_Capture1_CGTGTAAGTTTGTTGG,5.551980700299509,15_30,0.7501428481224242,15,1
Hepatocyte_15weeks_Animal2_Capture1_CGTGTAATCTGCGGCA,4.3455556935792785,15_30,0.5871395634499094,15,5
Hepatocyte_15weeks_Animal2_Capture1_CGTTAGACACTAGTAC,5.384684492435319,15_30,0.7275390134512131,15,1
Hepatocyte_15weeks_Animal2_Capture1_CGTTCTGCATAAGACA,4.471354855000318,15_30,0.604136622037433,15,3
Hepatocyte_15weeks_Animal2_Capture1_CTAACTTTCTACCAGA,4.306155068995206,15_30,0.5818160404877881,15,5
Hepatocyte_15weeks_Animal2_Capture1_CTAAGACTCGCCTGTT,1.6963014800321479,15_30,0.2291917951798632,15,7
Hepatocyte_15weeks_Animal2_Capture1_CTAATGGGTATAGTAG,4.666095378795854,15_30,0.630448531075041,15,1
Hepatocyte_15weeks_Animal2_Capture1_CTACACCAGGCAATTA,4.052153082246989,15_30,0.5474971579027347,15,5
Hepatocyte_15weeks_Animal2_Capture1_CTACGTCGTATCGCAT,5.000589184662902,15_30,0.6756428769773746,15,5
Hepatocyte_15weeks_Animal2_Capture1_CTAGAGTAGAGCAATT,5.630147839510054,15_30,0.760704217767282,15,1
Hepatocyte_15weeks_Animal2_Capture1_CTAGCCTTCATAACCG,5.55403257098387,15_30,0.7504200818165294,15,1
Hepatocyte_15weeks_Animal2_Capture1_CTAGTGAGTTGTTTGG,5.167183493618099,15_30,0.6981518762240574,15,1
Hepatocyte_15weeks_Animal2_Capture1_CTCCTAGAGTTACGGG,5.402316478523316,15_30,0.7299213178892294,15,1
Hepatocyte_15weeks_Animal2_Capture1_CTCCTAGGTTCGTCTC,5.678825171332399,15_30,0.7672811412659973,15,1
Hepatocyte_15weeks_Animal2_Capture1_CTCGAAAGTCGGCACT,5.411683796181673,15_30,0.7311869610401734,15,1
Hepatocyte_15weeks_Animal2_Capture1_CTCGAGGTCCGCATCT,5.758513117682598,15_30,0.778047991199921,15,1
Hepatocyte_15weeks_Animal2_Capture1_CTCGGGAAGTAGTGCG,5.744793083164526,15_30,0.7761942409213639,15,1
Hepatocyte_15weeks_Animal2_Capture1_CTCGGGAAGTGATCGG,5.236127879836335,15_30,0.7074671352336952,15,5
Hepatocyte_15weeks_Animal2_Capture1_CTCGGGATCTGCTGCT,4.811852431294922,15_30,0.6501421532970495,15,1
Hepatocyte_15weeks_Animal2_Capture1_CTCGTACTCAGTCAGT,5.969693189903387,15_30,0.8065810912580419,15,1
Hepatocyte_15weeks_Animal2_Capture1_CTGAAACAGCGAGAAA,5.455145667382031,15_30,0.7370592098117169,15,1
Hepatocyte_15weeks_Animal2_Capture1_CTGATAGAGTTAACGA,5.397953090290809,15_30,0.729331768924115,15,5
Hepatocyte_15weeks_Animal2_Capture1_CTGATAGCAAGACGTG,2.851635718225154,15_30,0.38529207051488,15,5
Hepatocyte_15weeks_Animal2_Capture1_CTGATCCGTCGGGTCT,5.463505760911721,15_30,0.738188764237328,15,1
Hepatocyte_15weeks_Animal2_Capture1_CTGATCCTCTACTCAT,5.733234376275966,15_30,0.7746325133552848,15,1
Hepatocyte_15weeks_Animal2_Capture1_CTGCCTATCGCCTGAG,4.076527284581572,15_30,0.5507904210725778,15,1
Hepatocyte_15weeks_Animal2_Capture1_CTGCTGTTCCTGCAGG,5.063335240265232,15_30,0.6841206630862926,15,1
Hepatocyte_15weeks_Animal2_Capture1_CTGTTTAAGCTTTGGT,5.038168037074194,15_30,0.6807202554660028,15,1
Hepatocyte_15weeks_Animal2_Capture1_CTTAACTCACCTTGTC,4.574309011294535,15_30,0.6180470313485494,15,1
Hepatocyte_15weeks_Animal2_Capture1_GAAACTCAGGTTACCT,4.680275050210893,15_30,0.6323643841146858,15,5
Hepatocyte_15weeks_Animal2_Capture1_GAACGGAGTCTCCCTA,5.941853008332738,15_30,0.8028195304344379,15,1
Hepatocyte_15weeks_Animal2_Capture1_GAAGCAGCAATCGGTT,5.592779514026536,15_30,0.7556552841306323,15,1
Hepatocyte_15weeks_Animal2_Capture1_GAAGCAGGTTGGTTTG,4.408897826057334,15_30,0.595697887087575,15,1
Hepatocyte_15weeks_Animal2_Capture1_GAATAAGTCGTATCAG,4.876767562099484,15_30,0.658913008913559,15,1
Hepatocyte_15weeks_Animal2_Capture1_GACAGAGTCGGCGCTA,5.457505131760993,15_30,0.7373780033062948,15,1
Hepatocyte_15weeks_Animal2_Capture1_GACCAATTCGGTGTCG,3.082030166900344,15_30,0.4164212759732994,15,5
Hepatocyte_15weeks_Animal2_Capture1_GACGCGTTCTCCAACC,5.286657463555371,15_30,0.7142943214022985,15,1
Hepatocyte_15weeks_Animal2_Capture1_GACGGCTCATCGTCGG,5.8644770343467485,15_30,0.7923650572229288,15,1
Hepatocyte_15weeks_Animal2_Capture1_GACGTGCAGCGTGAGT,4.883965283615822,15_30,0.6598855121713543,15,1
Hepatocyte_15weeks_Animal2_Capture1_GACGTGCCATCACGAT,4.554174971854507,15_30,0.6153266678413534,15,5
Hepatocyte_15weeks_Animal2_Capture1_GACTACATCATAACCG,5.5815309342348245,15_30,0.7541354586597275,15,1
Hepatocyte_15weeks_Animal2_Capture1_GACTGCGGTTCGTTGA,2.856935846555994,15_30,0.38600818492091465,15,1
Hepatocyte_15weeks_Animal2_Capture1_GAGCAGAGTTGTCGCG,5.666317949979655,15_30,0.7655912573931772,15,1
Hepatocyte_15weeks_Animal2_Capture1_GAGCAGATCTAGCACA,5.708072793375595,15_30,0.7712328651073839,15,1
Hepatocyte_15weeks_Animal2_Capture1_GATCGTATCCTCAATT,5.297245789697309,15_30,0.7157249382501802,15,5
Hepatocyte_15weeks_Animal2_Capture1_GATGCTACACTCTGTC,3.987907824217426,15_30,0.538816810574788,15,5
Hepatocyte_15weeks_Animal2_Capture1_GATTCAGAGCGTTCCG,5.320833913849017,15_30,0.7189119923103778,15,1
Hepatocyte_15weeks_Animal2_Capture1_GCAATCACATGGGACA,4.779397887831766,15_30,0.6457571337910105,15,1
Hepatocyte_15weeks_Animal2_Capture1_GCAATCAGTAGCTCCG,5.227553657145275,15_30,0.7063086492487636,15,5
Hepatocyte_15weeks_Animal2_Capture1_GCAATCAGTAGGGTAC,4.9216672505460926,15_30,0.6649795249894039,15,1
Hepatocyte_15weeks_Animal2_Capture1_GCACATAAGAGGGATA,5.270598482156832,15_30,0.7121245498028413,15,1
Hepatocyte_15weeks_Animal2_Capture1_GCACATAGTTGGAGGT,4.91693347796261,15_30,0.6643399324115793,15,5
Hepatocyte_15weeks_Animal2_Capture1_GCACTCTCATCAGTAC,5.885153818025227,15_30,0.7951587523446983,15,1
Hepatocyte_15weeks_Animal2_Capture1_GCAGCCACATCTACGA,5.449280112857688,15_30,0.7362666991719607,15,1
Hepatocyte_15weeks_Animal2_Capture1_GCAGTTACATGCTAGT,3.447488117508677,15_30,0.4657992696546409,15,5
Hepatocyte_15weeks_Animal2_Capture1_GCATACAGTGGTGTAG,4.745845160216465,15_30,0.6412237357094467,15,1
Hepatocyte_15weeks_Animal2_Capture1_GCATGCGAGTGCCATT,5.207439211773901,15_30,0.7035909331481885,15,1
Hepatocyte_15weeks_Animal2_Capture1_GCCAAATAGACGACGT,4.7734242950367385,15_30,0.6449500258137542,15,5
Hepatocyte_15weeks_Animal2_Capture1_GCCTCTAAGCGTTTAC,5.852069260456212,15_30,0.7906886099606745,15,1
Hepatocyte_15weeks_Animal2_Capture1_GCGACCAAGGCCGAAT,4.634464475674299,15_30,0.6261747958016084,15,1
Hepatocyte_15weeks_Animal2_Capture1_GCGAGAATCTAGAGTC,5.250428437353149,15_30,0.7093993215153986,15,1
Hepatocyte_15weeks_Animal2_Capture1_GCGCAACAGCGACGTA,4.530476298782473,15_30,0.6121246772231188,15,5
Hepatocyte_15weeks_Animal2_Capture1_GCGCAACTCACCCGAG,5.577576009920368,15_30,0.7536010983386993,15,1
Hepatocyte_15weeks_Animal2_Capture1_GCGCCAACAAACCCAT,5.69169501645787,15_30,0.769020020199203,15,1
Hepatocyte_15weeks_Animal2_Capture1_GCGCCAACATGGAATA,5.437270314257474,15_30,0.7346440234074619,15,5
Hepatocyte_15weeks_Animal2_Capture1_GCGCGATGTAGAGTGC,5.426939756183026,15_30,0.73324823428733,15,1
Hepatocyte_15weeks_Animal2_Capture1_GCTCTGTGTTACCGAT,4.978237467121238,15_30,0.67262287709585,15,1
Hepatocyte_15weeks_Animal2_Capture1_GCTGCAGTCAAACGGG,4.696773197678664,15_30,0.6345934926073629,15,5
Hepatocyte_15weeks_Animal2_Capture1_GCTGCGAAGCTCTCGG,5.8221827180460455,15_30,0.7866505598927258,15,1
Hepatocyte_15weeks_Animal2_Capture1_GCTGGGTTCAGGTAAA,5.685016023748986,15_30,0.768117603767359,15,1
Hepatocyte_15weeks_Animal2_Capture1_GCTTCCAAGGACACCA,5.577249844427706,15_30,0.7535570292532985,15,1
Hepatocyte_15weeks_Animal2_Capture1_GCTTGAAAGTAGGCCA,5.600712553296763,15_30,0.7567271381217879,15,1
Hepatocyte_15weeks_Animal2_Capture1_GGAACTTAGTCTCCTC,5.109835659307361,15_30,0.6904034581214532,15,1
Hepatocyte_15weeks_Animal2_Capture1_GGAATAACATTCCTCG,5.268049177561327,15_30,0.7117801064927446,15,1
Hepatocyte_15weeks_Animal2_Capture1_GGAATAAGTCCATCCT,5.823649906198716,15_30,0.7868487955781481,15,1
Hepatocyte_15weeks_Animal2_Capture1_GGACAGAAGTGTACGG,5.42494858521011,15_30,0.7329792018923432,15,1
Hepatocyte_15weeks_Animal2_Capture1_GGACATTAGCGTTGCC,3.573818316279567,15_30,0.4828680781079475,15,5
Hepatocyte_15weeks_Animal2_Capture1_GGACATTAGCTCAACT,5.2236841027408065,15_30,0.705785823482857,15,5
Hepatocyte_15weeks_Animal2_Capture1_GGATGTTAGACTTGAA,5.664213177114814,15_30,0.7653068759450576,15,1
Hepatocyte_15weeks_Animal2_Capture1_GGATGTTAGCGTCTAT,3.5456120937933826,15_30,0.47905706052472363,15,5
Hepatocyte_15weeks_Animal2_Capture1_GGATGTTCATTAACCG,5.401940220751678,15_30,0.7298704807030646,15,1
Hepatocyte_15weeks_Animal2_Capture1_GGATTACCACGTGAGA,4.776974356339449,15_30,0.6454296840187045,15,1
Hepatocyte_15weeks_Animal2_Capture1_GGCAATTAGCCGCCTA,5.610062238454014,15_30,0.7579903988987085,15,1
Hepatocyte_15weeks_Animal2_Capture1_GGCGTGTGTCTAGTCA,5.249204447561355,15_30,0.7092339450059955,15,1
Hepatocyte_15weeks_Animal2_Capture1_GGCTCGATCAGCTGGC,5.127315307645851,15_30,0.6927651798018089,15,1
Hepatocyte_15weeks_Animal2_Capture1_GGCTGGTGTAGAGTGC,5.97585721194671,15_30,0.8074139286364604,15,1
Hepatocyte_15weeks_Animal2_Capture1_GGGAATGTCGTTACGA,5.714367033310881,15_30,0.7720832965708014,15,1
Hepatocyte_15weeks_Animal2_Capture1_GGGCACTCAATGGACG,5.07806277747858,15_30,0.6861105397280566,15,1
Hepatocyte_15weeks_Animal2_Capture1_GGGCACTCAGTTCATG,5.210967665025852,15_30,0.7040676718320501,15,5
Hepatocyte_15weeks_Animal2_Capture1_GGGCATCTCACATGCA,5.5949952008313595,15_30,0.7559546514555634,15,1
Hepatocyte_15weeks_Animal2_Capture1_GGGTCTGAGAGTAATC,6.0840683110741764,15_30,0.8220346174464119,15,1
Hepatocyte_15weeks_Animal2_Capture1_GGGTCTGCATCACGAT,4.595978554856956,15_30,0.6209748608931569,15,5
Hepatocyte_15weeks_Animal2_Capture1_GGTGAAGGTATAAACG,5.688384380993542,15_30,0.768572711454745,15,1
Hepatocyte_15weeks_Animal2_Capture1_GGTGTTAAGGCGTACA,5.345919970926633,15_30,0.7223014360639105,15,1
Hepatocyte_15weeks_Animal2_Capture1_GTACGTAAGCTGGAAC,5.774475963749209,15_30,0.7802047736995255,15,1
Hepatocyte_15weeks_Animal2_Capture1_GTACGTAGTCAGAGGT,5.513591133852061,15_30,0.7449559319086266,15,1
Hepatocyte_15weeks_Animal2_Capture1_GTAGGCCGTACAGCAG,5.794967084778001,15_30,0.7829733834479221,15,1
Hepatocyte_15weeks_Animal2_Capture1_GTATCTTTCGGAAACG,5.415262054153103,15_30,0.7316704289718722,15,1
Hepatocyte_15weeks_Animal2_Capture1_GTATTCTTCTATCGCC,3.4046515317942836,15_30,0.4600115048646981,15,5
Hepatocyte_15weeks_Animal2_Capture1_GTCACGGGTTCCTCCA,4.453033863791681,15_30,0.6016612242888545,15,5
Hepatocyte_15weeks_Animal2_Capture1_GTCCTCAAGATCGATA,2.7413304012980024,15_30,0.37038842637967684,15,1
Hepatocyte_15weeks_Animal2_Capture1_GTCCTCACAGCTGGCT,4.241597145102477,15_30,0.5730934480452118,15,3
Hepatocyte_15weeks_Animal2_Capture1_GTCGGGTTCGGAGGTA,3.5142961441647107,15_30,0.47482587945364335,15,5
Hepatocyte_15weeks_Animal2_Capture1_GTCGTAAAGAATGTTG,5.4680485352142645,15_30,0.7388025505304799,15,1
Hepatocyte_15weeks_Animal2_Capture1_GTGCGGTCACGCCAGT,5.4177362561943365,15_30,0.7320047249765289,15,1
Hepatocyte_15weeks_Animal2_Capture1_GTGCTTCCATGGATGG,5.3092899733301815,15_30,0.7173522598677041,15,1
Hepatocyte_15weeks_Animal2_Capture1_GTTCATTTCACGACTA,5.125705612283195,15_30,0.6925476895890119,15,1
Hepatocyte_15weeks_Animal2_Capture1_GTTCGGGCACAGAGGT,5.2013371259873935,15_30,0.7027664641418155,15,1
Hepatocyte_15weeks_Animal2_Capture1_GTTCTCGAGGTAGCCA,5.445520630673865,15_30,0.7357587455559321,15,1
Hepatocyte_15weeks_Animal2_Capture1_TAAGAGAAGACTGTAA,5.618304092379145,15_30,0.759103977657524,15,5
Hepatocyte_15weeks_Animal2_Capture1_TAAGAGAGTCTGATCA,4.948579401341822,15_30,0.6686156971118898,15,1
Hepatocyte_15weeks_Animal2_Capture1_TACAGTGGTCAACATC,5.661170453007168,15_30,0.7648957654150739,15,1
Hepatocyte_15weeks_Animal2_Capture1_TACCTATGTATCTGCA,5.08399105801892,15_30,0.6869115254463173,15,1
Hepatocyte_15weeks_Animal2_Capture1_TACCTTAGTTCGCTAA,5.511649855054909,15_30,0.744693640577928,15,1
Hepatocyte_15weeks_Animal2_Capture1_TACGGTATCAGCGACC,4.266784501645241,15_30,0.5764965786383431,15,5
Hepatocyte_15weeks_Animal2_Capture1_TACGGTATCTAACCGA,3.5920234125205615,15_30,0.485327816979847,15,3
Hepatocyte_15weeks_Animal2_Capture1_TACTCGCGTCCCTACT,5.944401183836171,15_30,0.8031638211899079,15,1
Hepatocyte_15weeks_Animal2_Capture1_TACTTACAGCACACAG,5.228683976206302,15_30,0.7064613696571179,15,1
Hepatocyte_15weeks_Animal2_Capture1_TACTTACTCTTCCTTC,5.8046859702099844,15_30,0.784286527853869,15,1
Hepatocyte_15weeks_Animal2_Capture1_TAGCCGGCATCATCCC,3.791177672429851,15_30,0.5122360776184347,15,8
Hepatocyte_15weeks_Animal2_Capture1_TAGCCGGGTACTTGAC,4.843257487785444,15_30,0.654385373832736,15,1
Hepatocyte_15weeks_Animal2_Capture1_TAGTGGTTCGGATGTT,5.396516116538496,15_30,0.7291376155865181,15,5
Hepatocyte_15weeks_Animal2_Capture1_TAGTTGGAGTACGTAA,5.319630543467017,15_30,0.7187494017441586,15,1
Hepatocyte_15weeks_Animal2_Capture1_TATCTCAGTTCGTGAT,5.348561659514668,15_30,0.7226583616204374,15,1
Hepatocyte_15weeks_Animal2_Capture1_TATTACCGTCCGAACC,3.2745169823419378,15_30,0.44242868049356066,15,5
Hepatocyte_15weeks_Animal2_Capture1_TCAACGATCACGAAGG,4.853150850520278,15_30,0.6557220923301572,15,1
Hepatocyte_15weeks_Animal2_Capture1_TCACAAGCAAGTTCTG,4.488699789604771,15_30,0.6064801421876345,15,5
Hepatocyte_15weeks_Animal2_Capture1_TCACGAATCACGATGT,4.75866890599856,15_30,0.642956386038015,15,1
Hepatocyte_15weeks_Animal2_Capture1_TCAGGATAGACATAAC,5.431185227073879,15_30,0.733821851127445,15,1
Hepatocyte_15weeks_Animal2_Capture1_TCAGGTACATGACGGA,5.744270751436607,15_30,0.7761236672952659,15,1
Hepatocyte_15weeks_Animal2_Capture1_TCCCGATCACATTTCT,4.752472239588317,15_30,0.6421191379925393,15,1
Hepatocyte_15weeks_Animal2_Capture1_TCCCGATGTCGTTGTA,4.554561075825236,15_30,0.6153788353736106,15,7
Hepatocyte_15weeks_Animal2_Capture1_TCGCGAGGTCTTTCAT,4.538555568735313,15_30,0.6132162888299183,15,5
Hepatocyte_15weeks_Animal2_Capture1_TCGCGTTTCCTGTAGA,5.834020568716419,15_30,0.7882500033160509,15,1
Hepatocyte_15weeks_Animal2_Capture1_TCTATTGCATACGCCG,5.015793369101739,15_30,0.6776971546908603,15,5
Hepatocyte_15weeks_Animal2_Capture1_TCTGAGATCGGTGTTA,5.644299719374373,15_30,0.7626163158167463,15,1
Hepatocyte_15weeks_Animal2_Capture1_TCTGAGATCTGCAGTA,4.807347161321764,15_30,0.6495334343133825,15,1
Hepatocyte_15weeks_Animal2_Capture1_TCTGGAATCCCTTGCA,4.818326740163181,15_30,0.6510169143519282,15,1
Hepatocyte_15weeks_Animal2_Capture1_TCTTCGGCACTTCTGC,5.020719638167519,15_30,0.6783627559793199,15,1
Hepatocyte_15weeks_Animal2_Capture1_TCTTTCCCAGATTGCT,5.362324117181692,15_30,0.7245178438032462,15,1
Hepatocyte_15weeks_Animal2_Capture1_TCTTTCCCATAGTAAG,5.690737702187581,15_30,0.7688906749273032,15,1
Hepatocyte_15weeks_Animal2_Capture1_TGACGGCCATTCGACA,5.3486800596434865,15_30,0.722674358976092,15,1
Hepatocyte_15weeks_Animal2_Capture1_TGACTAGTCAGTTGAC,5.761155068869441,15_30,0.7784049522368699,15,1
Hepatocyte_15weeks_Animal2_Capture1_TGACTTTGTTACGGAG,5.2151491421968075,15_30,0.7046326423108218,15,5
Hepatocyte_15weeks_Animal2_Capture1_TGAGCATAGGTGACCA,5.376236290420014,15_30,0.7263975544542586,15,1
Hepatocyte_15weeks_Animal2_Capture1_TGCCCATCAAGGTTTC,3.7904560628276207,15_30,0.5121385790298283,15,5
Hepatocyte_15weeks_Animal2_Capture1_TGCCCATTCATGGTCA,4.860006858478014,15_30,0.656648425762096,15,1
Hepatocyte_15weeks_Animal2_Capture1_TGCCCTACACCAGCAC,5.778385103275601,15_30,0.7807329479163193,15,1
Hepatocyte_15weeks_Animal2_Capture1_TGCCCTAGTTAGAACA,2.080530690434421,15_30,0.2811060235934171,15,7
Hepatocyte_15weeks_Animal2_Capture1_TGCGCAGAGCTGCCCA,5.4471099810069,15_30,0.7359734868977784,15,1
Hepatocyte_15weeks_Animal2_Capture1_TGCGGGTCAAAGGAAG,5.089889293559083,15_30,0.6877084517048607,15,1
Hepatocyte_15weeks_Animal2_Capture1_TGGACGCCAGCCTTTC,5.5997819251764325,15_30,0.7566013984864377,15,1
Hepatocyte_15weeks_Animal2_Capture1_TGGCGCAAGCGACGTA,5.015738923945335,15_30,0.6776897984612739,15,5
Hepatocyte_15weeks_Animal2_Capture1_TGGTTCCCATACTACG,5.380885330587242,15_30,0.7270256986104319,15,1
Hepatocyte_15weeks_Animal2_Capture1_TGTCCCATCCTTCAAT,5.244910315088788,15_30,0.7086537533704207,15,1
Hepatocyte_15weeks_Animal2_Capture1_TGTGGTACATGTCCTC,5.439869699599232,15_30,0.7349952332601057,15,1
Hepatocyte_15weeks_Animal2_Capture1_TGTGGTAGTCTTTCAT,5.437111049904065,15_30,0.7346225047779638,15,1
Hepatocyte_15weeks_Animal2_Capture1_TTAACTCCATTCCTCG,4.918903051102801,15_30,0.664606046666063,15,0
Hepatocyte_15weeks_Animal2_Capture1_TTAGTTCTCACCTTAT,5.661996576414772,15_30,0.765007385141318,15,1
Hepatocyte_15weeks_Animal2_Capture1_TTCCCAGAGACAAAGG,5.272457598167882,15_30,0.7123757399014387,15,1
Hepatocyte_15weeks_Animal2_Capture1_TTCGAAGAGTCCAGGA,4.095571571988233,15_30,0.5533635452901969,15,5
Hepatocyte_15weeks_Animal2_Capture1_TTCGGTCTCGGAAATA,5.247823751794001,15_30,0.7090473955363157,15,1
Hepatocyte_15weeks_Animal2_Capture1_TTCTCAATCCGAACGC,5.180147367992111,15_30,0.6999034596985998,15,1
Hepatocyte_15weeks_Animal2_Capture1_TTCTCCTTCTTATCTG,5.789945737998245,15_30,0.7822949359571783,15,1
Hepatocyte_15weeks_Animal2_Capture1_TTGCGTCGTTACGCGC,5.461157326179776,15_30,0.7378714609876327,15,1
Hepatocyte_15weeks_Animal2_Capture1_TTGGAACAGTGCTGCC,2.8621122946152897,15_30,0.3867075885571968,15,1
Hepatocyte_15weeks_Animal2_Capture1_TTGGAACCAGCTGTAT,5.6065944929359794,15_30,0.7575218625979029,15,1
Hepatocyte_15weeks_Animal2_Capture1_TTGTAGGAGGCAAAGA,4.986782809017707,15_30,0.6737774609199708,15,1
Hepatocyte_15weeks_Animal2_Capture1_TTTATGCAGTGCTGCC,5.6834135540565125,15_30,0.7679010898340384,15,1
Hepatocyte_15weeks_Animal2_Capture1_TTTATGCTCTATCCTA,4.863426593909276,15_30,0.6571104752926525,15,5
Hepatocyte_15weeks_Animal2_Capture1_TTTGCGCAGTAATCCC,5.583587965941183,15_30,0.7544133896732129,15,1
Hepatocyte_15weeks_Animal2_Capture1_TTTGGTTCAGACGCTC,4.69327244046315,15_30,0.6341204960084934,15,1
Hepatocyte_15weeks_Animal1_Capture1_AAACCTGGTGATGATA,4.888328041073214,15_30,0.6604749759107686,15,0
Hepatocyte_15weeks_Animal1_Capture1_AAACCTGTCAGAGGTG,2.8768523299959154,15_30,0.38869915385951337,15,0
Hepatocyte_15weeks_Animal1_Capture1_AAACGGGCAGATCCAT,5.143514915552453,15_30,0.6949539518220123,15,0
Hepatocyte_15weeks_Animal1_Capture1_AAACGGGTCGACAGCC,5.0411038047953145,15_30,0.6811169148347265,15,0
Hepatocyte_15weeks_Animal1_Capture1_AAAGATGTCGAGGTAG,5.417035404548405,15_30,0.7319100310504923,15,0
Hepatocyte_15weeks_Animal1_Capture1_AAAGCAAAGCTTATCG,5.1506038498399,15_30,0.6959117565485761,15,0
Hepatocyte_15weeks_Animal1_Capture1_AAAGCAACAAACCTAC,5.369555892435563,15_30,0.7254949481519029,15,0
Hepatocyte_15weeks_Animal1_Capture1_AAAGCAAGTGCTTCTC,5.341069167735922,15_30,0.7216460311701282,15,0
Hepatocyte_15weeks_Animal1_Capture1_AAATGCCGTGCACGAA,4.65550843941105,15_30,0.6290181015955963,15,0
Hepatocyte_15weeks_Animal1_Capture1_AAATGCCTCACTCTTA,5.304327673254525,15_30,0.716681790333869,15,0
Hepatocyte_15weeks_Animal1_Capture1_AACACGTCACAGCCCA,4.941767823247132,15_30,0.6676953667166702,15,0
Hepatocyte_15weeks_Animal1_Capture1_AACACGTTCGCTTGTC,3.5895011156181074,15_30,0.48498702275084055,15,0
Hepatocyte_15weeks_Animal1_Capture1_AACCATGAGTTGAGAT,5.3761542675030345,15_30,0.7263864721202455,15,0
Hepatocyte_15weeks_Animal1_Capture1_AACCATGGTAATCGTC,4.74692578006426,15_30,0.641369741125193,15,0
Hepatocyte_15weeks_Animal1_Capture1_AACCATGGTGTGAATA,5.01957503394452,15_30,0.6782081054648166,15,0
Hepatocyte_15weeks_Animal1_Capture1_AACGTTGCAGGAACGT,4.749973512258348,15_30,0.6417815283110282,15,0
Hepatocyte_15weeks_Animal1_Capture1_AACGTTGGTGGCCCTA,4.606822709791464,15_30,0.6224400434482068,15,0
Hepatocyte_15weeks_Animal1_Capture1_AACTCAGGTTCACGGC,5.865320591502681,15_30,0.7924790324691813,15,0
Hepatocyte_15weeks_Animal1_Capture1_AACTCAGTCAGCTTAG,4.893371840017833,15_30,0.6611564569730982,15,0
Hepatocyte_15weeks_Animal1_Capture1_AACTCCCCAGAGTGTG,4.6526099854076035,15_30,0.6286264837823031,15,0
Hepatocyte_15weeks_Animal1_Capture1_AACTCTTAGGAATTAC,5.278378838758429,15_30,0.713175774433398,15,0
Hepatocyte_15weeks_Animal1_Capture1_AACTCTTCAAGCGATG,5.067651591652026,15_30,0.6847038567783406,15,0
Hepatocyte_15weeks_Animal1_Capture1_AACTCTTGTTGTGGAG,4.485394611873055,15_30,0.6060335708519152,15,0
Hepatocyte_15weeks_Animal1_Capture1_AACTCTTTCTGCCCTA,5.3394809645241885,15_30,0.7214314448188855,15,0
Hepatocyte_15weeks_Animal1_Capture1_AACTGGTAGAACTCGG,4.86215401060061,15_30,0.656938533184211,15,0
Hepatocyte_15weeks_Animal1_Capture1_AACTGGTCAACACCCG,4.342132924017028,15_30,0.586677103969862,15,0
Hepatocyte_15weeks_Animal1_Capture1_AACTTTCTCTCGTTTA,5.398883008774976,15_30,0.7294574126786398,15,0
Hepatocyte_15weeks_Animal1_Capture1_AAGACCTGTCTTGTCC,5.254773364688316,15_30,0.7099863761796757,15,0
Hepatocyte_15weeks_Animal1_Capture1_AAGCCGCGTTGCTCCT,4.6682667102562565,15_30,0.6307419054316623,15,0
Hepatocyte_15weeks_Animal1_Capture1_AAGGAGCCACGAAAGC,5.180184543148741,15_30,0.6999084825326799,15,0
Hepatocyte_15weeks_Animal1_Capture1_AAGGAGCCATTTGCTT,4.870169973619096,15_30,0.6580215912230848,15,0
Hepatocyte_15weeks_Animal1_Capture1_AAGGAGCGTAGCGTAG,5.500805443313808,15_30,0.7432284233250576,15,0
Hepatocyte_15weeks_Animal1_Capture1_AAGGCAGAGTGGTAAT,3.0832696002753277,15_30,0.4165887391062167,15,0
Hepatocyte_15weeks_Animal1_Capture1_AAGGCAGCATGCTGGC,5.695411169002456,15_30,0.7695221194326717,15,0
Hepatocyte_15weeks_Animal1_Capture1_AAGGCAGCATGGTTGT,5.621910482817935,15_30,0.759591246641555,15,0
Hepatocyte_15weeks_Animal1_Capture1_AAGGCAGTCACATAGC,5.341109150821206,15_30,0.7216514333909013,15,0
Hepatocyte_15weeks_Animal1_Capture1_AAGGTTCAGATCCTGT,5.326329727914099,15_30,0.7196545463353421,15,0
Hepatocyte_15weeks_Animal1_Capture1_AAGGTTCTCCGTCAAA,4.737229744387183,15_30,0.6400596840102778,15,0
Hepatocyte_15weeks_Animal1_Capture1_AAGTCTGCACCAGGTC,4.595940801882353,15_30,0.6209697599885569,15,0
Hepatocyte_15weeks_Animal1_Capture1_AAGTCTGGTCCAGTAT,5.393627672362567,15_30,0.7287473502275882,15,0
Hepatocyte_15weeks_Animal1_Capture1_AAGTCTGGTTACCAGT,5.8511861983833455,15_30,0.7905692971002437,15,0
Hepatocyte_15weeks_Animal1_Capture1_AATCCAGTCCTTGCCA,3.3121163703631904,15_30,0.44750883360295474,15,0
Hepatocyte_15weeks_Animal1_Capture1_AATCGGTAGACTAGGC,5.385407104766433,15_30,0.7276366475211803,15,0
Hepatocyte_15weeks_Animal1_Capture1_AATCGGTGTCACTTCC,4.849448449123961,15_30,0.6552218510508286,15,0
Hepatocyte_15weeks_Animal1_Capture1_ACACCAAGTCGGATCC,4.811016471497003,15_30,0.6500292045500027,15,0
Hepatocyte_15weeks_Animal1_Capture1_ACACCCTCACGGTAGA,4.896597967936674,15_30,0.661592347678791,15,0
Hepatocyte_15weeks_Animal1_Capture1_ACACCCTCAGCTGTAT,5.437186011511559,15_30,0.7346326330397105,15,0
Hepatocyte_15weeks_Animal1_Capture1_ACACCCTTCTATCGCC,5.270282076567557,15_30,0.7120817994038912,15,0
Hepatocyte_15weeks_Animal1_Capture1_ACACCGGAGGACGAAA,4.898316103939733,15_30,0.6618244895943288,15,0
Hepatocyte_15weeks_Animal1_Capture1_ACACTGATCCGATATG,4.965890169059454,15_30,0.6709546008833295,15,0
Hepatocyte_15weeks_Animal1_Capture1_ACAGCCGGTAGCTCCG,5.400014020596824,15_30,0.7296102266877476,15,0
Hepatocyte_15weeks_Animal1_Capture1_ACAGCCGTCAGTACGT,5.212321595897558,15_30,0.7042506050256413,15,0
Hepatocyte_15weeks_Animal1_Capture1_ACAGCTACAGCATACT,4.843389308643763,15_30,0.6544031844987738,15,0
Hepatocyte_15weeks_Animal1_Capture1_ACATACGCAGTGACAG,5.864022168807262,15_30,0.7923035991326143,15,0
Hepatocyte_15weeks_Animal1_Capture1_ACATACGGTCGGCACT,5.234954137484516,15_30,0.7073085477892705,15,0
Hepatocyte_15weeks_Animal1_Capture1_ACCAGTAAGACAGAGA,5.411512745629121,15_30,0.731163849946027,15,0
Hepatocyte_15weeks_Animal1_Capture1_ACCAGTATCACGGTTA,4.255903258319418,15_30,0.5750263849723051,15,0
Hepatocyte_15weeks_Animal1_Capture1_ACCAGTATCCCTCAGT,5.705687260298542,15_30,0.770910549401817,15,0
Hepatocyte_15weeks_Animal1_Capture1_ACCGTAACAGATCGGA,5.53259415143708,15_30,0.7475234800511081,15,0
Hepatocyte_15weeks_Animal1_Capture1_ACCTTTAAGTCCAGGA,5.000796478942244,15_30,0.6756708850576436,15,0
Hepatocyte_15weeks_Animal1_Capture1_ACCTTTACATATACCG,5.410089269965654,15_30,0.7309715203710397,15,0
Hepatocyte_15weeks_Animal1_Capture1_ACCTTTATCAACACTG,3.818347837411172,15_30,0.5159071107223403,15,0
Hepatocyte_15weeks_Animal1_Capture1_ACGAGCCAGGTGCAAC,5.161313797644589,15_30,0.6973588060221124,15,0
Hepatocyte_15weeks_Animal1_Capture1_ACGAGGAAGAATGTTG,5.413257533126641,15_30,0.7313995928157181,15,0
Hepatocyte_15weeks_Animal1_Capture1_ACGAGGAAGGGTATCG,5.335928603451345,15_30,0.7209514758858886,15,0
Hepatocyte_15weeks_Animal1_Capture1_ACGAGGACAGTCGTGC,4.782214987515545,15_30,0.6461377596062481,15,0
Hepatocyte_15weeks_Animal1_Capture1_ACGAGGAGTTCGTGAT,4.217097044318438,15_30,0.5697831744017111,15,0
Hepatocyte_15weeks_Animal1_Capture1_ACGAGGATCGTTGACA,4.84667305072652,15_30,0.654846859607069,15,0
Hepatocyte_15weeks_Animal1_Capture1_ACGATACCATCCAACA,4.924317767631197,15_30,0.6653376433876019,15,0
Hepatocyte_15weeks_Animal1_Capture1_ACGATACGTTACCAGT,4.911022785070584,15_30,0.6635413230071622,15,0
Hepatocyte_15weeks_Animal1_Capture1_ACGATACTCAGAAATG,5.4118321176607065,15_30,0.7312070011488708,15,0
Hepatocyte_15weeks_Animal1_Capture1_ACGATGTCAAGCCGCT,4.996200044741381,15_30,0.6750498486332092,15,0
Hepatocyte_15weeks_Animal1_Capture1_ACGATGTCACGAAATA,5.029526285499816,15_30,0.6795526454744153,15,0
Hepatocyte_15weeks_Animal1_Capture1_ACGATGTTCTCAAGTG,5.468445051682563,15_30,0.7388561249229199,15,0
Hepatocyte_15weeks_Animal1_Capture1_ACGGAGAGTGTGCCTG,4.951631339678551,15_30,0.6690280526008209,15,0
Hepatocyte_15weeks_Animal1_Capture1_ACGGCCACAGTAAGCG,3.9156381398054814,15_30,0.5290522617004088,15,0
Hepatocyte_15weeks_Animal1_Capture1_ACGGCCATCGGCTACG,4.5422391007621945,15_30,0.6137139806186607,15,0
Hepatocyte_15weeks_Animal1_Capture1_ACGGGCTAGCGTAGTG,5.107165379854109,15_30,0.6900426695772428,15,0
Hepatocyte_15weeks_Animal1_Capture1_ACGGGCTCAAGTTAAG,4.174257977009991,15_30,0.5639950743170092,15,0
Hepatocyte_15weeks_Animal1_Capture1_ACGGGTCTCCAATGGT,5.060027977807052,15_30,0.6836738100776477,15,0
Hepatocyte_15weeks_Animal1_Capture1_ACTATCTTCCATTCTA,4.73124943186175,15_30,0.6392516681124112,15,0
Hepatocyte_15weeks_Animal1_Capture1_ACTGAACCATAGACTC,2.735065012500722,15_30,0.36954189307009006,15,0
Hepatocyte_15weeks_Animal1_Capture1_ACTGAGTTCACTCTTA,3.0345295332536257,15_30,0.4100033392882085,15,0
Hepatocyte_15weeks_Animal1_Capture1_ACTGAGTTCATGCATG,5.239333070019472,15_30,0.7079001969863454,15,0
Hepatocyte_15weeks_Animal1_Capture1_ACTGCTCCATCGACGC,4.4345829883081604,15_30,0.5991682775311661,15,0
Hepatocyte_15weeks_Animal1_Capture1_ACTGTCCTCTTACCTA,5.353156795489524,15_30,0.7232792226381104,15,0
Hepatocyte_15weeks_Animal1_Capture1_ACTTACTAGGGTTCCC,3.9752515419421366,15_30,0.5371067866850949,15,0
Hepatocyte_15weeks_Animal1_Capture1_ACTTACTGTCACACGC,5.7060161843102675,15_30,0.7709549911980499,15,0
Hepatocyte_15weeks_Animal1_Capture1_ACTTGTTAGAGCTGCA,5.512559547903492,15_30,0.7448165515931474,15,0
Hepatocyte_15weeks_Animal1_Capture1_ACTTGTTAGGTGTTAA,4.591949821577441,15_30,0.6204305280469606,15,0
Hepatocyte_15weeks_Animal1_Capture1_ACTTGTTAGTGAACGC,4.755981165057033,15_30,0.6425932382257786,15,0
Hepatocyte_15weeks_Animal1_Capture1_ACTTGTTCAAGTAGTA,5.247932260655955,15_30,0.7090620564566514,15,0
Hepatocyte_15weeks_Animal1_Capture1_ACTTTCACATCCTAGA,5.254993574492394,15_30,0.7100161293107712,15,0
Hepatocyte_15weeks_Animal1_Capture1_AGAGCGACAACTGCGC,5.031656102649182,15_30,0.6798404107222878,15,0
Hepatocyte_15weeks_Animal1_Capture1_AGAGCTTAGAACAACT,4.6484853069178085,15_30,0.6280691875240945,15,0
Hepatocyte_15weeks_Animal1_Capture1_AGAGCTTAGTCTTGCA,5.347961906132008,15_30,0.72257732734908,15,0
Hepatocyte_15weeks_Animal1_Capture1_AGAGCTTCATTGGTAC,5.29460078652528,15_30,0.7153675648514126,15,0
Hepatocyte_15weeks_Animal1_Capture1_AGAGTGGGTGCAGACA,5.497650334344943,15_30,0.7428021281781899,15,0
Hepatocyte_15weeks_Animal1_Capture1_AGAGTGGTCTCGTATT,4.342439719003219,15_30,0.5867185558547215,15,0
Hepatocyte_15weeks_Animal1_Capture1_AGATCTGCAAGGTGTG,5.241218057284777,15_30,0.708154882618771,15,0
Hepatocyte_15weeks_Animal1_Capture1_AGATCTGCAGATCCAT,4.724272314344044,15_30,0.6383089712463839,15,0
Hepatocyte_15weeks_Animal1_Capture1_AGATTGCCATGTCGAT,5.360930835561987,15_30,0.7243295938256509,15,0
Hepatocyte_15weeks_Animal1_Capture1_AGATTGCGTCGCATCG,5.176333266316107,15_30,0.699388126298015,15,0
Hepatocyte_15weeks_Animal1_Capture1_AGCAGCCAGGCAATTA,5.679527619575916,15_30,0.7673760509125712,15,0
Hepatocyte_15weeks_Animal1_Capture1_AGCAGCCTCAACACTG,5.420027174851413,15_30,0.7323142570766933,15,0
Hepatocyte_15weeks_Animal1_Capture1_AGCATACGTAACGACG,4.116061631351046,15_30,0.5561320115940854,15,0
Hepatocyte_15weeks_Animal1_Capture1_AGCCTAAAGAAGGTGA,5.522048328947282,15_30,0.7460986059844774,15,0
Hepatocyte_15weeks_Animal1_Capture1_AGCCTAAAGATACACA,4.287975079021949,15_30,0.5793596937903581,15,0
Hepatocyte_15weeks_Animal1_Capture1_AGCCTAACACGGCGTT,5.272767153439052,15_30,0.7124175647357278,15,0
Hepatocyte_15weeks_Animal1_Capture1_AGCGGTCAGCTGTTCA,5.265647462607997,15_30,0.711455604410925,15,0
Hepatocyte_15weeks_Animal1_Capture1_AGCGTATCACAACTGT,4.739607889080323,15_30,0.6403810014516843,15,0
Hepatocyte_15weeks_Animal1_Capture1_AGCGTATGTACCATCA,5.330758737536984,15_30,0.7202529615806785,15,0
Hepatocyte_15weeks_Animal1_Capture1_AGCGTATGTTATGTGC,4.495426304498438,15_30,0.6073889794679949,15,0
Hepatocyte_15weeks_Animal1_Capture1_AGCGTATTCTCCCTGA,5.195685074887875,15_30,0.7020028005164543,15,0
Hepatocyte_15weeks_Animal1_Capture1_AGCTCCTCACGAAAGC,5.65890935955868,15_30,0.7645902630780019,15,0
Hepatocyte_15weeks_Animal1_Capture1_AGCTCCTCATCTGGTA,5.352595837793589,15_30,0.7232034301549553,15,0
Hepatocyte_15weeks_Animal1_Capture1_AGCTCCTGTGGCTCCA,5.2495557700168005,15_30,0.7092814131154079,15,0
Hepatocyte_15weeks_Animal1_Capture1_AGCTCCTTCCTGTAGA,4.13532367487805,15_30,0.5587345574190781,15,0
Hepatocyte_15weeks_Animal1_Capture1_AGCTCTCAGACATAAC,5.255016292642337,15_30,0.7100191988203071,15,0
Hepatocyte_15weeks_Animal1_Capture1_AGCTTGAGTTCCATGA,4.899756224221589,15_30,0.6620190680678837,15,0
Hepatocyte_15weeks_Animal1_Capture1_AGCTTGATCCCTTGCA,4.907578136686511,15_30,0.6630759074214291,15,0
Hepatocyte_15weeks_Animal1_Capture1_AGCTTGATCTCCTATA,5.397173612619611,15_30,0.7292264516271206,15,0
Hepatocyte_15weeks_Animal1_Capture1_AGGCCGTCAGGTCGTC,4.779146181325878,15_30,0.6457231250569371,15,0
Hepatocyte_15weeks_Animal1_Capture1_AGGGAGTTCTGCAAGT,4.616216201955054,15_30,0.6237092231060236,15,0
Hepatocyte_15weeks_Animal1_Capture1_AGGGATGAGATCACGG,4.342783143290929,15_30,0.5867649568217284,15,0
Hepatocyte_15weeks_Animal1_Capture1_AGGTCATGTCGTCTTC,5.290605818021582,15_30,0.7148277940536932,15,0
Hepatocyte_15weeks_Animal1_Capture1_AGTGAGGCAAGGCTCC,4.21804820437854,15_30,0.5699116881619385,15,0
Hepatocyte_15weeks_Animal1_Capture1_AGTGAGGTCATCGATG,4.6198734988061005,15_30,0.6242033701905272,15,0
Hepatocyte_15weeks_Animal1_Capture1_AGTGTCAAGAACAACT,5.26148691369842,15_30,0.7108934616050946,15,0
Hepatocyte_15weeks_Animal1_Capture1_AGTGTCAAGCTGAACG,5.189261897086345,15_30,0.7011349479157102,15,0
Hepatocyte_15weeks_Animal1_Capture1_ATAACGCCACTACAGT,5.7712560951166845,15_30,0.7797697287026197,15,0
Hepatocyte_15weeks_Animal1_Capture1_ATAACGCTCGACCAGC,4.796934000430624,15_30,0.6481264845074483,15,0
Hepatocyte_15weeks_Animal1_Capture1_ATAGACCGTGCACTTA,4.433251574638247,15_30,0.5989883866964727,15,0
Hepatocyte_15weeks_Animal1_Capture1_ATAGACCTCCCGACTT,4.868617469645871,15_30,0.6578118282907076,15,0
Hepatocyte_15weeks_Animal1_Capture1_ATCACGAAGCTAACTC,4.9238543036816145,15_30,0.665275023543278,15,0
Hepatocyte_15weeks_Animal1_Capture1_ATCATCTAGTCCGTAT,4.9184344361045325,15_30,0.6645427308498796,15,0
Hepatocyte_15weeks_Animal1_Capture1_ATCATCTCAAATCCGT,5.514337949966872,15_30,0.7450568362160493,15,0
Hepatocyte_15weeks_Animal1_Capture1_ATCATGGCAAGCTGGA,4.95907503956063,15_30,0.6700337906484711,15,0
Hepatocyte_15weeks_Animal1_Capture1_ATCATGGGTCTAGAGG,3.7204505524610605,15_30,0.5026799487201439,15,0
Hepatocyte_15weeks_Animal1_Capture1_ATCATGGGTGACCAAG,5.310270858015195,15_30,0.7174847898008964,15,0
Hepatocyte_15weeks_Animal1_Capture1_ATCCACCAGCCCAATT,5.2734140080168705,15_30,0.7125049629745761,15,0
Hepatocyte_15weeks_Animal1_Capture1_ATCCACCAGTGTTTGC,5.5598057107166134,15_30,0.7512001060485112,15,0
Hepatocyte_15weeks_Animal1_Capture1_ATCCACCTCAAGATCC,4.321777826180101,15_30,0.5839268726759421,15,0
Hepatocyte_15weeks_Animal1_Capture1_ATCCACCTCAGTTGAC,3.4693282497068916,15_30,0.46875014788259567,15,0
Hepatocyte_15weeks_Animal1_Capture1_ATCCGAAAGCTGCCCA,5.4623549462294925,15_30,0.738033274611195,15,0
Hepatocyte_15weeks_Animal1_Capture1_ATCCGAAGTGCCTGGT,4.371438713724285,15_30,0.5906366869987247,15,0
Hepatocyte_15weeks_Animal1_Capture1_ATCGAGTAGATCCGAG,5.320715788952305,15_30,0.7188960321420637,15,0
Hepatocyte_15weeks_Animal1_Capture1_ATCTGCCTCCACGCAG,5.275531738168886,15_30,0.7127910951161561,15,0
Hepatocyte_15weeks_Animal1_Capture1_ATGAGGGGTCCAGTTA,5.558382519141044,15_30,0.7510078148573938,15,0
Hepatocyte_15weeks_Animal1_Capture1_ATGAGGGTCATGGTCA,5.2991669633025795,15_30,0.7159845131150421,15,0
Hepatocyte_15weeks_Animal1_Capture1_ATGCGATAGAAGAAGC,4.987412860228293,15_30,0.6738625888112739,15,0
Hepatocyte_15weeks_Animal1_Capture1_ATGCGATAGGGTATCG,5.2876956769597,15_30,0.7144345971709157,15,0
Hepatocyte_15weeks_Animal1_Capture1_ATGTGTGAGCCAGTAG,5.407192939606354,15_30,0.7305801894889435,15,0
Hepatocyte_15weeks_Animal1_Capture1_ATGTGTGGTAACGCGA,5.0331994079202795,15_30,0.680048930793606,15,0
Hepatocyte_15weeks_Animal1_Capture1_ATGTGTGTCATACGGT,5.344367638875822,15_30,0.7220916963604269,15,0
Hepatocyte_15weeks_Animal1_Capture1_ATTACTCAGGCAATTA,5.7055324292195175,15_30,0.7708896297637874,15,0
Hepatocyte_15weeks_Animal1_Capture1_ATTATCCAGTGGGCTA,4.074456730049207,15_30,0.5505106629541793,15,0
Hepatocyte_15weeks_Animal1_Capture1_ATTCTACGTCTTCGTC,5.103639535396084,15_30,0.6895662833744527,15,0
Hepatocyte_15weeks_Animal1_Capture1_ATTGGACTCTACTATC,4.446182113550143,15_30,0.6007354661282518,15,0
Hepatocyte_15weeks_Animal1_Capture1_ATTGGTGAGACGCACA,5.018881560801956,15_30,0.6781144084679537,15,0
Hepatocyte_15weeks_Animal1_Capture1_ATTGGTGCATTGGGCC,4.991154386846543,15_30,0.6743681164031816,15,0
Hepatocyte_15weeks_Animal1_Capture1_CAACCAACATCATCCC,4.7531228798384415,15_30,0.6422070477236205,15,0
Hepatocyte_15weeks_Animal1_Capture1_CAACCAATCCGCGCAA,5.499658179099818,15_30,0.7430734134121116,15,0
Hepatocyte_15weeks_Animal1_Capture1_CAACCTCAGCTGCAAG,5.631986529309882,15_30,0.7609526480262672,15,0
Hepatocyte_15weeks_Animal1_Capture1_CAACCTCCACGGCCAT,4.689157808858149,15_30,0.633564557211555,15,0
Hepatocyte_15weeks_Animal1_Capture1_CAACCTCGTATTAGCC,4.988667778735571,15_30,0.6740321441815151,15,0
Hepatocyte_15weeks_Animal1_Capture1_CAACCTCTCATTTGGG,3.7037992306330794,15_30,0.5004301444331134,15,0
Hepatocyte_15weeks_Animal1_Capture1_CAACCTCTCGAGAACG,5.241301211519717,15_30,0.7081661178081563,15,0
Hepatocyte_15weeks_Animal1_Capture1_CAACTAGAGTCATGCT,5.161787635422567,15_30,0.6974228275019243,15,0
Hepatocyte_15weeks_Animal1_Capture1_CAACTAGCATATGGTC,5.259191905012228,15_30,0.710583376890241,15,0
Hepatocyte_15weeks_Animal1_Capture1_CAAGAAAAGCGATATA,5.205167357688223,15_30,0.7032839769128658,15,0
Hepatocyte_15weeks_Animal1_Capture1_CAAGAAAGTACAAGTA,4.571053926317733,15_30,0.6176072281778995,15,0
Hepatocyte_15weeks_Animal1_Capture1_CAAGAAATCCTAGAAC,5.20283912401644,15_30,0.7029694030820252,15,0
Hepatocyte_15weeks_Animal1_Capture1_CAAGATCCACTTACGA,4.382288982511084,15_30,0.5921026956125846,15,0
Hepatocyte_15weeks_Animal1_Capture1_CAAGATCGTGAGGCTA,5.363681902055989,15_30,0.7247012977213566,15,0
Hepatocyte_15weeks_Animal1_Capture1_CAAGATCTCTTGTATC,4.854436224570275,15_30,0.6558957626296084,15,0
Hepatocyte_15weeks_Animal1_Capture1_CAAGGCCAGGAATCGC,4.61764675164786,15_30,0.6239025084718902,15,0
Hepatocyte_15weeks_Animal1_Capture1_CAAGGCCAGTTACGGG,5.088880870275786,15_30,0.6875722009585632,15,0
Hepatocyte_15weeks_Animal1_Capture1_CAAGGCCGTCAAACTC,4.948938124765683,15_30,0.6686641651857881,15,0
Hepatocyte_15weeks_Animal1_Capture1_CAAGGCCGTGAAATCA,5.063184810847251,15_30,0.6841003381683693,15,0
Hepatocyte_15weeks_Animal1_Capture1_CAAGTTGGTCGTTGTA,4.763677616360696,15_30,0.6436331261888354,15,0
Hepatocyte_15weeks_Animal1_Capture1_CAAGTTGTCTCTAGGA,5.00645483744719,15_30,0.6764354008932928,15,0
Hepatocyte_15weeks_Animal1_Capture1_CACAAACAGCAATCTC,4.455789665701645,15_30,0.6020335679991794,15,0
Hepatocyte_15weeks_Animal1_Capture1_CACAAACGTGTGAAAT,4.045675112496364,15_30,0.5466219022163231,15,0
Hepatocyte_15weeks_Animal1_Capture1_CACAAACGTTGTGGCC,5.61775554921664,15_30,0.7590298625349304,15,0
Hepatocyte_15weeks_Animal1_Capture1_CACAAACTCAATACCG,5.170411779865327,15_30,0.698588058547227,15,0
Hepatocyte_15weeks_Animal1_Capture1_CACAAACTCCGTACAA,4.825769992709689,15_30,0.6520225919588821,15,0
Hepatocyte_15weeks_Animal1_Capture1_CACACAACAGATAATG,5.383355473551798,15_30,0.7273594461824653,15,0
Hepatocyte_15weeks_Animal1_Capture1_CACACAATCGGACAAG,5.563841330622937,15_30,0.7517453693651336,15,0
Hepatocyte_15weeks_Animal1_Capture1_CACACCTCATGAAGTA,5.231706405250087,15_30,0.7068697380671578,15,0
Hepatocyte_15weeks_Animal1_Capture1_CACAGGCTCAAGCCTA,3.577702540339565,15_30,0.48339288592994795,15,0
Hepatocyte_15weeks_Animal1_Capture1_CACAGGCTCACTGGGC,5.322873255018222,15_30,0.7191875331084353,15,0
Hepatocyte_15weeks_Animal1_Capture1_CACATAGGTAAGGGAA,5.356091178947284,15_30,0.7236756949753373,15,0
Hepatocyte_15weeks_Animal1_Capture1_CACATTTGTAAGCACG,5.2475452949412285,15_30,0.7090097724918756,15,0
Hepatocyte_15weeks_Animal1_Capture1_CACATTTGTACGAAAT,4.7922532511569935,15_30,0.6474940560497487,15,0
Hepatocyte_15weeks_Animal1_Capture1_CACATTTGTTACCAGT,5.457917385959415,15_30,0.7374337040652218,15,0
Hepatocyte_15weeks_Animal1_Capture1_CACATTTTCTCCTATA,5.608260740090344,15_30,0.7577469936733736,15,0
Hepatocyte_15weeks_Animal1_Capture1_CACCACTCAACTGCGC,4.012951736747331,15_30,0.5422005600666222,15,0
Hepatocyte_15weeks_Animal1_Capture1_CACCACTCAAGACACG,4.375164156152174,15_30,0.5911400414129829,15,0
Hepatocyte_15weeks_Animal1_Capture1_CACCACTCAGTGGGAT,5.595144080500751,15_30,0.7559747669828416,15,0
Hepatocyte_15weeks_Animal1_Capture1_CACCACTGTCCATCCT,5.071305366630597,15_30,0.6851975280133065,15,0
Hepatocyte_15weeks_Animal1_Capture1_CACCACTGTGGCCCTA,3.9544531366195934,15_30,0.5342966589401956,15,0
Hepatocyte_15weeks_Animal1_Capture1_CACCACTTCTGGAGCC,4.946350438960333,15_30,0.6683145360885603,15,0
Hepatocyte_15weeks_Animal1_Capture1_CACCAGGTCAGAGCTT,4.940698244030206,15_30,0.6675508530298638,15,0
Hepatocyte_15weeks_Animal1_Capture1_CACCTTGAGAGGGATA,5.220125020616622,15_30,0.7053049464507748,15,0
Hepatocyte_15weeks_Animal1_Capture1_CACTCCAGTCGGCTCA,5.419715137076048,15_30,0.7322720968246735,15,0
Hepatocyte_15weeks_Animal1_Capture1_CACTCCATCCTAGAAC,5.394518214533323,15_30,0.728867673743898,15,0
Hepatocyte_15weeks_Animal1_Capture1_CAGAGAGAGACAGAGA,6.0398323766820825,15_30,0.816057782942565,15,0
Hepatocyte_15weeks_Animal1_Capture1_CAGAGAGAGTGTTTGC,5.206733162995362,15_30,0.7034955370237715,15,0
Hepatocyte_15weeks_Animal1_Capture1_CAGAGAGGTATGCTTG,4.922130953854384,15_30,0.6650421771741183,15,0
Hepatocyte_15weeks_Animal1_Capture1_CAGAGAGGTGGTGTAG,5.344058564452845,15_30,0.7220499364948134,15,0
Hepatocyte_15weeks_Animal1_Capture1_CAGATCAGTCGCTTTC,5.146513960901787,15_30,0.6953591607990313,15,0
Hepatocyte_15weeks_Animal1_Capture1_CAGATCATCCCTTGCA,4.661953750289163,15_30,0.6298889446550618,15,0
Hepatocyte_15weeks_Animal1_Capture1_CAGCAGCGTTGTCGCG,5.281734308760442,15_30,0.7136291408912395,15,0
Hepatocyte_15weeks_Animal1_Capture1_CAGCATAAGGGCTTGA,5.139353782334283,15_30,0.694391730068697,15,0
Hepatocyte_15weeks_Animal1_Capture1_CAGCATACAATGACCT,5.101602707228263,15_30,0.689291082114682,15,0
Hepatocyte_15weeks_Animal1_Capture1_CAGCATATCTTGTTTG,5.7286252153648185,15_30,0.7740097573912454,15,0
Hepatocyte_15weeks_Animal1_Capture1_CAGCCGATCACCTCGT,5.624483413109533,15_30,0.7599388820821565,15,0
Hepatocyte_15weeks_Animal1_Capture1_CAGCGACCATTGAGCT,4.579671608445967,15_30,0.6187715860827349,15,0
Hepatocyte_15weeks_Animal1_Capture1_CAGCGACGTAAAGTCA,5.388767065820062,15_30,0.7280906207769255,15,0
Hepatocyte_15weeks_Animal1_Capture1_CAGCTAAAGCGTAATA,5.840980267739305,15_30,0.7891903467230121,15,0
Hepatocyte_15weeks_Animal1_Capture1_CAGCTAAGTATATGGA,5.428487474863841,15_30,0.7334573506661488,15,0
Hepatocyte_15weeks_Animal1_Capture1_CAGCTAATCTTTACAC,5.657812631743046,15_30,0.7644420812719682,15,0
Hepatocyte_15weeks_Animal1_Capture1_CAGCTGGGTCTTCAAG,5.616777426206483,15_30,0.7588977057389579,15,0
Hepatocyte_15weeks_Animal1_Capture1_CAGTCCTGTTCCGTCT,4.9849114315838525,15_30,0.6735246141479949,15,0
Hepatocyte_15weeks_Animal1_Capture1_CAGTCCTTCAGTCAGT,5.327022103251566,15_30,0.7197480950048447,15,0
Hepatocyte_15weeks_Animal1_Capture1_CATATGGAGCCACGTC,4.955751738972463,15_30,0.6695847706855164,15,0
Hepatocyte_15weeks_Animal1_Capture1_CATATTCTCTAAGCCA,3.9189826656943083,15_30,0.5295041494700705,15,0
Hepatocyte_15weeks_Animal1_Capture1_CATCAGAAGTGTGGCA,3.1298340765242827,15_30,0.4228801890806079,15,0
Hepatocyte_15weeks_Animal1_Capture1_CATCCACCACCGTTGG,4.555674688488106,15_30,0.615529298536169,15,0
Hepatocyte_15weeks_Animal1_Capture1_CATCCACGTTGTCGCG,5.001584393603864,15_30,0.6757773422988067,15,0
Hepatocyte_15weeks_Animal1_Capture1_CATCGAACAGTTTACG,5.783976763093325,15_30,0.7814884519153108,15,0
Hepatocyte_15weeks_Animal1_Capture1_CATCGGGTCTGCAGTA,5.581774075455428,15_30,0.7541683101153729,15,0
Hepatocyte_15weeks_Animal1_Capture1_CATGACAAGCTCCTCT,4.902072989342773,15_30,0.6623320923524136,15,0
Hepatocyte_15weeks_Animal1_Capture1_CATGCCTAGACCCACC,4.322142858281294,15_30,0.5839761931319788,15,0
Hepatocyte_15weeks_Animal1_Capture1_CATGCCTTCAACCAAC,4.732519729664985,15_30,0.6394233014201478,15,0
Hepatocyte_15weeks_Animal1_Capture1_CATGCCTTCTCGATGA,5.550905874511692,15_30,0.7499976255574996,15,0
Hepatocyte_15weeks_Animal1_Capture1_CATGGCGGTGACGCCT,5.100004675866801,15_30,0.6890751678560443,15,0
Hepatocyte_15weeks_Animal1_Capture1_CATTATCCAAGCCGCT,5.149702867208104,15_30,0.6957900223938648,15,0
Hepatocyte_15weeks_Animal1_Capture1_CATTCGCCAATGGATA,4.674604192946685,15_30,0.6315981795384992,15,0
Hepatocyte_15weeks_Animal1_Capture1_CATTCGCCAGATTGCT,5.24912617884099,15_30,0.7092233699114513,15,0
Hepatocyte_15weeks_Animal1_Capture1_CATTCGCTCTGCGTAA,4.958582358604991,15_30,0.6699672232169132,15,0
Hepatocyte_15weeks_Animal1_Capture1_CCAATCCGTGCGGTAA,4.6026426470632575,15_30,0.6218752640785491,15,0
Hepatocyte_15weeks_Animal1_Capture1_CCACCTACAGTTCATG,3.6852421779928877,15_30,0.4979228517979786,15,0
Hepatocyte_15weeks_Animal1_Capture1_CCACCTACATCACCCT,4.704675781490211,15_30,0.6356612316806635,15,0
Hepatocyte_15weeks_Animal1_Capture1_CCACCTAGTATTACCG,5.3817027138774,15_30,0.7271361374362104,15,0
Hepatocyte_15weeks_Animal1_Capture1_CCACCTAGTCTCATCC,4.363992128405564,15_30,0.5896305590920713,15,0
Hepatocyte_15weeks_Animal1_Capture1_CCACGGAAGACTTTCG,4.769106446172853,15_30,0.6443666297936018,15,0
Hepatocyte_15weeks_Animal1_Capture1_CCACGGAGTCTGCGGT,4.223465590270773,15_30,0.5706436455483103,15,0
Hepatocyte_15weeks_Animal1_Capture1_CCACTACGTATCTGCA,5.172321871018129,15_30,0.6988461360325214,15,0
Hepatocyte_15weeks_Animal1_Capture1_CCACTACTCGCTAGCG,4.621292477465527,15_30,0.6243950921633629,15,0
Hepatocyte_15weeks_Animal1_Capture1_CCAGCGAAGGCAATTA,3.606595041795512,15_30,0.4872966284862533,15,0
Hepatocyte_15weeks_Animal1_Capture1_CCAGCGAGTCCAAGTT,5.467225367239594,15_30,0.7386913301206235,15,0
Hepatocyte_15weeks_Animal1_Capture1_CCAGCGAGTCTGGAGA,4.834546936489685,15_30,0.653208468128189,15,0
Hepatocyte_15weeks_Animal1_Capture1_CCATTCGGTCCAAGTT,4.768756940426781,15_30,0.6443194071446147,15,0
Hepatocyte_15weeks_Animal1_Capture1_CCCAATCTCAGTTTGG,5.437632658569039,15_30,0.734692980709108,15,0
Hepatocyte_15weeks_Animal1_Capture1_CCCATACTCACCTTAT,5.080096527744027,15_30,0.6863853251242684,15,0
Hepatocyte_15weeks_Animal1_Capture1_CCCATACTCCAAGCCG,5.675328280518121,15_30,0.7668086670668608,15,0
Hepatocyte_15weeks_Animal1_Capture1_CCCATACTCTCTAGGA,5.041960738910949,15_30,0.6812326974775085,15,0
Hepatocyte_15weeks_Animal1_Capture1_CCCATACTCTGACCTC,5.729397843900344,15_30,0.7741141492833405,15,0
Hepatocyte_15weeks_Animal1_Capture1_CCCTCCTAGGTTCCTA,3.410835352006771,15_30,0.46084701722629945,15,0
Hepatocyte_15weeks_Animal1_Capture1_CCCTCCTGTCAGGACA,5.035664034744225,15_30,0.680381933065241,15,0
Hepatocyte_15weeks_Animal1_Capture1_CCGGGATCAATGAATG,5.407472581267767,15_30,0.7306179726160237,15,0
Hepatocyte_15weeks_Animal1_Capture1_CCGGGATCATGAGCGA,5.250586814210266,15_30,0.7094207202329172,15,0
Hepatocyte_15weeks_Animal1_Capture1_CCGGTAGAGCCACGCT,4.27360176580272,15_30,0.5774176772925979,15,0
Hepatocyte_15weeks_Animal1_Capture1_CCGGTAGCATTGGCGC,5.457770359254394,15_30,0.7374138388968778,15,0
Hepatocyte_15weeks_Animal1_Capture1_CCGGTAGGTCGAGTTT,3.9046506192060653,15_30,0.5275677086298612,15,0
Hepatocyte_15weeks_Animal1_Capture1_CCGTACTAGTTAACGA,4.399873531663508,15_30,0.5944785907203317,15,0
Hepatocyte_15weeks_Animal1_Capture1_CCGTACTCAAAGGTGC,5.422092625641805,15_30,0.7325933256149679,15,0
Hepatocyte_15weeks_Animal1_Capture1_CCGTACTTCCAGAGGA,5.90900290266384,15_30,0.7983810654689057,15,0
Hepatocyte_15weeks_Animal1_Capture1_CCGTGGACACGGTTTA,5.4636439442406814,15_30,0.7382074345536611,15,0
Hepatocyte_15weeks_Animal1_Capture1_CCGTGGAGTAGCAAAT,5.356792662723417,15_30,0.7237704743101632,15,0
Hepatocyte_15weeks_Animal1_Capture1_CCGTGGAGTTGTTTGG,5.24334681356415,15_30,0.7084425045296832,15,0
Hepatocyte_15weeks_Animal1_Capture1_CCGTTCACACATCCGG,5.670895366188853,15_30,0.7662097242462814,15,0
Hepatocyte_15weeks_Animal1_Capture1_CCTAAAGGTGTCCTCT,4.935543783848985,15_30,0.6668544202341471,15,0
Hepatocyte_15weeks_Animal1_Capture1_CCTACCATCCCAAGTA,5.456377866885887,15_30,0.7372256955571064,15,0
Hepatocyte_15weeks_Animal1_Capture1_CCTATTACATGGGACA,4.31815036736019,15_30,0.5834367570870195,15,0
Hepatocyte_15weeks_Animal1_Capture1_CCTATTAGTTAAGGGC,5.464291402911791,15_30,0.7382949144131573,15,0
Hepatocyte_15weeks_Animal1_Capture1_CCTATTAGTTCCGTCT,4.100508054867671,15_30,0.5540305265941285,15,0
Hepatocyte_15weeks_Animal1_Capture1_CCTATTATCCTGCTTG,4.848144004643496,15_30,0.6550456040949015,15,0
Hepatocyte_15weeks_Animal1_Capture1_CCTCAGTGTAAGTTCC,4.892216851479707,15_30,0.6610004034062168,15,0
Hepatocyte_15weeks_Animal1_Capture1_CCTCTGAAGATACACA,5.053180411158772,15_30,0.6827486171734339,15,0
Hepatocyte_15weeks_Animal1_Capture1_CCTTACGAGCTAGTCT,4.59296290102305,15_30,0.6205674078997062,15,0
Hepatocyte_15weeks_Animal1_Capture1_CCTTACGGTGTGAATA,4.833796242978064,15_30,0.6531070399353921,15,0
Hepatocyte_15weeks_Animal1_Capture1_CCTTCCCAGAGCTTCT,5.132891146610553,15_30,0.6935185462033576,15,0
Hepatocyte_15weeks_Animal1_Capture1_CCTTCCCCATATGCTG,5.526608384985217,15_30,0.746714727258766,15,0
Hepatocyte_15weeks_Animal1_Capture1_CCTTCCCTCTGCAAGT,5.357444988862783,15_30,0.7238586118262145,15,0
Hepatocyte_15weeks_Animal1_Capture1_CCTTCGAGTAATTGGA,4.551106530022544,15_30,0.6149120825213787,15,0
Hepatocyte_15weeks_Animal1_Capture1_CCTTCGAGTTCTCATT,4.21484968784152,15_30,0.5694795281033278,15,0
Hepatocyte_15weeks_Animal1_Capture1_CCTTTCTCAACAACCT,5.700282044033293,15_30,0.7701802362860468,15,0
Hepatocyte_15weeks_Animal1_Capture1_CCTTTCTTCACCCGAG,5.581992437569294,15_30,0.7541978136001398,15,0
Hepatocyte_15weeks_Animal1_Capture1_CCTTTCTTCCGGCACA,5.285913897877649,15_30,0.7141938562700582,15,0
Hepatocyte_15weeks_Animal1_Capture1_CGAACATTCGCGTTTC,5.36742566025758,15_30,0.7252071268284124,15,0
Hepatocyte_15weeks_Animal1_Capture1_CGAATGTGTACCAGTT,5.2974797811605,15_30,0.7157565534578169,15,0
Hepatocyte_15weeks_Animal1_Capture1_CGACCTTTCACCTCGT,3.331164457986399,15_30,0.4500824712779179,15,10
Hepatocyte_15weeks_Animal1_Capture1_CGACCTTTCTAGCACA,5.255551751031366,15_30,0.7100915460244274,15,0
Hepatocyte_15weeks_Animal1_Capture1_CGAGAAGGTCGACTAT,4.6572775951147705,15_30,0.6292571369183037,15,0
Hepatocyte_15weeks_Animal1_Capture1_CGAGCACAGCTAGTGG,5.5024442420215,15_30,0.7434498457680465,15,0
Hepatocyte_15weeks_Animal1_Capture1_CGAGCACCATCACGTA,5.373294904833532,15_30,0.7260001360408352,15,0
Hepatocyte_15weeks_Animal1_Capture1_CGAGCCAGTGCGATAG,5.176884933134049,15_30,0.6994626634659853,15,0
Hepatocyte_15weeks_Animal1_Capture1_CGATCGGTCATACGGT,5.501878415398654,15_30,0.7433733954312537,15,0
Hepatocyte_15weeks_Animal1_Capture1_CGATGGCCATTCCTGC,4.822918112424876,15_30,0.6516372668443265,15,0
Hepatocyte_15weeks_Animal1_Capture1_CGATGGCGTGATGATA,3.348353039816071,15_30,0.45240486618973735,15,0
Hepatocyte_15weeks_Animal1_Capture1_CGATGGCGTGCAGACA,2.747323957264122,15_30,0.3711982316339644,15,0
Hepatocyte_15weeks_Animal1_Capture1_CGATGTAGTGTGTGCC,5.3813465753997844,15_30,0.7270880186212603,15,0
Hepatocyte_15weeks_Animal1_Capture1_CGATGTATCGCGCCAA,5.161150670297481,15_30,0.6973367654532826,15,0
Hepatocyte_15weeks_Animal1_Capture1_CGATTGACACTTCTGC,5.043132005877698,15_30,0.6813909504660863,15,0
Hepatocyte_15weeks_Animal1_Capture1_CGATTGAGTGTATGGG,5.350820466809973,15_30,0.722963555069285,15,0
Hepatocyte_15weeks_Animal1_Capture1_CGATTGAGTTAAGTAG,5.342613328508794,15_30,0.7218546668305617,15,0
Hepatocyte_15weeks_Animal1_Capture1_CGATTGATCTAACGGT,3.8407645731909876,15_30,0.5189358953905888,15,0
Hepatocyte_15weeks_Animal1_Capture1_CGCCAAGCATAGTAAG,5.354101027966967,15_30,0.723406800394258,15,0
Hepatocyte_15weeks_Animal1_Capture1_CGCGGTAGTAGAAAGG,5.520129137416573,15_30,0.7458392989229704,15,0
Hepatocyte_15weeks_Animal1_Capture1_CGCGTTTAGGTGCTAG,5.132367631865211,15_30,0.6934478127366358,15,0
Hepatocyte_15weeks_Animal1_Capture1_CGCTATCAGTACCGGA,5.559471774873869,15_30,0.7511549870904873,15,0
Hepatocyte_15weeks_Animal1_Capture1_CGCTGGAAGCTCTCGG,4.814508282496449,15_30,0.6505009924018749,15,0
Hepatocyte_15weeks_Animal1_Capture1_CGCTTCACAAGGTTTC,5.251832834538125,15_30,0.7095890733465201,15,0
Hepatocyte_15weeks_Animal1_Capture1_CGCTTCATCTCTGAGA,3.7368805175653605,15_30,0.5048998449127274,15,0
Hepatocyte_15weeks_Animal1_Capture1_CGCTTCATCTTTACGT,5.680256758854198,15_30,0.7674745668556938,15,0
Hepatocyte_15weeks_Animal1_Capture1_CGGACACCACCATGTA,5.125561009473536,15_30,0.6925281519196036,15,0
Hepatocyte_15weeks_Animal1_Capture1_CGGACGTCACCAACCG,1.1995956274535131,15_30,0.1620805491136956,15,0
Hepatocyte_15weeks_Animal1_Capture1_CGGACGTGTTCTCATT,4.7482845490541665,15_30,0.6415533280097753,15,0
Hepatocyte_15weeks_Animal1_Capture1_CGGAGTCCACCTCGGA,4.721386180961608,15_30,0.6379190181048959,15,0
Hepatocyte_15weeks_Animal1_Capture1_CGGAGTCCAGCAGTTT,4.999330012065026,15_30,0.6754727468256618,15,0
Hepatocyte_15weeks_Animal1_Capture1_CGGCTAGAGAGGGATA,5.046927804764518,15_30,0.6819038109282464,15,0
Hepatocyte_15weeks_Animal1_Capture1_CGGCTAGTCAACGCTA,5.097772355698467,15_30,0.6887735531532221,15,0
Hepatocyte_15weeks_Animal1_Capture1_CGGCTAGTCCTGTAGA,4.4670491934191805,15_30,0.6035548726733995,15,0
Hepatocyte_15weeks_Animal1_Capture1_CGGGTCACACCTCGGA,4.335899442891751,15_30,0.585834881790527,15,0
Hepatocyte_15weeks_Animal1_Capture1_CGGGTCAGTCTAGAGG,2.19861308247247,15_30,0.297060448988259,15,0
Hepatocyte_15weeks_Animal1_Capture1_CGGTTAAGTCAGTGGA,5.04342729319006,15_30,0.6814308475185918,15,0
Hepatocyte_15weeks_Animal1_Capture1_CGGTTAAGTGCACGAA,4.709603338582298,15_30,0.6363270069977758,15,0
Hepatocyte_15weeks_Animal1_Capture1_CGTAGCGAGCCCTAAT,5.1539864102797255,15_30,0.6963687832673722,15,0
Hepatocyte_15weeks_Animal1_Capture1_CGTAGCGGTAGGGTAC,5.014149743987724,15_30,0.6774750801393031,15,0
Hepatocyte_15weeks_Animal1_Capture1_CGTCAGGAGGCGATAC,5.229861918872624,15_30,0.7066205246171833,15,0
Hepatocyte_15weeks_Animal1_Capture1_CGTCAGGAGGGCACTA,4.178757467786306,15_30,0.564603012458052,15,0
Hepatocyte_15weeks_Animal1_Capture1_CGTCCATAGCCCAACC,5.130624275118688,15_30,0.6932122631795093,15,0
Hepatocyte_15weeks_Animal1_Capture1_CGTCCATCAAGCGAGT,3.8443871758269896,15_30,0.5194253548476145,15,0
Hepatocyte_15weeks_Animal1_Capture1_CGTCTACTCTGCAGTA,4.3413728084890675,15_30,0.5865744027434302,15,0
Hepatocyte_15weeks_Animal1_Capture1_CGTGAGCCAAAGGTGC,5.676298799802668,15_30,0.7669397965032849,15,0
Hepatocyte_15weeks_Animal1_Capture1_CGTGAGCGTTCCACGG,4.383374338984977,15_30,0.5922493410064545,15,0
Hepatocyte_15weeks_Animal1_Capture1_CGTGAGCTCAAACGGG,4.533280115310307,15_30,0.6125035083159014,15,0
Hepatocyte_15weeks_Animal1_Capture1_CGTGAGCTCTGCGACG,4.858108417941169,15_30,0.6563919224224459,15,0
Hepatocyte_15weeks_Animal1_Capture1_CGTGTCTCAATAGCAA,5.318680122237941,15_30,0.7186209878093521,15,0
Hepatocyte_15weeks_Animal1_Capture1_CGTGTCTGTTACCGAT,4.6492549724059264,15_30,0.62817317907099,15,0
Hepatocyte_15weeks_Animal1_Capture1_CGTTAGAAGAAGGCCT,3.9291604412098424,15_30,0.5308792957331621,15,0
Hepatocyte_15weeks_Animal1_Capture1_CGTTAGATCTTTAGTC,4.237890508106176,15_30,0.5725926344827275,15,0
Hepatocyte_15weeks_Animal1_Capture1_CGTTCTGAGACTAGGC,5.137465789747914,15_30,0.6941366383793659,15,0
Hepatocyte_15weeks_Animal1_Capture1_CTAACTTAGCTGTTCA,5.003718305898199,15_30,0.6760656608525851,15,0
Hepatocyte_15weeks_Animal1_Capture1_CTAACTTGTACCATCA,5.326646646940989,15_30,0.719697366106211,15,0
Hepatocyte_15weeks_Animal1_Capture1_CTAACTTGTTGTCTTT,4.837650788304537,15_30,0.6536278377849347,15,0
Hepatocyte_15weeks_Animal1_Capture1_CTAAGACAGGTGATTA,5.117287572935125,15_30,0.6914103059500833,15,0
Hepatocyte_15weeks_Animal1_Capture1_CTAAGACCACTACAGT,5.250767205155983,15_30,0.7094450933323749,15,0
Hepatocyte_15weeks_Animal1_Capture1_CTAATGGGTATTACCG,5.1822228147583305,15_30,0.700183878819699,15,0
Hepatocyte_15weeks_Animal1_Capture1_CTAATGGTCCAAGCCG,5.585392912902545,15_30,0.7546572608477351,15,0
Hepatocyte_15weeks_Animal1_Capture1_CTAATGGTCCCTTGTG,4.108087788219824,15_30,0.5550546444849718,15,0
Hepatocyte_15weeks_Animal1_Capture1_CTACACCGTAACGTTC,5.138465213819565,15_30,0.6942716732182928,15,0
Hepatocyte_15weeks_Animal1_Capture1_CTACACCGTTTCGCTC,4.724867455135275,15_30,0.6383893822982709,15,0
Hepatocyte_15weeks_Animal1_Capture1_CTACACCTCTATCGCC,5.519019506621261,15_30,0.7456893737611061,15,0
Hepatocyte_15weeks_Animal1_Capture1_CTACATTGTCTCCCTA,4.877312094896963,15_30,0.6589865821850898,15,0
Hepatocyte_15weeks_Animal1_Capture1_CTACCCAGTCCGACGT,5.599426610194353,15_30,0.756553390936155,15,0
Hepatocyte_15weeks_Animal1_Capture1_CTAGAGTCACCTATCC,4.003101197999875,15_30,0.5408696276317961,15,0
Hepatocyte_15weeks_Animal1_Capture1_CTAGAGTCAGTATGCT,5.810908172815502,15_30,0.7851272261624647,15,0
Hepatocyte_15weeks_Animal1_Capture1_CTAGTGACACTTACGA,4.549007996680423,15_30,0.6146285441117345,15,0
Hepatocyte_15weeks_Animal1_Capture1_CTAGTGAGTAGAAAGG,5.158664259065443,15_30,0.6970008198324514,15,0
Hepatocyte_15weeks_Animal1_Capture1_CTAGTGAGTCTCCCTA,4.997263968222117,15_30,0.6751935981584877,15,0
Hepatocyte_15weeks_Animal1_Capture1_CTAGTGATCATGCATG,4.845390422770697,15_30,0.6546735603396904,15,0
Hepatocyte_15weeks_Animal1_Capture1_CTCACACGTCCCTTGT,5.184064767910521,15_30,0.7004327499988834,15,0
Hepatocyte_15weeks_Animal1_Capture1_CTCACACTCTTCGGTC,4.979362330997023,15_30,0.6727748604396476,15,0
Hepatocyte_15weeks_Animal1_Capture1_CTCAGAAGTCCGTGAC,4.321835114890685,15_30,0.5839346131056811,15,0
Hepatocyte_15weeks_Animal1_Capture1_CTCATTAGTTCAGCGC,4.798700554976316,15_30,0.6483651683807905,15,0
Hepatocyte_15weeks_Animal1_Capture1_CTCATTATCCAGTATG,5.121005075437769,15_30,0.6919125875799682,15,0
Hepatocyte_15weeks_Animal1_Capture1_CTCGAGGCAGATTGCT,4.715977859167184,15_30,0.6371882853928365,15,0
Hepatocyte_15weeks_Animal1_Capture1_CTCGGAGAGGACTGGT,4.844560850859245,15_30,0.6545614746769385,15,0
Hepatocyte_15weeks_Animal1_Capture1_CTCGGAGAGGGTGTTG,4.152379665071296,15_30,0.561039037522984,15,0
Hepatocyte_15weeks_Animal1_Capture1_CTCGGGACACCTTGTC,5.537572687142042,15_30,0.7481961432239101,15,0
Hepatocyte_15weeks_Animal1_Capture1_CTCGTACCACGCCAGT,5.6713777688493545,15_30,0.7662749029501035,15,0
Hepatocyte_15weeks_Animal1_Capture1_CTCGTACGTTGCGCAC,4.525652998915856,15_30,0.6114729883764524,15,0
Hepatocyte_15weeks_Animal1_Capture1_CTCGTACTCGTGACAT,5.681574904813835,15_30,0.7676526650548374,15,0
Hepatocyte_15weeks_Animal1_Capture1_CTCGTACTCTCACATT,4.532845454340997,15_30,0.6124447801186892,15,0
Hepatocyte_15weeks_Animal1_Capture1_CTCTAATCACATTCGA,4.392584060774268,15_30,0.5934936909612484,15,0
Hepatocyte_15weeks_Animal1_Capture1_CTCTAATGTCACCCAG,4.837922318517297,15_30,0.6536645249526584,15,0
Hepatocyte_15weeks_Animal1_Capture1_CTCTAATGTGGAAAGA,5.585052312746358,15_30,0.7546112414566339,15,0
Hepatocyte_15weeks_Animal1_Capture1_CTCTAATGTTACCAGT,5.51874609131742,15_30,0.7456524318937232,15,0
Hepatocyte_15weeks_Animal1_Capture1_CTCTAATTCATTCACT,4.757398650057015,15_30,0.6427847583863223,15,0
Hepatocyte_15weeks_Animal1_Capture1_CTCTAATTCTGCTTGC,5.525333762786875,15_30,0.746542509670529,15,0
Hepatocyte_15weeks_Animal1_Capture1_CTCTACGAGTGTACTC,2.1007778661127583,15_30,0.28384167323804993,15,0
Hepatocyte_15weeks_Animal1_Capture1_CTCTACGCAGCAGTTT,5.559185647624332,15_30,0.7511163276783821,15,0
Hepatocyte_15weeks_Animal1_Capture1_CTGAAACGTGCAGTAG,4.955856758529181,15_30,0.6695989601565605,15,0
Hepatocyte_15weeks_Animal1_Capture1_CTGAAGTCAATGGATA,3.7959970057190158,15_30,0.5128872305302937,15,0
Hepatocyte_15weeks_Animal1_Capture1_CTGATAGCAAACTGCT,4.322255447360095,15_30,0.583991405341242,15,0
Hepatocyte_15weeks_Animal1_Capture1_CTGATCCAGAAACGCC,5.482920024352812,15_30,0.7408118768989254,15,0
Hepatocyte_15weeks_Animal1_Capture1_CTGATCCTCTAACCGA,5.32201311496426,15_30,0.7190713173028169,15,0
Hepatocyte_15weeks_Animal1_Capture1_CTGCCTACATATGAGA,4.840374506616696,15_30,0.6539958465952059,15,0
Hepatocyte_15weeks_Animal1_Capture1_CTGCGGATCCTACAGA,5.4918317553585325,15_30,0.7420159645280432,15,0
Hepatocyte_15weeks_Animal1_Capture1_CTGCTGTTCGGTTCGG,5.4847739381067475,15_30,0.7410623641067565,15,0
Hepatocyte_15weeks_Animal1_Capture1_CTGGTCTAGCTCAACT,5.041958023691045,15_30,0.6812323306169407,15,0
Hepatocyte_15weeks_Animal1_Capture1_CTGGTCTAGTATTGGA,4.539787606656694,15_30,0.6133827527434708,15,0
Hepatocyte_15weeks_Animal1_Capture1_CTGTGCTTCGCACTCT,5.473699753746277,15_30,0.7395661016654357,15,0
Hepatocyte_15weeks_Animal1_Capture1_CTGTTTAAGAGCCTAG,4.55312951628467,15_30,0.6151854135645327,15,0
Hepatocyte_15weeks_Animal1_Capture1_CTGTTTATCCCAAGTA,0.9759759381665328,15_30,0.13186669937734158,15,0
Hepatocyte_15weeks_Animal1_Capture1_CTTACCGAGTCGTACT,4.862736415924431,15_30,0.6570172235132947,15,0
Hepatocyte_15weeks_Animal1_Capture1_CTTAGGAAGTGCTGCC,3.858497235780017,15_30,0.5213318024978687,15,0
Hepatocyte_15weeks_Animal1_Capture1_CTTCTCTAGAGAGCTC,4.76239810503608,15_30,0.6434602480177711,15,0
Hepatocyte_15weeks_Animal1_Capture1_CTTCTCTCAAGCTGGA,5.20833536933564,15_30,0.7037120153748782,15,0
Hepatocyte_15weeks_Animal1_Capture1_CTTCTCTGTAGGCATG,0.1397942942529451,15_30,0.018887978129410884,15,0
Hepatocyte_15weeks_Animal1_Capture1_CTTTGCGTCTGCAAGT,3.7069972854894764,15_30,0.5008622421128297,15,0
Hepatocyte_15weeks_Animal1_Capture1_GAAACTCAGTGGGCTA,5.054157019170412,15_30,0.6828805692739358,15,0
Hepatocyte_15weeks_Animal1_Capture1_GAAACTCGTACGACCC,4.398347321911385,15_30,0.594272380469956,15,0
Hepatocyte_15weeks_Animal1_Capture1_GAAACTCGTCATGCAT,5.4368272145203695,15_30,0.7345841550259353,15,0
Hepatocyte_15weeks_Animal1_Capture1_GAAACTCGTTAAGAAC,4.703456935536795,15_30,0.6354965501689159,15,0
Hepatocyte_15weeks_Animal1_Capture1_GAAACTCTCACATACG,5.415144946599763,15_30,0.7316546062595212,15,0
Hepatocyte_15weeks_Animal1_Capture1_GAACGGACATGGTCTA,5.350270317614233,15_30,0.7228892229512784,15,0
Hepatocyte_15weeks_Animal1_Capture1_GAAGCAGAGTCTTGCA,4.8829041413690755,15_30,0.6597421384259817,15,0
Hepatocyte_15weeks_Animal1_Capture1_GAAGCAGGTATCGCAT,5.32779372941086,15_30,0.7198523514632268,15,0
Hepatocyte_15weeks_Animal1_Capture1_GAATAAGAGTGTACCT,5.077200802125542,15_30,0.6859940759503088,15,0
Hepatocyte_15weeks_Animal1_Capture1_GAATAAGTCGGAATCT,4.948741791659307,15_30,0.668637638098691,15,0
Hepatocyte_15weeks_Animal1_Capture1_GAATAAGTCGGCATCG,5.28387658818692,15_30,0.7139185899504492,15,0
Hepatocyte_15weeks_Animal1_Capture1_GAATAAGTCTTCTGGC,5.731775500677121,15_30,0.7744354008010723,15,0
Hepatocyte_15weeks_Animal1_Capture1_GAATGAAGTGGTAACG,4.141139901992607,15_30,0.5595204033015765,15,0
Hepatocyte_15weeks_Animal1_Capture1_GACACGCGTTCCTCCA,4.562577596255782,15_30,0.6164619687259071,15,0
Hepatocyte_15weeks_Animal1_Capture1_GACCTGGTCCAGGGCT,2.986896221702229,15_30,0.40356747613927135,15,0
Hepatocyte_15weeks_Animal1_Capture1_GACGCGTAGAAACGCC,3.97394598451947,15_30,0.5369303893565931,15,0
Hepatocyte_15weeks_Animal1_Capture1_GACGCGTCAAGCTGTT,5.438896655412183,15_30,0.7348637626774032,15,0
Hepatocyte_15weeks_Animal1_Capture1_GACGCGTGTGGTACAG,4.574129861762682,15_30,0.6180228259798137,15,0
Hepatocyte_15weeks_Animal1_Capture1_GACGGCTGTCACAAGG,5.247022870889437,15_30,0.7089391863916542,15,0
Hepatocyte_15weeks_Animal1_Capture1_GACGGCTGTGCTTCTC,5.347758451286264,15_30,0.7225498380248749,15,0
Hepatocyte_15weeks_Animal1_Capture1_GACGGCTGTTCAGGCC,4.594413154272363,15_30,0.6207633554653885,15,0
Hepatocyte_15weeks_Animal1_Capture1_GACTAACCACATGGGA,4.696882377893149,15_30,0.634608244235921,15,0
Hepatocyte_15weeks_Animal1_Capture1_GACTACACAGACACTT,5.64708569799336,15_30,0.7629927367823204,15,0
Hepatocyte_15weeks_Animal1_Capture1_GACTGCGAGACGCAAC,5.2497989829708285,15_30,0.7093142742631465,15,0
Hepatocyte_15weeks_Animal1_Capture1_GACTGCGTCAGTTCGA,5.320134294354334,15_30,0.7188174648635668,15,0
Hepatocyte_15weeks_Animal1_Capture1_GAGCAGAGTTCCCTTG,5.3729168030957215,15_30,0.7259490497115066,15,0
Hepatocyte_15weeks_Animal1_Capture1_GAGTCCGGTTACGCGC,5.633526341677193,15_30,0.7611606961620841,15,0
Hepatocyte_15weeks_Animal1_Capture1_GAGTCCGTCAATAAGG,3.9648482358246824,15_30,0.5357011683837893,15,0
Hepatocyte_15weeks_Animal1_Capture1_GATCAGTCAAGTTAAG,5.542687547718969,15_30,0.748887225611988,15,0
Hepatocyte_15weeks_Animal1_Capture1_GATCAGTCACGGATAG,5.5658962373291345,15_30,0.7520230132642073,15,0
Hepatocyte_15weeks_Animal1_Capture1_GATCGATGTATATGAG,4.103315753943465,15_30,0.5544098822682708,15,0
Hepatocyte_15weeks_Animal1_Capture1_GATCGATTCAGTGCAT,3.715863978022689,15_30,0.5020602444743889,15,0
Hepatocyte_15weeks_Animal1_Capture1_GATCGCGAGACGACGT,5.464056037512557,15_30,0.7382631135693752,15,0
Hepatocyte_15weeks_Animal1_Capture1_GATCGCGCATTTCAGG,5.843065444741135,15_30,0.7894720805220701,15,0
Hepatocyte_15weeks_Animal1_Capture1_GATCGCGGTAAGAGGA,5.388757815981208,15_30,0.7280893710066477,15,0
Hepatocyte_15weeks_Animal1_Capture1_GATCGCGGTCGCCATG,4.501410870296644,15_30,0.6081975700368346,15,0
Hepatocyte_15weeks_Animal1_Capture1_GATCGCGGTGAGCGAT,5.540282889254981,15_30,0.748562325824631,15,0
Hepatocyte_15weeks_Animal1_Capture1_GATCGCGTCAACACCA,4.75229507799047,15_30,0.6420952012188434,15,0
Hepatocyte_15weeks_Animal1_Capture1_GATCGCGTCACCCGAG,4.64074668293951,15_30,0.6270236014990357,15,0
Hepatocyte_15weeks_Animal1_Capture1_GATCGTATCTTAGCCC,3.6028814523992843,15_30,0.4867948755665623,15,0
Hepatocyte_15weeks_Animal1_Capture1_GATGAGGCATCTCGCT,5.923907690998064,15_30,0.8003948909800596,15,0
Hepatocyte_15weeks_Animal1_Capture1_GATGAGGGTTGTCGCG,5.335889553350284,15_30,0.72094619972309,15,0
Hepatocyte_15weeks_Animal1_Capture1_GATGAGGTCTGTCAAG,5.139960188089441,15_30,0.694473663159759,15,0
Hepatocyte_15weeks_Animal1_Capture1_GATGCTAGTGTCAATC,5.243384533141897,15_30,0.7084476009219454,15,0
Hepatocyte_15weeks_Animal1_Capture1_GATTCAGCATAGACTC,3.665271808572892,15_30,0.49522460218159137,15,0
Hepatocyte_15weeks_Animal1_Capture1_GATTCAGGTAGCTGCC,4.473173241488246,15_30,0.6043823090620598,15,0
Hepatocyte_15weeks_Animal1_Capture1_GATTCAGGTCAGAATA,5.213600642915281,15_30,0.7044234204629689,15,0
Hepatocyte_15weeks_Animal1_Capture1_GCAATCAGTAAATGTG,5.032450029498165,15_30,0.6799476802860427,15,0
Hepatocyte_15weeks_Animal1_Capture1_GCACATAGTCTTCAAG,5.2739632455622845,15_30,0.7125791719170874,15,0
Hepatocyte_15weeks_Animal1_Capture1_GCACATAGTTCATGGT,4.90083128174171,15_30,0.6621643219427749,15,0
Hepatocyte_15weeks_Animal1_Capture1_GCACATAGTTTCGCTC,5.18602774431323,15_30,0.7006979729506573,15,0
Hepatocyte_15weeks_Animal1_Capture1_GCACATATCGCAGGCT,3.2340039052046974,15_30,0.43695485111438187,15,0
Hepatocyte_15weeks_Animal1_Capture1_GCAGCCACAGGGTATG,4.344246390530933,15_30,0.5869626600399807,15,0
Hepatocyte_15weeks_Animal1_Capture1_GCATGCGTCAATCACG,5.029387747348168,15_30,0.6795339272170472,15,0
Hepatocyte_15weeks_Animal1_Capture1_GCATGTAGTCAAAGCG,5.2107976835451915,15_30,0.7040447051830443,15,0
Hepatocyte_15weeks_Animal1_Capture1_GCCAAATAGCGTAATA,4.365476971656075,15_30,0.5898311802046219,15,0
Hepatocyte_15weeks_Animal1_Capture1_GCCTCTAAGTTAAGTG,3.1613576080956354,15_30,0.42713941709891423,15,0
Hepatocyte_15weeks_Animal1_Capture1_GCCTCTACAAAGAATC,4.332284281640781,15_30,0.5853464277587833,15,0
Hepatocyte_15weeks_Animal1_Capture1_GCCTCTAGTATCTGCA,3.2390996357380777,15_30,0.4376433487915024,15,0
Hepatocyte_15weeks_Animal1_Capture1_GCCTCTAGTTCCGGCA,5.230912801491053,15_30,0.7067625121569434,15,0
Hepatocyte_15weeks_Animal1_Capture1_GCGACCAAGGACTGGT,4.583387309248531,15_30,0.61927362428014,15,0
Hepatocyte_15weeks_Animal1_Capture1_GCGACCAGTAAATGTG,5.448303740545274,15_30,0.7361347789174068,15,0
Hepatocyte_15weeks_Animal1_Capture1_GCGACCAGTGATGCCC,4.825303092071056,15_30,0.6519595077743792,15,0
Hepatocyte_15weeks_Animal1_Capture1_GCGAGAACACAGACAG,5.9930056350015555,15_30,0.8097308975896262,15,0
Hepatocyte_15weeks_Animal1_Capture1_GCGAGAAGTCCTGCTT,4.999902576336491,15_30,0.6755501075040423,15,0
Hepatocyte_15weeks_Animal1_Capture1_GCGCAGTAGCCGTCGT,5.172663353102053,15_30,0.69889227458322,15,0
Hepatocyte_15weeks_Animal1_Capture1_GCGCCAAAGCTATGCT,5.39264128370219,15_30,0.7286140766376762,15,0
Hepatocyte_15weeks_Animal1_Capture1_GCGCGATCACACTGCG,5.766140642564955,15_30,0.7790785663312552,15,0
Hepatocyte_15weeks_Animal1_Capture1_GCGCGATCATTCTCAT,4.578023983793968,15_30,0.6185489711429855,15,0
Hepatocyte_15weeks_Animal1_Capture1_GCGGGTTAGACTGGGT,4.582340475866457,15_30,0.619132183843451,15,0
Hepatocyte_15weeks_Animal1_Capture1_GCGGGTTAGCACGCCT,4.207917802308408,15_30,0.5685429426507908,15,0
Hepatocyte_15weeks_Animal1_Capture1_GCGGGTTCACTAGTAC,5.031610860470064,15_30,0.6798342979313884,15,0
Hepatocyte_15weeks_Animal1_Capture1_GCGGGTTCAGTCTTCC,5.120395787188882,15_30,0.691830265027528,15,0
Hepatocyte_15weeks_Animal1_Capture1_GCGGGTTGTATATGAG,4.299251890637582,15_30,0.5808833337379239,15,0
Hepatocyte_15weeks_Animal1_Capture1_GCGGGTTGTCGCATCG,5.490904074413506,15_30,0.7418906230933705,15,0
Hepatocyte_15weeks_Animal1_Capture1_GCGGGTTTCTTTAGTC,4.1681922066515655,15_30,0.5631755119845104,15,0
Hepatocyte_15weeks_Animal1_Capture1_GCTCCTAGTCGCATAT,5.277506652112374,15_30,0.7130579309807485,15,0
Hepatocyte_15weeks_Animal1_Capture1_GCTCTGTGTCCGAGTC,4.722595970816254,15_30,0.6380824760231025,15,0
Hepatocyte_15weeks_Animal1_Capture1_GCTGCAGTCGACAGCC,3.2705382201951503,15_30,0.4418910993797373,15,0
Hepatocyte_15weeks_Animal1_Capture1_GCTGCAGTCTACTCAT,4.784063482427001,15_30,0.6463875146598896,15,0
Hepatocyte_15weeks_Animal1_Capture1_GCTGCGACAAAGGTGC,5.099367476388687,15_30,0.688989074143343,15,0
Hepatocyte_15weeks_Animal1_Capture1_GCTGCGAGTATAGTAG,5.5080856955978845,15_30,0.7442120775339298,15,0
Hepatocyte_15weeks_Animal1_Capture1_GCTGCTTAGGAGTAGA,5.537153321718169,15_30,0.7481394816484384,15,0
Hepatocyte_15weeks_Animal1_Capture1_GCTGCTTAGTGCCATT,4.994408866484489,15_30,0.674807837784892,15,0
Hepatocyte_15weeks_Animal1_Capture1_GCTGCTTTCACTCCTG,3.700949412590518,15_30,0.5000450979535818,15,0
Hepatocyte_15weeks_Animal1_Capture1_GCTGGGTGTGTCGCTG,5.4985415344802835,15_30,0.742922540593841,15,0
Hepatocyte_15weeks_Animal1_Capture1_GCTGGGTGTTCCACGG,4.622879853374903,15_30,0.6246095667355882,15,0
Hepatocyte_15weeks_Animal1_Capture1_GCTGGGTTCCTAGTGA,5.02064737081042,15_30,0.6783529917448949,15,0
Hepatocyte_15weeks_Animal1_Capture1_GCTTCCAGTAGAGCTG,2.9283860188219206,15_30,0.39566200733414975,15,0
Hepatocyte_15weeks_Animal1_Capture1_GCTTCCATCGGAGCAA,4.852536779573031,15_30,0.6556391235746477,15,0
Hepatocyte_15weeks_Animal1_Capture1_GCTTCCATCGGTTAAC,4.586087133289842,15_30,0.6196384046720584,15,0
Hepatocyte_15weeks_Animal1_Capture1_GCTTGAAGTCGACTAT,5.104004803096701,15_30,0.6896156356629527,15,0
Hepatocyte_15weeks_Animal1_Capture1_GGAAAGCGTACAAGTA,4.154258556343924,15_30,0.5612928995096594,15,0
Hepatocyte_15weeks_Animal1_Capture1_GGAACTTGTATAGGGC,5.32356965279853,15_30,0.7192816252608663,15,0
Hepatocyte_15weeks_Animal1_Capture1_GGAATAACATGGGAAC,4.711248942085499,15_30,0.6365493488547468,15,0
Hepatocyte_15weeks_Animal1_Capture1_GGACAAGCACAGTCGC,3.600839632203547,15_30,0.4865189998206503,15,0
Hepatocyte_15weeks_Animal1_Capture1_GGACAAGTCAGTTAGC,4.494410104972541,15_30,0.6072516780529204,15,0
Hepatocyte_15weeks_Animal1_Capture1_GGACAGAAGAGACTAT,4.771525623358417,15_30,0.6446934912439657,15,0
Hepatocyte_15weeks_Animal1_Capture1_GGACAGACATGCCTAA,4.897567282313502,15_30,0.6617233143169353,15,0
Hepatocyte_15weeks_Animal1_Capture1_GGACAGAGTCTTCGTC,5.176021974984573,15_30,0.6993460669000022,15,0
Hepatocyte_15weeks_Animal1_Capture1_GGACAGATCATTATCC,4.423076760421624,15_30,0.5976136405423368,15,0
Hepatocyte_15weeks_Animal1_Capture1_GGACAGATCCCATTAT,5.120526133664593,15_30,0.6918478764858184,15,0
Hepatocyte_15weeks_Animal1_Capture1_GGACAGATCGTTTAGG,5.526305024367999,15_30,0.7466737394006138,15,0
Hepatocyte_15weeks_Animal1_Capture1_GGACATTTCCTTTCTC,4.855626347838196,15_30,0.6560565633430846,15,0
Hepatocyte_15weeks_Animal1_Capture1_GGACGTCGTATGGTTC,5.528224227529693,15_30,0.746933048033614,15,0
Hepatocyte_15weeks_Animal1_Capture1_GGACGTCGTGATAAGT,5.042750918367685,15_30,0.6813394607211508,15,0
Hepatocyte_15weeks_Animal1_Capture1_GGATGTTCACAACGTT,5.338848650121536,15_30,0.7213460111416955,15,0
Hepatocyte_15weeks_Animal1_Capture1_GGATGTTCATCACGAT,4.950492303231835,15_30,0.6688741543633488,15,0
Hepatocyte_15weeks_Animal1_Capture1_GGATGTTGTTCTCATT,5.241777735827352,15_30,0.7082305022721206,15,0
Hepatocyte_15weeks_Animal1_Capture1_GGATGTTTCATGTAGC,4.344974233554463,15_30,0.5870610008426833,15,0
Hepatocyte_15weeks_Animal1_Capture1_GGCAATTCATTTCACT,5.119317273736887,15_30,0.6916845442125089,15,0
Hepatocyte_15weeks_Animal1_Capture1_GGCCGATAGGAGCGTT,4.17021220426122,15_30,0.5634484392228967,15,0
Hepatocyte_15weeks_Animal1_Capture1_GGCGACTCAATCGAAA,5.452149140119357,15_30,0.7366543410600699,15,0
Hepatocyte_15weeks_Animal1_Capture1_GGCGACTCATCACCCT,5.051351482456734,15_30,0.6825015057622783,15,0
Hepatocyte_15weeks_Animal1_Capture1_GGCGACTCATCCTAGA,5.6036381154661985,15_30,0.7571224185913367,15,0
Hepatocyte_15weeks_Animal1_Capture1_GGCGTGTAGAAGAAGC,5.354848869966456,15_30,0.7235078433116823,15,0
Hepatocyte_15weeks_Animal1_Capture1_GGCGTGTAGTTAAGTG,5.251847243527081,15_30,0.7095910201832614,15,0
Hepatocyte_15weeks_Animal1_Capture1_GGCGTGTTCACAACGT,5.360107378955169,15_30,0.7242183344179388,15,0
Hepatocyte_15weeks_Animal1_Capture1_GGGACCTTCTCGCTTG,4.766389742084125,15_30,0.643999568693675,15,0
Hepatocyte_15weeks_Animal1_Capture1_GGGAGATTCAAACAAG,4.381296676823004,15_30,0.591968622557355,15,0
Hepatocyte_15weeks_Animal1_Capture1_GGGATGAGTCAGAGGT,5.275031929514648,15_30,0.7127235646423224,15,0
Hepatocyte_15weeks_Animal1_Capture1_GGGATGAGTTTAAGCC,2.135655067487288,15_30,0.28855402448455514,15,0
Hepatocyte_15weeks_Animal1_Capture1_GGGCATCAGGCAGGTT,5.020053680720943,15_30,0.6782727767011721,15,0
Hepatocyte_15weeks_Animal1_Capture1_GGGCATCAGTGTGAAT,5.1431024662684734,15_30,0.6948982247045578,15,0
Hepatocyte_15weeks_Animal1_Capture1_GGGTCTGGTGAACCTT,4.39240623267811,15_30,0.5934696641351968,15,0
Hepatocyte_15weeks_Animal1_Capture1_GGGTTGCCACCAGGCT,4.672437746254986,15_30,0.6313054651759423,15,0
Hepatocyte_15weeks_Animal1_Capture1_GGTGCGTCATAGAAAC,4.828326766379708,15_30,0.6523680444354603,15,0
Hepatocyte_15weeks_Animal1_Capture1_GGTGCGTCATTCACTT,4.553930601761314,15_30,0.6152936503494709,15,0
Hepatocyte_15weeks_Animal1_Capture1_GGTGCGTTCTTCGGTC,5.342608861659131,15_30,0.7218540633026481,15,0
Hepatocyte_15weeks_Animal1_Capture1_GGTGTTAGTCACTTCC,4.183046921133634,15_30,0.5651825718845969,15,0
Hepatocyte_15weeks_Animal1_Capture1_GGTGTTATCGGGAGTA,4.395833681528259,15_30,0.5939327558462516,15,0
Hepatocyte_15weeks_Animal1_Capture1_GTAACGTCACAAGTAA,4.798719175484714,15_30,0.6483676842471016,15,0
Hepatocyte_15weeks_Animal1_Capture1_GTAACGTTCCAACCAA,5.2582007424970545,15_30,0.7104494582921369,15,0
Hepatocyte_15weeks_Animal1_Capture1_GTAACTGAGTATCTCG,4.467910267517941,15_30,0.6036712146802896,15,0
Hepatocyte_15weeks_Animal1_Capture1_GTAACTGGTGCTGTAT,4.925345791085746,15_30,0.6654765423650589,15,0
Hepatocyte_15weeks_Animal1_Capture1_GTACGTATCCATGCTC,5.378651384346142,15_30,0.7267238642046024,15,0
Hepatocyte_15weeks_Animal1_Capture1_GTACTCCCACTGTCGG,3.4394055497911746,15_30,0.46470721247810526,15,0
Hepatocyte_15weeks_Animal1_Capture1_GTACTCCTCCGGGTGT,4.395038637405077,15_30,0.5938253353246141,15,0
Hepatocyte_15weeks_Animal1_Capture1_GTACTTTGTTGGACCC,4.7191321119471725,15_30,0.6376144648577526,15,0
Hepatocyte_15weeks_Animal1_Capture1_GTAGGCCAGCTGATAA,4.948304947745802,15_30,0.6685786149580948,15,0
Hepatocyte_15weeks_Animal1_Capture1_GTATTCTAGTAATCCC,5.612130022974666,15_30,0.7582697827534726,15,0
Hepatocyte_15weeks_Animal1_Capture1_GTATTCTTCCGTACAA,5.258925816466034,15_30,0.7105474249605298,15,0
Hepatocyte_15weeks_Animal1_Capture1_GTCAAGTAGCGTCAAG,4.894090470959757,15_30,0.661253553107005,15,0
Hepatocyte_15weeks_Animal1_Capture1_GTCAAGTAGTCCCACG,5.761507541455139,15_30,0.7784525757434333,15,0
Hepatocyte_15weeks_Animal1_Capture1_GTCAAGTCAAGCTGTT,5.149693100797348,15_30,0.6957887028281862,15,0
Hepatocyte_15weeks_Animal1_Capture1_GTCAAGTTCCTGCAGG,4.9228138511095345,15_30,0.6651344452347631,15,0
Hepatocyte_15weeks_Animal1_Capture1_GTCACAATCATTTGGG,4.528197895168261,15_30,0.6118168360636125,15,0
Hepatocyte_15weeks_Animal1_Capture1_GTCACGGAGCAGCCTC,5.618325200832876,15_30,0.7591068296767323,15,0
Hepatocyte_15weeks_Animal1_Capture1_GTCATTTTCATGCATG,5.413708771257299,15_30,0.731460560797198,15,0
Hepatocyte_15weeks_Animal1_Capture1_GTCCTCAGTCAGAATA,5.432455511483363,15_30,0.7339934826255164,15,0
Hepatocyte_15weeks_Animal1_Capture1_GTCCTCATCCTCGCAT,4.773034937205953,15_30,0.6448974186438285,15,0
Hepatocyte_15weeks_Animal1_Capture1_GTCGGGTAGCTCCTCT,4.619901502059039,15_30,0.6242071537843561,15,0
Hepatocyte_15weeks_Animal1_Capture1_GTCGGGTTCCACGCAG,3.7672261890378573,15_30,0.5089999291268779,15,0
Hepatocyte_15weeks_Animal1_Capture1_GTCGTAAGTCTAGTGT,5.342680726046017,15_30,0.721863773090698,15,0
Hepatocyte_15weeks_Animal1_Capture1_GTCGTAATCTGCGGCA,5.128805357079859,15_30,0.6929665043356296,15,0
Hepatocyte_15weeks_Animal1_Capture1_GTCTCGTCAGATCGGA,4.563007864587157,15_30,0.6165201034221494,15,0
Hepatocyte_15weeks_Animal1_Capture1_GTCTCGTTCCCTCAGT,5.504359447223652,15_30,0.743708614226122,15,0
Hepatocyte_15weeks_Animal1_Capture1_GTCTTCGAGTTAGGTA,5.270968536367848,15_30,0.7121745488094654,15,0
Hepatocyte_15weeks_Animal1_Capture1_GTGAAGGGTATAAACG,4.27212071845125,15_30,0.5772175690540414,15,0
Hepatocyte_15weeks_Animal1_Capture1_GTGCAGCTCAGCTGGC,5.1171459514428435,15_30,0.6913911710943786,15,0
Hepatocyte_15weeks_Animal1_Capture1_GTGCATAGTGCTAGCC,5.144580436902575,15_30,0.6950979172396644,15,0
Hepatocyte_15weeks_Animal1_Capture1_GTGCATAGTTGCGTTA,5.333612111327517,15_30,0.7206384884867559,15,0
Hepatocyte_15weeks_Animal1_Capture1_GTGCGGTCAGCGTCCA,5.205774835126504,15_30,0.7033660548018789,15,0
Hepatocyte_15weeks_Animal1_Capture1_GTGCTTCCAGTGACAG,4.956676011135987,15_30,0.669709651550673,15,0
Hepatocyte_15weeks_Animal1_Capture1_GTGGGTCAGCTGCCCA,5.448506406690512,15_30,0.736162161678193,15,0
Hepatocyte_15weeks_Animal1_Capture1_GTGTGCGAGATCTGCT,4.526673777456426,15_30,0.6116109084743526,15,0
Hepatocyte_15weeks_Animal1_Capture1_GTGTGCGCATACTACG,4.1766984737572255,15_30,0.5643248163099354,15,0
Hepatocyte_15weeks_Animal1_Capture1_GTGTGCGTCGTCGTTC,5.556023395078487,15_30,0.7506890673438685,15,0
Hepatocyte_15weeks_Animal1_Capture1_GTGTTAGCATGCGCAC,2.3823964716735673,15_30,0.3218919104891006,15,0
Hepatocyte_15weeks_Animal1_Capture1_GTGTTAGGTCGGCACT,4.747718469576301,15_30,0.6414768435090696,15,0
Hepatocyte_15weeks_Animal1_Capture1_GTTACAGTCAATCTCT,4.265405080372093,15_30,0.5763102013689582,15,0
Hepatocyte_15weeks_Animal1_Capture1_GTTCATTGTAGCAAAT,5.331233451601435,15_30,0.7203171014578815,15,0
Hepatocyte_15weeks_Animal1_Capture1_GTTCGGGAGACCGGAT,5.284076057883824,15_30,0.7139455408306173,15,0
Hepatocyte_15weeks_Animal1_Capture1_GTTCGGGCAGGGCATA,4.9898321123101175,15_30,0.6741894603810703,15,0
Hepatocyte_15weeks_Animal1_Capture1_GTTCGGGCATTGGGCC,5.675046307596624,15_30,0.7667705689570432,15,0
Hepatocyte_15weeks_Animal1_Capture1_GTTCGGGGTTGTCGCG,4.465240110159197,15_30,0.6033104426325923,15,0
Hepatocyte_15weeks_Animal1_Capture1_GTTCTCGAGCCACTAT,4.5273339398947785,15_30,0.6117001047735585,15,0
Hepatocyte_15weeks_Animal1_Capture1_GTTCTCGCAAGGACTG,4.701949231281872,15_30,0.635292840245383,15,10
Hepatocyte_15weeks_Animal1_Capture1_TAAACCGGTCTAGGTT,3.3423914128322343,15_30,0.4515993749449898,15,0
Hepatocyte_15weeks_Animal1_Capture1_TAAACCGTCCAAACAC,3.573436170257006,15_30,0.48281644534457224,15,0
Hepatocyte_15weeks_Animal1_Capture1_TAAGCGTCATTTGCTT,5.231552304628637,15_30,0.7068489171231899,15,0
Hepatocyte_15weeks_Animal1_Capture1_TAAGCGTGTAAAGTCA,4.960348076212216,15_30,0.6702057940092778,15,0
Hepatocyte_15weeks_Animal1_Capture1_TAAGTGCCATCTCCCA,4.677183660106659,15_30,0.6319466981927367,15,0
Hepatocyte_15weeks_Animal1_Capture1_TAAGTGCTCGTCGTTC,5.378916158532173,15_30,0.7267596385476235,15,0
Hepatocyte_15weeks_Animal1_Capture1_TACACGAGTGTTGAGG,4.139991965472678,15_30,0.5593653025515907,15,0
Hepatocyte_15weeks_Animal1_Capture1_TACCTATGTCGGCATC,4.631600129570427,15_30,0.6257877863971536,15,0
Hepatocyte_15weeks_Animal1_Capture1_TACCTTAGTATCTGCA,5.450121360571471,15_30,0.7363803623833547,15,0
Hepatocyte_15weeks_Animal1_Capture1_TACGGATAGGGTCGAT,5.540576047741242,15_30,0.7486019352457918,15,0
Hepatocyte_15weeks_Animal1_Capture1_TACGGGCCACTACAGT,4.245614941661873,15_30,0.5736363032021252,15,0
Hepatocyte_15weeks_Animal1_Capture1_TACGGGCTCGGAGCAA,4.968259125129499,15_30,0.6712746768254819,15,0
Hepatocyte_15weeks_Animal1_Capture1_TACGGTACAACACGCC,5.710193376487663,15_30,0.7715193827199687,15,0
Hepatocyte_15weeks_Animal1_Capture1_TACGGTATCTCTAAGG,4.298091968568688,15_30,0.5807266135886061,15,0
Hepatocyte_15weeks_Animal1_Capture1_TACTCGCCATCCCATC,2.802762163702634,15_30,0.3786886348463425,15,0
Hepatocyte_15weeks_Animal1_Capture1_TACTCGCTCGTTTATC,5.473900411880649,15_30,0.7395932131185444,15,0
Hepatocyte_15weeks_Animal1_Capture1_TACTTACGTCCAGTAT,5.093296099757351,15_30,0.6881687543324314,15,0
Hepatocyte_15weeks_Animal1_Capture1_TACTTACGTGGTGTAG,5.1745222094227135,15_30,0.6991434295943595,15,0
Hepatocyte_15weeks_Animal1_Capture1_TACTTGTAGCAACGGT,4.761723737100619,15_30,0.6433691323761475,15,0
Hepatocyte_15weeks_Animal1_Capture1_TAGACCATCGTATCAG,4.868681277939818,15_30,0.6578204495986586,15,0
Hepatocyte_15weeks_Animal1_Capture1_TAGAGCTAGCCTCGTG,5.1628076900361,15_30,0.6975606497881212,15,0
Hepatocyte_15weeks_Animal1_Capture1_TAGAGCTAGTCCGGTC,5.014931012015626,15_30,0.6775806393361437,15,0
Hepatocyte_15weeks_Animal1_Capture1_TAGCCGGAGCGATAGC,5.5587726250413265,15_30,0.7510605231009746,15,0
Hepatocyte_15weeks_Animal1_Capture1_TAGCCGGAGTGGACGT,4.84078178021395,15_30,0.6540508744118899,15,0
Hepatocyte_15weeks_Animal1_Capture1_TAGCCGGGTATCACCA,5.523552843776432,15_30,0.7463018849762291,15,0
Hepatocyte_15weeks_Animal1_Capture1_TAGCCGGGTTCAGACT,5.242409671625953,15_30,0.7083158847951124,15,0
Hepatocyte_15weeks_Animal1_Capture1_TAGGCATTCCTCTAGC,5.8535548762519625,15_30,0.7908893354538629,15,0
Hepatocyte_15weeks_Animal1_Capture1_TAGTGGTGTACTTCTT,4.577444275118177,15_30,0.6184706451651744,15,0
Hepatocyte_15weeks_Animal1_Capture1_TAGTTGGCATTCCTCG,4.802977447054086,15_30,0.6489430306208659,15,0
Hepatocyte_15weeks_Animal1_Capture1_TATCTCAGTGACGGTA,4.074543715750473,15_30,0.5505224158231491,15,0
Hepatocyte_15weeks_Animal1_Capture1_TATGCCCAGTCATCCA,4.690824392861794,15_30,0.633789733799626,15,0
Hepatocyte_15weeks_Animal1_Capture1_TATGCCCCACACGCTG,5.502269949329606,15_30,0.7434262966198485,15,0
Hepatocyte_15weeks_Animal1_Capture1_TATGCCCCAGCTGTGC,3.5221430286822386,15_30,0.4758860928474955,15,0
Hepatocyte_15weeks_Animal1_Capture1_TATGCCCGTACATCCA,5.404732636729257,15_30,0.7302477714372436,15,0
Hepatocyte_15weeks_Animal1_Capture1_TATGCCCGTCCGAATT,5.210783346870447,15_30,0.7040427681168682,15,0
Hepatocyte_15weeks_Animal1_Capture1_TCAACGACAAGCTGGA,5.213662925110741,15_30,0.704431835575703,15,0
Hepatocyte_15weeks_Animal1_Capture1_TCACAAGAGTCTCCTC,5.10089544610351,15_30,0.6891955221869502,15,0
Hepatocyte_15weeks_Animal1_Capture1_TCACAAGCAGCCTTGG,4.863812062179926,15_30,0.6571625569337848,15,0
Hepatocyte_15weeks_Animal1_Capture1_TCACGAAAGCTACCTA,5.30762277109754,15_30,0.7171269997490725,15,0
Hepatocyte_15weeks_Animal1_Capture1_TCACGAATCATCGGAT,4.961523677230587,15_30,0.6703646325830734,15,0
Hepatocyte_15weeks_Animal1_Capture1_TCAGCAACATACAGCT,3.982243233940422,15_30,0.538051452747876,15,0
Hepatocyte_15weeks_Animal1_Capture1_TCAGCAAGTATCGCAT,5.213468050286474,15_30,0.7044055055209723,15,0
Hepatocyte_15weeks_Animal1_Capture1_TCATTACAGTCTCAAC,5.086619430131267,15_30,0.6872666517784703,15,0
Hepatocyte_15weeks_Animal1_Capture1_TCATTTGGTAAGAGGA,4.863469869686183,15_30,0.6571163223977302,15,0
Hepatocyte_15weeks_Animal1_Capture1_TCATTTGTCGAACTGT,5.327353219394536,15_30,0.7197928329857483,15,0
Hepatocyte_15weeks_Animal1_Capture1_TCATTTGTCGGTTAAC,5.237856391786866,15_30,0.7077006790710351,15,0
Hepatocyte_15weeks_Animal1_Capture1_TCCACACCACCGAAAG,4.692056933232782,15_30,0.6339562656004784,15,0
Hepatocyte_15weeks_Animal1_Capture1_TCCACACGTTGAACTC,5.491206853138191,15_30,0.7419315323304783,15,0
Hepatocyte_15weeks_Animal1_Capture1_TCCACACTCGTACCGG,4.426401135101779,15_30,0.5980628056287108,15,0
Hepatocyte_15weeks_Animal1_Capture1_TCCCGATGTGCGGTAA,5.613947689551272,15_30,0.7585153725089698,15,0
Hepatocyte_15weeks_Animal1_Capture1_TCCCGATGTGTGAAAT,4.862673374029613,15_30,0.6570087057555641,15,0
Hepatocyte_15weeks_Animal1_Capture1_TCGAGGCTCCTTGCCA,5.426928205196133,15_30,0.733246673602833,15,0
Hepatocyte_15weeks_Animal1_Capture1_TCGCGAGAGATCTGCT,4.239076681279031,15_30,0.5727529014883753,15,0
Hepatocyte_15weeks_Animal1_Capture1_TCGCGAGGTACGCACC,5.453055860891785,15_30,0.7367768505101917,15,0
Hepatocyte_15weeks_Animal1_Capture1_TCGGGACTCAACGCTA,5.3440441997233785,15_30,0.7220479956380892,15,0
Hepatocyte_15weeks_Animal1_Capture1_TCGGTAATCTTCCTTC,4.407913789412853,15_30,0.5955649312847733,15,0
Hepatocyte_15weeks_Animal1_Capture1_TCGTACCAGCAGACTG,4.895136400766565,15_30,0.6613948714592414,15,0
Hepatocyte_15weeks_Animal1_Capture1_TCGTACCGTTGATTGC,4.080412316214236,15_30,0.5513153380078646,15,0
Hepatocyte_15weeks_Animal1_Capture1_TCGTAGACACCTCGGA,3.602747133182766,15_30,0.48677672734071725,15,0
Hepatocyte_15weeks_Animal1_Capture1_TCGTAGACATTTCACT,5.100807907242024,15_30,0.6891836945790349,15,0
Hepatocyte_15weeks_Animal1_Capture1_TCGTAGAGTTAGTGGG,4.987382045732502,15_30,0.6738584253829619,15,0
Hepatocyte_15weeks_Animal1_Capture1_TCTATTGTCCTGCCAT,4.70094289473487,15_30,0.6351568714435648,15,0
Hepatocyte_15weeks_Animal1_Capture1_TCTCATAAGATCCCGC,5.121682224635192,15_30,0.6920040790052773,15,0
Hepatocyte_15weeks_Animal1_Capture1_TCTCATACACCCATGG,5.236915540294136,15_30,0.7075735581287057,15,0
Hepatocyte_15weeks_Animal1_Capture1_TCTCTAACATTGAGCT,5.027728533145293,15_30,0.6793097463823187,15,0
Hepatocyte_15weeks_Animal1_Capture1_TCTCTAAGTCTACCTC,5.552499339646943,15_30,0.7502129228611946,15,0
Hepatocyte_15weeks_Animal1_Capture1_TCTCTAAGTCTCCACT,5.171851184717726,15_30,0.6987825403572091,15,0
Hepatocyte_15weeks_Animal1_Capture1_TCTCTAATCCCTTGTG,5.719116406383642,15_30,0.7727249969721383,15,0
Hepatocyte_15weeks_Animal1_Capture1_TCTGAGAGTCTGGTCG,4.479559342975357,15_30,0.6052451521835571,15,0
Hepatocyte_15weeks_Animal1_Capture1_TCTGGAAAGGCAATTA,4.797835465814688,15_30,0.6482482838880999,15,0
Hepatocyte_15weeks_Animal1_Capture1_TCTTCGGAGAAACGCC,5.362263996530261,15_30,0.7245097207424632,15,0
Hepatocyte_15weeks_Animal1_Capture1_TCTTCGGCACCGAAAG,5.25072712432989,15_30,0.7094396779055816,15,0
Hepatocyte_15weeks_Animal1_Capture1_TCTTCGGCATGTCGAT,4.453396037957746,15_30,0.6017101586016905,15,0
Hepatocyte_15weeks_Animal1_Capture1_TCTTTCCAGGTGCTAG,4.024434004735983,15_30,0.5437519597700554,15,0
Hepatocyte_15weeks_Animal1_Capture1_TCTTTCCCAGACAAGC,3.704941645620875,15_30,0.5005844991542377,15,0
Hepatocyte_15weeks_Animal1_Capture1_TCTTTCCTCTTAGAGC,5.484275111402182,15_30,0.7409949663067493,15,0
Hepatocyte_15weeks_Animal1_Capture1_TGAAAGACAAGACACG,5.227921036460143,15_30,0.7063582868430696,15,0
Hepatocyte_15weeks_Animal1_Capture1_TGAAAGACATTTGCTT,4.872906352821235,15_30,0.6583913106798049,15,0
Hepatocyte_15weeks_Animal1_Capture1_TGAAAGAGTAGCGATG,5.302652938055624,15_30,0.7164555124161727,15,0
Hepatocyte_15weeks_Animal1_Capture1_TGAAAGATCCAGGGCT,4.688105954914253,15_30,0.633422438433433,15,0
Hepatocyte_15weeks_Animal1_Capture1_TGAAAGATCGATCCCT,4.24775221975542,15_30,0.5739250765179684,15,0
Hepatocyte_15weeks_Animal1_Capture1_TGACGGCCATATGGTC,5.236380257618417,15_30,0.7075012346656768,15,0
Hepatocyte_15weeks_Animal1_Capture1_TGACTAGTCCGGGTGT,4.672442147809985,15_30,0.6313060598817205,15,0
Hepatocyte_15weeks_Animal1_Capture1_TGAGAGGAGGACGAAA,5.167011934223432,15_30,0.6981286963789022,15,0
Hepatocyte_15weeks_Animal1_Capture1_TGAGAGGCAAATACAG,5.585335883012769,15_30,0.7546495553879625,15,0
Hepatocyte_15weeks_Animal1_Capture1_TGAGAGGGTACAGCAG,4.284084466424353,15_30,0.5788340227960868,15,0
Hepatocyte_15weeks_Animal1_Capture1_TGAGCATTCCGAAGAG,5.346152877763318,15_30,0.7223329047247812,15,0
Hepatocyte_15weeks_Animal1_Capture1_TGAGCCGAGATGTAAC,5.0343525489246765,15_30,0.6802047347353017,15,0
Hepatocyte_15weeks_Animal1_Capture1_TGAGGGAAGAATTGTG,5.3622888106083195,15_30,0.7245130734384095,15,0
Hepatocyte_15weeks_Animal1_Capture1_TGAGGGAGTACTCTCC,5.720823559662898,15_30,0.7729556549827133,15,0
Hepatocyte_15weeks_Animal1_Capture1_TGAGGGATCCACTCCA,5.0316914278858995,15_30,0.6798451836087787,15,0
Hepatocyte_15weeks_Animal1_Capture1_TGAGGGATCGGCATCG,5.797512840211447,15_30,0.783317347221313,15,0
Hepatocyte_15weeks_Animal1_Capture1_TGATTTCCACATGGGA,5.134031862062568,15_30,0.693672671295692,15,0
Hepatocyte_15weeks_Animal1_Capture1_TGATTTCTCATCTGCC,5.385092160045937,15_30,0.7275940945040884,15,0
Hepatocyte_15weeks_Animal1_Capture1_TGCACCTTCAGCTTAG,4.926329413727875,15_30,0.6656094422309039,15,0
Hepatocyte_15weeks_Animal1_Capture1_TGCACCTTCGTCCAGG,5.358428717870696,15_30,0.723991526063423,15,0
Hepatocyte_15weeks_Animal1_Capture1_TGCCCATAGCTTATCG,5.234401751680745,15_30,0.7072339134772166,15,0
Hepatocyte_15weeks_Animal1_Capture1_TGCCCATAGTTCGCGC,5.318696251081663,15_30,0.7186231670202355,15,0
Hepatocyte_15weeks_Animal1_Capture1_TGCCCTACAGAGCCAA,4.6837548479206985,15_30,0.6328345488191096,15,0
Hepatocyte_15weeks_Animal1_Capture1_TGCCCTATCGTGTAGT,5.09631075483208,15_30,0.6885760723808789,15,0
Hepatocyte_15weeks_Animal1_Capture1_TGCGCAGAGTACGATA,4.766343685313529,15_30,0.6439933458411589,15,0
Hepatocyte_15weeks_Animal1_Capture1_TGCGGGTAGGGTGTGT,4.826166138990917,15_30,0.6520761163343646,15,0
Hepatocyte_15weeks_Animal1_Capture1_TGCGTGGCAAGCGCTC,5.653979728862866,15_30,0.7639242075907863,15,0
Hepatocyte_15weeks_Animal1_Capture1_TGCTACCTCGCGATCG,4.979754654129437,15_30,0.6728278682593465,15,0
Hepatocyte_15weeks_Animal1_Capture1_TGCTGCTGTTTGTTTC,5.178985188568861,15_30,0.6997464345521436,15,0
Hepatocyte_15weeks_Animal1_Capture1_TGCTGCTTCTTTCCTC,4.987379926001271,15_30,0.6738581389804491,15,0
Hepatocyte_15weeks_Animal1_Capture1_TGGACGCAGTATGACA,5.068723873559584,15_30,0.6848487356328514,15,0
Hepatocyte_15weeks_Animal1_Capture1_TGGACGCCATCACGTA,4.839770008346793,15_30,0.6539141712295394,15,0
Hepatocyte_15weeks_Animal1_Capture1_TGGCCAGCAGCGTAAG,4.999622797592918,15_30,0.6755123058554277,15,0
Hepatocyte_15weeks_Animal1_Capture1_TGGCTGGAGTAACCCT,4.846324900539259,15_30,0.6547998201112307,15,0
Hepatocyte_15weeks_Animal1_Capture1_TGGCTGGAGTCGATAA,5.173617724571633,15_30,0.6990212222455053,15,0
Hepatocyte_15weeks_Animal1_Capture1_TGGGAAGAGCTAGTTC,4.647462142904965,15_30,0.627930945118704,15,0
Hepatocyte_15weeks_Animal1_Capture1_TGGGAAGAGTACGATA,5.150664093944632,15_30,0.6959198962894624,15,0
Hepatocyte_15weeks_Animal1_Capture1_TGGGAAGCAGCTGTTA,4.513768628214714,15_30,0.6098672595082998,15,10
Hepatocyte_15weeks_Animal1_Capture1_TGGGAAGTCTCAACTT,4.945638706166963,15_30,0.6682183719818133,15,0
Hepatocyte_15weeks_Animal1_Capture1_TGGGCGTCAATCTGCA,5.57207506316176,15_30,0.7528578508218897,15,0
Hepatocyte_15weeks_Animal1_Capture1_TGGGCGTGTTTAAGCC,2.470024030221516,15_30,0.33373150249986294,15,0
Hepatocyte_15weeks_Animal1_Capture1_TGGTTCCGTCTCCATC,5.397920449818039,15_30,0.7293273587832069,15,0
Hepatocyte_15weeks_Animal1_Capture1_TGGTTCCTCTCGTTTA,5.259123154522953,15_30,0.710574087829162,15,0
Hepatocyte_15weeks_Animal1_Capture1_TGTATTCAGATTACCC,5.438829967521517,15_30,0.7348547522994967,15,0
Hepatocyte_15weeks_Animal1_Capture1_TGTATTCCAAGAAGAG,3.6534657403407795,15_30,0.4936294529678546,15,0
Hepatocyte_15weeks_Animal1_Capture1_TGTCCCACACGGTAAG,5.410249101751593,15_30,0.730993115667853,15,0
Hepatocyte_15weeks_Animal1_Capture1_TGTGTTTTCGCGTAGC,5.8907328164333705,15_30,0.7959125456270362,15,0
Hepatocyte_15weeks_Animal1_Capture1_TGTTCCGAGGGTCGAT,5.405571697225422,15_30,0.7303611391278602,15,0
Hepatocyte_15weeks_Animal1_Capture1_TGTTCCGCACAGATTC,2.6073899783439893,15_30,0.35229138033842794,15,0
Hepatocyte_15weeks_Animal1_Capture1_TGTTCCGCAGTGGGAT,5.005558084332344,15_30,0.6763142381998424,15,0
Hepatocyte_15weeks_Animal1_Capture1_TTAACTCAGCGGATCA,4.755310254509444,15_30,0.6425025897210068,15,0
Hepatocyte_15weeks_Animal1_Capture1_TTAACTCTCGAGCCCA,5.579009089303359,15_30,0.7537947254977209,15,0
Hepatocyte_15weeks_Animal1_Capture1_TTAACTCTCGGGAGTA,4.584713620533656,15_30,0.6194528257180821,15,0
Hepatocyte_15weeks_Animal1_Capture1_TTAGGACCATCTACGA,5.453360745376584,15_30,0.7368180442621375,15,0
Hepatocyte_15weeks_Animal1_Capture1_TTAGGACGTCAGAATA,3.7264551508550037,15_30,0.5034912459461629,15,0
Hepatocyte_15weeks_Animal1_Capture1_TTAGGACTCATAACCG,4.569202071678754,15_30,0.6173570191825554,15,0
Hepatocyte_15weeks_Animal1_Capture1_TTAGGCAGTACTTGAC,5.1223650971774495,15_30,0.6920963437268974,15,0
Hepatocyte_15weeks_Animal1_Capture1_TTAGGCAGTCTTTCAT,3.9248048469154786,15_30,0.5302907998277164,15,0
Hepatocyte_15weeks_Animal1_Capture1_TTAGTTCAGCAGGCTA,4.922831351703814,15_30,0.665136809786505,15,0
Hepatocyte_15weeks_Animal1_Capture1_TTAGTTCGTTGTGGCC,4.0161890872487,15_30,0.5426379670852266,15,0
Hepatocyte_15weeks_Animal1_Capture1_TTAGTTCTCTATCCTA,5.545255832606374,15_30,0.7492342333996995,15,0
Hepatocyte_15weeks_Animal1_Capture1_TTATGCTGTTACCAGT,4.191111816366535,15_30,0.5662722412848328,15,0
Hepatocyte_15weeks_Animal1_Capture1_TTCCCAGCAATTCCTT,3.722057125186419,15_30,0.5028970170251277,15,0
Hepatocyte_15weeks_Animal1_Capture1_TTCCCAGGTTGGTGGA,4.831465254946938,15_30,0.6527920939557503,15,0
Hepatocyte_15weeks_Animal1_Capture1_TTCGAAGAGTGACTCT,5.299385207189107,15_30,0.7160140006257995,15,0
Hepatocyte_15weeks_Animal1_Capture1_TTCGAAGTCCGTACAA,4.345138737930311,15_30,0.5870832274655209,15,0
Hepatocyte_15weeks_Animal1_Capture1_TTCGGTCTCCTAGGGC,2.7857456172065254,15_30,0.37638948408504574,15,0
Hepatocyte_15weeks_Animal1_Capture1_TTCTACAAGAGGTTGC,4.831310973816327,15_30,0.6527712486227106,15,0
Hepatocyte_15weeks_Animal1_Capture1_TTCTACAAGCTAACTC,4.736554868718138,15_30,0.6399684997674222,15,0
Hepatocyte_15weeks_Animal1_Capture1_TTCTACACACGAAATA,3.656079278401448,15_30,0.4939825750319138,15,0
Hepatocyte_15weeks_Animal1_Capture1_TTCTCCTCAGCCTGTG,4.818136472777843,15_30,0.6509912068204998,15,0
Hepatocyte_15weeks_Animal1_Capture1_TTCTTAGGTTTGTTTC,5.712659298593943,15_30,0.7718525600006377,15,0
Hepatocyte_15weeks_Animal1_Capture1_TTGAACGTCGCTGATA,5.4107540911538194,15_30,0.7310613461262977,15,0
Hepatocyte_15weeks_Animal1_Capture1_TTGACTTGTGCTCTTC,5.270650087812581,15_30,0.7121315223799579,15,0
Hepatocyte_15weeks_Animal1_Capture1_TTGACTTGTTGGAGGT,5.466344708925826,15_30,0.7385723420384644,15,0
Hepatocyte_15weeks_Animal1_Capture1_TTGACTTTCACCTTAT,5.079294634795778,15_30,0.6862769792396984,15,0
Hepatocyte_15weeks_Animal1_Capture1_TTGACTTTCATATCGG,4.997014879475623,15_30,0.6751599431168338,15,0
Hepatocyte_15weeks_Animal1_Capture1_TTGCCGTAGAATGTGT,5.276147313397633,15_30,0.7128742671191317,15,0
Hepatocyte_15weeks_Animal1_Capture1_TTGCCGTAGCGTCAAG,5.522472398697209,15_30,0.7461559031739283,15,0
Hepatocyte_15weeks_Animal1_Capture1_TTGCCGTCAATGACCT,5.370320023316796,15_30,0.7255981919033726,15,0
Hepatocyte_15weeks_Animal1_Capture1_TTGGAACAGTTCGCGC,3.529777819979414,15_30,0.4769176497634218,15,0
Hepatocyte_15weeks_Animal1_Capture1_TTTATGCAGACAAGCC,4.422869897509159,15_30,0.5975856907451915,15,0
Hepatocyte_15weeks_Animal1_Capture1_TTTCCTCAGGATGTAT,5.3013646181352545,15_30,0.7162814440923568,15,0
Hepatocyte_15weeks_Animal1_Capture1_TTTCCTCCAGTAAGCG,4.6528217210324945,15_30,0.628655091944557,15,0
Hepatocyte_15weeks_Animal1_Capture1_TTTGCGCAGCGATAGC,5.510381343363979,15_30,0.7445222485965654,15,0
Hepatocyte_15weeks_Animal1_Capture1_TTTGCGCTCAATCTCT,4.77282590905945,15_30,0.6448691762961657,15,0
Hepatocyte_15weeks_Animal1_Capture1_TTTGCGCTCCTATGTT,5.707945274244086,15_30,0.7712156356590727,15,0
Hepatocyte_15weeks_Animal1_Capture1_TTTGGTTAGAGACTTA,4.922461316075109,15_30,0.6650868132905864,15,0
Hepatocyte_15weeks_Animal1_Capture1_TTTGGTTAGGTAAACT,5.5393281555531075,15_30,0.7484333292201789,15,0
Hepatocyte_15weeks_Animal1_Capture1_TTTGGTTCAATCCGAT,5.0797727783444575,15_30,0.686341582483618,15,0
Hepatocyte_15weeks_Animal1_Capture1_TTTGTCACATGGTTGT,5.343518375646182,15_30,0.7219769501514113,15,0
Hepatocyte_15weeks_Animal1_Capture2_AAACCTGTCTACCTGC,4.5084226781072125,15_30,0.6091449540004032,15,0
Hepatocyte_15weeks_Animal1_Capture2_AAAGATGTCCATGAAC,5.343093543651847,15_30,0.7219195499730953,15,0
Hepatocyte_15weeks_Animal1_Capture2_AAAGCAAGTCTAGAGG,4.411878708879328,15_30,0.5961006420773193,15,0
Hepatocyte_15weeks_Animal1_Capture2_AAAGCAATCGCTGATA,3.954087365882018,15_30,0.534247238685037,15,0
Hepatocyte_15weeks_Animal1_Capture2_AAATGCCGTGCCTGCA,5.537378936212895,15_30,0.748169965021632,15,0
Hepatocyte_15weeks_Animal1_Capture2_AACACGTGTTACCAGT,5.383189028516051,15_30,0.727336957351918,15,0
Hepatocyte_15weeks_Animal1_Capture2_AACACGTTCTTGACGA,5.120277781369085,15_30,0.6918143209480118,15,0
Hepatocyte_15weeks_Animal1_Capture2_AACCGCGAGCCCAACC,3.7391417109122917,15_30,0.5052053607473431,15,0
Hepatocyte_15weeks_Animal1_Capture2_AACGTTGCATCCAACA,4.2534643904524945,15_30,0.574696863061721,15,0
Hepatocyte_15weeks_Animal1_Capture2_AACGTTGGTACTCGCG,5.472876408450661,15_30,0.7394548572972757,15,0
Hepatocyte_15weeks_Animal1_Capture2_AACGTTGTCGACAGCC,3.746473445797854,15_30,0.5061959709071439,15,0
Hepatocyte_15weeks_Animal1_Capture2_AACGTTGTCTCACATT,4.631538971443755,15_30,0.625779523160337,15,0
Hepatocyte_15weeks_Animal1_Capture2_AACTCAGCACCTGGTG,2.27024652181707,15_30,0.3067390331029092,15,0
Hepatocyte_15weeks_Animal1_Capture2_AACTCAGGTCGAGATG,5.670116445482903,15_30,0.76610448220234,15,0
Hepatocyte_15weeks_Animal1_Capture2_AACTCCCCAGGTCGTC,5.181656504875029,15_30,0.7001073631883035,15,0
Hepatocyte_15weeks_Animal1_Capture2_AACTCTTGTTAAGATG,3.113631024252687,15_30,0.4206909516831084,15,0
Hepatocyte_15weeks_Animal1_Capture2_AACTGGTGTGTTCTTT,3.4461783157026478,15_30,0.4656222988562378,15,9
Hepatocyte_15weeks_Animal1_Capture2_AACTGGTTCACAAACC,3.4306676179753333,15_30,0.4635266073188184,15,0
Hepatocyte_15weeks_Animal1_Capture2_AAGACCTAGCGATCCC,5.641496545792541,15_30,0.7622375715941047,15,0
Hepatocyte_15weeks_Animal1_Capture2_AAGACCTCACGGATAG,5.335918545793158,15_30,0.7209501169689966,15,0
Hepatocyte_15weeks_Animal1_Capture2_AAGGAGCCAGCCACCA,5.286949371211445,15_30,0.7143337618204729,15,0
Hepatocyte_15weeks_Animal1_Capture2_AAGGAGCGTTGATTGC,4.581105978019279,15_30,0.6189653875627952,15,0
Hepatocyte_15weeks_Animal1_Capture2_AAGGAGCTCCCAACGG,4.636607310002515,15_30,0.6264643198350647,15,0
Hepatocyte_15weeks_Animal1_Capture2_AAGGCAGAGATAGGAG,3.117497704263764,15_30,0.4212133890820948,15,0
Hepatocyte_15weeks_Animal1_Capture2_AAGGCAGAGCTAACTC,4.673053301844879,15_30,0.6313886345254602,15,0
Hepatocyte_15weeks_Animal1_Capture2_AAGGCAGAGGTACTCT,4.613717444563148,15_30,0.6233716093627644,15,0
Hepatocyte_15weeks_Animal1_Capture2_AAGGCAGCAAGGTTCT,5.311598402824338,15_30,0.7176641579035427,15,0
Hepatocyte_15weeks_Animal1_Capture2_AAGGCAGCACTCTGTC,5.4124447161596185,15_30,0.7312897709579779,15,0
Hepatocyte_15weeks_Animal1_Capture2_AATCCAGCAGCATACT,5.000673255654743,15_30,0.675654236032218,15,0
Hepatocyte_15weeks_Animal1_Capture2_AATCGGTCATCGATTG,5.492217378396349,15_30,0.7420680670801781,15,0
Hepatocyte_15weeks_Animal1_Capture2_ACACCAACAGTATAAG,5.54382439729533,15_30,0.7490408283756022,15,0
Hepatocyte_15weeks_Animal1_Capture2_ACACCAAGTCGAATCT,5.168212456910954,15_30,0.6982909021855622,15,0
Hepatocyte_15weeks_Animal1_Capture2_ACACCAAGTCTCTCTG,3.838671911211171,15_30,0.5186531502762889,15,0
Hepatocyte_15weeks_Animal1_Capture2_ACACCAATCCGGCACA,4.87754446775465,15_30,0.6590179786986406,15,0
Hepatocyte_15weeks_Animal1_Capture2_ACACCCTGTAGCGATG,4.237597074826745,15_30,0.572552987933532,15,0
Hepatocyte_15weeks_Animal1_Capture2_ACACCGGCATTCGACA,5.406346984715388,15_30,0.730465890278347,15,0
Hepatocyte_15weeks_Animal1_Capture2_ACAGCCGAGATATGCA,5.139385186555125,15_30,0.694395973176326,15,0
Hepatocyte_15weeks_Animal1_Capture2_ACATACGCACTTGGAT,5.085694692942564,15_30,0.6871417080825275,15,0
Hepatocyte_15weeks_Animal1_Capture2_ACATCAGTCAACCATG,4.308298632232693,15_30,0.5821056630061107,15,0
Hepatocyte_15weeks_Animal1_Capture2_ACATGGTGTCGAGATG,5.370869411936635,15_30,0.7256724212579505,15,0
Hepatocyte_15weeks_Animal1_Capture2_ACATGGTTCTCGCTTG,4.88633108978888,15_30,0.6602051625225644,15,0
Hepatocyte_15weeks_Animal1_Capture2_ACATGGTTCTGCCAGG,5.381598486003778,15_30,0.7271220549315706,15,0
Hepatocyte_15weeks_Animal1_Capture2_ACCAGTACACAGTCGC,5.132776011841852,15_30,0.6935029900391753,15,0
Hepatocyte_15weeks_Animal1_Capture2_ACCCACTTCCGGGTGT,5.48576870992507,15_30,0.7411967703673885,15,0
Hepatocyte_15weeks_Animal1_Capture2_ACCGTAAGTCCCTACT,5.227449690989727,15_30,0.7062946021055473,15,0
Hepatocyte_15weeks_Animal1_Capture2_ACCGTAATCAGAGCTT,5.316393756016606,15_30,0.7183120708008636,15,0
Hepatocyte_15weeks_Animal1_Capture2_ACCTTTACAGCTGTAT,4.608688628822545,15_30,0.6226921527208967,15,0
Hepatocyte_15weeks_Animal1_Capture2_ACCTTTACATCACAAC,5.476762028328599,15_30,0.7399798537119426,15,0
Hepatocyte_15weeks_Animal1_Capture2_ACCTTTAGTCCCTTGT,3.589960508182675,15_30,0.48504909249952904,15,0
Hepatocyte_15weeks_Animal1_Capture2_ACGAGCCAGGCATGGT,5.1100477629976515,15_30,0.6904321160140001,15,0
Hepatocyte_15weeks_Animal1_Capture2_ACGAGCCTCACCGGGT,4.6405747403684865,15_30,0.6270003698819059,15,0
Hepatocyte_15weeks_Animal1_Capture2_ACGAGCCTCGCGGATC,5.3410742993781835,15_30,0.7216467245199342,15,0
Hepatocyte_15weeks_Animal1_Capture2_ACGAGGACACTTGGAT,5.5387496089880095,15_30,0.748355160258228,15,0
Hepatocyte_15weeks_Animal1_Capture2_ACGATACCATAAGACA,4.864248339923422,15_30,0.6572215035776484,15,0
Hepatocyte_15weeks_Animal1_Capture2_ACGATGTAGAAACGAG,5.641764393541366,15_30,0.7622737612143524,15,0
Hepatocyte_15weeks_Animal1_Capture2_ACGATGTTCGTACCGG,4.424629256499799,15_30,0.5978234024079927,15,0
Hepatocyte_15weeks_Animal1_Capture2_ACGATGTTCTCTTATG,5.280274573902384,15_30,0.7134319122402342,15,0
Hepatocyte_15weeks_Animal1_Capture2_ACGCAGCCACGTGAGA,5.946259775521289,15_30,0.803414940445437,15,0
Hepatocyte_15weeks_Animal1_Capture2_ACGCAGCCAGCCTTTC,5.021069633903282,15_30,0.6784100448321145,15,0
Hepatocyte_15weeks_Animal1_Capture2_ACGCAGCGTTACGGAG,5.293603395444228,15_30,0.7152328046952413,15,0
Hepatocyte_15weeks_Animal1_Capture2_ACGCCAGGTCTCCCTA,4.055760943874656,15_30,0.5479846256629997,15,0
Hepatocyte_15weeks_Animal1_Capture2_ACGCCGAAGAAACCAT,1.8469657828207566,15_30,0.2495484490129951,15,10
Hepatocyte_15weeks_Animal1_Capture2_ACGCCGACAGTATAAG,5.139548132411255,15_30,0.6944179892234279,15,0
Hepatocyte_15weeks_Animal1_Capture2_ACGGCCACACAGAGGT,4.537826567602591,15_30,0.613117791552009,15,0
Hepatocyte_15weeks_Animal1_Capture2_ACGGCCAGTCAGGACA,3.867305886940424,15_30,0.5225219627354986,15,0
Hepatocyte_15weeks_Animal1_Capture2_ACGGGCTGTAAAGTCA,4.678028802561833,15_30,0.6320608876329773,15,0
Hepatocyte_15weeks_Animal1_Capture2_ACGGGCTGTGTCAATC,5.174121167395116,15_30,0.6990892437415912,15,0
Hepatocyte_15weeks_Animal1_Capture2_ACGGGTCCAGTAAGCG,4.906986166814115,15_30,0.6629959248008019,15,0
Hepatocyte_15weeks_Animal1_Capture2_ACGGGTCCATGCAACT,4.664323523777558,15_30,0.630209131040777,15,0
Hepatocyte_15weeks_Animal1_Capture2_ACGTCAACAAGGGTCA,2.09460883255661,15_30,0.28300815874083235,15,0
Hepatocyte_15weeks_Animal1_Capture2_ACGTCAAGTACTTGAC,5.557944297286229,15_30,0.7509486055394899,15,0
Hepatocyte_15weeks_Animal1_Capture2_ACGTCAAGTCGTGGCT,4.509794002296607,15_30,0.6093302372513115,15,0
Hepatocyte_15weeks_Animal1_Capture2_ACTATCTGTATGAAAC,4.344584344636391,15_30,0.5870083219161448,15,0
Hepatocyte_15weeks_Animal1_Capture2_ACTGAACAGCTACCGC,5.698673274873398,15_30,0.7699628712149633,15,0
Hepatocyte_15weeks_Animal1_Capture2_ACTGAACGTATTAGCC,3.693896762800261,15_30,0.4990921957217372,15,0
Hepatocyte_15weeks_Animal1_Capture2_ACTGAACTCTGGCGAC,5.448233274493251,15_30,0.7361252580620916,15,0
Hepatocyte_15weeks_Animal1_Capture2_ACTGAGTAGACTGTAA,2.4966231949020252,15_30,0.3373253862376141,15,0
Hepatocyte_15weeks_Animal1_Capture2_ACTGAGTAGCCCGAAA,4.584384508544104,15_30,0.6194083585236662,15,0
Hepatocyte_15weeks_Animal1_Capture2_ACTGATGAGCAACGGT,4.863719712606885,15_30,0.6571500793378631,15,0
Hepatocyte_15weeks_Animal1_Capture2_ACTGCTCTCATGGTCA,5.113234407588814,15_30,0.6908626720224962,15,0
Hepatocyte_15weeks_Animal1_Capture2_ACTGCTCTCGCTAGCG,4.878022978172614,15_30,0.6590826315112429,15,0
Hepatocyte_15weeks_Animal1_Capture2_ACTGCTCTCTGTTGAG,4.560311104166418,15_30,0.6161557369641377,15,0
Hepatocyte_15weeks_Animal1_Capture2_ACTGTCCAGTCAAGGC,3.6259106271557364,15_30,0.48990640849043976,15,0
Hepatocyte_15weeks_Animal1_Capture2_ACTTACTCACCCAGTG,5.501203399173906,15_30,0.7432821921975439,15,0
Hepatocyte_15weeks_Animal1_Capture2_ACTTGTTCATGCCACG,5.362427465890366,15_30,0.7245318075215766,15,0
Hepatocyte_15weeks_Animal1_Capture2_ACTTGTTGTACGCTGC,5.402277749895922,15_30,0.7299160851615912,15,0
Hepatocyte_15weeks_Animal1_Capture2_ACTTTCATCCCAAGTA,5.143072529851302,15_30,0.6948941799157784,15,0
Hepatocyte_15weeks_Animal1_Capture2_AGAATAGAGTCATGCT,4.969184110072705,15_30,0.6713996539961931,15,0
Hepatocyte_15weeks_Animal1_Capture2_AGACGTTCACAAGACG,4.356124702469263,15_30,0.588567570292609,15,0
Hepatocyte_15weeks_Animal1_Capture2_AGAGCGAGTCGTGGCT,5.853618653733606,15_30,0.7908979525986817,15,0
Hepatocyte_15weeks_Animal1_Capture2_AGAGCTTAGGACGAAA,5.2465851877655645,15_30,0.7088800498631178,15,0
Hepatocyte_15weeks_Animal1_Capture2_AGAGTGGAGATGGCGT,5.260226510747562,15_30,0.710723165217125,15,0
Hepatocyte_15weeks_Animal1_Capture2_AGAGTGGAGATGTAAC,5.360569254069544,15_30,0.7242807395905208,15,0
Hepatocyte_15weeks_Animal1_Capture2_AGAGTGGCAAGTCATC,5.85644599069783,15_30,0.7912799616000514,15,0
Hepatocyte_15weeks_Animal1_Capture2_AGATTGCCATCCGGGT,4.785738531092002,15_30,0.6466138349308227,15,0
Hepatocyte_15weeks_Animal1_Capture2_AGCAGCCAGAAACGAG,4.963192388121964,15_30,0.670590096540591,15,0
Hepatocyte_15weeks_Animal1_Capture2_AGCAGCCGTTGAGTTC,4.989867343390236,15_30,0.6741942205458131,15,0
Hepatocyte_15weeks_Animal1_Capture2_AGCATACAGGAACTGC,4.491399300177779,15_30,0.6068448802260185,15,0
Hepatocyte_15weeks_Animal1_Capture2_AGCATACCATGCCCGA,4.238794849509645,15_30,0.572714822449994,15,0
Hepatocyte_15weeks_Animal1_Capture2_AGCATACTCTGTCAAG,4.975404548963096,15_30,0.6722401140045569,15,0
Hepatocyte_15weeks_Animal1_Capture2_AGCCTAATCGTCTGCT,4.302891069895199,15_30,0.5813750329062927,15,0
Hepatocyte_15weeks_Animal1_Capture2_AGCGGTCTCTTTACAC,4.845559407353831,15_30,0.6546963922952255,15,0
Hepatocyte_15weeks_Animal1_Capture2_AGCGTATGTGCGATAG,5.7207101574421335,15_30,0.7729403329076812,15,0
Hepatocyte_15weeks_Animal1_Capture2_AGCGTATTCGATCCCT,5.2133008040522775,15_30,0.7043829084383758,15,0
Hepatocyte_15weeks_Animal1_Capture2_AGCTCCTCACAACTGT,5.589725295338909,15_30,0.7552426205374391,15,0
Hepatocyte_15weeks_Animal1_Capture2_AGCTCTCAGTGAACAT,4.701667904850141,15_30,0.6352548294845136,15,0
Hepatocyte_15weeks_Animal1_Capture2_AGCTCTCGTTGCTCCT,4.202453252138062,15_30,0.5678046127736227,15,0
Hepatocyte_15weeks_Animal1_Capture2_AGCTTGACAGGAATGC,5.379150252620761,15_30,0.7267912676212498,15,0
Hepatocyte_15weeks_Animal1_Capture2_AGCTTGACATCTACGA,5.040297269196386,15_30,0.681007941669301,15,0
Hepatocyte_15weeks_Animal1_Capture2_AGGCCACCAAACTGTC,4.617121419777131,15_30,0.6238315294885345,15,0
Hepatocyte_15weeks_Animal1_Capture2_AGGCCACCAGATGGCA,4.925149611507093,15_30,0.6654500360215,15,0
Hepatocyte_15weeks_Animal1_Capture2_AGGCCACCATGCTGGC,5.054240273698146,15_30,0.6828918180141468,15,0
Hepatocyte_15weeks_Animal1_Capture2_AGGCCACGTATATCCG,5.6474693432436895,15_30,0.7630445721103386,15,0
Hepatocyte_15weeks_Animal1_Capture2_AGGCCGTAGACCCACC,5.256694785436497,15_30,0.710245984436672,15,0
Hepatocyte_15weeks_Animal1_Capture2_AGGCCGTCACCGAAAG,5.260599709560366,15_30,0.7107735890992428,15,0
Hepatocyte_15weeks_Animal1_Capture2_AGGGAGTCACAACTGT,5.280942111702417,15_30,0.7135221050441319,15,0
Hepatocyte_15weeks_Animal1_Capture2_AGGGATGGTAGAGTGC,5.0656766826791495,15_30,0.6844370215853407,15,0
Hepatocyte_15weeks_Animal1_Capture2_AGGGTGATCAATCTCT,5.412859704555295,15_30,0.7313458411415528,15,0
Hepatocyte_15weeks_Animal1_Capture2_AGGGTGATCACCGGGT,2.603308242347893,15_30,0.35173988615451796,15,0
Hepatocyte_15weeks_Animal1_Capture2_AGGTCATTCGAATCCA,5.5349435759111945,15_30,0.7478409170274949,15,0
Hepatocyte_15weeks_Animal1_Capture2_AGGTCATTCTGCCAGG,4.590829587462699,15_30,0.6202791702424656,15,0
Hepatocyte_15weeks_Animal1_Capture2_AGGTCCGTCCGAATGT,3.565302074453841,15_30,0.4817174260716202,15,0
Hepatocyte_15weeks_Animal1_Capture2_AGTAGTCCAGTAAGAT,4.382773036378437,15_30,0.5921680974153469,15,0
Hepatocyte_15weeks_Animal1_Capture2_AGTAGTCGTGGTTTCA,5.550389192125336,15_30,0.7499278152289344,15,0
Hepatocyte_15weeks_Animal1_Capture2_AGTAGTCTCAAACCAC,5.169461827960771,15_30,0.6984597080241022,15,0
Hepatocyte_15weeks_Animal1_Capture2_AGTCTTTGTTCCCGAG,4.856262447430994,15_30,0.6561425084473617,15,0
Hepatocyte_15weeks_Animal1_Capture2_AGTGAGGAGAATCTCC,3.544038317363908,15_30,0.4788444234143226,15,0
Hepatocyte_15weeks_Animal1_Capture2_AGTGAGGGTACTCAAC,4.153565886839891,15_30,0.5611993110945313,15,0
Hepatocyte_15weeks_Animal1_Capture2_AGTGAGGGTGACCAAG,4.882265571977725,15_30,0.6596558596206672,15,0
Hepatocyte_15weeks_Animal1_Capture2_AGTGAGGGTTGGTGGA,3.8620731185684023,15_30,0.5218149495122822,15,0
Hepatocyte_15weeks_Animal1_Capture2_AGTGTCAAGTGGTCCC,4.628401327196387,15_30,0.6253555877183444,15,0
Hepatocyte_15weeks_Animal1_Capture2_AGTTGGTTCGACGGAA,4.51187715146098,15_30,0.6096116970638685,15,0
Hepatocyte_15weeks_Animal1_Capture2_ATAACGCAGAAGGTTT,4.23056197664086,15_30,0.5716024571455385,15,0
Hepatocyte_15weeks_Animal1_Capture2_ATAACGCAGCCAACAG,5.29138889326347,15_30,0.7149335974280119,15,0
Hepatocyte_15weeks_Animal1_Capture2_ATAACGCAGTCACGCC,4.147992612581028,15_30,0.5604462912171954,15,0
Hepatocyte_15weeks_Animal1_Capture2_ATAAGAGCAAATCCGT,5.316603244529976,15_30,0.7183403753499156,15,0
Hepatocyte_15weeks_Animal1_Capture2_ATAAGAGCATGAACCT,4.133142923883977,15_30,0.5584399103642619,15,0
Hepatocyte_15weeks_Animal1_Capture2_ATAAGAGGTTATTCTC,5.183712924850269,15_30,0.7003852115491739,15,0
Hepatocyte_15weeks_Animal1_Capture2_ATCACGAAGAGGTTGC,4.7515902300128126,15_30,0.6419999673378206,15,0
Hepatocyte_15weeks_Animal1_Capture2_ATCACGATCTTAGAGC,4.749443575583262,15_30,0.6417099271603339,15,0
Hepatocyte_15weeks_Animal1_Capture2_ATCATCTGTACTTCTT,5.3239935753044945,15_30,0.7193389025557946,15,0
Hepatocyte_15weeks_Animal1_Capture2_ATCATCTTCGGGAGTA,4.544388181436201,15_30,0.6140043486124753,15,0
Hepatocyte_15weeks_Animal1_Capture2_ATCATGGTCAGGATCT,4.744636754891767,15_30,0.6410604648587561,15,0
Hepatocyte_15weeks_Animal1_Capture2_ATCCACCAGCCAGGAT,4.270413595552897,15_30,0.5769869151483108,15,0
Hepatocyte_15weeks_Animal1_Capture2_ATCCACCTCTTGAGAC,4.750675143930055,15_30,0.6418763276284174,15,0
Hepatocyte_15weeks_Animal1_Capture2_ATCGAGTCAAGAGTCG,4.952003971619109,15_30,0.6690783998913251,15,0
Hepatocyte_15weeks_Animal1_Capture2_ATCGAGTCAGCCAGAA,5.316734248337159,15_30,0.7183580756220059,15,0
Hepatocyte_15weeks_Animal1_Capture2_ATCGAGTCAGGCTGAA,3.776726003618793,15_30,0.5102834742886961,15,0
Hepatocyte_15weeks_Animal1_Capture2_ATCGAGTCATGTTCCC,4.963669068587905,15_30,0.6706545021035184,15,0
Hepatocyte_15weeks_Animal1_Capture2_ATCTACTAGTCAATAG,5.13484111468767,15_30,0.6937820115657349,15,0
Hepatocyte_15weeks_Animal1_Capture2_ATCTGCCAGTAACCCT,5.704200715801112,15_30,0.7707096984292797,15,0
Hepatocyte_15weeks_Animal1_Capture2_ATCTGCCCACATTAGC,4.173972828300248,15_30,0.5639565471180128,15,0
Hepatocyte_15weeks_Animal1_Capture2_ATGCGATGTTATCGGT,5.460236991283395,15_30,0.7377471120970899,15,0
Hepatocyte_15weeks_Animal1_Capture2_ATGTGTGTCGCCGTGA,4.803982762622578,15_30,0.6490788614755679,15,0
Hepatocyte_15weeks_Animal1_Capture2_ATTACTCGTGCCTGCA,5.057687844376486,15_30,0.6833576284388144,15,0
Hepatocyte_15weeks_Animal1_Capture2_ATTATCCAGCTACCTA,4.669921887995069,15_30,0.630965540889018,15,0
Hepatocyte_15weeks_Animal1_Capture2_ATTCTACTCACGAAGG,4.923477859466426,15_30,0.6652241611662303,15,0
Hepatocyte_15weeks_Animal1_Capture2_ATTCTACTCAGGCAAG,5.518588083657205,15_30,0.7456310830593779,15,0
Hepatocyte_15weeks_Animal1_Capture2_ATTCTACTCTGCAAGT,5.325684869297024,15_30,0.7195674177760474,15,0
Hepatocyte_15weeks_Animal1_Capture2_ATTGGTGCAGATCGGA,5.563403580858858,15_30,0.751686223832662,15,0
Hepatocyte_15weeks_Animal1_Capture2_ATTGGTGCAGCGAACA,5.046777972677372,15_30,0.6818835667172775,15,0
Hepatocyte_15weeks_Animal1_Capture2_ATTGGTGTCTTACCGC,4.526115018096345,15_30,0.6115354130141895,15,0
Hepatocyte_15weeks_Animal1_Capture2_ATTTCTGTCGCCAGCA,5.168835477577364,15_30,0.6983750801613817,15,0
Hepatocyte_15weeks_Animal1_Capture2_CAACCAAGTAGTGAAT,2.2436871911738243,15_30,0.3031505314476576,15,2
Hepatocyte_15weeks_Animal1_Capture2_CAACCTCAGGAGCGAG,4.911526614383378,15_30,0.6636093967228447,15,0
Hepatocyte_15weeks_Animal1_Capture2_CAACCTCGTCACTTCC,5.638629120898456,15_30,0.7618501462061327,15,0
Hepatocyte_15weeks_Animal1_Capture2_CAACTAGGTCACTTCC,3.980225414351793,15_30,0.5377788197876912,15,0
Hepatocyte_15weeks_Animal1_Capture2_CAACTAGGTCCGAATT,4.865326441679363,15_30,0.6573671687673209,15,0
Hepatocyte_15weeks_Animal1_Capture2_CAACTAGTCATCACCC,5.185287473433383,15_30,0.7005979529873024,15,0
Hepatocyte_15weeks_Animal1_Capture2_CAAGATCAGACACTAA,5.303147575152421,15_30,0.7165223441471543,15,0
Hepatocyte_15weeks_Animal1_Capture2_CAAGATCCACCTCGTT,4.250629496807656,15_30,0.5743138330571771,15,0
Hepatocyte_15weeks_Animal1_Capture2_CAAGATCCACGGCCAT,3.7262415510416784,15_30,0.5034623859084618,15,0
Hepatocyte_15weeks_Animal1_Capture2_CAAGATCCAGCATACT,5.686225345811671,15_30,0.7682809984809521,15,0
Hepatocyte_15weeks_Animal1_Capture2_CAAGATCCATGACATC,3.6385969007476944,15_30,0.4916204845865289,15,0
Hepatocyte_15weeks_Animal1_Capture2_CAAGATCGTCCAGTTA,5.640034591362556,15_30,0.7620400430508453,15,0
Hepatocyte_15weeks_Animal1_Capture2_CACAAACTCTGGAGCC,1.0938517145405586,15_30,0.1477932083814315,15,0
Hepatocyte_15weeks_Animal1_Capture2_CACACAACAGTACACT,5.522145414814863,15_30,0.7461117235137253,15,0
Hepatocyte_15weeks_Animal1_Capture2_CACACAACAGTCCTTC,3.354449527912248,15_30,0.4532285788773128,15,0
Hepatocyte_15weeks_Animal1_Capture2_CACACAATCCGAACGC,5.367392294500993,15_30,0.7252026186924827,15,0
Hepatocyte_15weeks_Animal1_Capture2_CACACCTAGTCATGCT,5.61058190405436,15_30,0.7580606122972338,15,0
Hepatocyte_15weeks_Animal1_Capture2_CACACCTTCCTGCCAT,5.45926217450553,15_30,0.7376154020149375,15,0
Hepatocyte_15weeks_Animal1_Capture2_CACAGGCCAAGCCATT,5.415203710038206,15_30,0.7316625459436553,15,0
Hepatocyte_15weeks_Animal1_Capture2_CACAGTAAGATCTGAA,5.096820650652589,15_30,0.6886449657585201,15,0
Hepatocyte_15weeks_Animal1_Capture2_CACAGTATCGAACGGA,3.4760131366766305,15_30,0.469653360703668,15,0
Hepatocyte_15weeks_Animal1_Capture2_CACAGTATCTTCGAGA,5.034140093804227,15_30,0.6801760293600932,15,0
Hepatocyte_15weeks_Animal1_Capture2_CACATAGCACCTTGTC,5.48640303217962,15_30,0.7412824753307775,15,0
Hepatocyte_15weeks_Animal1_Capture2_CACATAGCATGTCCTC,4.63031686517744,15_30,0.6256144011390604,15,0
Hepatocyte_15weeks_Animal1_Capture2_CACATAGGTGATAAAC,5.181726342301152,15_30,0.7001167991083048,15,0
Hepatocyte_15weeks_Animal1_Capture2_CACATTTTCCGTCAAA,4.792938544253736,15_30,0.6475866478189098,15,0
Hepatocyte_15weeks_Animal1_Capture2_CACCACTCACTCGACG,5.469647389951055,15_30,0.7390185760375436,15,0
Hepatocyte_15weeks_Animal1_Capture2_CACCACTTCCACGAAT,4.921058389891905,15_30,0.6648972602104185,15,0
Hepatocyte_15weeks_Animal1_Capture2_CACCACTTCCGAATGT,4.261182110315328,15_30,0.575739624676257,15,0
Hepatocyte_15weeks_Animal1_Capture2_CACCAGGCACTAGTAC,5.196542825524298,15_30,0.7021186934815272,15,0
Hepatocyte_15weeks_Animal1_Capture2_CACCTTGAGTCGATAA,0.1503875784292668,15_30,0.020319264870477454,15,0
Hepatocyte_15weeks_Animal1_Capture2_CACCTTGGTCTAGAGG,4.761202641541555,15_30,0.6432987257721046,15,0
Hepatocyte_15weeks_Animal1_Capture2_CACTCCACACCCATGG,5.625142486665028,15_30,0.7600279312595095,15,0
Hepatocyte_15weeks_Animal1_Capture2_CAGAATCTCCGCGGTA,4.084323528705894,15_30,0.5518437923084974,15,0
Hepatocyte_15weeks_Animal1_Capture2_CAGAGAGAGAAACGCC,2.8824039758092557,15_30,0.3894492514601699,15,0
Hepatocyte_15weeks_Animal1_Capture2_CAGAGAGAGAATTCCC,4.738830576068312,15_30,0.6402759766275381,15,0
Hepatocyte_15weeks_Animal1_Capture2_CAGATCACACGGCGTT,3.6091563981735186,15_30,0.4876427001446708,15,0
Hepatocyte_15weeks_Animal1_Capture2_CAGCATAAGGATCGCA,5.244441510077426,15_30,0.7085904118810639,15,0
Hepatocyte_15weeks_Animal1_Capture2_CAGCATACAGTTTACG,4.807015668502756,15_30,0.6494886454387797,15,0
Hepatocyte_15weeks_Animal1_Capture2_CAGCATATCAGAAATG,4.141903660189018,15_30,0.5596235966986107,15,0
Hepatocyte_15weeks_Animal1_Capture2_CAGCATATCGAGAACG,5.571614399973586,15_30,0.7527956093958733,15,0
Hepatocyte_15weeks_Animal1_Capture2_CAGCCGACAGATGAGC,4.425813112316518,15_30,0.5979833563095025,15,0
Hepatocyte_15weeks_Animal1_Capture2_CAGCGACTCGCCATAA,5.596442384278795,15_30,0.7561501842521663,15,0
Hepatocyte_15weeks_Animal1_Capture2_CAGCTAAGTCGTCTTC,4.526685724369015,15_30,0.6116125226534213,15,0
Hepatocyte_15weeks_Animal1_Capture2_CAGCTGGGTTCCGGCA,4.897558373438609,15_30,0.6617221106152031,15,0
Hepatocyte_15weeks_Animal1_Capture2_CAGCTGGTCTACCTGC,2.180368266261213,15_30,0.2945953434457552,15,0
Hepatocyte_15weeks_Animal1_Capture2_CAGCTGGTCTCTGTCG,5.616723031590866,15_30,0.7588903563380712,15,0
Hepatocyte_15weeks_Animal1_Capture2_CAGGTGCGTCTCTTTA,3.6473818133807727,15_30,0.49280743744872607,15,0
Hepatocyte_15weeks_Animal1_Capture2_CAGGTGCGTCTGGAGA,4.7442754418964235,15_30,0.6410116469009819,15,0
Hepatocyte_15weeks_Animal1_Capture2_CAGGTGCTCAGCTCGG,5.518213298138323,15_30,0.7455804447931904,15,0
Hepatocyte_15weeks_Animal1_Capture2_CAGGTGCTCTCCAACC,4.558719169076325,15_30,0.615940646388905,15,0
Hepatocyte_15weeks_Animal1_Capture2_CAGTAACCAATGAAAC,4.203031518772557,15_30,0.5678827439134069,15,0
Hepatocyte_15weeks_Animal1_Capture2_CAGTAACTCCAAGCCG,5.198378752234875,15_30,0.7023667504121902,15,0
Hepatocyte_15weeks_Animal1_Capture2_CAGTCCTAGGTGCTAG,4.975913311786548,15_30,0.6723088542999586,15,0
Hepatocyte_15weeks_Animal1_Capture2_CAGTCCTGTGAAATCA,5.01420939420644,15_30,0.6774831396386737,15,0
Hepatocyte_15weeks_Animal1_Capture2_CAGTCCTTCCACGACG,5.12490983077734,15_30,0.6924401694376445,15,0
Hepatocyte_15weeks_Animal1_Capture2_CATATTCAGGTGACCA,5.492149894620872,15_30,0.7420589491681624,15,0
Hepatocyte_15weeks_Animal1_Capture2_CATATTCCAATCGGTT,4.951359426267869,15_30,0.6689913136582089,15,0
Hepatocyte_15weeks_Animal1_Capture2_CATATTCCACGACGAA,3.9104883145535796,15_30,0.528356455142294,15,0
Hepatocyte_15weeks_Animal1_Capture2_CATATTCGTCTACCTC,5.117096848330597,15_30,0.6913845366425567,15,0
Hepatocyte_15weeks_Animal1_Capture2_CATCAAGGTACGACCC,5.63020926237521,15_30,0.7607125167736178,15,0
Hepatocyte_15weeks_Animal1_Capture2_CATCAAGTCACGAAGG,5.096735198688073,15_30,0.6886334201167933,15,0
Hepatocyte_15weeks_Animal1_Capture2_CATCAGAAGTGTACCT,5.478222978917746,15_30,0.740177246623602,15,0
Hepatocyte_15weeks_Animal1_Capture2_CATCAGACACCATCCT,4.7020917940277895,15_30,0.6353121022763647,15,0
Hepatocyte_15weeks_Animal1_Capture2_CATCAGATCAGCATGT,4.9485021216610345,15_30,0.668605255649108,15,0
Hepatocyte_15weeks_Animal1_Capture2_CATCAGATCTCACATT,5.691622753888004,15_30,0.7690102566115938,15,0
Hepatocyte_15weeks_Animal1_Capture2_CATCCACAGCTAGCCC,4.892828276786855,15_30,0.6610830147022708,15,0
Hepatocyte_15weeks_Animal1_Capture2_CATCCACCACCAGGTC,5.429026284437606,15_30,0.7335301506577335,15,0
Hepatocyte_15weeks_Animal1_Capture2_CATCGAAAGGACACCA,4.330629171416479,15_30,0.5851228014234923,15,0
Hepatocyte_15weeks_Animal1_Capture2_CATCGAAAGGGTTCCC,5.290959480787477,15_30,0.7148755783686619,15,0
Hepatocyte_15weeks_Animal1_Capture2_CATCGAACACAACGCC,4.817842253514738,15_30,0.6509514540749641,15,0
Hepatocyte_15weeks_Animal1_Capture2_CATCGAACACGCATCG,5.343954212414127,15_30,0.7220358372138979,15,0
Hepatocyte_15weeks_Animal1_Capture2_CATCGAACATTCCTGC,4.957746228476802,15_30,0.6698542514560916,15,0
Hepatocyte_15weeks_Animal1_Capture2_CATCGGGAGAAGCCCA,5.0862188610628305,15_30,0.6872125298284696,15,0
Hepatocyte_15weeks_Animal1_Capture2_CATCGGGTCTGCAGTA,5.3228744410297715,15_30,0.7191876933536037,15,0
Hepatocyte_15weeks_Animal1_Capture2_CATCGGGTCTGCCAGG,5.279482624361662,15_30,0.7133249098358464,15,0
Hepatocyte_15weeks_Animal1_Capture2_CATGACACAGTAGAGC,3.9315056529431396,15_30,0.5311961635149559,15,0
Hepatocyte_15weeks_Animal1_Capture2_CATGACACAGTATGCT,5.105516830945833,15_30,0.6898199297587746,15,0
Hepatocyte_15weeks_Animal1_Capture2_CATGACATCCCAAGTA,4.579557586004487,15_30,0.6187561802080357,15,0
Hepatocyte_15weeks_Animal1_Capture2_CATGACATCGAGAGCA,4.625170430350683,15_30,0.6249190526702858,15,0
Hepatocyte_15weeks_Animal1_Capture2_CATGGCGTCTCCTATA,5.425134725493056,15_30,0.7330043518000134,15,0
Hepatocyte_15weeks_Animal1_Capture2_CATTATCAGCGTGTCC,4.415157117755226,15_30,0.5965435966018808,15,0
Hepatocyte_15weeks_Animal1_Capture2_CATTATCCAATCTGCA,5.0922452740055135,15_30,0.6880267744760675,15,0
Hepatocyte_15weeks_Animal1_Capture2_CATTATCTCAGCCTAA,5.77235672507402,15_30,0.7799184377373756,15,0
Hepatocyte_15weeks_Animal1_Capture2_CCAATCCCATATGAGA,5.619054465860805,15_30,0.7592053626102234,15,0
Hepatocyte_15weeks_Animal1_Capture2_CCAATCCGTTAGTGGG,4.747744797074265,15_30,0.6414804006871963,15,0
Hepatocyte_15weeks_Animal1_Capture2_CCACCTAAGCCCAACC,5.274858337134739,15_30,0.7127001101151355,15,0
Hepatocyte_15weeks_Animal1_Capture2_CCACCTAAGTAACCCT,5.347767583399781,15_30,0.72255107188897,15,0
Hepatocyte_15weeks_Animal1_Capture2_CCACCTATCTGGTATG,4.1864945916041165,15_30,0.5656483957924457,15,0
Hepatocyte_15weeks_Animal1_Capture2_CCACGGATCATGCATG,4.785962015056342,15_30,0.6466440304424013,15,0
Hepatocyte_15weeks_Animal1_Capture2_CCACGGATCGCCGTGA,4.57822619046633,15_30,0.618576291823172,15,0
Hepatocyte_15weeks_Animal1_Capture2_CCACTACCATCTCCCA,4.584560102684605,15_30,0.6194320835140397,15,0
Hepatocyte_15weeks_Animal1_Capture2_CCACTACTCCGAATGT,4.869581314011772,15_30,0.6579420558611574,15,0
Hepatocyte_15weeks_Animal1_Capture2_CCAGCGACAGACGCTC,5.063645946054016,15_30,0.6841626433700703,15,0
Hepatocyte_15weeks_Animal1_Capture2_CCATGTCGTTCGTGAT,4.988230293620969,15_30,0.6739730344065368,15,0
Hepatocyte_15weeks_Animal1_Capture2_CCATTCGAGGATTCGG,5.413083543729773,15_30,0.7313760846465158,15,0
Hepatocyte_15weeks_Animal1_Capture2_CCATTCGGTTTGGCGC,5.114277172543172,15_30,0.6910035627631183,15,0
Hepatocyte_15weeks_Animal1_Capture2_CCATTCGTCCATGCTC,5.399557855841104,15_30,0.7295485930568795,15,0
Hepatocyte_15weeks_Animal1_Capture2_CCCAATCTCTTATCTG,5.3307781589814125,15_30,0.7202555856635824,15,0
Hepatocyte_15weeks_Animal1_Capture2_CCCAGTTAGGATATAC,4.826485388203759,15_30,0.652119250942842,15,0
Hepatocyte_15weeks_Animal1_Capture2_CCCAGTTTCGATGAGG,5.5939707795229126,15_30,0.755816239173627,15,0
Hepatocyte_15weeks_Animal1_Capture2_CCCAGTTTCGGCGCAT,5.3665995711581695,15_30,0.7250955117376392,15,0
Hepatocyte_15weeks_Animal1_Capture2_CCCTCCTAGAAGATTC,5.252323899195387,15_30,0.7096554223957146,15,0
Hepatocyte_15weeks_Animal1_Capture2_CCCTCCTAGACTCGGA,5.593071168313587,15_30,0.7556946903154456,15,0
Hepatocyte_15weeks_Animal1_Capture2_CCCTCCTTCATGGTCA,5.460578459021478,15_30,0.7377932487094836,15,0
Hepatocyte_15weeks_Animal1_Capture2_CCGTGGAAGGCGACAT,4.936131779663632,15_30,0.6669338659092842,15,0
Hepatocyte_15weeks_Animal1_Capture2_CCTAAAGGTTTAAGCC,5.5288038350437425,15_30,0.7470113603431938,15,0
Hepatocyte_15weeks_Animal1_Capture2_CCTACACAGCCACGCT,5.393563515442186,15_30,0.7287386818157944,15,0
Hepatocyte_15weeks_Animal1_Capture2_CCTACACTCCCGGATG,5.507893917507431,15_30,0.7441861658871238,15,0
Hepatocyte_15weeks_Animal1_Capture2_CCTACCAAGTGGGCTA,4.683889843344525,15_30,0.6328527884091187,15,0
Hepatocyte_15weeks_Animal1_Capture2_CCTAGCTAGGCTAGAC,5.279157810311784,15_30,0.7132810233474672,15,0
Hepatocyte_15weeks_Animal1_Capture2_CCTAGCTGTATTCTCT,5.522780051621356,15_30,0.7461974709770621,15,0
Hepatocyte_15weeks_Animal1_Capture2_CCTAGCTGTGTATGGG,4.661378790901673,15_30,0.6298112603661984,15,0
Hepatocyte_15weeks_Animal1_Capture2_CCTCAGTCACACCGAC,4.936211805254499,15_30,0.666944678379265,15,0
Hepatocyte_15weeks_Animal1_Capture2_CCTCAGTTCCCAAGTA,5.555339355018414,15_30,0.7505966448758176,15,0
Hepatocyte_15weeks_Animal1_Capture2_CCTCTGACACAGATTC,4.2318751050444785,15_30,0.5717798774093711,15,0
Hepatocyte_15weeks_Animal1_Capture2_CCTCTGAGTTGGTAAA,5.3102535354282745,15_30,0.7174824493002011,15,0
Hepatocyte_15weeks_Animal1_Capture2_CCTCTGATCGTCTGCT,4.928946996654655,15_30,0.665963110807559,15,0
Hepatocyte_15weeks_Animal1_Capture2_CCTTACGAGGGTGTGT,4.317819371528759,15_30,0.5833920353617272,15,0
Hepatocyte_15weeks_Animal1_Capture2_CCTTACGGTCATGCAT,5.7168219445913895,15_30,0.7724149861495762,15,0
Hepatocyte_15weeks_Animal1_Capture2_CCTTCCCAGACTGGGT,4.786843981176343,15_30,0.6467631952257316,15,0
Hepatocyte_15weeks_Animal1_Capture2_CCTTCCCGTCAAAGAT,4.681119939065503,15_30,0.632478539290281,15,0
Hepatocyte_15weeks_Animal1_Capture2_CCTTCCCGTGTGACGA,5.522860534882426,15_30,0.7462083452840788,15,0
Hepatocyte_15weeks_Animal1_Capture2_CCTTCCCTCACGACTA,4.956546742560183,15_30,0.6696921857302998,15,0
Hepatocyte_15weeks_Animal1_Capture2_CCTTCGAAGACATAAC,5.347543199337045,15_30,0.7225207547627082,15,0
Hepatocyte_15weeks_Animal1_Capture2_CCTTCGAAGGGAAACA,4.890491248209904,15_30,0.6607672525684501,15,0
Hepatocyte_15weeks_Animal1_Capture2_CCTTCGATCTTTCCTC,4.587908699074827,15_30,0.6198845212599488,15,0
Hepatocyte_15weeks_Animal1_Capture2_CCTTTCTGTTCCACAA,4.572498464077559,15_30,0.6178024035086275,15,0
Hepatocyte_15weeks_Animal1_Capture2_CCTTTCTTCGCCAAAT,4.62258209185668,15_30,0.6245693353865619,15,0
Hepatocyte_15weeks_Animal1_Capture2_CCTTTCTTCTGGGCCA,5.077166180245008,15_30,0.6859893980961388,15,0
Hepatocyte_15weeks_Animal1_Capture2_CGAACATTCACAAACC,4.67922250685863,15_30,0.6322221721887695,15,0
Hepatocyte_15weeks_Animal1_Capture2_CGAATGTAGCACCGCT,5.336830423084652,15_30,0.7210733231300955,15,0
Hepatocyte_15weeks_Animal1_Capture2_CGAATGTCACCACGTG,5.573580125280166,15_30,0.7530612037593453,15,0
Hepatocyte_15weeks_Animal1_Capture2_CGACCTTAGCCACGCT,1.9595901790384609,15_30,0.26476543010629383,15,0
Hepatocyte_15weeks_Animal1_Capture2_CGACCTTAGCCGATTT,5.5289694445513105,15_30,0.7470337362833113,15,0
Hepatocyte_15weeks_Animal1_Capture2_CGACTTCTCACCATAG,5.235207558820034,15_30,0.7073427882185267,15,0
Hepatocyte_15weeks_Animal1_Capture2_CGACTTCTCACTCCTG,3.847203356877289,15_30,0.5198058565438446,15,0
Hepatocyte_15weeks_Animal1_Capture2_CGAGCCAAGAGCTTCT,5.311666369574475,15_30,0.7176733410715465,15,0
Hepatocyte_15weeks_Animal1_Capture2_CGAGCCAGTGCAGACA,2.721770283244122,15_30,0.36774560691422786,15,0
Hepatocyte_15weeks_Animal1_Capture2_CGATCGGGTCTGATCA,5.309801557361198,15_30,0.7174213813439477,15,0
Hepatocyte_15weeks_Animal1_Capture2_CGATCGGTCCCAAGTA,5.178994309662846,15_30,0.6997476669273606,15,0
Hepatocyte_15weeks_Animal1_Capture2_CGATGGCTCTACCTGC,4.91446738394538,15_30,0.6640067319035654,15,0
Hepatocyte_15weeks_Animal1_Capture2_CGATGGCTCTTACCGC,5.048803307387658,15_30,0.6821572150654954,15,0
Hepatocyte_15weeks_Animal1_Capture2_CGATGTAGTCCATCCT,4.921667471848614,15_30,0.664979554890175,15,0
Hepatocyte_15weeks_Animal1_Capture2_CGATGTATCCTTGACC,3.7780774772183983,15_30,0.5104660754737319,15,0
Hepatocyte_15weeks_Animal1_Capture2_CGATTGAAGAAGGCCT,5.484644571500229,15_30,0.7410448850411934,15,0
Hepatocyte_15weeks_Animal1_Capture2_CGATTGAAGGCCATAG,5.460353664854873,15_30,0.7377628761729996,15,0
Hepatocyte_15weeks_Animal1_Capture2_CGCGGTAAGGATGGTC,5.50298130790083,15_30,0.7435224101644481,15,0
Hepatocyte_15weeks_Animal1_Capture2_CGCGGTAAGGCAGTCA,5.645440261619443,15_30,0.7627704175066307,15,0
Hepatocyte_15weeks_Animal1_Capture2_CGCGGTAGTTTAAGCC,1.8653261357674147,15_30,0.252029165030469,15,0
Hepatocyte_15weeks_Animal1_Capture2_CGCGGTATCTGAAAGA,4.562308046006447,15_30,0.6164255490762968,15,0
Hepatocyte_15weeks_Animal1_Capture2_CGCGGTATCTTACCGC,2.956045990505366,15_30,0.39939921952159235,15,0
Hepatocyte_15weeks_Animal1_Capture2_CGCGTTTAGAGGTACC,4.543533783133782,15_30,0.6138889085901473,15,0
Hepatocyte_15weeks_Animal1_Capture2_CGCGTTTGTTGAACTC,5.054969857415887,15_30,0.6829903940066642,15,0
Hepatocyte_15weeks_Animal1_Capture2_CGCTATCTCGCACTCT,5.406622498797608,15_30,0.7305031157172471,15,0
Hepatocyte_15weeks_Animal1_Capture2_CGCTTCAGTACTCAAC,5.058426535605831,15_30,0.6834574349713972,15,0
Hepatocyte_15weeks_Animal1_Capture2_CGCTTCAGTGTAAGTA,4.7618028368318654,15_30,0.6433798197507776,15,0
Hepatocyte_15weeks_Animal1_Capture2_CGCTTCATCTATGTGG,5.681777772035562,15_30,0.7676800749836019,15,0
Hepatocyte_15weeks_Animal1_Capture2_CGGACACAGAACTCGG,4.884530577619947,15_30,0.6599618905446181,15,0
Hepatocyte_15weeks_Animal1_Capture2_CGGACACCACGGCCAT,5.383404843800389,15_30,0.7273661167277877,15,0
Hepatocyte_15weeks_Animal1_Capture2_CGGACGTAGATTACCC,5.163138733924885,15_30,0.69760537800657,15,0
Hepatocyte_15weeks_Animal1_Capture2_CGGACGTTCCCTGACT,4.478666901840613,15_30,0.6051245720931829,15,0
Hepatocyte_15weeks_Animal1_Capture2_CGGACTGGTGTAAGTA,5.180971733582682,15_30,0.7000148419215192,15,0
Hepatocyte_15weeks_Animal1_Capture2_CGGAGCTCAGACGCCT,3.1502810329482527,15_30,0.42564283163202826,15,0
Hepatocyte_15weeks_Animal1_Capture2_CGGGTCAGTACAGTGG,5.315877983091108,15_30,0.7182423833519685,15,0
Hepatocyte_15weeks_Animal1_Capture2_CGTAGCGCAGGTCCAC,4.743364882725877,15_30,0.6408886188347026,15,0
Hepatocyte_15weeks_Animal1_Capture2_CGTCACTAGCAGATCG,4.292891287381502,15_30,0.5800239357500967,15,0
Hepatocyte_15weeks_Animal1_Capture2_CGTCACTCACTTCTGC,5.365699975261613,15_30,0.7249739649484067,15,0
Hepatocyte_15weeks_Animal1_Capture2_CGTCAGGTCACAACGT,5.3906876081790465,15_30,0.7283501103524262,15,0
Hepatocyte_15weeks_Animal1_Capture2_CGTCAGGTCGATCCCT,5.086226784505674,15_30,0.687213600385862,15,0
Hepatocyte_15weeks_Animal1_Capture2_CGTCAGGTCGTTGACA,4.354989991458076,15_30,0.5884142564762117,15,0
Hepatocyte_15weeks_Animal1_Capture2_CGTCTACCATACTACG,5.4607176128045305,15_30,0.7378120501464448,15,0
Hepatocyte_15weeks_Animal1_Capture2_CGTCTACTCGGCGCTA,5.066871300742607,15_30,0.6845984296025718,15,0
Hepatocyte_15weeks_Animal1_Capture2_CGTGTAACAAGGACTG,4.940640777186686,15_30,0.6675430885321111,15,0
Hepatocyte_15weeks_Animal1_Capture2_CGTGTAATCCAAAGTC,4.738847839824656,15_30,0.640278309179478,15,0
Hepatocyte_15weeks_Animal1_Capture2_CGTTAGAAGGCTCTTA,5.063794393839768,15_30,0.6841827005444036,15,0
Hepatocyte_15weeks_Animal1_Capture2_CGTTAGACAAGGTTTC,5.40507097601585,15_30,0.7302934853562532,15,0
Hepatocyte_15weeks_Animal1_Capture2_CGTTCTGCAGTCGTGC,5.312009340723035,15_30,0.7177196808137201,15,0
Hepatocyte_15weeks_Animal1_Capture2_CGTTCTGCATGCAACT,4.7030809327660235,15_30,0.635445747436595,15,0
Hepatocyte_15weeks_Animal1_Capture2_CGTTCTGGTGACAAAT,4.889137618514164,15_30,0.6605843600675431,15,0
Hepatocyte_15weeks_Animal1_Capture2_CGTTGGGGTCTCTTTA,4.092642663261056,15_30,0.5529678126583496,15,0
Hepatocyte_15weeks_Animal1_Capture2_CTAACTTCAAGACGTG,5.161149430286843,15_30,0.6973365979121541,15,0
Hepatocyte_15weeks_Animal1_Capture2_CTAACTTGTGGTCTCG,5.603123154801328,15_30,0.757052840889131,15,0
Hepatocyte_15weeks_Animal1_Capture2_CTAAGACCAGGGATTG,5.792221522351691,15_30,0.7826024232214107,15,0
Hepatocyte_15weeks_Animal1_Capture2_CTAAGACGTAATCGTC,5.359294250646832,15_30,0.7241084704940474,15,0
Hepatocyte_15weeks_Animal1_Capture2_CTAATGGCATTCGACA,4.932516761618988,15_30,0.6664454312265273,15,0
Hepatocyte_15weeks_Animal1_Capture2_CTACACCCACACAGAG,3.1232088164039116,15_30,0.4219850326014114,15,0
Hepatocyte_15weeks_Animal1_Capture2_CTACACCGTGTAATGA,3.134843944708576,15_30,0.42355708566785305,15,0
Hepatocyte_15weeks_Animal1_Capture2_CTACATTAGTATTGGA,4.960671475055797,15_30,0.6702494892853782,15,0
Hepatocyte_15weeks_Animal1_Capture2_CTACATTCACACGCTG,5.535641947086434,15_30,0.7479352758105527,15,0
Hepatocyte_15weeks_Animal1_Capture2_CTACGTCAGAGGTACC,5.229180356092968,15_30,0.7065284368610646,15,0
Hepatocyte_15weeks_Animal1_Capture2_CTAGAGTAGTCTCCTC,4.486140582309007,15_30,0.6061343608974228,15,0
Hepatocyte_15weeks_Animal1_Capture2_CTAGAGTCAATCACAC,4.443563769662267,15_30,0.6003816947361234,15,0
Hepatocyte_15weeks_Animal1_Capture2_CTAGAGTTCTTGCAAG,4.888167761758324,15_30,0.660453320147131,15,0
Hepatocyte_15weeks_Animal1_Capture2_CTAGTGAAGCCGCCTA,5.048611284279993,15_30,0.6821312703137635,15,0
Hepatocyte_15weeks_Animal1_Capture2_CTAGTGAAGCGTTCCG,4.948830671072409,15_30,0.6686496468320932,15,0
Hepatocyte_15weeks_Animal1_Capture2_CTAGTGATCGTTTAGG,5.728879950476259,15_30,0.7740441753282534,15,0
Hepatocyte_15weeks_Animal1_Capture2_CTCAGAAGTAGGACAC,5.040404560588538,15_30,0.6810224380940605,15,0
Hepatocyte_15weeks_Animal1_Capture2_CTCATTACATGCATGT,5.049494901698434,15_30,0.6822506582084089,15,0
Hepatocyte_15weeks_Animal1_Capture2_CTCATTATCTTGACGA,4.6652204438343725,15_30,0.6303303162902,15,0
Hepatocyte_15weeks_Animal1_Capture2_CTCGAAACAAGTCATC,3.8323068666419964,15_30,0.5177931522108616,15,0
Hepatocyte_15weeks_Animal1_Capture2_CTCGAAACAGGACGTA,5.20259183197335,15_30,0.7029359907977368,15,0
Hepatocyte_15weeks_Animal1_Capture2_CTCGGAGGTCAAGCGA,4.338922757682385,15_30,0.5862433698761743,15,0
Hepatocyte_15weeks_Animal1_Capture2_CTCGGAGTCAAACGGG,5.581927278093299,15_30,0.754189009730396,15,0
Hepatocyte_15weeks_Animal1_Capture2_CTCGGGAGTTGGAGGT,5.65756304284812,15_30,0.7644083586539322,15,0
Hepatocyte_15weeks_Animal1_Capture2_CTCGTCACATCCGCGA,4.368758950613021,15_30,0.5902746170923093,15,0
Hepatocyte_15weeks_Animal1_Capture2_CTCTAATGTCGTGGCT,4.819933213341469,15_30,0.651233969206843,15,0
Hepatocyte_15weeks_Animal1_Capture2_CTCTGGTAGAGACTTA,4.369239768669123,15_30,0.5903395816960252,15,0
Hepatocyte_15weeks_Animal1_Capture2_CTCTGGTGTTGCTCCT,5.20401433873508,15_30,0.7031281894618389,15,0
Hepatocyte_15weeks_Animal1_Capture2_CTGAAACGTGTGTGCC,4.167197860948605,15_30,0.5630411632974559,15,0
Hepatocyte_15weeks_Animal1_Capture2_CTGAAACTCACCATAG,4.875773992516338,15_30,0.6587787650901125,15,0
Hepatocyte_15weeks_Animal1_Capture2_CTGATAGCACTCAGGC,5.061280307691848,15_30,0.6838430156922347,15,0
Hepatocyte_15weeks_Animal1_Capture2_CTGATCCAGGCATGGT,3.976840495372743,15_30,0.5373214744004007,15,0
Hepatocyte_15weeks_Animal1_Capture2_CTGATCCTCATGTGGT,4.127960474140682,15_30,0.5577396958245253,15,0
Hepatocyte_15weeks_Animal1_Capture2_CTGCCTAAGCAATCTC,4.277789471912088,15_30,0.577983489379771,15,0
Hepatocyte_15weeks_Animal1_Capture2_CTGCCTAGTAGCACGA,3.756768710411862,15_30,0.5075869914341621,15,0
Hepatocyte_15weeks_Animal1_Capture2_CTGCCTATCCACGTTC,5.075505208324176,15_30,0.6857649797714719,15,0
Hepatocyte_15weeks_Animal1_Capture2_CTGCGGAAGCGAAGGG,5.020471137668423,15_30,0.6783291804173331,15,0
Hepatocyte_15weeks_Animal1_Capture2_CTGCGGATCCGAAGAG,5.108685464209024,15_30,0.690248052208944,15,0
Hepatocyte_15weeks_Animal1_Capture2_CTGCTGTCAGTGAGTG,4.406056989163391,15_30,0.5953140540748704,15,0
Hepatocyte_15weeks_Animal1_Capture2_CTGGTCTTCCGATATG,5.730009779410147,15_30,0.7741968295142293,15,0
Hepatocyte_15weeks_Animal1_Capture2_CTGTGCTCAGATGGGT,5.537517849922277,15_30,0.7481887340216024,15,0
Hepatocyte_15weeks_Animal1_Capture2_CTGTGCTGTGGCGAAT,4.8521004622514345,15_30,0.6555801715832819,15,0
Hepatocyte_15weeks_Animal1_Capture2_CTGTGCTTCCTTAATC,5.26463491817902,15_30,0.7113187968456967,15,0
Hepatocyte_15weeks_Animal1_Capture2_CTGTTTAAGATCCGAG,2.9222576713945942,15_30,0.39483399004778374,15,0
Hepatocyte_15weeks_Animal1_Capture2_CTGTTTAGTGCAACGA,4.914764136863821,15_30,0.6640468269779982,15,0
Hepatocyte_15weeks_Animal1_Capture2_CTGTTTATCGCAAACT,5.407701792982961,15_30,0.7306489420192225,15,0
Hepatocyte_15weeks_Animal1_Capture2_CTTAACTGTCTTCGTC,5.256738642457075,15_30,0.7102519100751248,15,0
Hepatocyte_15weeks_Animal1_Capture2_CTTACCGGTCTAAAGA,5.674140936451575,15_30,0.7666482418586587,15,0
Hepatocyte_15weeks_Animal1_Capture2_CTTACCGTCCACGAAT,4.799468856372553,15_30,0.6484689756216117,15,0
Hepatocyte_15weeks_Animal1_Capture2_CTTAGGACAGACAAGC,5.439148520350814,15_30,0.7348977928177451,15,0
Hepatocyte_15weeks_Animal1_Capture2_CTTCTCTGTAGCAAAT,4.989232761638642,15_30,0.6741084805210898,15,0
Hepatocyte_15weeks_Animal1_Capture2_CTTCTCTGTCTGCCAG,4.932600962252972,15_30,0.6664568077976648,15,0
Hepatocyte_15weeks_Animal1_Capture2_CTTGGCTGTAGCGTCC,4.630234383921437,15_30,0.6256032568776455,15,0
Hepatocyte_15weeks_Animal1_Capture2_CTTGGCTTCTAAGCCA,5.043121991676369,15_30,0.6813895974207657,15,0
Hepatocyte_15weeks_Animal1_Capture2_GAAACTCAGTTTAGGA,5.090072686318114,15_30,0.6877332303872824,15,0
Hepatocyte_15weeks_Animal1_Capture2_GAAATGAAGAATTGTG,4.476429331423596,15_30,0.6048222480153262,15,0
Hepatocyte_15weeks_Animal1_Capture2_GAAATGATCCAAACTG,3.9624611038231774,15_30,0.535378636643296,15,0
Hepatocyte_15weeks_Animal1_Capture2_GAACATCGTACTTCTT,3.9612151584155857,15_30,0.5352102936523692,15,0
Hepatocyte_15weeks_Animal1_Capture2_GAACATCGTCAAACTC,4.707231980852144,15_30,0.6360066065609518,15,0
Hepatocyte_15weeks_Animal1_Capture2_GAACCTAGTATAAACG,5.275739228672838,15_30,0.7128191297088529,15,0
Hepatocyte_15weeks_Animal1_Capture2_GAACGGATCAGAGACG,5.338648144112205,15_30,0.7213189202426048,15,0
Hepatocyte_15weeks_Animal1_Capture2_GAAGCAGCAAACCCAT,4.235318354747639,15_30,0.5722451040156138,15,0
Hepatocyte_15weeks_Animal1_Capture2_GAAGCAGGTTATGTGC,4.760043667212102,15_30,0.6431421336743781,15,0
Hepatocyte_15weeks_Animal1_Capture2_GACACGCTCTGACCTC,4.638694425129697,15_30,0.626746315499383,15,0
Hepatocyte_15weeks_Animal1_Capture2_GACACGCTCTTGCCGT,5.267251744284349,15_30,0.7116723631661968,15,0
Hepatocyte_15weeks_Animal1_Capture2_GACAGAGCACCAGATT,5.354748470505739,15_30,0.7234942780740712,15,0
Hepatocyte_15weeks_Animal1_Capture2_GACAGAGGTCTTCGTC,4.97570910808996,15_30,0.6722812637965285,15,0
Hepatocyte_15weeks_Animal1_Capture2_GACCAATCAGGATTGG,4.983053745085901,15_30,0.6732736171947065,15,0
Hepatocyte_15weeks_Animal1_Capture2_GACCAATTCGCCCTTA,3.8865014060726124,15_30,0.5251155202729431,15,0
Hepatocyte_15weeks_Animal1_Capture2_GACGCGTCAGCCACCA,5.128596510681734,15_30,0.6929382865444724,15,0
Hepatocyte_15weeks_Animal1_Capture2_GACGCGTGTAAATGTG,5.3046578213660185,15_30,0.7167263975214705,15,0
Hepatocyte_15weeks_Animal1_Capture2_GACGCGTTCCAAGCCG,3.821445176174901,15_30,0.5163256003834622,15,0
Hepatocyte_15weeks_Animal1_Capture2_GACGGCTCATCGGGTC,4.608550587925515,15_30,0.6226735016489199,15,0
Hepatocyte_15weeks_Animal1_Capture2_GACGTGCAGAACAATC,4.9171236768357875,15_30,0.6643656306861477,15,0
Hepatocyte_15weeks_Animal1_Capture2_GACGTGCGTTAGTGGG,4.668930666877364,15_30,0.6308316143729704,15,0
Hepatocyte_15weeks_Animal1_Capture2_GACGTGCTCCTAAGTG,4.4416086067978044,15_30,0.6001175274922401,15,0
Hepatocyte_15weeks_Animal1_Capture2_GACTAACAGTGGCACA,5.233172393156988,15_30,0.7070678115841885,15,0
Hepatocyte_15weeks_Animal1_Capture2_GACTGCGCACATTCGA,5.3017621445423,15_30,0.7163351549403014,15,0
Hepatocyte_15weeks_Animal1_Capture2_GAGGTGAAGGAACTGC,1.693516525444249,15_30,0.22881551257384744,15,0
Hepatocyte_15weeks_Animal1_Capture2_GAGGTGACAAAGCAAT,4.6780585919620465,15_30,0.6320649125579052,15,0
Hepatocyte_15weeks_Animal1_Capture2_GATCGATGTACTTGAC,3.2440732749125343,15_30,0.4383153503810719,15,0
Hepatocyte_15weeks_Animal1_Capture2_GATCGATTCTTGGGTA,5.1347738092535655,15_30,0.6937729177498955,15,0
Hepatocyte_15weeks_Animal1_Capture2_GATCGCGAGACGACGT,4.673132666888623,15_30,0.631399357747166,15,0
Hepatocyte_15weeks_Animal1_Capture2_GATCGCGGTTGGTAAA,4.991523719413962,15_30,0.674418017906624,15,0
Hepatocyte_15weeks_Animal1_Capture2_GATCGCGTCGAGGTAG,5.168477306484225,15_30,0.6983266867143534,15,0
Hepatocyte_15weeks_Animal1_Capture2_GATCTAGAGAAGCCCA,5.526867498688973,15_30,0.7467497367990032,15,0
Hepatocyte_15weeks_Animal1_Capture2_GATGAAAGTGATAAGT,4.694741011110734,15_30,0.6343189184864729,15,0
Hepatocyte_15weeks_Animal1_Capture2_GATGAAAGTGCACGAA,4.826227244400543,15_30,0.6520843724484411,15,0
Hepatocyte_15weeks_Animal1_Capture2_GATGAGGTCATGTGGT,4.836033524854393,15_30,0.6534093250277506,15,0
Hepatocyte_15weeks_Animal1_Capture2_GATGAGGTCGTACGGC,5.101128912359387,15_30,0.6892270664324327,15,0
Hepatocyte_15weeks_Animal1_Capture2_GATGCTACAGCTCGCA,4.2688563747597055,15_30,0.5767765149138688,15,0
Hepatocyte_15weeks_Animal1_Capture2_GATGCTATCCTTCAAT,5.551753635165482,15_30,0.7501121687495041,15,0
Hepatocyte_15weeks_Animal1_Capture2_GATTCAGAGAAGATTC,5.508307128909395,15_30,0.7442419959763619,15,0
Hepatocyte_15weeks_Animal1_Capture2_GATTCAGCAGTCAGCC,4.520484476847761,15_30,0.610774655641878,15,0
Hepatocyte_15weeks_Animal1_Capture2_GCAAACTTCTTAACCT,5.43530353466234,15_30,0.7343782865962654,15,0
Hepatocyte_15weeks_Animal1_Capture2_GCAATCACAGATCCAT,4.659464971237709,15_30,0.6295526791118649,15,0
Hepatocyte_15weeks_Animal1_Capture2_GCAATCATCGGATGGA,5.038998761537881,15_30,0.6808324968531462,15,0
Hepatocyte_15weeks_Animal1_Capture2_GCACATACAGCTGTGC,5.286220117959704,15_30,0.7142352304780939,15,0
Hepatocyte_15weeks_Animal1_Capture2_GCACATACATCCGGGT,2.174228003623158,15_30,0.29376571626364306,15,0
Hepatocyte_15weeks_Animal1_Capture2_GCACATAGTTCACCTC,4.836483612973685,15_30,0.6534701376281425,15,0
Hepatocyte_15weeks_Animal1_Capture2_GCAGCCACAGTATCTG,4.518937825965409,15_30,0.6105656835361436,15,0
Hepatocyte_15weeks_Animal1_Capture2_GCAGCCAGTCTTCGTC,5.377693748337948,15_30,0.7265944754618403,15,0
Hepatocyte_15weeks_Animal1_Capture2_GCAGCCAGTGCATCTA,3.701664536324798,15_30,0.5001417202193551,15,0
Hepatocyte_15weeks_Animal1_Capture2_GCAGTTAAGCAATATG,5.228306515066408,15_30,0.7064103698806742,15,0
Hepatocyte_15weeks_Animal1_Capture2_GCAGTTAAGGATATAC,4.709255825812223,15_30,0.6362800536250652,15,0
Hepatocyte_15weeks_Animal1_Capture2_GCAGTTAAGGTGGGTT,5.020481172663883,15_30,0.6783305362722041,15,0
Hepatocyte_15weeks_Animal1_Capture2_GCAGTTACACCAGCAC,3.7245070339000685,15_30,0.5032280306938167,15,0
Hepatocyte_15weeks_Animal1_Capture2_GCAGTTACACTGTCGG,4.7554478423401125,15_30,0.642521179577985,15,0
Hepatocyte_15weeks_Animal1_Capture2_GCAGTTAGTAGGCATG,5.00455577218586,15_30,0.6761788131454594,15,0
Hepatocyte_15weeks_Animal1_Capture2_GCATACACATCGGAAG,3.2630846000058984,15_30,0.440884020973055,15,0
Hepatocyte_15weeks_Animal1_Capture2_GCATACAGTAGAAAGG,5.309667546763046,15_30,0.7174032748163491,15,0
Hepatocyte_15weeks_Animal1_Capture2_GCATACAGTGCACCAC,4.276088097539466,15_30,0.577753612172609,15,0
Hepatocyte_15weeks_Animal1_Capture2_GCATGATTCAACGAAA,3.5453118735217606,15_30,0.4790164969669997,15,0
Hepatocyte_15weeks_Animal1_Capture2_GCCTCTAAGTGTACTC,4.45092891019609,15_30,0.6013768184217237,15,0
Hepatocyte_15weeks_Animal1_Capture2_GCGAGAACAGCCTGTG,4.833518536748611,15_30,0.653069518309661,15,0
Hepatocyte_15weeks_Animal1_Capture2_GCGAGAATCACTATTC,4.685035436115973,15_30,0.6330075724890267,15,0
Hepatocyte_15weeks_Animal1_Capture2_GCGCAACGTATAGGGC,5.220913200232035,15_30,0.7054114394905482,15,0
Hepatocyte_15weeks_Animal1_Capture2_GCGCAACTCCTTTACA,4.623205519167191,15_30,0.6246535683051451,15,0
Hepatocyte_15weeks_Animal1_Capture2_GCGCAGTAGTGAACGC,4.907943291440358,15_30,0.6631252444493912,15,0
Hepatocyte_15weeks_Animal1_Capture2_GCGCAGTCACACATGT,4.695164183415501,15_30,0.6343760944197262,15,0
Hepatocyte_15weeks_Animal1_Capture2_GCGCAGTTCTAACTTC,4.005843013679133,15_30,0.541240081625369,15,0
Hepatocyte_15weeks_Animal1_Capture2_GCGCCAAAGGAATCGC,5.163029521162436,15_30,0.69759062198037,15,0
Hepatocyte_15weeks_Animal1_Capture2_GCGCGATGTTTGTTTC,5.101468649593685,15_30,0.6892729692318671,15,0
Hepatocyte_15weeks_Animal1_Capture2_GCGGGTTAGGGTCGAT,4.973862464428554,15_30,0.6720317588701947,15,0
Hepatocyte_15weeks_Animal1_Capture2_GCGGGTTAGTCAAGCG,4.640831676434563,15_30,0.6270350851957365,15,0
Hepatocyte_15weeks_Animal1_Capture2_GCGGGTTTCCCTAACC,5.202690872390337,15_30,0.7029493724113427,15,0
Hepatocyte_15weeks_Animal1_Capture2_GCTCCTAGTCAGAGGT,5.300153771729463,15_30,0.7161178434207208,15,0
Hepatocyte_15weeks_Animal1_Capture2_GCTCCTAGTTGTGGCC,4.966002564731984,15_30,0.6709697869609582,15,0
Hepatocyte_15weeks_Animal1_Capture2_GCTCCTATCGTTGCCT,5.943175558857916,15_30,0.802998223746122,15,0
Hepatocyte_15weeks_Animal1_Capture2_GCTCTGTGTGATGTCT,4.293291424321497,15_30,0.5800779993140769,15,0
Hepatocyte_15weeks_Animal1_Capture2_GCTCTGTTCTTGGGTA,4.462664083070759,15_30,0.6029623887755504,15,0
Hepatocyte_15weeks_Animal1_Capture2_GCTGCGAGTTTAGGAA,5.746346972858788,15_30,0.7764041910821882,15,0
Hepatocyte_15weeks_Animal1_Capture2_GCTGCGATCCCTCTTT,4.997219943378855,15_30,0.6751876498450667,15,0
Hepatocyte_15weeks_Animal1_Capture2_GCTGCTTCAAGTTAAG,5.381775880590372,15_30,0.7271460231849944,15,0
Hepatocyte_15weeks_Animal1_Capture2_GCTGGGTCAAACCCAT,5.740540856414259,15_30,0.7756197112791524,15,0
Hepatocyte_15weeks_Animal1_Capture2_GGAAAGCAGCCAACAG,5.495011160388329,15_30,0.7424455423801885,15,0
Hepatocyte_15weeks_Animal1_Capture2_GGAAAGCAGTTCGCAT,4.6914436124772845,15_30,0.6338733982053671,15,0
Hepatocyte_15weeks_Animal1_Capture2_GGAAAGCCAAACAACA,4.8559159753515235,15_30,0.6560956956851208,15,0
Hepatocyte_15weeks_Animal1_Capture2_GGAAAGCCAGTTCATG,4.757159349592023,15_30,0.6427524258653615,15,0
Hepatocyte_15weeks_Animal1_Capture2_GGAACTTAGCAACGGT,5.240387997785964,15_30,0.7080427310767966,15,0
Hepatocyte_15weeks_Animal1_Capture2_GGAACTTGTTTAAGCC,4.131906542163364,15_30,0.5582728595484662,15,0
Hepatocyte_15weeks_Animal1_Capture2_GGAATAACAGTTTACG,4.677778546640953,15_30,0.6320270748912942,15,0
Hepatocyte_15weeks_Animal1_Capture2_GGACAAGCAGACGTAG,4.665034174816759,15_30,0.6303051489888472,15,0
Hepatocyte_15weeks_Animal1_Capture2_GGACAGAAGAAAGTGG,4.538321149280967,15_30,0.6131846157952608,15,0
Hepatocyte_15weeks_Animal1_Capture2_GGACAGAGTCCGAATT,5.056648900483141,15_30,0.6832172539718876,15,0
Hepatocyte_15weeks_Animal1_Capture2_GGACAGATCACATGCA,5.131779146725386,15_30,0.6933683009474753,15,0
Hepatocyte_15weeks_Animal1_Capture2_GGACAGATCGCTTGTC,3.3758465617342965,15_30,0.456119588907621,15,0
Hepatocyte_15weeks_Animal1_Capture2_GGACATTGTACATCCA,3.7436905971221695,15_30,0.5058199728365167,15,0
Hepatocyte_15weeks_Animal1_Capture2_GGACGTCCAGCCTGTG,5.322197694415348,15_30,0.7190962563223522,15,0
Hepatocyte_15weeks_Animal1_Capture2_GGACGTCTCACCGTAA,4.961871863976624,15_30,0.670411677018465,15,0
Hepatocyte_15weeks_Animal1_Capture2_GGACGTCTCCTAGAAC,1.8861707878110425,15_30,0.2548455412925991,15,0
Hepatocyte_15weeks_Animal1_Capture2_GGAGCAAGTAGGACAC,4.563560406936655,15_30,0.6165947588855119,15,0
Hepatocyte_15weeks_Animal1_Capture2_GGAGCAATCGGATGGA,4.968958734250291,15_30,0.6713692028706489,15,0
Hepatocyte_15weeks_Animal1_Capture2_GGATGTTGTGGCAAAC,4.831034357961059,15_30,0.6527338743203296,15,0
Hepatocyte_15weeks_Animal1_Capture2_GGATTACGTTCTGGTA,5.518441442023636,15_30,0.7456112699190597,15,0
Hepatocyte_15weeks_Animal1_Capture2_GGATTACTCTGGAGCC,4.987554082597379,15_30,0.6738816697403843,15,0
Hepatocyte_15weeks_Animal1_Capture2_GGCAATTAGCTAAACA,4.7784412153439915,15_30,0.6456278752320497,15,0
Hepatocyte_15weeks_Animal1_Capture2_GGCAATTCAAACCCAT,5.138534507197018,15_30,0.6942810356304344,15,0
Hepatocyte_15weeks_Animal1_Capture2_GGCAATTGTTTGACTG,5.042559556365481,15_30,0.6813136052931325,15,0
Hepatocyte_15weeks_Animal1_Capture2_GGCAATTTCGGTTCGG,5.029480017975146,15_30,0.6795463941463569,15,0
Hepatocyte_15weeks_Animal1_Capture2_GGCCGATAGCAACGGT,5.07874593618342,15_30,0.6862028431138627,15,0
Hepatocyte_15weeks_Animal1_Capture2_GGCCGATAGGTGATTA,5.464603182493987,15_30,0.7383370397800129,15,0
Hepatocyte_15weeks_Animal1_Capture2_GGCGTGTGTCTTCGTC,5.503724935192741,15_30,0.7436228836215452,15,0
Hepatocyte_15weeks_Animal1_Capture2_GGGAATGGTCGCGGTT,5.281043429513989,15_30,0.7135357943625646,15,0
Hepatocyte_15weeks_Animal1_Capture2_GGGAGATTCAACACTG,5.268783688387205,15_30,0.7118793481999197,15,0
Hepatocyte_15weeks_Animal1_Capture2_GGGATGACAGGTCGTC,4.5543558767074925,15_30,0.6153511103761861,15,0
Hepatocyte_15weeks_Animal1_Capture2_GGGCACTGTGTGCGTC,4.02028778409949,15_30,0.5431917528952306,15,0
Hepatocyte_15weeks_Animal1_Capture2_GGGCACTGTTACGCGC,5.613614046128576,15_30,0.7584702930605948,15,0
Hepatocyte_15weeks_Animal1_Capture2_GGGCATCCAGATGAGC,4.752392839760544,15_30,0.6421084100710711,15,0
Hepatocyte_15weeks_Animal1_Capture2_GGGTCTGAGTGAATTG,5.066189147532849,15_30,0.6845062620718748,15,0
Hepatocyte_15weeks_Animal1_Capture2_GGGTCTGTCTACTATC,3.673869703711558,15_30,0.4963862866137489,15,0
Hepatocyte_15weeks_Animal1_Capture2_GGGTTGCAGCTCTCGG,5.738936053059711,15_30,0.7754028820385551,15,0
Hepatocyte_15weeks_Animal1_Capture2_GGGTTGCCAACGCACC,3.524811678522022,15_30,0.4762466612103049,15,0
Hepatocyte_15weeks_Animal1_Capture2_GGTGAAGGTAAAGTCA,5.148337828274507,15_30,0.6956055883605493,15,0
Hepatocyte_15weeks_Animal1_Capture2_GGTGCGTCATGGGAAC,4.4525741387907685,15_30,0.601599109623809,15,0
Hepatocyte_15weeks_Animal1_Capture2_GGTGCGTTCAGCACAT,4.824152819519694,15_30,0.6518040913969864,15,0
Hepatocyte_15weeks_Animal1_Capture2_GGTGTTATCTTGCAAG,5.149718062122127,15_30,0.6957920754190278,15,0
Hepatocyte_15weeks_Animal1_Capture2_GTAACGTCAAACGTGG,2.955182117755288,15_30,0.39928249938149457,15,0
Hepatocyte_15weeks_Animal1_Capture2_GTAACGTCAGCCTGTG,5.627860647186324,15_30,0.7603951891419062,15,0
Hepatocyte_15weeks_Animal1_Capture2_GTAACGTTCACTCTTA,3.8925365040217565,15_30,0.5259309383748151,15,0
Hepatocyte_15weeks_Animal1_Capture2_GTAACTGCAGCTCGAC,5.875699526084806,15_30,0.7938813578676631,15,0
Hepatocyte_15weeks_Animal1_Capture2_GTAACTGTCCTTTCGG,3.855305649498334,15_30,0.5209005788044504,15,0
Hepatocyte_15weeks_Animal1_Capture2_GTAACTGTCGTAGGAG,4.897892044229209,15_30,0.6617671937613284,15,0
Hepatocyte_15weeks_Animal1_Capture2_GTACGTAGTGCGGTAA,5.193054742880276,15_30,0.701647409377652,15,0
Hepatocyte_15weeks_Animal1_Capture2_GTACGTATCATAGCAC,5.2277911556938035,15_30,0.7063407383080084,15,0
Hepatocyte_15weeks_Animal1_Capture2_GTACGTATCCAAATGC,4.958700482057248,15_30,0.6699831831900631,15,0
Hepatocyte_15weeks_Animal1_Capture2_GTACTCCTCTTTACAC,4.265622175616079,15_30,0.576339533683573,15,0
Hepatocyte_15weeks_Animal1_Capture2_GTACTTTCAGGATTGG,5.03087433580878,15_30,0.6797347841295666,15,0
Hepatocyte_15weeks_Animal1_Capture2_GTACTTTGTATTCGTG,4.967450670385052,15_30,0.6711654443592118,15,0
Hepatocyte_15weeks_Animal1_Capture2_GTACTTTTCCGCGGTA,5.7135496853794745,15_30,0.7719728625224375,15,0
Hepatocyte_15weeks_Animal1_Capture2_GTACTTTTCTTGTATC,5.506866190804275,15_30,0.7440473070045353,15,0
Hepatocyte_15weeks_Animal1_Capture2_GTAGGCCGTCGAGATG,4.630331916508188,15_30,0.6256164347643062,15,0
Hepatocyte_15weeks_Animal1_Capture2_GTAGGCCTCCGTTGCT,5.3857410092656455,15_30,0.7276817622442965,15,0
Hepatocyte_15weeks_Animal1_Capture2_GTAGTCAGTGCGCTTG,4.931383453367697,15_30,0.6662923069407425,15,0
Hepatocyte_15weeks_Animal1_Capture2_GTATCTTGTACAGCAG,5.120006667945298,15_30,0.6917776900937525,15,0
Hepatocyte_15weeks_Animal1_Capture2_GTATTCTTCTCAAGTG,4.977603910631752,15_30,0.6725372755970112,15,0
Hepatocyte_15weeks_Animal1_Capture2_GTCAAGTGTACAAGTA,5.156369704840038,15_30,0.6966907965210009,15,0
Hepatocyte_15weeks_Animal1_Capture2_GTCACAACAGTTTACG,5.662081177207339,15_30,0.7650188157789437,15,0
Hepatocyte_15weeks_Animal1_Capture2_GTCACAAGTCTTGCGG,5.4048103438892054,15_30,0.7302582706578695,15,0
Hepatocyte_15weeks_Animal1_Capture2_GTCACAATCACAGTAC,5.238451630010999,15_30,0.7077811032873401,15,0
Hepatocyte_15weeks_Animal1_Capture2_GTCACGGGTAAGGGAA,5.516485028037449,15_30,0.7453469336327996,15,0
Hepatocyte_15weeks_Animal1_Capture2_GTCATTTGTAGCACGA,5.158888706097239,15_30,0.69703114546663,15,0
Hepatocyte_15weeks_Animal1_Capture2_GTCCTCAAGTGAATTG,5.494297025408119,15_30,0.7423490537076017,15,0
Hepatocyte_15weeks_Animal1_Capture2_GTCCTCATCTTGTACT,4.6779020475878035,15_30,0.6320437614320114,15,0
Hepatocyte_15weeks_Animal1_Capture2_GTCGGGTTCCAGATCA,4.400157684419174,15_30,0.5945169833533295,15,0
Hepatocyte_15weeks_Animal1_Capture2_GTCGTAAGTATATCCG,4.593482759118847,15_30,0.6206376473068027,15,0
Hepatocyte_15weeks_Animal1_Capture2_GTCGTAAGTATTCGTG,4.869411993408957,15_30,0.6579191785051113,15,0
Hepatocyte_15weeks_Animal1_Capture2_GTCTCGTCAGATGGGT,5.383020845113107,15_30,0.7273142336459647,15,0
Hepatocyte_15weeks_Animal1_Capture2_GTCTTCGAGCGTAATA,5.233735988770398,15_30,0.7071439604833752,15,0
Hepatocyte_15weeks_Animal1_Capture2_GTCTTCGCACAACGCC,4.287659282197931,15_30,0.5793170256432977,15,0
Hepatocyte_15weeks_Animal1_Capture2_GTCTTCGGTAGGGACT,5.020580248208971,15_30,0.6783439226320608,15,0
Hepatocyte_15weeks_Animal1_Capture2_GTCTTCGTCTCAAGTG,5.0484807371872105,15_30,0.6821136317495682,15,0
Hepatocyte_15weeks_Animal1_Capture2_GTGCAGCCACCCATTC,4.576281116889026,15_30,0.6183134877696551,15,0
Hepatocyte_15weeks_Animal1_Capture2_GTGCAGCCACTGTCGG,4.283230582879641,15_30,0.5787186523240387,15,0
Hepatocyte_15weeks_Animal1_Capture2_GTGCAGCTCACCCGAG,2.657657669169171,15_30,0.3590831814630437,15,0
Hepatocyte_15weeks_Animal1_Capture2_GTGCATAAGAATGTTG,5.315435807345726,15_30,0.718182639813416,15,0
Hepatocyte_15weeks_Animal1_Capture2_GTGCATAAGATGCCAG,4.993765542840303,15_30,0.6747209166198584,15,0
Hepatocyte_15weeks_Animal1_Capture2_GTGCATATCCAAATGC,4.514407251159254,15_30,0.6099535455493279,15,0
Hepatocyte_15weeks_Animal1_Capture2_GTGCGGTCAAGCGCTC,4.464439169726979,15_30,0.6032022254449915,15,0
Hepatocyte_15weeks_Animal1_Capture2_GTGGGTCAGGACAGCT,5.459884148654271,15_30,0.737699438592977,15,0
Hepatocyte_15weeks_Animal1_Capture2_GTGGGTCCAAGTAATG,5.397291226905922,15_30,0.7292423428055083,15,0
Hepatocyte_15weeks_Animal1_Capture2_GTGTGCGAGGTCATCT,5.207955642125787,15_30,0.7036607094237077,15,0
Hepatocyte_15weeks_Animal1_Capture2_GTGTGCGCACACCGCA,4.16760161954863,15_30,0.563095716193535,15,0
Hepatocyte_15weeks_Animal1_Capture2_GTGTGCGCATACGCTA,5.547368199364941,15_30,0.7495196408789555,15,0
Hepatocyte_15weeks_Animal1_Capture2_GTGTGCGGTCGGCATC,4.979140843085979,15_30,0.6727449346201277,15,0
Hepatocyte_15weeks_Animal1_Capture2_GTGTGCGGTGTAAGTA,5.3634963914904255,15_30,0.7246762328964733,15,0
Hepatocyte_15weeks_Animal1_Capture2_GTTAAGCAGGTCGGAT,3.4499229764612322,15_30,0.46612824991016444,15,0
Hepatocyte_15weeks_Animal1_Capture2_GTTAAGCGTCGTTGTA,5.458255553856803,15_30,0.7374793948273811,15,0
Hepatocyte_15weeks_Animal1_Capture2_GTTAAGCGTGTTCTTT,4.9252487002806005,15_30,0.6654634241686835,15,0
Hepatocyte_15weeks_Animal1_Capture2_GTTACAGCAACTTGAC,4.21456871541498,15_30,0.5694415651730392,15,7
Hepatocyte_15weeks_Animal1_Capture2_GTTACAGGTAGGGACT,4.415698317173121,15_30,0.5966167194916487,15,0
Hepatocyte_15weeks_Animal1_Capture2_GTTCATTTCGGACAAG,5.533880412616531,15_30,0.7476972702129743,15,0
Hepatocyte_15weeks_Animal1_Capture2_GTTCGGGAGGAGTTTA,4.237832848969434,15_30,0.5725848440037271,15,0
Hepatocyte_15weeks_Animal1_Capture2_GTTCGGGAGTCCTCCT,4.823372539205619,15_30,0.6516986656527826,15,0
Hepatocyte_15weeks_Animal1_Capture2_GTTCGGGCAAACTGCT,5.393469100875978,15_30,0.7287259252131651,15,0
Hepatocyte_15weeks_Animal1_Capture2_GTTCTCGCATGTAGTC,5.600811938362873,15_30,0.7567405663018514,15,0
Hepatocyte_15weeks_Animal1_Capture2_GTTCTCGGTAAGAGGA,5.518744765378326,15_30,0.7456522527425729,15,0
Hepatocyte_15weeks_Animal1_Capture2_GTTCTCGGTTAGAACA,3.6270854618995747,15_30,0.49006514353084946,15,0
Hepatocyte_15weeks_Animal1_Capture2_GTTTCTACACTACAGT,5.197863225608736,15_30,0.7022970962414554,15,0
Hepatocyte_15weeks_Animal1_Capture2_TAAACCGTCCTCTAGC,5.458377325111636,15_30,0.7374958476648189,15,0
Hepatocyte_15weeks_Animal1_Capture2_TAAGAGAAGGCGCTCT,5.3619731756144,15_30,0.7244704271566433,15,0
Hepatocyte_15weeks_Animal1_Capture2_TAAGAGAAGGCTCTTA,4.709413578612959,15_30,0.6363013680246699,15,0
Hepatocyte_15weeks_Animal1_Capture2_TAAGAGAAGTGACTCT,5.651747122991514,15_30,0.7636225542858711,15,0
Hepatocyte_15weeks_Animal1_Capture2_TAAGAGAGTCTAAAGA,5.358841082095675,15_30,0.72404724168833,15,0
Hepatocyte_15weeks_Animal1_Capture2_TAAGAGATCATCATTC,5.070121455394854,15_30,0.6850375666239853,15,0
Hepatocyte_15weeks_Animal1_Capture2_TAAGCGTAGCGATGAC,4.882229120916458,15_30,0.6596509346210333,15,0
Hepatocyte_15weeks_Animal1_Capture2_TAAGTGCAGCGCTTAT,5.450961616175505,15_30,0.7364938915481674,15,0
Hepatocyte_15weeks_Animal1_Capture2_TACAGTGAGTAGGTGC,4.459788327417205,15_30,0.6025738377965557,15,0
Hepatocyte_15weeks_Animal1_Capture2_TACAGTGGTCTAAAGA,4.575385126004451,15_30,0.6181924280631597,15,0
Hepatocyte_15weeks_Animal1_Capture2_TACAGTGTCCGTAGTA,4.302409477835674,15_30,0.58130996372492,15,0
Hepatocyte_15weeks_Animal1_Capture2_TACCTATGTTAGTGGG,4.993052481575754,15_30,0.6746245730198445,15,0
Hepatocyte_15weeks_Animal1_Capture2_TACCTTATCATGCATG,4.382177468236444,15_30,0.592087628622964,15,0
Hepatocyte_15weeks_Animal1_Capture2_TACCTTATCTGCGGCA,5.6628840427115374,15_30,0.7651272930681292,15,0
Hepatocyte_15weeks_Animal1_Capture2_TACGGATAGTGGTAAT,5.48993170042595,15_30,0.7417592430631001,15,0
Hepatocyte_15weeks_Animal1_Capture2_TACGGATTCTGGTATG,5.2199129489537555,15_30,0.7052762928855382,15,0
Hepatocyte_15weeks_Animal1_Capture2_TACGGGCAGTCGATAA,5.035125272422272,15_30,0.6803091394579741,15,0
Hepatocyte_15weeks_Animal1_Capture2_TACGGGCAGTGACTCT,5.614450067467948,15_30,0.7585832501226707,15,0
Hepatocyte_15weeks_Animal1_Capture2_TACTCATCAAGCTGTT,4.558263873561184,15_30,0.6158791302034385,15,0
Hepatocyte_15weeks_Animal1_Capture2_TACTCATGTCATATGC,4.889039022248124,15_30,0.6605710384643505,15,0
Hepatocyte_15weeks_Animal1_Capture2_TACTCATGTGTGCGTC,5.274804265308226,15_30,0.7126928043271413,15,0
Hepatocyte_15weeks_Animal1_Capture2_TACTCGCGTGCAGTAG,4.730991905455324,15_30,0.6392168730361292,15,0
Hepatocyte_15weeks_Animal1_Capture2_TACTTACCACAACGTT,4.514582925485921,15_30,0.6099772813738672,15,0
Hepatocyte_15weeks_Animal1_Capture2_TACTTACGTCACTTCC,4.952674183263873,15_30,0.6691689539654813,15,0
Hepatocyte_15weeks_Animal1_Capture2_TACTTGTCACGCCAGT,4.75671486459295,15_30,0.6426923703174138,15,0
Hepatocyte_15weeks_Animal1_Capture2_TACTTGTTCATGGTCA,5.0116469169115865,15_30,0.6771369165302059,15,0
Hepatocyte_15weeks_Animal1_Capture2_TAGACCACAACGATGG,4.080413666690972,15_30,0.5513155204743606,15,0
Hepatocyte_15weeks_Animal1_Capture2_TAGACCATCCACTGGG,4.197100853989711,15_30,0.567081436053813,15,0
Hepatocyte_15weeks_Animal1_Capture2_TAGTGGTAGTACGTTC,5.649451463139289,15_30,0.7633123815902463,15,0
Hepatocyte_15weeks_Animal1_Capture2_TAGTGGTCAAGACACG,4.42317792682888,15_30,0.5976273094041304,15,0
Hepatocyte_15weeks_Animal1_Capture2_TAGTGGTGTAAAGTCA,4.484980035677058,15_30,0.605977556361733,15,0
Hepatocyte_15weeks_Animal1_Capture2_TAGTTGGAGACGACGT,4.798786703239285,15_30,0.6483768081012494,15,0
Hepatocyte_15weeks_Animal1_Capture2_TAGTTGGAGAGCCTAG,5.766083699133916,15_30,0.779070872553152,15,0
Hepatocyte_15weeks_Animal1_Capture2_TAGTTGGCAAACTGTC,5.460442970717224,15_30,0.7377749425250918,15,0
Hepatocyte_15weeks_Animal1_Capture2_TATCAGGAGATAGTCA,5.518278467624832,15_30,0.7455892500154813,15,0
Hepatocyte_15weeks_Animal1_Capture2_TATCAGGGTACTCGCG,5.530398632577122,15_30,0.7472268376707363,15,0
Hepatocyte_15weeks_Animal1_Capture2_TATCAGGGTCGAAAGC,5.266387358129857,15_30,0.7115555736586661,15,0
Hepatocyte_15weeks_Animal1_Capture2_TATCAGGTCATTCACT,5.302581704849323,15_30,0.7164458879086067,15,0
Hepatocyte_15weeks_Animal1_Capture2_TATCTCAGTTGCCTCT,5.148603622825286,15_30,0.6956415005677595,15,0
Hepatocyte_15weeks_Animal1_Capture2_TATTACCAGCCAGGAT,3.9182360898111805,15_30,0.5294032776209882,15,0
Hepatocyte_15weeks_Animal1_Capture2_TCAACGAGTTGGTGGA,5.572385501761608,15_30,0.7528997950050611,15,0
Hepatocyte_15weeks_Animal1_Capture2_TCAATCTAGCGATCCC,5.12645253571422,15_30,0.6926486083962131,15,0
Hepatocyte_15weeks_Animal1_Capture2_TCACAAGGTGAGTGAC,4.8733716696831255,15_30,0.6584541808760286,15,0
Hepatocyte_15weeks_Animal1_Capture2_TCACGAAAGCAGACTG,5.618839900235309,15_30,0.7591763720790765,15,0
Hepatocyte_15weeks_Animal1_Capture2_TCACGAAGTACTTAGC,5.034353288353743,15_30,0.6802048346415254,15,0
Hepatocyte_15weeks_Animal1_Capture2_TCACGAATCATCGGAT,5.566286604787928,15_30,0.7520757568476527,15,0
Hepatocyte_15weeks_Animal1_Capture2_TCACGAATCGCCTGTT,5.472747634998648,15_30,0.7394374583743921,15,0
Hepatocyte_15weeks_Animal1_Capture2_TCAGATGTCAAAGTAG,4.574828632275007,15_30,0.6181172387183651,15,0
Hepatocyte_15weeks_Animal1_Capture2_TCAGCAACACCATGTA,5.486907975905214,15_30,0.7413506996177311,15,0
Hepatocyte_15weeks_Animal1_Capture2_TCAGCAACAGCCTTGG,5.21547473319953,15_30,0.704676633775362,15,0
Hepatocyte_15weeks_Animal1_Capture2_TCAGCAACAGTAGAGC,5.245942582811529,15_30,0.7087932258022179,15,0
Hepatocyte_15weeks_Animal1_Capture2_TCAGCAATCTGAAAGA,5.066371429558786,15_30,0.6845308906802002,15,9
Hepatocyte_15weeks_Animal1_Capture2_TCAGCTCGTCTCTTAT,5.393069210730957,15_30,0.728671894994309,15,0
Hepatocyte_15weeks_Animal1_Capture2_TCAGCTCTCGTTACAG,4.157906886643335,15_30,0.5617858350995731,15,0
Hepatocyte_15weeks_Animal1_Capture2_TCAGGATAGTCCGTAT,4.898328857046014,15_30,0.6618262127003669,15,0
Hepatocyte_15weeks_Animal1_Capture2_TCAGGATGTTCGCGAC,4.358456600936992,15_30,0.5888826392837567,15,0
Hepatocyte_15weeks_Animal1_Capture2_TCAGGTAAGGTGCTTT,5.653774343777535,15_30,0.7638964574667875,15,0
Hepatocyte_15weeks_Animal1_Capture2_TCAGGTACAGGAATCG,3.7444039138382927,15_30,0.5059163509512709,15,0
Hepatocyte_15weeks_Animal1_Capture2_TCATTACAGAGTGAGA,4.158546687603752,15_30,0.561872280305453,15,0
Hepatocyte_15weeks_Animal1_Capture2_TCATTACAGCGTTCCG,5.185196501180676,15_30,0.7005856614847866,15,0
Hepatocyte_15weeks_Animal1_Capture2_TCATTACCATAGACTC,3.478631432005959,15_30,0.4700071255349222,15,0
Hepatocyte_15weeks_Animal1_Capture2_TCATTTGAGTGGTCCC,4.9187075803353935,15_30,0.6645796360918729,15,0
Hepatocyte_15weeks_Animal1_Capture2_TCATTTGCATGTCCTC,4.534327351178418,15_30,0.6126450031335471,15,0
Hepatocyte_15weeks_Animal1_Capture2_TCATTTGCATTCTCAT,5.408941832548243,15_30,0.7308164870561198,15,0
Hepatocyte_15weeks_Animal1_Capture2_TCCACACCACATGTGT,4.153598947449976,15_30,0.5612037780013072,15,0
Hepatocyte_15weeks_Animal1_Capture2_TCCACACGTGGGTCAA,3.9711678175286034,15_30,0.5365550238408275,15,0
Hepatocyte_15weeks_Animal1_Capture2_TCGAGGCCACGTCTCT,5.107465881190492,15_30,0.6900832711103725,15,0
Hepatocyte_15weeks_Animal1_Capture2_TCGCGAGTCAGCTGGC,5.248375406011943,15_30,0.7091219310018665,15,0
Hepatocyte_15weeks_Animal1_Capture2_TCGCGAGTCTTGAGAC,5.16592714049216,15_30,0.6979821270186812,15,0
Hepatocyte_15weeks_Animal1_Capture2_TCGCGTTCAGCATACT,4.238109243681605,15_30,0.5726221884268774,15,0
Hepatocyte_15weeks_Animal1_Capture2_TCGGGACTCCTTTACA,4.672384842873545,15_30,0.6312983172596631,15,0
Hepatocyte_15weeks_Animal1_Capture2_TCGGGACTCGGTTAAC,5.346721454331469,15_30,0.7224097266139828,15,0
Hepatocyte_15weeks_Animal1_Capture2_TCGGGACTCTTACCGC,4.2119710305492015,15_30,0.5690905850762182,15,0
Hepatocyte_15weeks_Animal1_Capture2_TCGTACCCACCTCGTT,3.7882869222527127,15_30,0.511845500689561,15,0
Hepatocyte_15weeks_Animal1_Capture2_TCGTACCTCCCAGGTG,5.591627627436582,15_30,0.7554996496762013,15,0
Hepatocyte_15weeks_Animal1_Capture2_TCGTACCTCCTGTAGA,5.359857809615986,15_30,0.7241846144421311,15,0
Hepatocyte_15weeks_Animal1_Capture2_TCTCATAGTAGAGTGC,4.974939678227634,15_30,0.672177304085659,15,0
Hepatocyte_15weeks_Animal1_Capture2_TCTCATATCTCGCATC,4.010395256747225,15_30,0.5418551472685654,15,0
Hepatocyte_15weeks_Animal1_Capture2_TCTGAGACACTTACGA,5.103916343985286,15_30,0.6896036837176271,15,0
Hepatocyte_15weeks_Animal1_Capture2_TCTGGAATCTACTCAT,5.313970176088635,15_30,0.7179846144842875,15,0
Hepatocyte_15weeks_Animal1_Capture2_TCTTTCCAGTATCGAA,4.98822552678137,15_30,0.6739723903461868,15,0
Hepatocyte_15weeks_Animal1_Capture2_TGAAAGAGTGCACTTA,4.167501174828284,15_30,0.5630821448407753,15,0
Hepatocyte_15weeks_Animal1_Capture2_TGAAAGAGTTACCAGT,5.476001868018866,15_30,0.7398771464349266,15,0
Hepatocyte_15weeks_Animal1_Capture2_TGAAAGATCCAAAGTC,5.224001081395017,15_30,0.7058286513101314,15,0
Hepatocyte_15weeks_Animal1_Capture2_TGACTAGAGTATTGGA,5.032825012067567,15_30,0.679998345176249,15,0
Hepatocyte_15weeks_Animal1_Capture2_TGACTAGCAAGTAATG,5.331149770029844,15_30,0.7203057950186418,15,0
Hepatocyte_15weeks_Animal1_Capture2_TGACTAGCACAGAGGT,5.210038386210906,15_30,0.7039421145049315,15,0
Hepatocyte_15weeks_Animal1_Capture2_TGACTAGCATCTATGG,5.610423104711897,15_30,0.7580391564965987,15,0
Hepatocyte_15weeks_Animal1_Capture2_TGACTAGTCACAAACC,2.374251543516573,15_30,0.3207914276280722,15,0
Hepatocyte_15weeks_Animal1_Capture2_TGACTTTAGGTAGCTG,4.788862680507821,15_30,0.6470359470503075,15,0
Hepatocyte_15weeks_Animal1_Capture2_TGAGAGGGTGCTGTAT,5.018747973682421,15_30,0.6780963591576751,15,0
Hepatocyte_15weeks_Animal1_Capture2_TGAGCCGTCGAGCCCA,3.205141036134262,15_30,0.4330551122683313,15,0
Hepatocyte_15weeks_Animal1_Capture2_TGAGGGAAGCACAGGT,4.637408481560503,15_30,0.6265725682506817,15,0
Hepatocyte_15weeks_Animal1_Capture2_TGAGGGAAGCGTGAGT,5.383137930685118,15_30,0.7273300533883601,15,0
Hepatocyte_15weeks_Animal1_Capture2_TGAGGGAAGGATTCGG,4.939962791878552,15_30,0.6674514841376646,15,0
Hepatocyte_15weeks_Animal1_Capture2_TGAGGGAGTAGCTCCG,5.572252363532498,15_30,0.7528818063455592,15,0
Hepatocyte_15weeks_Animal1_Capture2_TGAGGGAGTTCTGTTT,5.569039984665924,15_30,0.75244777331081,15,0
Hepatocyte_15weeks_Animal1_Capture2_TGATTTCAGAGTACCG,5.36312015168143,15_30,0.7246253981372888,15,0
Hepatocyte_15weeks_Animal1_Capture2_TGATTTCAGTACGATA,5.11093894968398,15_30,0.6905525266125195,15,0
Hepatocyte_15weeks_Animal1_Capture2_TGATTTCCACACCGCA,4.87836802200068,15_30,0.6591292512986459,15,0
Hepatocyte_15weeks_Animal1_Capture2_TGATTTCGTATGGTTC,4.252537384125167,15_30,0.574571612776436,15,0
Hepatocyte_15weeks_Animal1_Capture2_TGCCAAACACGGACAA,5.451393397197849,15_30,0.7365522306281014,15,0
Hepatocyte_15weeks_Animal1_Capture2_TGCCAAAGTAGCGTCC,4.630355535845631,15_30,0.6256196260356769,15,0
Hepatocyte_15weeks_Animal1_Capture2_TGCCCATTCACATGCA,4.6653595990564485,15_30,0.6303491179215913,15,0
Hepatocyte_15weeks_Animal1_Capture2_TGCCCATTCTGCGGCA,5.175404455203737,15_30,0.6992626321634329,15,0
Hepatocyte_15weeks_Animal1_Capture2_TGCCCTAAGAAGGGTA,4.376086747692126,15_30,0.5912646952046281,15,0
Hepatocyte_15weeks_Animal1_Capture2_TGCCCTAGTAATAGCA,4.380800145546596,15_30,0.5919015348987386,15,0
Hepatocyte_15weeks_Animal1_Capture2_TGCGCAGAGACGACGT,4.542614990242781,15_30,0.613764768044044,15,0
Hepatocyte_15weeks_Animal1_Capture2_TGCGTGGAGCCTTGAT,5.042995695719613,15_30,0.6813725332388418,15,0
Hepatocyte_15weeks_Animal1_Capture2_TGCGTGGAGTCATGCT,4.522138534894787,15_30,0.6109981398147047,15,0
Hepatocyte_15weeks_Animal1_Capture2_TGCGTGGCAGCCTGTG,4.155744915017268,15_30,0.5614937253750111,15,0
Hepatocyte_15weeks_Animal1_Capture2_TGCGTGGGTAAACCTC,4.74586622988212,15_30,0.641226582487895,15,0
Hepatocyte_15weeks_Animal1_Capture2_TGCTACCAGGTCGGAT,5.313993161167244,15_30,0.7179877200592639,15,0
Hepatocyte_15weeks_Animal1_Capture2_TGCTACCGTGAGCGAT,5.451386000624583,15_30,0.7365512312574559,15,0
Hepatocyte_15weeks_Animal1_Capture2_TGCTGCTTCCATGAAC,5.34645177409869,15_30,0.7223732894019644,15,0
Hepatocyte_15weeks_Animal1_Capture2_TGCTGCTTCCGTACAA,4.9223544468389795,15_30,0.6650723739044475,15,0
Hepatocyte_15weeks_Animal1_Capture2_TGGACGCTCACATAGC,5.3324668645316535,15_30,0.7204837511525275,15,0
Hepatocyte_15weeks_Animal1_Capture2_TGGCCAGAGGGTGTGT,5.247731598811906,15_30,0.7090349445023184,15,0
Hepatocyte_15weeks_Animal1_Capture2_TGGCCAGTCGGAAATA,5.463729614669369,15_30,0.7382190097126619,15,0
Hepatocyte_15weeks_Animal1_Capture2_TGGCGCAAGTGAACAT,3.5787064818300207,15_30,0.4835285311293194,15,0
Hepatocyte_15weeks_Animal1_Capture2_TGGCTGGAGTTAACGA,5.370180290114907,15_30,0.7255793121795946,15,0
Hepatocyte_15weeks_Animal1_Capture2_TGGCTGGCAGGGTATG,5.320876122684482,15_30,0.7189176952581654,15,0
Hepatocyte_15weeks_Animal1_Capture2_TGGGCGTCAATGGAGC,5.310586048036568,15_30,0.7175273759612409,15,0
Hepatocyte_15weeks_Animal1_Capture2_TGGGCGTTCCTCCTAG,4.92603711149342,15_30,0.6655699485001972,15,0
Hepatocyte_15weeks_Animal1_Capture2_TGGGCGTTCGTACCGG,4.980443017235374,15_30,0.6729208748255981,15,0
Hepatocyte_15weeks_Animal1_Capture2_TGGTTAGTCATTCACT,5.154850678809498,15_30,0.6964855568823148,15,0
Hepatocyte_15weeks_Animal1_Capture2_TGTATTCCACAACGCC,4.118826266385011,15_30,0.5565055487712384,15,0
Hepatocyte_15weeks_Animal1_Capture2_TGTATTCCAGCTATTG,4.729400262583828,15_30,0.6390018219433267,15,0
Hepatocyte_15weeks_Animal1_Capture2_TGTCCCAGTGAACCTT,5.268834509543773,15_30,0.7118862147812699,15,0
Hepatocyte_15weeks_Animal1_Capture2_TGTCCCAGTGATGATA,3.600759420793165,15_30,0.48650816224410165,15,0
Hepatocyte_15weeks_Animal1_Capture2_TGTCCCAGTTCCGTCT,4.769536725670274,15_30,0.6444247659985182,15,0
Hepatocyte_15weeks_Animal1_Capture2_TGTGGTATCAGGCGAA,5.16559344164362,15_30,0.6979370400815733,15,0
Hepatocyte_15weeks_Animal1_Capture2_TGTGTTTGTATATGGA,4.316314817553893,15_30,0.5831887510808942,15,0
Hepatocyte_15weeks_Animal1_Capture2_TGTGTTTTCTCCCTGA,4.571352836528278,15_30,0.6176476147297942,15,0
Hepatocyte_15weeks_Animal1_Capture2_TGTTCCGCATACGCTA,5.121802042688781,15_30,0.692020267940511,15,0
Hepatocyte_15weeks_Animal1_Capture2_TGTTCCGGTGCACCAC,4.848424133701593,15_30,0.6550834530754415,15,9
Hepatocyte_15weeks_Animal1_Capture2_TGTTCCGTCGTGACAT,5.298206696889513,15_30,0.7158547689712961,15,0
Hepatocyte_15weeks_Animal1_Capture2_TTAGGACCAAACCTAC,5.340641577852108,15_30,0.7215882583660449,15,0
Hepatocyte_15weeks_Animal1_Capture2_TTAGGACGTGTGCGTC,5.0500355838184285,15_30,0.6823237112046846,15,0
Hepatocyte_15weeks_Animal1_Capture2_TTATGCTTCGTACGGC,5.025059308836269,15_30,0.6789491004014454,15,0
Hepatocyte_15weeks_Animal1_Capture2_TTATGCTTCGTCTGCT,5.057812693318167,15_30,0.6833744971106909,15,0
Hepatocyte_15weeks_Animal1_Capture2_TTCCCAGAGTTCCACA,2.058545025971613,15_30,0.27813548211493083,15,0
Hepatocyte_15weeks_Animal1_Capture2_TTCCCAGTCTGGCGTG,4.387116736586981,15_30,0.592754986279289,15,0
Hepatocyte_15weeks_Animal1_Capture2_TTCGAAGAGAACTGTA,4.325733042613241,15_30,0.5844612724659012,15,0
Hepatocyte_15weeks_Animal1_Capture2_TTCGGTCCAAGAGTCG,3.6224042573541237,15_30,0.4894326535601659,15,0
Hepatocyte_15weeks_Animal1_Capture2_TTCGGTCGTGACTCAT,5.239179756396663,15_30,0.7078794823758526,15,0
Hepatocyte_15weeks_Animal1_Capture2_TTCTACACAATAAGCA,5.461609692966946,15_30,0.7379325814648897,15,0
Hepatocyte_15weeks_Animal1_Capture2_TTCTACACAATGGATA,4.374904667367336,15_30,0.5911049811945454,15,0
Hepatocyte_15weeks_Animal1_Capture2_TTCTCAAAGAGCTATA,5.841842037909883,15_30,0.7893067827780131,15,0
Hepatocyte_15weeks_Animal1_Capture2_TTCTCAATCAATAAGG,5.389701811677755,15_30,0.7282169167706999,15,0
Hepatocyte_15weeks_Animal1_Capture2_TTCTCCTGTGATGTGG,5.102510481975684,15_30,0.6894137339701625,15,0
Hepatocyte_15weeks_Animal1_Capture2_TTCTCCTTCGCCAAAT,5.636957076846755,15_30,0.7616242318964772,15,0
Hepatocyte_15weeks_Animal1_Capture2_TTCTCCTTCGCTTAGA,5.778706730269941,15_30,0.780776403793166,15,0
Hepatocyte_15weeks_Animal1_Capture2_TTCTTAGAGCTCTCGG,4.841866168682805,15_30,0.65419738901603,15,0
Hepatocyte_15weeks_Animal1_Capture2_TTCTTAGGTAATTGGA,4.4534291496806535,15_30,0.6017146324144556,15,0
Hepatocyte_15weeks_Animal1_Capture2_TTGAACGGTCAACTGT,4.032290254020913,15_30,0.5448134384624868,15,0
Hepatocyte_15weeks_Animal1_Capture2_TTGACTTTCTCGCATC,5.215274469596254,15_30,0.7046495756283969,15,0
Hepatocyte_15weeks_Animal1_Capture2_TTGCCGTAGGTCATCT,4.981480564515424,15_30,0.673061060592396,15,0
Hepatocyte_15weeks_Animal1_Capture2_TTGCCGTTCATAGCAC,5.358581134927165,15_30,0.7240121195364578,15,0
Hepatocyte_15weeks_Animal1_Capture2_TTGCCGTTCCAGAAGG,5.294966220480568,15_30,0.7154169396030224,15,0
Hepatocyte_15weeks_Animal1_Capture2_TTGCGTCCACATCTTT,4.223527940320963,15_30,0.5706520698290769,15,0
Hepatocyte_15weeks_Animal1_Capture2_TTGGAACCAGCTGTAT,3.854975701293619,15_30,0.5208559986267844,15,0
Hepatocyte_15weeks_Animal1_Capture2_TTGGAACTCTAGCACA,4.685436684906985,15_30,0.6330617862781487,15,0
Hepatocyte_15weeks_Animal1_Capture2_TTGTAGGAGATAGCAT,4.236840046488343,15_30,0.5724507038254752,15,0
Hepatocyte_15weeks_Animal1_Capture2_TTGTAGGAGGAGCGAG,5.126066044552128,15_30,0.6925963885495032,15,0
Hepatocyte_15weeks_Animal1_Capture2_TTGTAGGTCCAAACTG,4.310167850370386,15_30,0.5823582180298512,15,0
Hepatocyte_15weeks_Animal1_Capture2_TTTACTGAGGTGTTAA,4.464729346097703,15_30,0.6032414319446071,15,0
Hepatocyte_15weeks_Animal1_Capture2_TTTACTGTCTCTTGAT,3.4281738714534558,15_30,0.46318967060750815,15,0
Hepatocyte_15weeks_Animal1_Capture2_TTTCCTCCAGACTCGC,2.2149836199013153,15_30,0.29927231574988267,15,0
Hepatocyte_15weeks_Animal1_Capture2_TTTGCGCAGGCGCTCT,3.6456271345148394,15_30,0.49257035812999567,15,0
Hepatocyte_15weeks_Animal1_Capture2_TTTGCGCCAATCTACG,5.4422804595582255,15_30,0.7353209574366473,15,0
Hepatocyte_15weeks_Animal1_Capture2_TTTGTCAGTCTCCACT,5.283066252494123,15_30,0.7138091033442553,15,0
Hepatocyte_15weeks_Animal1_Capture2_TTTGTCATCGATCCCT,4.434166567188833,15_30,0.599112013768496,15,0
Hepatocyte_15weeks_Animal3_Capture1_AAACCTGTCCGTTGTC,5.612124855977724,15_30,0.7582690846268018,15,1
Hepatocyte_15weeks_Animal3_Capture1_AAAGTAGAGCCGTCGT,5.387694949843134,15_30,0.7279457643417425,15,1
Hepatocyte_15weeks_Animal3_Capture1_AAAGTAGGTCAATACC,5.527398809555139,15_30,0.7468215236203016,15,1
Hepatocyte_15weeks_Animal3_Capture1_AAATGCCAGCTGTTCA,5.065212459349105,15_30,0.6843742991391072,15,1
Hepatocyte_15weeks_Animal3_Capture1_AAATGCCTCCTTGACC,5.317146644713541,15_30,0.7184137955909745,15,1
Hepatocyte_15weeks_Animal3_Capture1_AACACGTTCTTGCAAG,4.8333289000700566,15_30,0.6530438959947003,15,1
Hepatocyte_15weeks_Animal3_Capture1_AACCGCGGTGCTGTAT,5.007359955335085,15_30,0.6765576937734311,15,1
Hepatocyte_15weeks_Animal3_Capture1_AACCGCGTCACATGCA,4.565151430126479,15_30,0.6168097262514789,15,1
Hepatocyte_15weeks_Animal3_Capture1_AACCGCGTCGAACGGA,5.8225557669006465,15_30,0.7867009635135929,15,1
Hepatocyte_15weeks_Animal3_Capture1_AACGTTGTCATCGGAT,5.631104556831842,15_30,0.7608334823838854,15,1
Hepatocyte_15weeks_Animal3_Capture1_AACTGGTAGCCGATTT,4.97095324156551,15_30,0.6716386860476994,15,1
Hepatocyte_15weeks_Animal3_Capture1_AACTGGTCAGACGCAA,4.940120656439008,15_30,0.6674728136374218,15,1
Hepatocyte_15weeks_Animal3_Capture1_AACTTTCCACCGGAAA,5.357678977932701,15_30,0.7238902267104895,15,1
Hepatocyte_15weeks_Animal3_Capture1_AACTTTCCAGACGTAG,5.522199912264767,15_30,0.7461190868088254,15,1
Hepatocyte_15weeks_Animal3_Capture1_AAGACCTAGTACGCCC,4.387833076275702,15_30,0.5928517728358941,15,5
Hepatocyte_15weeks_Animal3_Capture1_AAGACCTGTCGGCACT,5.34239571483982,15_30,0.7218252644701706,15,1
Hepatocyte_15weeks_Animal3_Capture1_AAGGAGCAGCACACAG,5.638878306015588,15_30,0.7618838142686792,15,1
Hepatocyte_15weeks_Animal3_Capture1_AAGTCTGCATGTAAGA,5.048637748849287,15_30,0.6821348460119615,15,1
Hepatocyte_15weeks_Animal3_Capture1_AATCCAGGTATGAAAC,5.548295688163008,15_30,0.7496449563521426,15,1
Hepatocyte_15weeks_Animal3_Capture1_AATCCAGTCACTTACT,5.003653493404195,15_30,0.6760569038644991,15,1
Hepatocyte_15weeks_Animal3_Capture1_AATCGGTCAGCATACT,5.31348706287398,15_30,0.717919339775608,15,1
Hepatocyte_15weeks_Animal3_Capture1_ACACCCTCAATGGAGC,4.131498890866485,15_30,0.5582177806997835,15,1
Hepatocyte_15weeks_Animal3_Capture1_ACACCGGCAAGGACAC,5.563817257394933,15_30,0.7517421167674044,15,1
Hepatocyte_15weeks_Animal3_Capture1_ACACCGGGTGGTGTAG,5.42601699441686,15_30,0.7331235574959691,15,1
Hepatocyte_15weeks_Animal3_Capture1_ACAGCCGAGTCCATAC,5.006335107376163,15_30,0.6764192238456166,15,1
Hepatocyte_15weeks_Animal3_Capture1_ACAGCCGTCCAACCAA,4.897317788136466,15_30,0.6616896044964847,15,1
Hepatocyte_15weeks_Animal3_Capture1_ACAGCTACAAGAAGAG,4.507595627344392,15_30,0.6090332089767344,15,1
Hepatocyte_15weeks_Animal3_Capture1_ACAGCTACAAGGACAC,5.084707026872956,15_30,0.687008261898464,15,1
Hepatocyte_15weeks_Animal3_Capture1_ACAGCTACACCTCGTT,5.349175702659865,15_30,0.7227413266195383,15,1
Hepatocyte_15weeks_Animal3_Capture1_ACATCAGTCTTAGAGC,5.6481409665649664,15_30,0.7631353169198551,15,1
Hepatocyte_15weeks_Animal3_Capture1_ACATGGTCACCAACCG,5.040064357947892,15_30,0.6809764724123392,15,1
Hepatocyte_15weeks_Animal3_Capture1_ACCAGTAAGGTGCAAC,5.174155062472893,15_30,0.6990938233955118,15,1
Hepatocyte_15weeks_Animal3_Capture1_ACCAGTACATGCCTAA,5.73217846147653,15_30,0.7744898459041928,15,1
Hepatocyte_15weeks_Animal3_Capture1_ACCGTAACAGGAATCG,4.542120307137768,15_30,0.6136979300967701,15,1
Hepatocyte_15weeks_Animal3_Capture1_ACCGTAACATCTCCCA,4.31391549969231,15_30,0.5828645728765027,15,1
Hepatocyte_15weeks_Animal3_Capture1_ACCTTTAAGAGGGATA,5.535387541307737,15_30,0.7479009023705657,15,1
Hepatocyte_15weeks_Animal3_Capture1_ACCTTTACAAGTTCTG,5.117111203606734,15_30,0.6913864762220164,15,1
Hepatocyte_15weeks_Animal3_Capture1_ACCTTTAGTACCGTTA,5.287476495423967,15_30,0.7144049829718855,15,1
Hepatocyte_15weeks_Animal3_Capture1_ACGAGCCCATCAGTAC,3.8248580612081393,15_30,0.5167867243385598,15,1
Hepatocyte_15weeks_Animal3_Capture1_ACGAGCCCATGCTAGT,5.151477196054334,15_30,0.6960297566735868,15,1
Hepatocyte_15weeks_Animal3_Capture1_ACGATACAGGATCGCA,4.576232707515186,15_30,0.6183069470506706,15,1
Hepatocyte_15weeks_Animal3_Capture1_ACGATACAGTGCGTGA,4.412959726510646,15_30,0.5962467012386532,15,5
Hepatocyte_15weeks_Animal3_Capture1_ACGATACCAAGAGTCG,4.072812071185657,15_30,0.5502884487299787,15,5
Hepatocyte_15weeks_Animal3_Capture1_ACGATACCACTGTCGG,3.730436251033683,15_30,0.5040291429576806,15,1
Hepatocyte_15weeks_Animal3_Capture1_ACGATACGTGTGTGCC,5.487395932920038,15_30,0.7414166287851078,15,1
Hepatocyte_15weeks_Animal3_Capture1_ACGATGTAGACTAGGC,4.99151397530992,15_30,0.6744167013548648,15,1
Hepatocyte_15weeks_Animal3_Capture1_ACGATGTCACATCTTT,5.450121653315046,15_30,0.7363804019367162,15,1
Hepatocyte_15weeks_Animal3_Capture1_ACGCAGCAGTGTTAGA,5.35580709256542,15_30,0.7236373113102802,15,1
Hepatocyte_15weeks_Animal3_Capture1_ACGCCAGAGTCGTTTG,4.805588110012018,15_30,0.6492957642221635,15,1
Hepatocyte_15weeks_Animal3_Capture1_ACGCCAGGTAGAGTGC,5.463415261955069,15_30,0.7381765366830983,15,1
Hepatocyte_15weeks_Animal3_Capture1_ACGCCGAAGCGGATCA,1.9400905777602555,15_30,0.26213078722302596,15,7
Hepatocyte_15weeks_Animal3_Capture1_ACGGAGACATACTACG,1.6905421298534746,15_30,0.2284136340911312,15,7
Hepatocyte_15weeks_Animal3_Capture1_ACGGCCAGTATTCGTG,4.964732319936446,15_30,0.6707981608152321,15,1
Hepatocyte_15weeks_Animal3_Capture1_ACGGGTCAGCTACCGC,4.977910411935206,15_30,0.6725786878016167,15,1
Hepatocyte_15weeks_Animal3_Capture1_ACGTCAATCGTGTAGT,5.977690147552054,15_30,0.8076615814309566,15,1
Hepatocyte_15weeks_Animal3_Capture1_ACGTCAATCTCAAACG,3.6689945549520213,15_30,0.4957275923255461,15,5
Hepatocyte_15weeks_Animal3_Capture1_ACTATCTAGGCGTACA,5.09568101184901,15_30,0.6884909861350135,15,1
Hepatocyte_15weeks_Animal3_Capture1_ACTGAACGTCGAATCT,5.555441431320942,15_30,0.7506104366759764,15,1
Hepatocyte_15weeks_Animal3_Capture1_ACTGAGTCAATGTAAG,4.9447417793963275,15_30,0.6680971858252683,15,1
Hepatocyte_15weeks_Animal3_Capture1_ACTGAGTTCAGGCCCA,5.7052982919285125,15_30,0.7708579948529678,15,1
Hepatocyte_15weeks_Animal3_Capture1_ACTGCTCTCGGAAACG,5.4860549916919785,15_30,0.7412354506567459,15,1
Hepatocyte_15weeks_Animal3_Capture1_ACTGTCCAGCTGGAAC,4.487279097229236,15_30,0.606288188670067,15,1
Hepatocyte_15weeks_Animal3_Capture1_ACTTGTTAGTAGGTGC,5.452032492898199,15_30,0.7366385805444217,15,1
Hepatocyte_15weeks_Animal3_Capture1_ACTTTCAAGATGTCGG,5.680268328711097,15_30,0.7674761300897674,15,1
Hepatocyte_15weeks_Animal3_Capture1_AGAATAGCACCAGATT,5.8771712956783535,15_30,0.7940802125637222,15,1
Hepatocyte_15weeks_Animal3_Capture1_AGAATAGCACCTCGTT,5.159833051317752,15_30,0.697158738455793,15,1
Hepatocyte_15weeks_Animal3_Capture1_AGAATAGTCCCTCTTT,5.187015305580545,15_30,0.7008314049746048,15,1
Hepatocyte_15weeks_Animal3_Capture1_AGACGTTCATGCTAGT,5.127815635149298,15_30,0.6928327803787361,15,1
Hepatocyte_15weeks_Animal3_Capture1_AGAGCGAAGTAGCGGT,4.800616932561796,15_30,0.648624095242689,15,5
Hepatocyte_15weeks_Animal3_Capture1_AGAGCGATCAGCCTAA,4.482983910603157,15_30,0.6057078546050133,15,1
Hepatocyte_15weeks_Animal3_Capture1_AGATCTGAGAGCTTCT,5.1707996301565515,15_30,0.6986404620294814,15,1
Hepatocyte_15weeks_Animal3_Capture1_AGATCTGTCACCGTAA,5.453774030413469,15_30,0.7368738843003851,15,1
Hepatocyte_15weeks_Animal3_Capture1_AGATTGCCACAAGCCC,5.547136805314419,15_30,0.7494883766146385,15,1
Hepatocyte_15weeks_Animal3_Capture1_AGCAGCCAGCACAGGT,5.267976253282603,15_30,0.7117702534998953,15,1
Hepatocyte_15weeks_Animal3_Capture1_AGCAGCCAGCGTGAGT,5.22676265048161,15_30,0.7062017742389974,15,1
Hepatocyte_15weeks_Animal3_Capture1_AGCAGCCCAGCGTTCG,5.6217441867802656,15_30,0.7595687779425334,15,1
Hepatocyte_15weeks_Animal3_Capture1_AGCATACCATATACGC,5.221679437054659,15_30,0.7055149677813487,15,1
Hepatocyte_15weeks_Animal3_Capture1_AGCCTAACACAGGAGT,5.271928470525655,15_30,0.7123042480613213,15,1
Hepatocyte_15weeks_Animal3_Capture1_AGCCTAACACCATCCT,5.149839560771936,15_30,0.6958084914240772,15,1
Hepatocyte_15weeks_Animal3_Capture1_AGCCTAATCTGTCTCG,4.594949501315668,15_30,0.6208358227379467,15,1
Hepatocyte_15weeks_Animal3_Capture1_AGCGGTCCAAGCTGGA,3.601478622025268,15_30,0.4866053354314281,15,1
Hepatocyte_15weeks_Animal3_Capture1_AGCGGTCGTTGTCGCG,4.744607038491525,15_30,0.6410564497970481,15,1
Hepatocyte_15weeks_Animal3_Capture1_AGCGTATCAACGATCT,5.143861659488177,15_30,0.695000801315473,15,1
Hepatocyte_15weeks_Animal3_Capture1_AGCGTATGTTACGACT,5.33224075300007,15_30,0.7204532006233648,15,1
Hepatocyte_15weeks_Animal3_Capture1_AGCTCTCAGAACAATC,4.393253539963018,15_30,0.5935841460713284,15,1
Hepatocyte_15weeks_Animal3_Capture1_AGCTTGAAGGTAGCTG,5.390379650547469,15_30,0.7283085013794627,15,1
Hepatocyte_15weeks_Animal3_Capture1_AGGCCACCACGCCAGT,4.7515501911905496,15_30,0.6419945575862762,15,1
Hepatocyte_15weeks_Animal3_Capture1_AGGCCGTGTGTAAGTA,5.643055090317884,15_30,0.762448150681511,15,1
Hepatocyte_15weeks_Animal3_Capture1_AGGGATGAGCTCTCGG,5.123543863942622,15_30,0.6922556100331457,15,1
Hepatocyte_15weeks_Animal3_Capture1_AGGGATGCATCTATGG,4.766546818517635,15_30,0.6440207917075086,15,1
Hepatocyte_15weeks_Animal3_Capture1_AGGGTGATCTGCTGTC,5.171679444746313,15_30,0.6987593361138505,15,1
Hepatocyte_15weeks_Animal3_Capture1_AGGTCCGAGCCAGTTT,5.256445939120625,15_30,0.7102123621504629,15,1
Hepatocyte_15weeks_Animal3_Capture1_AGTAGTCCAACTGCGC,5.028287137566365,15_30,0.6793852209082611,15,1
Hepatocyte_15weeks_Animal3_Capture1_AGTAGTCGTTACGCGC,3.188824739055533,15_30,0.43085057406437305,15,5
Hepatocyte_15weeks_Animal3_Capture1_AGTAGTCTCTATCCTA,5.620893857904375,15_30,0.7594538877512245,15,1
Hepatocyte_15weeks_Animal3_Capture1_AGTGAGGGTTAAGGGC,4.619544283423565,15_30,0.6241588890264108,15,1
Hepatocyte_15weeks_Animal3_Capture1_AGTGAGGTCTGAAAGA,3.4456917345972964,15_30,0.46555655559164194,15,5
Hepatocyte_15weeks_Animal3_Capture1_AGTGTCACAGCATACT,5.603001952134613,15_30,0.7570364648751429,15,1
Hepatocyte_15weeks_Animal3_Capture1_AGTGTCACATCTACGA,5.292135082242011,15_30,0.7150344170013886,15,1
Hepatocyte_15weeks_Animal3_Capture1_ATAACGCGTAGCTTGT,4.813617305980751,15_30,0.6503806102000671,15,1
Hepatocyte_15weeks_Animal3_Capture1_ATAGACCAGAGGTACC,5.5810755066618825,15_30,0.7540739246315812,15,1
Hepatocyte_15weeks_Animal3_Capture1_ATAGACCAGTTCCACA,5.302070451308292,15_30,0.7163768110857422,15,1
Hepatocyte_15weeks_Animal3_Capture1_ATAGACCCAAGCCGCT,5.067318450415912,15_30,0.6846588451817275,15,1
Hepatocyte_15weeks_Animal3_Capture1_ATCATCTCAAATCCGT,4.5149028192492935,15_30,0.6100205030692777,15,1
Hepatocyte_15weeks_Animal3_Capture1_ATCGAGTCAAGACACG,5.219059935622157,15_30,0.7051610399902936,15,1
Hepatocyte_15weeks_Animal3_Capture1_ATCGAGTCAATCACAC,4.954477193932596,15_30,0.6694125635223657,15,1
Hepatocyte_15weeks_Animal3_Capture1_ATCGAGTCAGGAATCG,5.292451876397953,15_30,0.7150772199006123,15,1
Hepatocyte_15weeks_Animal3_Capture1_ATCGAGTTCCACGACG,5.726393817824264,15_30,0.7737082673471114,15,1
Hepatocyte_15weeks_Animal3_Capture1_ATCTGCCTCCAGAAGG,5.671442081435352,15_30,0.7662835923942918,15,1
Hepatocyte_15weeks_Animal3_Capture1_ATGCGATCAAGAAGAG,5.704863279670756,15_30,0.7707992191922413,15,1
Hepatocyte_15weeks_Animal3_Capture1_ATGCGATGTTGCCTCT,5.337261476994231,15_30,0.7211315639678939,15,1
Hepatocyte_15weeks_Animal3_Capture1_ATGTGTGTCAACGAAA,4.932558971787941,15_30,0.666451134354486,15,1
Hepatocyte_15weeks_Animal3_Capture1_ATTACTCCATTCGACA,4.932018944460714,15_30,0.6663781698289991,15,1
Hepatocyte_15weeks_Animal3_Capture1_ATTCTACAGAAACCGC,5.834339453774321,15_30,0.788293088722588,15,1
Hepatocyte_15weeks_Animal3_Capture1_ATTCTACCATGCCACG,5.549939717195214,15_30,0.7498670854781585,15,1
Hepatocyte_15weeks_Animal3_Capture1_ATTGGACGTAAGGGCT,5.05497383198699,15_30,0.682990931021515,15,1
Hepatocyte_15weeks_Animal3_Capture1_ATTGGACTCCAAACAC,5.673624202477117,15_30,0.766578424559888,15,1
Hepatocyte_15weeks_Animal3_Capture1_ATTGGTGGTCTGCCAG,5.285581642667216,15_30,0.7141489643867264,15,1
Hepatocyte_15weeks_Animal3_Capture1_ATTTCTGGTAACGCGA,5.60250565183652,15_30,0.7569694084246197,15,1
Hepatocyte_15weeks_Animal3_Capture1_CAACCTCCAGGAATGC,5.618067696358523,15_30,0.7590720375637507,15,1
Hepatocyte_15weeks_Animal3_Capture1_CAACCTCGTACTTCTT,4.2063315095972555,15_30,0.5683286144323523,15,1
Hepatocyte_15weeks_Animal3_Capture1_CAACCTCGTTGTGGAG,5.392484839406567,15_30,0.7285929390336704,15,1
Hepatocyte_15weeks_Animal3_Capture1_CAAGAAAAGACAAGCC,5.591015921795378,15_30,0.7554170005034692,15,1
Hepatocyte_15weeks_Animal3_Capture1_CAAGAAATCAGTGTTG,5.648913442249572,15_30,0.7632396881598568,15,1
Hepatocyte_15weeks_Animal3_Capture1_CAAGATCCATAAGACA,3.3338214039852376,15_30,0.45044145830371374,15,1
Hepatocyte_15weeks_Animal3_Capture1_CAAGGCCAGAGCCTAG,4.94649569436753,15_30,0.6683341619321542,15,1
Hepatocyte_15weeks_Animal3_Capture1_CACACAATCTGAAAGA,5.242878971578052,15_30,0.7083792931572258,15,1
Hepatocyte_15weeks_Animal3_Capture1_CACAGGCCAAAGGCGT,4.79842861363413,15_30,0.6483284256642788,15,1
Hepatocyte_15weeks_Animal3_Capture1_CACAGGCGTTTCGCTC,5.507177497079966,15_30,0.7440893684216926,15,1
Hepatocyte_15weeks_Animal3_Capture1_CACAGTAAGTGGTAGC,4.21000554872563,15_30,0.5688250236103819,15,5
Hepatocyte_15weeks_Animal3_Capture1_CACAGTACAACCGCCA,5.005208472775697,15_30,0.6762670012545076,15,1
Hepatocyte_15weeks_Animal3_Capture1_CACAGTAGTCTACCTC,5.495827286434555,15_30,0.7425558113364026,15,1
Hepatocyte_15weeks_Animal3_Capture1_CACAGTATCGCCGTGA,5.463621063647887,15_30,0.7382043430960404,15,1
Hepatocyte_15weeks_Animal3_Capture1_CACCACTAGTGTCCCG,4.972178196380442,15_30,0.67180419294394,15,1
Hepatocyte_15weeks_Animal3_Capture1_CACCACTTCGAATCCA,4.885109280088869,15_30,0.6600400805711485,15,1
Hepatocyte_15weeks_Animal3_Capture1_CACCAGGCACGGTAAG,5.1226397913018,15_30,0.6921334583791136,15,1
Hepatocyte_15weeks_Animal3_Capture1_CACCTTGGTGTCGCTG,2.534663765049145,15_30,0.34246514863499095,15,5
Hepatocyte_15weeks_Animal3_Capture1_CACCTTGGTTGATTCG,5.440719939639939,15_30,0.7351101114486573,15,1
Hepatocyte_15weeks_Animal3_Capture1_CACTCCAAGCATCATC,4.497284740927586,15_30,0.6076400777464777,15,1
Hepatocyte_15weeks_Animal3_Capture1_CAGAATCGTTATTCTC,4.657543471930119,15_30,0.6292930602404984,15,1
Hepatocyte_15weeks_Animal3_Capture1_CAGAATCTCATCGCTC,5.424075122288656,15_30,0.7328611859987373,15,1
Hepatocyte_15weeks_Animal3_Capture1_CAGAATCTCGCCATAA,5.58874397892343,15_30,0.7551100322719977,15,1
Hepatocyte_15weeks_Animal3_Capture1_CAGAATCTCTCGCATC,5.656259649881131,15_30,0.7642322537707816,15,1
Hepatocyte_15weeks_Animal3_Capture1_CAGCAGCAGGTCATCT,5.30231544012779,15_30,0.7164099121753781,15,1
Hepatocyte_15weeks_Animal3_Capture1_CAGCATATCGGTCCGA,5.148564337157753,15_30,0.6956361925769496,15,1
Hepatocyte_15weeks_Animal3_Capture1_CAGCCGAGTCAATACC,4.970748579304207,15_30,0.6716110335863734,15,1
Hepatocyte_15weeks_Animal3_Capture1_CAGCTAACATGCATGT,5.206753794497562,15_30,0.7034983246007926,15,1
Hepatocyte_15weeks_Animal3_Capture1_CAGCTAATCTGATTCT,5.156835625455402,15_30,0.6967537482919588,15,1
Hepatocyte_15weeks_Animal3_Capture1_CAGCTGGGTATAGGTA,5.105521199412387,15_30,0.6898205199938852,15,1
Hepatocyte_15weeks_Animal3_Capture1_CAGGTGCAGATCGGGT,5.552804102021937,15_30,0.7502541001145604,15,1
Hepatocyte_15weeks_Animal3_Capture1_CAGGTGCGTGCACTTA,4.6168788425815395,15_30,0.6237987542398055,15,5
Hepatocyte_15weeks_Animal3_Capture1_CAGTAACCACACAGAG,4.79487501568542,15_30,0.6478482896137009,15,1
Hepatocyte_15weeks_Animal3_Capture1_CAGTCCTGTTCGCTAA,4.882320091438316,15_30,0.6596632258896896,15,1
Hepatocyte_15weeks_Animal3_Capture1_CAGTCCTTCTCTAGGA,3.8424390413220393,15_30,0.5191621372240393,15,1
Hepatocyte_15weeks_Animal3_Capture1_CATATGGTCAAGATCC,5.391033485387544,15_30,0.728396842740071,15,1
Hepatocyte_15weeks_Animal3_Capture1_CATCAAGAGACTCGGA,5.310370088269923,15_30,0.7174981970639831,15,1
Hepatocyte_15weeks_Animal3_Capture1_CATCAAGTCGTGACAT,5.709462382815936,15_30,0.7714206162248259,15,1
Hepatocyte_15weeks_Animal3_Capture1_CATCAGACAAACTGCT,3.9463069263964874,15_30,0.533196002855812,15,5
Hepatocyte_15weeks_Animal3_Capture1_CATCAGACACTAGTAC,4.2241968181952085,15_30,0.5707424436939582,15,1
Hepatocyte_15weeks_Animal3_Capture1_CATCCACCAAGCCGTC,5.3495093423124676,15_30,0.722786405558526,15,1
Hepatocyte_15weeks_Animal3_Capture1_CATCGAACACAACTGT,5.638692567852555,15_30,0.7618587186924978,15,1
Hepatocyte_15weeks_Animal3_Capture1_CATGACAAGGTGCTAG,5.390011799542156,15_30,0.7282588000538088,15,1
Hepatocyte_15weeks_Animal3_Capture1_CATGACATCACAATGC,4.536089587258376,15_30,0.6128831035275222,15,1
Hepatocyte_15weeks_Animal3_Capture1_CATTCGCCAGTATCTG,5.163056427483287,15_30,0.6975942573647933,15,1
Hepatocyte_15weeks_Animal3_Capture1_CCAATCCGTCGGGTCT,5.229535404059665,15_30,0.7065764083341901,15,1
Hepatocyte_15weeks_Animal3_Capture1_CCACCTAAGGCCCTCA,4.55427738481727,15_30,0.6153405051285701,15,1
Hepatocyte_15weeks_Animal3_Capture1_CCACCTAAGGTGATAT,3.4589061098855667,15_30,0.4673419849095729,15,1
Hepatocyte_15weeks_Animal3_Capture1_CCACCTAGTTGCGCAC,5.513696067367905,15_30,0.7449701097544601,15,1
Hepatocyte_15weeks_Animal3_Capture1_CCACCTAGTTTCCACC,5.7180775915443105,15_30,0.7725846399420416,15,1
Hepatocyte_15weeks_Animal3_Capture1_CCACTACAGAATTGTG,5.189280027973509,15_30,0.7011373976279967,15,1
Hepatocyte_15weeks_Animal3_Capture1_CCACTACCATTAGCCA,5.325616060968056,15_30,0.719558120900094,15,1
Hepatocyte_15weeks_Animal3_Capture1_CCACTACGTAGGACAC,5.622770799550097,15_30,0.759707486318634,15,1
Hepatocyte_15weeks_Animal3_Capture1_CCAGCGAGTGCTCTTC,4.827795713176935,15_30,0.6522962924277469,15,1
Hepatocyte_15weeks_Animal3_Capture1_CCATGTCCAGCTGTAT,5.0335244477530505,15_30,0.6800928477881112,15,1
Hepatocyte_15weeks_Animal3_Capture1_CCATTCGAGGCGATAC,5.36004406533411,15_30,0.7242097799465547,15,1
Hepatocyte_15weeks_Animal3_Capture1_CCATTCGCACCATGTA,5.46841113205185,15_30,0.738851541951587,15,1
Hepatocyte_15weeks_Animal3_Capture1_CCATTCGGTAGTAGTA,5.472372478389172,15_30,0.7393867699691695,15,1
Hepatocyte_15weeks_Animal3_Capture1_CCCAATCGTGCTTCTC,5.127492333182495,15_30,0.6927890981919144,15,1
Hepatocyte_15weeks_Animal3_Capture1_CCCTCCTTCATCTGCC,4.404136139181134,15_30,0.5950545229355729,15,1
Hepatocyte_15weeks_Animal3_Capture1_CCGGGATGTATTACCG,4.8140657689175015,15_30,0.6504412032177326,15,1
Hepatocyte_15weeks_Animal3_Capture1_CCGTACTCACCGCTAG,5.23134392596642,15_30,0.7068207625290727,15,1
Hepatocyte_15weeks_Animal3_Capture1_CCGTGGAAGGGATACC,5.385377141079396,15_30,0.7276325990478971,15,1
Hepatocyte_15weeks_Animal3_Capture1_CCGTGGATCAGGTTCA,4.815215512207445,15_30,0.6505965480852104,15,1
Hepatocyte_15weeks_Animal3_Capture1_CCTAGCTGTGAGGGAG,5.3018573177365,15_30,0.7163480140431723,15,1
Hepatocyte_15weeks_Animal3_Capture1_CCTAGCTTCCGCGGTA,5.517643590858503,15_30,0.7455034701305341,15,1
Hepatocyte_15weeks_Animal3_Capture1_CCTATTAAGACCTAGG,5.305914990615638,15_30,0.7168962569954832,15,1
Hepatocyte_15weeks_Animal3_Capture1_CCTCTGACAGACGTAG,4.774734163355018,15_30,0.645127005598804,15,1
Hepatocyte_15weeks_Animal3_Capture1_CCTTACGCATGCTAGT,5.263188221541527,15_30,0.7111233298232771,15,1
Hepatocyte_15weeks_Animal3_Capture1_CCTTCGAAGGGTATCG,5.362488021450791,15_30,0.7245399893440683,15,1
Hepatocyte_15weeks_Animal3_Capture1_CCTTTCTAGGGCATGT,4.898257670770028,15_30,0.6618165945336805,15,1
Hepatocyte_15weeks_Animal3_Capture1_CCTTTCTTCCCTCTTT,5.0924378134263355,15_30,0.6880527889882403,15,1
Hepatocyte_15weeks_Animal3_Capture1_CGAACATCATAGACTC,5.497477717502143,15_30,0.7427788054584108,15,1
Hepatocyte_15weeks_Animal3_Capture1_CGAACATTCTACCAGA,5.221771370617481,15_30,0.7055273891690257,15,1
Hepatocyte_15weeks_Animal3_Capture1_CGACTTCCAAGCCTAT,4.811593237608911,15_30,0.6501071329501975,15,1
Hepatocyte_15weeks_Animal3_Capture1_CGACTTCGTGCCTGGT,5.439658125713898,15_30,0.7349666469509127,15,1
Hepatocyte_15weeks_Animal3_Capture1_CGACTTCTCGAACGGA,5.477027264433653,15_30,0.7400156904660689,15,1
Hepatocyte_15weeks_Animal3_Capture1_CGAGAAGAGGCCCGTT,5.472384842033148,15_30,0.7393884404539219,15,1
Hepatocyte_15weeks_Animal3_Capture1_CGAGCACCAACGATGG,4.524416196552448,15_30,0.6113058807264922,15,1
Hepatocyte_15weeks_Animal3_Capture1_CGATCGGGTTCCATGA,5.590513676731071,15_30,0.7553491408398045,15,1
Hepatocyte_15weeks_Animal3_Capture1_CGATCGGTCACTTATC,5.377192111506769,15_30,0.726526697978168,15,1
Hepatocyte_15weeks_Animal3_Capture1_CGATGTAAGAGCCCAA,4.949435219908652,15_30,0.6687313290299121,15,1
Hepatocyte_15weeks_Animal3_Capture1_CGATGTAAGCGATCCC,4.492209260488606,15_30,0.606954316113358,15,1
Hepatocyte_15weeks_Animal3_Capture1_CGCGGTAGTTTAGCTG,5.264366820594886,15_30,0.7112825734695372,15,1
Hepatocyte_15weeks_Animal3_Capture1_CGCTATCAGGAGCGAG,5.437089571685453,15_30,0.734619602798841,15,1
Hepatocyte_15weeks_Animal3_Capture1_CGCTATCCAGACGCTC,5.233996939333057,15_30,0.707179218206494,15,1
Hepatocyte_15weeks_Animal3_Capture1_CGCTGGACACAAGACG,5.158141276281241,15_30,0.6969301582404112,15,1
Hepatocyte_15weeks_Animal3_Capture1_CGGACACCAGACGCTC,5.382833641949934,15_30,0.727288940129726,15,1
Hepatocyte_15weeks_Animal3_Capture1_CGGACACGTCAATGTC,5.247599694108191,15_30,0.7090171225077065,15,1
Hepatocyte_15weeks_Animal3_Capture1_CGGACACGTCAGAAGC,5.255293135700916,15_30,0.7100566038207304,15,1
Hepatocyte_15weeks_Animal3_Capture1_CGGACTGTCATAAAGG,5.510436940452893,15_30,0.7445297604668107,15,1
Hepatocyte_15weeks_Animal3_Capture1_CGGAGTCGTATCGCAT,4.6057632738820455,15_30,0.6222969002505997,15,1
Hepatocyte_15weeks_Animal3_Capture1_CGGCTAGAGCCACTAT,4.8555669366963405,15_30,0.6560485361460234,15,1
Hepatocyte_15weeks_Animal3_Capture1_CGGTTAAGTCATATCG,5.3532664412961815,15_30,0.7232940371740626,15,1
Hepatocyte_15weeks_Animal3_Capture1_CGGTTAAGTGGTCTCG,5.659545914956757,15_30,0.7646762697673399,15,1
Hepatocyte_15weeks_Animal3_Capture1_CGTAGCGCAAATTGCC,5.549864970244367,15_30,0.7498569862192411,15,1
Hepatocyte_15weeks_Animal3_Capture1_CGTCACTGTTACCGAT,4.5143569397675645,15_30,0.6099467478436635,15,1
Hepatocyte_15weeks_Animal3_Capture1_CGTCCATAGTCAAGCG,4.322498419376912,15_30,0.5840242339353148,15,7
Hepatocyte_15weeks_Animal3_Capture1_CGTCTACCATCACAAC,4.98595493303313,15_30,0.6736656043984003,15,1
Hepatocyte_15weeks_Animal3_Capture1_CGTCTACTCGAACTGT,5.857228128921003,15_30,0.7913856383712845,15,1
Hepatocyte_15weeks_Animal3_Capture1_CGTCTACTCGTACCGG,4.692815098674249,15_30,0.6340587033455483,15,1
Hepatocyte_15weeks_Animal3_Capture1_CGTGAGCCAATCAGAA,2.0280726716109525,15_30,0.2740182814395271,15,7
Hepatocyte_15weeks_Animal3_Capture1_CGTGAGCGTCAGAAGC,4.9474458618950505,15_30,0.6684625415886701,15,1
Hepatocyte_15weeks_Animal3_Capture1_CGTGAGCGTTCGCTAA,4.94158064273636,15_30,0.6676700762610575,15,1
Hepatocyte_15weeks_Animal3_Capture1_CGTGTAAAGAGCCTAG,5.696453684186644,15_30,0.7696629764261832,15,1
Hepatocyte_15weeks_Animal3_Capture1_CGTGTAAAGGATATAC,4.837712608348744,15_30,0.6536361904551862,15,5
Hepatocyte_15weeks_Animal3_Capture1_CGTGTAATCGAATCCA,5.461601529690191,15_30,0.737931478502901,15,1
Hepatocyte_15weeks_Animal3_Capture1_CGTGTCTAGAAACGAG,4.947658479578684,15_30,0.6684912689282217,15,1
Hepatocyte_15weeks_Animal3_Capture1_CGTTGGGGTAACGCGA,3.764707150286295,15_30,0.5086595751152859,15,1
Hepatocyte_15weeks_Animal3_Capture1_CTAACTTCAACACCTA,5.498826260433321,15_30,0.742961010673057,15,1
Hepatocyte_15weeks_Animal3_Capture1_CTACACCAGGATATAC,5.274730975540679,15_30,0.7126829019521272,15,1
Hepatocyte_15weeks_Animal3_Capture1_CTACCCAAGTGTTTGC,5.200498910101191,15_30,0.7026532105686929,15,1
Hepatocyte_15weeks_Animal3_Capture1_CTACGTCTCTATCCTA,5.550527362913588,15_30,0.7499464838508589,15,1
Hepatocyte_15weeks_Animal3_Capture1_CTAGAGTTCATTGCCC,4.797825879728835,15_30,0.6482469886865975,15,1
Hepatocyte_15weeks_Animal3_Capture1_CTAGCCTTCAGGTAAA,5.542055126115787,15_30,0.7488017774506499,15,1
Hepatocyte_15weeks_Animal3_Capture1_CTAGTGACAATGGACG,5.46322374005042,15_30,0.7381506596502364,15,1
Hepatocyte_15weeks_Animal3_Capture1_CTCATTAGTTAGATGA,5.39595444874333,15_30,0.7290617271599712,15,1
Hepatocyte_15weeks_Animal3_Capture1_CTCCTAGTCGAACTGT,4.652054931153778,15_30,0.62855148892888,15,1
Hepatocyte_15weeks_Animal3_Capture1_CTCGAAATCACCATAG,4.2705662813552046,15_30,0.5770075449323092,15,1
Hepatocyte_15weeks_Animal3_Capture1_CTCGGGATCTACTCAT,5.372437738519852,15_30,0.7258843220251591,15,1
Hepatocyte_15weeks_Animal3_Capture1_CTCGTACGTTCAGTAC,4.9250991856604465,15_30,0.6654432228515226,15,1
Hepatocyte_15weeks_Animal3_Capture1_CTCTACGAGATGTGGC,4.933623786703525,15_30,0.666595004323893,15,1
Hepatocyte_15weeks_Animal3_Capture1_CTGAAACCACCTCGTT,4.908616036827906,15_30,0.6632161408642598,15,1
Hepatocyte_15weeks_Animal3_Capture1_CTGATAGAGTAGTGCG,5.511341644480348,15_30,0.7446519974291665,15,1
Hepatocyte_15weeks_Animal3_Capture1_CTGATAGCATAGTAAG,4.8221925173387765,15_30,0.6515392297664164,15,1
Hepatocyte_15weeks_Animal3_Capture1_CTGATCCAGGACACCA,4.842433783150071,15_30,0.6542740809132276,15,1
Hepatocyte_15weeks_Animal3_Capture1_CTGATCCCACTTAAGC,4.872031378806128,15_30,0.6582730906183248,15,1
Hepatocyte_15weeks_Animal3_Capture1_CTGCCTATCTTATCTG,5.402306602485528,15_30,0.7299199835115516,15,1
Hepatocyte_15weeks_Animal3_Capture1_CTGCGGAAGCGATAGC,5.385126745776347,15_30,0.7275987674739193,15,1
Hepatocyte_15weeks_Animal3_Capture1_CTGTGCTAGTCGTTTG,4.966376274471264,15_30,0.6710202798757083,15,1
Hepatocyte_15weeks_Animal3_Capture1_CTTAACTTCCGTTGTC,5.1728826726787105,15_30,0.6989219074333258,15,1
Hepatocyte_15weeks_Animal3_Capture1_CTTAGGACAATACGCT,5.023429463584731,15_30,0.6787288876836811,15,1
Hepatocyte_15weeks_Animal3_Capture1_CTTTGCGAGTTCGCGC,4.882031799066337,15_30,0.6596242739421447,15,1
Hepatocyte_15weeks_Animal3_Capture1_GAAACTCTCGTGGACC,3.6352455003205466,15_30,0.4911676679797486,15,1
Hepatocyte_15weeks_Animal3_Capture1_GAAATGATCAGTCAGT,3.7851036643652143,15_30,0.5114154022675858,15,5
Hepatocyte_15weeks_Animal3_Capture1_GAACATCAGGCCCTCA,5.023352750755008,15_30,0.6787185228096512,15,1
Hepatocyte_15weeks_Animal3_Capture1_GAACATCTCTATGTGG,5.6560337083219325,15_30,0.7642017262070391,15,1
Hepatocyte_15weeks_Animal3_Capture1_GAACGGACACCACGTG,4.633697564611674,15_30,0.6260711764124517,15,1
Hepatocyte_15weeks_Animal3_Capture1_GAACGGAGTAATAGCA,5.833453430629476,15_30,0.7881733757838632,15,1
Hepatocyte_15weeks_Animal3_Capture1_GAACGGATCTCGCTTG,5.4518200909890515,15_30,0.7366098823587335,15,1
Hepatocyte_15weeks_Animal3_Capture1_GAAGCAGAGTGTGAAT,4.216411931803584,15_30,0.5696906070314484,15,1
Hepatocyte_15weeks_Animal3_Capture1_GAAGCAGTCCTTCAAT,5.311064064794621,15_30,0.7175919620741423,15,1
Hepatocyte_15weeks_Animal3_Capture1_GAATAAGGTTGATTGC,4.510431295119449,15_30,0.6094163435760668,15,1
Hepatocyte_15weeks_Animal3_Capture1_GAATAAGTCATTGCCC,5.228285705376255,15_30,0.7064075582282059,15,1
Hepatocyte_15weeks_Animal3_Capture1_GAATGAAAGATCCGAG,5.06722047435992,15_30,0.6846456073767608,15,1
Hepatocyte_15weeks_Animal3_Capture1_GAATGAATCCTTCAAT,5.394683233985548,15_30,0.7288899699600719,15,1
Hepatocyte_15weeks_Animal3_Capture1_GACACGCCAGATCTGT,5.183539548413266,15_30,0.7003617861986059,15,1
Hepatocyte_15weeks_Animal3_Capture1_GACACGCGTGAGGGTT,5.009121522705248,15_30,0.6767957038162511,15,1
Hepatocyte_15weeks_Animal3_Capture1_GACAGAGTCAGGCAAG,4.797365078769893,15_30,0.648184728646007,15,1
Hepatocyte_15weeks_Animal3_Capture1_GACAGAGTCCGAACGC,5.894224126103232,15_30,0.7963842657429375,15,1
Hepatocyte_15weeks_Animal3_Capture1_GACAGAGTCGTACGGC,5.4218781227429975,15_30,0.7325643435589905,15,1
Hepatocyte_15weeks_Animal3_Capture1_GACCTGGAGGGCTTCC,5.119298890951789,15_30,0.691682060465624,15,1
Hepatocyte_15weeks_Animal3_Capture1_GACGCGTCAGGTGGAT,2.424969115666231,15_30,0.3276440134124836,15,1
Hepatocyte_15weeks_Animal3_Capture1_GACGGCTCACGACTCG,5.198541085497277,15_30,0.7023886836901277,15,1
Hepatocyte_15weeks_Animal3_Capture1_GACGTGCCAGCTCGAC,4.606007724181783,15_30,0.6223299285794012,15,1
Hepatocyte_15weeks_Animal3_Capture1_GACGTTAAGGGAGTAA,5.418870445714111,15_30,0.7321579683328375,15,1
Hepatocyte_15weeks_Animal3_Capture1_GACGTTAAGGTAGCCA,5.289286245015571,15_30,0.7146495030425265,15,1
Hepatocyte_15weeks_Animal3_Capture1_GACGTTACATGCCACG,4.862980470167471,15_30,0.6570501983298247,15,1
Hepatocyte_15weeks_Animal3_Capture1_GACGTTATCTGCAGTA,4.569750266857464,15_30,0.6174310872881347,15,1
Hepatocyte_15weeks_Animal3_Capture1_GACTACACACGGCTAC,5.048970483382952,15_30,0.6821798026579272,15,1
Hepatocyte_15weeks_Animal3_Capture1_GACTGCGAGGCCCTTG,5.197713769940349,15_30,0.7022769028894241,15,1
Hepatocyte_15weeks_Animal3_Capture1_GACTGCGAGTGGGCTA,5.410072964651533,15_30,0.7309693173167723,15,1
Hepatocyte_15weeks_Animal3_Capture1_GAGCAGACAAACGCGA,4.4679816293627495,15_30,0.6036808565685456,15,5
Hepatocyte_15weeks_Animal3_Capture1_GAGGTGATCCAGTAGT,5.029629351783716,15_30,0.6795665710335848,15,1
Hepatocyte_15weeks_Animal3_Capture1_GAGGTGATCTTCAACT,5.74951797223019,15_30,0.7768326332235179,15,1
Hepatocyte_15weeks_Animal3_Capture1_GAGTCCGCACCAACCG,5.225565773509912,15_30,0.7060400610146785,15,1
Hepatocyte_15weeks_Animal3_Capture1_GATCAGTGTGATGTCT,5.9192575646622405,15_30,0.7997666000687645,15,1
Hepatocyte_15weeks_Animal3_Capture1_GATCAGTTCGCATGAT,5.505430536805421,15_30,0.7438533319823308,15,1
Hepatocyte_15weeks_Animal3_Capture1_GATCGATGTTGCTCCT,4.380341378156617,15_30,0.591839549619048,15,1
Hepatocyte_15weeks_Animal3_Capture1_GATCGATTCTACGAGT,5.402970981603607,15_30,0.7300097495375469,15,1
Hepatocyte_15weeks_Animal3_Capture1_GATCGCGTCCCACTTG,4.8721024121029135,15_30,0.6582826881155855,15,1
Hepatocyte_15weeks_Animal3_Capture1_GATCGCGTCTTGCCGT,5.397044110071597,15_30,0.7292089541941413,15,1
Hepatocyte_15weeks_Animal3_Capture1_GATCTAGCACAGTCGC,4.793955519226609,15_30,0.6477240540066833,15,1
Hepatocyte_15weeks_Animal3_Capture1_GATGAAACAAGCCGCT,5.614004543287011,15_30,0.7585230541681031,15,1
Hepatocyte_15weeks_Animal3_Capture1_GATGCTAAGCGTGAAC,5.290897445089225,15_30,0.71486719656082,15,1
Hepatocyte_15weeks_Animal3_Capture1_GATTCAGAGAACTCGG,5.105218771947422,15_30,0.6897796582164106,15,1
Hepatocyte_15weeks_Animal3_Capture1_GCAAACTAGAATGTTG,5.296148149803922,15_30,0.7155766332109006,15,1
Hepatocyte_15weeks_Animal3_Capture1_GCAAACTCAGCCTTGG,4.976684313458559,15_30,0.6724130263822063,15,1
Hepatocyte_15weeks_Animal3_Capture1_GCAATCAGTCATTAGC,5.032191244717036,15_30,0.6799127151874148,15,1
Hepatocyte_15weeks_Animal3_Capture1_GCAGTTAAGGACATTA,3.9252702633989935,15_30,0.5303536834840822,15,1
Hepatocyte_15weeks_Animal3_Capture1_GCAGTTAAGGTGTGGT,5.339763958468708,15_30,0.7214696808818337,15,1
Hepatocyte_15weeks_Animal3_Capture1_GCATGATGTAATCGTC,5.380454982229614,15_30,0.7269675531016302,15,1
Hepatocyte_15weeks_Animal3_Capture1_GCATGATGTCTTCGTC,5.05651317015076,15_30,0.6831989150864329,15,5
Hepatocyte_15weeks_Animal3_Capture1_GCATGCGTCGTAGATC,5.073505845216893,15_30,0.6854948405154676,15,1
Hepatocyte_15weeks_Animal3_Capture1_GCCTCTACATGCCTAA,4.6600295468892785,15_30,0.6296289604266083,15,1
Hepatocyte_15weeks_Animal3_Capture1_GCGCAACAGATCGGGT,5.015030915078997,15_30,0.677594137504192,15,1
Hepatocyte_15weeks_Animal3_Capture1_GCGCAACAGCGAGAAA,5.376959416661327,15_30,0.7264952579599968,15,1
Hepatocyte_15weeks_Animal3_Capture1_GCGCAACAGGATTCGG,5.383661131361846,15_30,0.7274007444204379,15,1
Hepatocyte_15weeks_Animal3_Capture1_GCGCAGTCAATGGTCT,5.544476339998273,15_30,0.7491289140845405,15,1
Hepatocyte_15weeks_Animal3_Capture1_GCGCAGTCAGAGCCAA,5.346429099035796,15_30,0.7223702257140342,15,1
Hepatocyte_15weeks_Animal3_Capture1_GCGCCAAGTACCTACA,5.072993083965947,15_30,0.685425559981915,15,1
Hepatocyte_15weeks_Animal3_Capture1_GCGCCAATCAACACCA,4.816869112705454,15_30,0.650819970437375,15,1
Hepatocyte_15weeks_Animal3_Capture1_GCGCGATAGGGTTCCC,5.182949303265695,15_30,0.7002820366101274,15,1
Hepatocyte_15weeks_Animal3_Capture1_GCTCTGTCACGAAGCA,5.16419012487716,15_30,0.697747434228665,15,1
Hepatocyte_15weeks_Animal3_Capture1_GCTGCAGAGCTTCGCG,5.462078796324668,15_30,0.7379959632646151,15,1
Hepatocyte_15weeks_Animal3_Capture1_GCTGCAGAGTGGTAAT,4.9654505675793175,15_30,0.6708952051605865,15,1
Hepatocyte_15weeks_Animal3_Capture1_GCTGCAGGTGTTTGGT,4.8460423342061745,15_30,0.6547616418239985,15,1
Hepatocyte_15weeks_Animal3_Capture1_GCTGCGACAGGCTGAA,3.913024899194838,15_30,0.528699179825612,15,1
Hepatocyte_15weeks_Animal3_Capture1_GCTGGGTTCCTGCCAT,5.318902094064325,15_30,0.718650979011958,15,1
Hepatocyte_15weeks_Animal3_Capture1_GCTTCCAAGTGTTAGA,5.425847435485356,15_30,0.7331006479387014,15,1
Hepatocyte_15weeks_Animal3_Capture1_GCTTGAACAAACTGTC,5.731058829242878,15_30,0.7743385694214492,15,1
Hepatocyte_15weeks_Animal3_Capture1_GGAAAGCTCACTTACT,5.382273174691958,15_30,0.7272132139109453,15,1
Hepatocyte_15weeks_Animal3_Capture1_GGAACTTGTCTACCTC,5.520127864818635,15_30,0.7458391269788853,15,1
Hepatocyte_15weeks_Animal3_Capture1_GGAATAAGTCGCATAT,5.273949714978967,15_30,0.7125773437640633,15,1
Hepatocyte_15weeks_Animal3_Capture1_GGACAGAAGCTCCTCT,5.82196302329466,15_30,0.7866208763517666,15,1
Hepatocyte_15weeks_Animal3_Capture1_GGACAGATCTGCCAGG,5.269101053916242,15_30,0.7119222282988789,15,1
Hepatocyte_15weeks_Animal3_Capture1_GGACGTCCACCTTGTC,5.674546233748952,15_30,0.7667030026522209,15,1
Hepatocyte_15weeks_Animal3_Capture1_GGACGTCCATCGTCGG,5.310611020209501,15_30,0.7175307500178054,15,1
Hepatocyte_15weeks_Animal3_Capture1_GGAGCAACACATTAGC,5.34523079682293,15_30,0.7222083199215983,15,1
Hepatocyte_15weeks_Animal3_Capture1_GGAGCAAGTGTTCTTT,5.702256786554874,15_30,0.7704470489893703,15,1
Hepatocyte_15weeks_Animal3_Capture1_GGATTACGTCGATTGT,5.413208871175596,15_30,0.7313930179703569,15,1
Hepatocyte_15weeks_Animal3_Capture1_GGCCGATCAAGCCCAC,4.972527433851553,15_30,0.6718513793455851,15,1
Hepatocyte_15weeks_Animal3_Capture1_GGCCGATGTCAATACC,4.712919315012882,15_30,0.6367750373743604,15,1
Hepatocyte_15weeks_Animal3_Capture1_GGCGTGTGTATGGTTC,2.7732018952724875,15_30,0.3746946685218095,15,1
Hepatocyte_15weeks_Animal3_Capture1_GGCGTGTGTCCATCCT,5.733457908633716,15_30,0.7746627154054254,15,1
Hepatocyte_15weeks_Animal3_Capture1_GGCGTGTTCATGCATG,5.085712671764164,15_30,0.6871441372488322,15,1
Hepatocyte_15weeks_Animal3_Capture1_GGCTCGACAGACGCTC,5.831083359373595,15_30,0.7878531491659926,15,1
Hepatocyte_15weeks_Animal3_Capture1_GGCTCGAGTGCAGACA,5.38538445878575,15_30,0.7276335877626248,15,1
Hepatocyte_15weeks_Animal3_Capture1_GGCTCGATCACGAAGG,5.7281469960376,15_30,0.7739451439086864,15,1
Hepatocyte_15weeks_Animal3_Capture1_GGCTCGATCCAGAAGG,4.875316816712595,15_30,0.6587169948538626,15,1
Hepatocyte_15weeks_Animal3_Capture1_GGCTGGTCACTCTGTC,4.452903311403679,15_30,0.6016435850092079,15,5
Hepatocyte_15weeks_Animal3_Capture1_GGGAATGGTCCTGCTT,4.339498930332502,15_30,0.5863212180921715,15,1
Hepatocyte_15weeks_Animal3_Capture1_GGGAGATAGCTGCGAA,5.2225027294221045,15_30,0.7056262049982431,15,1
Hepatocyte_15weeks_Animal3_Capture1_GGGAGATAGTCCCACG,4.908109865802332,15_30,0.6631477507535484,15,1
Hepatocyte_15weeks_Animal3_Capture1_GGGAGATGTCTTGCGG,4.0997717037609664,15_30,0.5539310362417267,15,5
Hepatocyte_15weeks_Animal3_Capture1_GGGATGAGTAGGCTGA,5.8033465298363485,15_30,0.7841055525099319,15,1
Hepatocyte_15weeks_Animal3_Capture1_GGGCACTGTAGTGAAT,5.759643092580273,15_30,0.7782006651074516,15,1
Hepatocyte_15weeks_Animal3_Capture1_GGGTCTGCACATAACC,5.56862622589796,15_30,0.7523918692654988,15,1
Hepatocyte_15weeks_Animal3_Capture1_GGGTCTGGTCTTGATG,5.389404551706445,15_30,0.7281767531870083,15,1
Hepatocyte_15weeks_Animal3_Capture1_GGTGAAGGTATTCTCT,4.859690826981823,15_30,0.6566057259078555,15,1
Hepatocyte_15weeks_Animal3_Capture1_GGTGTTATCAGCTGGC,4.778341829775897,15_30,0.6456144469841617,15,1
Hepatocyte_15weeks_Animal3_Capture1_GGTGTTATCTTGAGAC,5.2577506681386525,15_30,0.7103886475510153,15,1
Hepatocyte_15weeks_Animal3_Capture1_GTACGTAAGAAACCGC,4.614669628900685,15_30,0.6235002615158345,15,1
Hepatocyte_15weeks_Animal3_Capture1_GTACGTACACCCATGG,5.4030241179854315,15_30,0.7300169289351264,15,1
Hepatocyte_15weeks_Animal3_Capture1_GTACGTATCGCTTAGA,5.5114092367933605,15_30,0.7446611300059768,15,1
Hepatocyte_15weeks_Animal3_Capture1_GTACTCCAGAGCTGCA,5.6919961762336815,15_30,0.7690607106958316,15,1
Hepatocyte_15weeks_Animal3_Capture1_GTACTTTCAAGCGAGT,5.086147036335083,15_30,0.687202825398871,15,1
Hepatocyte_15weeks_Animal3_Capture1_GTACTTTCATATGAGA,4.496150884543221,15_30,0.6074868794009785,15,1
Hepatocyte_15weeks_Animal3_Capture1_GTAGGCCCATCCCACT,5.286666520405419,15_30,0.7142955450973466,15,1
Hepatocyte_15weeks_Animal3_Capture1_GTCAAGTCAGATGGGT,5.464739701973146,15_30,0.7383554852891832,15,1
Hepatocyte_15weeks_Animal3_Capture1_GTCAAGTCAGGAATCG,5.163173795050565,15_30,0.6976101152083176,15,1
Hepatocyte_15weeks_Animal3_Capture1_GTCAAGTGTCTTCAAG,5.488915103133426,15_30,0.741621887904721,15,1
Hepatocyte_15weeks_Animal3_Capture1_GTCACAAAGACCCACC,4.747621111772924,15_30,0.6414636892378546,15,1
Hepatocyte_15weeks_Animal3_Capture1_GTCACAATCCGGGTGT,5.312517398636714,15_30,0.7177883258668913,15,1
Hepatocyte_15weeks_Animal3_Capture1_GTCACGGCAATTCCTT,5.497205624808788,15_30,0.742742042292441,15,1
Hepatocyte_15weeks_Animal3_Capture1_GTCACGGCACCGAAAG,4.925632677956267,15_30,0.6655153044115714,15,1
Hepatocyte_15weeks_Animal3_Capture1_GTCCTCAAGGCCGAAT,5.269639937592673,15_30,0.7119950383026712,15,1
Hepatocyte_15weeks_Animal3_Capture1_GTCGGGTGTGCCTGCA,5.885924695828465,15_30,0.7952629076907074,15,1
Hepatocyte_15weeks_Animal3_Capture1_GTCGTAAAGGGTTCCC,5.8401121670147615,15_30,0.7890730553300628,15,1
Hepatocyte_15weeks_Animal3_Capture1_GTCGTAATCGTGGGAA,4.879644507547825,15_30,0.6593017206488851,15,1
Hepatocyte_15weeks_Animal3_Capture1_GTCTCGTCATCGGACC,5.658755135433285,15_30,0.7645694254470882,15,1
Hepatocyte_15weeks_Animal3_Capture1_GTGAAGGTCCTTGACC,4.999994398488606,15_30,0.6755625138387228,15,1
Hepatocyte_15weeks_Animal3_Capture1_GTGCAGCCATACTCTT,4.684684837543176,15_30,0.6329602021853203,15,1
Hepatocyte_15weeks_Animal3_Capture1_GTGCATAGTTACGACT,5.895407083105004,15_30,0.7965440982031743,15,1
Hepatocyte_15weeks_Animal3_Capture1_GTGCGGTTCAGCGACC,5.4887614646445115,15_30,0.7416011294007065,15,1
Hepatocyte_15weeks_Animal3_Capture1_GTGCGGTTCTCGAGTA,5.408985469723838,15_30,0.7308223829907333,15,1
Hepatocyte_15weeks_Animal3_Capture1_GTGCTTCGTCTAGTGT,5.1692786969875915,15_30,0.6984349647122616,15,1
Hepatocyte_15weeks_Animal3_Capture1_GTGTGCGAGGTGTGGT,5.266202359492554,15_30,0.7115305780017687,15,1
Hepatocyte_15weeks_Animal3_Capture1_GTTAAGCCAAGGTTCT,5.424338645147438,15_30,0.7328967912716124,15,1
Hepatocyte_15weeks_Animal3_Capture1_GTTACAGAGAGCTATA,4.724456360099352,15_30,0.6383338381568657,15,1
Hepatocyte_15weeks_Animal3_Capture1_GTTACAGGTCTCGTTC,5.75466694988471,15_30,0.7775283252605008,15,1
Hepatocyte_15weeks_Animal3_Capture1_GTTCATTCAACAACCT,1.8266161078831669,15_30,0.24679895042139777,15,7
Hepatocyte_15weeks_Animal3_Capture1_GTTCATTCACCGATAT,5.727060644574977,15_30,0.7737983640792483,15,1
Hepatocyte_15weeks_Animal3_Capture1_GTTCATTTCCGTCAAA,4.689782672849308,15_30,0.6336489842438737,15,1
Hepatocyte_15weeks_Animal3_Capture1_GTTTCTAAGTCAATAG,5.186486265814619,15_30,0.7007599250076878,15,1
Hepatocyte_15weeks_Animal3_Capture1_GTTTCTATCTAACTGG,5.427378680586103,15_30,0.7333075385283943,15,1
Hepatocyte_15weeks_Animal3_Capture1_TAAGCGTAGGCGATAC,5.073389567861894,15_30,0.685479129973418,15,1
Hepatocyte_15weeks_Animal3_Capture1_TACAGTGGTCTAGTGT,4.5073766000576745,15_30,0.6090036156186981,15,1
Hepatocyte_15weeks_Animal3_Capture1_TACCTTACAGGGAGAG,5.553425254474043,15_30,0.7503380256709867,15,1
Hepatocyte_15weeks_Animal3_Capture1_TACGGTACATGCAACT,5.8663736569449885,15_30,0.792621314936069,15,1
Hepatocyte_15weeks_Animal3_Capture1_TACTCGCGTTAAGATG,5.478481178276218,15_30,0.740212132624221,15,1
Hepatocyte_15weeks_Animal3_Capture1_TACTCGCTCCTCAACC,4.231891132687316,15_30,0.5717820429467344,15,1
Hepatocyte_15weeks_Animal3_Capture1_TACTTACTCCGCATAA,4.8887626009799,15_30,0.6605336904531416,15,1
Hepatocyte_15weeks_Animal3_Capture1_TAGACCAAGAGCCTAG,4.76769995324732,15_30,0.6441765948014113,15,1
Hepatocyte_15weeks_Animal3_Capture1_TAGAGCTGTCAGCTAT,5.323070021658854,15_30,0.7192141187714963,15,1
Hepatocyte_15weeks_Animal3_Capture1_TAGAGCTTCAATAAGG,5.141714311311866,15_30,0.6947106674040202,15,1
Hepatocyte_15weeks_Animal3_Capture1_TAGGCATGTCATCGGC,5.064075453872909,15_30,0.6842206753114526,15,1
Hepatocyte_15weeks_Animal3_Capture1_TAGTGGTCAACACGCC,5.31775657403493,15_30,0.7184962047604219,15,1
Hepatocyte_15weeks_Animal3_Capture1_TAGTGGTGTTTGTTGG,5.320874429780074,15_30,0.7189174665253576,15,1
Hepatocyte_15weeks_Animal3_Capture1_TAGTTGGGTAGCTTGT,5.167278825101685,15_30,0.6981647567138273,15,1
Hepatocyte_15weeks_Animal3_Capture1_TATCAGGAGAATTCCC,5.229510634841645,15_30,0.7065730616994027,15,1
Hepatocyte_15weeks_Animal3_Capture1_TATCAGGCAGACGCCT,5.356727888655077,15_30,0.7237617225138707,15,1
Hepatocyte_15weeks_Animal3_Capture1_TATCAGGTCGGAGCAA,4.994925163934749,15_30,0.6748775961037196,15,1
Hepatocyte_15weeks_Animal3_Capture1_TATCTCATCGTTTGCC,5.814441275970191,15_30,0.7856045931070267,15,1
Hepatocyte_15weeks_Animal3_Capture1_TATCTCATCTACTTAC,5.3537157007363865,15_30,0.7233547378094237,15,1
Hepatocyte_15weeks_Animal3_Capture1_TATTACCGTATATGGA,4.900792739100046,15_30,0.6621591143441622,15,1
Hepatocyte_15weeks_Animal3_Capture1_TCAACGAGTGTGACGA,4.083380363408001,15_30,0.5517163587418112,15,1
Hepatocyte_15weeks_Animal3_Capture1_TCAACGAGTTAAGGGC,4.976264186976351,15_30,0.6723562619781229,15,1
Hepatocyte_15weeks_Animal3_Capture1_TCAACGATCCAGTATG,5.149199416202968,15_30,0.6957219997923341,15,1
Hepatocyte_15weeks_Animal3_Capture1_TCAATCTTCACGACTA,5.4061782133474345,15_30,0.7304430871308807,15,1
Hepatocyte_15weeks_Animal3_Capture1_TCACAAGGTGTTTGTG,3.0268589142461892,15_30,0.4089669415952572,15,5
Hepatocyte_15weeks_Animal3_Capture1_TCACGAAAGCTGCGAA,5.62038293513331,15_30,0.7593848556195679,15,1
Hepatocyte_15weeks_Animal3_Capture1_TCACGAAGTGGTGTAG,5.12995374215158,15_30,0.6931216656906385,15,1
Hepatocyte_15weeks_Animal3_Capture1_TCAGCAAGTGTGGCTC,4.155919669282825,15_30,0.5615173368876518,15,5
Hepatocyte_15weeks_Animal3_Capture1_TCAGCTCTCTAACTCT,5.262821746533351,15_30,0.7110738144122485,15,1
Hepatocyte_15weeks_Animal3_Capture1_TCGAGGCGTAAATGAC,5.550795478394244,15_30,0.7499827096450651,15,1
Hepatocyte_15weeks_Animal3_Capture1_TCGGGACCAAGTACCT,3.5940037042506536,15_30,0.48559537945146086,15,1
Hepatocyte_15weeks_Animal3_Capture1_TCGGGACCAGGACGTA,5.094423760328206,15_30,0.6883211155451228,15,1
Hepatocyte_15weeks_Animal3_Capture1_TCGGTAACATCACGAT,5.085700142924477,15_30,0.6871424444440487,15,1
Hepatocyte_15weeks_Animal3_Capture1_TCGGTAATCCGAGCCA,4.4163662020175485,15_30,0.5967069591856358,15,1
Hepatocyte_15weeks_Animal3_Capture1_TCGTACCCAGTTAACC,5.370962016719295,15_30,0.7256849333359212,15,1
Hepatocyte_15weeks_Animal3_Capture1_TCGTACCTCAAGGTAA,4.88478907289312,15_30,0.6599968165270577,15,1
Hepatocyte_15weeks_Animal3_Capture1_TCTCTAACATGAACCT,4.04105933655268,15_30,0.5459982524776804,15,1
Hepatocyte_15weeks_Animal3_Capture1_TCTGAGAAGTGGTAGC,5.802794502110916,15_30,0.7840309665787927,15,1
Hepatocyte_15weeks_Animal3_Capture1_TCTGGAATCAAACAAG,4.484205725372914,15_30,0.6058729372414162,15,1
Hepatocyte_15weeks_Animal3_Capture1_TGACAACAGAGCAATT,4.5071078966160485,15_30,0.6089673103835248,15,1
Hepatocyte_15weeks_Animal3_Capture1_TGACAACTCAAAGACA,5.45215898577882,15_30,0.7366556713332516,15,1
Hepatocyte_15weeks_Animal3_Capture1_TGACGGCGTCATTAGC,4.235140041041318,15_30,0.5722210115774843,15,5
Hepatocyte_15weeks_Animal3_Capture1_TGACTTTCAATAGCAA,4.946054824885887,15_30,0.6682745948863623,15,1
Hepatocyte_15weeks_Animal3_Capture1_TGAGAGGCATTTGCTT,5.568827387120544,15_30,0.7524190486921912,15,1
Hepatocyte_15weeks_Animal3_Capture1_TGAGAGGGTAGGGACT,5.405540049402125,15_30,0.7303568631064569,15,1
Hepatocyte_15weeks_Animal3_Capture1_TGAGCATCATGGTCAT,4.858882929173392,15_30,0.6564965686906887,15,1
Hepatocyte_15weeks_Animal3_Capture1_TGAGCCGAGGTCGGAT,3.6538276609247466,15_30,0.4936783530185404,15,1
Hepatocyte_15weeks_Animal3_Capture1_TGAGGGACAGTAAGAT,5.715063145398905,15_30,0.7721773501225896,15,1
Hepatocyte_15weeks_Animal3_Capture1_TGATTTCTCTGCAGTA,4.84038305308947,15_30,0.6539970013318258,15,1
Hepatocyte_15weeks_Animal3_Capture1_TGCACCTAGTTATCGC,5.166624662002667,15_30,0.6980763710012818,15,1
Hepatocyte_15weeks_Animal3_Capture1_TGCACCTTCTCGAGTA,4.764649197024863,15_30,0.643764399031077,15,1
Hepatocyte_15weeks_Animal3_Capture1_TGCCAAACATACAGCT,5.23274169775468,15_30,0.7070096191852591,15,1
Hepatocyte_15weeks_Animal3_Capture1_TGCCCTACAAACGCGA,4.4833176961845655,15_30,0.6057529532608292,15,1
Hepatocyte_15weeks_Animal3_Capture1_TGCGCAGCAGTATGCT,3.964603709248559,15_30,0.5356681297490827,15,1
Hepatocyte_15weeks_Animal3_Capture1_TGCGCAGTCGCATGGC,4.394641466797087,15_30,0.5937716725496244,15,1
Hepatocyte_15weeks_Animal3_Capture1_TGCGGGTCAGCTGTTA,4.5205761896525845,15_30,0.6107870472023559,15,1
Hepatocyte_15weeks_Animal3_Capture1_TGCGTGGTCTTAGCCC,5.010548063423842,15_30,0.6769884475189716,15,1
Hepatocyte_15weeks_Animal3_Capture1_TGCTACCAGTAGGTGC,5.23361765353774,15_30,0.7071279718960131,15,1
Hepatocyte_15weeks_Animal3_Capture1_TGCTGCTCATGTCCTC,5.340059365264617,15_30,0.7215095940780784,15,1
Hepatocyte_15weeks_Animal3_Capture1_TGGCCAGTCTGGGCCA,4.660519075912065,15_30,0.629695101992153,15,5
Hepatocyte_15weeks_Animal3_Capture1_TGGCTGGAGCTGGAAC,4.71278355193134,15_30,0.6367566940640796,15,1
Hepatocyte_15weeks_Animal3_Capture1_TGGGAAGTCGGAAACG,5.113736212118683,15_30,0.6909304721643836,15,1
Hepatocyte_15weeks_Animal3_Capture1_TGTCCCACAGCTATTG,5.407399202102256,15_30,0.7306080581622133,15,1
Hepatocyte_15weeks_Animal3_Capture1_TGTCCCACAGTGAGTG,5.558143239471049,15_30,0.7509754851461002,15,1
Hepatocyte_15weeks_Animal3_Capture1_TGTCCCACATGACGGA,4.231569649324504,15_30,0.5717386064763247,15,5
Hepatocyte_15weeks_Animal3_Capture1_TGTGTTTCACGACGAA,5.060456551938314,15_30,0.683731715866016,15,1
Hepatocyte_15weeks_Animal3_Capture1_TGTGTTTCATTGGCGC,4.638710152335733,15_30,0.6267484404439326,15,1
Hepatocyte_15weeks_Animal3_Capture1_TGTGTTTGTAGAAGGA,4.062943056821719,15_30,0.548955020005573,15,5
Hepatocyte_15weeks_Animal3_Capture1_TGTTCCGTCCTATGTT,5.067225711928313,15_30,0.6846463150385276,15,1
Hepatocyte_15weeks_Animal3_Capture1_TTAACTCAGAGTACAT,5.0288541635625945,15_30,0.6794618332955751,15,1
Hepatocyte_15weeks_Animal3_Capture1_TTAGGACGTTGGTAAA,5.317388734171605,15_30,0.7184465049401915,15,1
Hepatocyte_15weeks_Animal3_Capture1_TTATGCTGTCTGCCAG,5.63048323966235,15_30,0.760749534572056,15,1
Hepatocyte_15weeks_Animal3_Capture1_TTCCCAGCACCATCCT,5.528360087409078,15_30,0.7469514044225083,15,1
Hepatocyte_15weeks_Animal3_Capture1_TTCTCAACACACGCTG,5.2219214833587655,15_30,0.70554767129992,15,1
Hepatocyte_15weeks_Animal3_Capture1_TTCTTAGGTCCGTTAA,4.737348478984425,15_30,0.6400757265568487,15,1
Hepatocyte_15weeks_Animal3_Capture1_TTCTTAGTCGAATGGG,4.356286134115941,15_30,0.5885893817508531,15,1
Hepatocyte_15weeks_Animal3_Capture1_TTGACTTCACATCTTT,5.403322367871271,15_30,0.7300572262687975,15,1
Hepatocyte_15weeks_Animal3_Capture1_TTTATGCGTACGAAAT,5.059599926144747,15_30,0.6836159748814469,15,1
Hepatocyte_15weeks_Animal3_Capture1_TTTGCGCCAGACTCGC,5.5484793374000825,15_30,0.7496697696879936,15,1
Hepatocyte_15weeks_Animal3_Capture1_TTTGGTTCACCGTTGG,4.896678430906185,15_30,0.6616032192441613,15,1
Hepatocyte_15weeks_Animal3_Capture1_TTTGTCAGTTCGTCTC,5.5343993690288915,15_30,0.7477673877912285,15,1
Hepatocyte_15weeks_Animal3_Capture2_AAACCTGAGCGTAATA,5.409909592722002,15_30,0.7309472437017622,15,1
Hepatocyte_15weeks_Animal3_Capture2_AAAGTAGAGTACGTAA,5.215553944000274,15_30,0.7046873361568867,15,1
Hepatocyte_15weeks_Animal3_Capture2_AAAGTAGCACACAGAG,4.337682501369676,15_30,0.5860757955539568,15,5
Hepatocyte_15weeks_Animal3_Capture2_AAAGTAGCAGTCCTTC,4.891581683197705,15_30,0.6609145841338133,15,1
Hepatocyte_15weeks_Animal3_Capture2_AAAGTAGTCTGGCGAC,4.463823829747492,15_30,0.6031190852271677,15,1
Hepatocyte_15weeks_Animal3_Capture2_AAATGCCGTCGTTGTA,5.182222083560317,15_30,0.7001837800255948,15,1
Hepatocyte_15weeks_Animal3_Capture2_AAATGCCTCACGCGGT,5.373780255904052,15_30,0.7260657131121603,15,1
Hepatocyte_15weeks_Animal3_Capture2_AACACGTAGCATGGCA,4.289974312820592,15_30,0.5796298155751286,15,1
Hepatocyte_15weeks_Animal3_Capture2_AACACGTCATTCCTGC,5.341919150153674,15_30,0.7217608745505586,15,1
Hepatocyte_15weeks_Animal3_Capture2_AACACGTTCTGACCTC,4.907944742828742,15_30,0.6631254405503281,15,1
Hepatocyte_15weeks_Animal3_Capture2_AACCGCGTCTGTCAAG,5.255173562565602,15_30,0.710040447977055,15,1
Hepatocyte_15weeks_Animal3_Capture2_AACTCAGAGCCAACAG,4.525929705511319,15_30,0.6115103749389821,15,1
Hepatocyte_15weeks_Animal3_Capture2_AACTCAGCAGAGCCAA,4.452704047026744,15_30,0.6016166618703657,15,1
Hepatocyte_15weeks_Animal3_Capture2_AACTCAGTCTGCCCTA,5.351908017230391,15_30,0.7231104968930931,15,1
Hepatocyte_15weeks_Animal3_Capture2_AACTCCCCAACGATGG,5.228529867375816,15_30,0.7064405476040054,15,1
Hepatocyte_15weeks_Animal3_Capture2_AACTCCCCAAGAAGAG,4.224192477138628,15_30,0.5707418571622819,15,1
Hepatocyte_15weeks_Animal3_Capture2_AACTCCCCACCGGAAA,4.924267124509084,15_30,0.6653308008609596,15,1
Hepatocyte_15weeks_Animal3_Capture2_AACTCTTGTTGGTAAA,5.216939281620528,15_30,0.7048745127996319,15,1
Hepatocyte_15weeks_Animal3_Capture2_AACTGGTCAGCTGCTG,5.849719281962797,15_30,0.7903710981292695,15,1
Hepatocyte_15weeks_Animal3_Capture2_AACTTTCTCTCCTATA,5.242874130595434,15_30,0.7083786390792156,15,1
Hepatocyte_15weeks_Animal3_Capture2_AAGACCTGTTCGTTGA,5.150236990607942,15_30,0.6958621892240524,15,1
Hepatocyte_15weeks_Animal3_Capture2_AAGGCAGCATAACCTG,5.4227490028946015,15_30,0.732682010487707,15,1
Hepatocyte_15weeks_Animal3_Capture2_AAGGCAGTCAACCAAC,5.078337617261691,15_30,0.6861476740606145,15,5
Hepatocyte_15weeks_Animal3_Capture2_AAGGTTCTCCAAATGC,5.461325839051348,15_30,0.7378942292089667,15,1
Hepatocyte_15weeks_Animal3_Capture2_AATCGGTAGATAGGAG,4.805719005300705,15_30,0.6493134498320317,15,1
Hepatocyte_15weeks_Animal3_Capture2_AATCGGTGTAAGTAGT,5.311165437546807,15_30,0.7176056588157471,15,1
Hepatocyte_15weeks_Animal3_Capture2_ACACCAAAGGATGTAT,4.645304738657228,15_30,0.6276394525047506,15,1
Hepatocyte_15weeks_Animal3_Capture2_ACACCCTAGTTGAGTA,5.21850121177099,15_30,0.705085549327834,15,1
Hepatocyte_15weeks_Animal3_Capture2_ACACCCTCAATGGATA,3.6673571299809273,15_30,0.4955063554917551,15,1
Hepatocyte_15weeks_Animal3_Capture2_ACACCCTCATCGACGC,5.361177550629272,15_30,0.7243629281532067,15,1
Hepatocyte_15weeks_Animal3_Capture2_ACACTGATCATCGATG,5.636012448329369,15_30,0.7614966006303218,15,1
Hepatocyte_15weeks_Animal3_Capture2_ACACTGATCTCAAACG,5.763214359493588,15_30,0.7786831884587332,15,1
Hepatocyte_15weeks_Animal3_Capture2_ACAGCTACACGACTCG,1.7205941868085937,15_30,0.23247404726854626,15,7
Hepatocyte_15weeks_Animal3_Capture2_ACAGCTATCAATAAGG,5.384758418686578,15_30,0.7275490018232308,15,1
Hepatocyte_15weeks_Animal3_Capture2_ACAGCTATCGCCTGTT,4.007130483207996,15_30,0.5414140350505313,15,1
Hepatocyte_15weeks_Animal3_Capture2_ACATACGAGAATAGGG,4.259457586070295,15_30,0.5755066196283908,15,1
Hepatocyte_15weeks_Animal3_Capture2_ACCAGTAAGTTTGCGT,3.652609213621566,15_30,0.49351372536948435,15,1
Hepatocyte_15weeks_Animal3_Capture2_ACCAGTAGTTGTTTGG,5.179373799951563,15_30,0.6997989408674874,15,1
Hepatocyte_15weeks_Animal3_Capture2_ACCGTAACACCTTGTC,4.458996368470779,15_30,0.6024668341213383,15,5
Hepatocyte_15weeks_Animal3_Capture2_ACCGTAAGTCTCTTAT,5.110314729369731,15_30,0.6904681865490965,15,1
Hepatocyte_15weeks_Animal3_Capture2_ACCGTAAGTGGTTTCA,2.7763510212655684,15_30,0.3751201552929394,15,5
Hepatocyte_15weeks_Animal3_Capture2_ACCGTAAGTGTTGGGA,5.04336323351232,15_30,0.6814221922455094,15,1
Hepatocyte_15weeks_Animal3_Capture2_ACCTTTAAGTCACGCC,5.464604607816837,15_30,0.7383372323591662,15,1
Hepatocyte_15weeks_Animal3_Capture2_ACGAGCCAGGTCATCT,3.7476763953103864,15_30,0.5063585046085722,15,5
Hepatocyte_15weeks_Animal3_Capture2_ACGAGGACAGTATGCT,5.319402823809253,15_30,0.7187186339367995,15,1
Hepatocyte_15weeks_Animal3_Capture2_ACGATACCATTTCACT,4.883336081742696,15_30,0.6598004990362896,15,1
Hepatocyte_15weeks_Animal3_Capture2_ACGATACGTCTTGCGG,5.409472030331248,15_30,0.7308881234857979,15,1
Hepatocyte_15weeks_Animal3_Capture2_ACGATACGTGCTGTAT,5.354196487763868,15_30,0.7234196982207804,15,1
Hepatocyte_15weeks_Animal3_Capture2_ACGATGTCACGGCGTT,4.690822622207837,15_30,0.6337894945618703,15,1
Hepatocyte_15weeks_Animal3_Capture2_ACGATGTCATTCTTAC,5.603468512047384,15_30,0.7570995030232703,15,1
Hepatocyte_15weeks_Animal3_Capture2_ACGATGTTCCAGGGCT,5.810399142061799,15_30,0.7850584496662957,15,1
Hepatocyte_15weeks_Animal3_Capture2_ACGATGTTCTCGAGTA,5.0275002816300525,15_30,0.6792789067142843,15,1
Hepatocyte_15weeks_Animal3_Capture2_ACGCCAGAGCGCCTCA,5.443886921716131,15_30,0.7355380108025689,15,1
Hepatocyte_15weeks_Animal3_Capture2_ACGCCAGCATATGAGA,5.527492371306168,15_30,0.7468341649968085,15,1
Hepatocyte_15weeks_Animal3_Capture2_ACGCCAGGTAGCTCCG,3.6668384699306897,15_30,0.4954362779557738,15,5
Hepatocyte_15weeks_Animal3_Capture2_ACGCCAGGTAGTGAAT,5.249429176304454,15_30,0.709264308702936,15,1
Hepatocyte_15weeks_Animal3_Capture2_ACGCCGAAGAAACGAG,5.24258114731231,15_30,0.7083390533302156,15,1
Hepatocyte_15weeks_Animal3_Capture2_ACGCCGACATAGAAAC,3.9816969874927697,15_30,0.537977647940522,15,1
Hepatocyte_15weeks_Animal3_Capture2_ACGGAGAAGAGAACAG,1.9118470310097606,15_30,0.25831472665938743,15,7
Hepatocyte_15weeks_Animal3_Capture2_ACGGAGAAGCTGCGAA,5.66848098210508,15_30,0.7658835104046221,15,1
Hepatocyte_15weeks_Animal3_Capture2_ACGGCCAAGCACGCCT,5.013031893868506,15_30,0.6773240444427708,15,1
Hepatocyte_15weeks_Animal3_Capture2_ACGGCCAGTACTCAAC,5.5008559329144235,15_30,0.743235245109003,15,1
Hepatocyte_15weeks_Animal3_Capture2_ACGGGCTCACTTAAGC,5.024329593114542,15_30,0.6788505065735191,15,1
Hepatocyte_15weeks_Animal3_Capture2_ACGGGTCAGCAATATG,6.100191325191953,15_30,0.8242130406765169,15,1
Hepatocyte_15weeks_Animal3_Capture2_ACGTCAAAGTGCTGCC,5.483173909705747,15_30,0.7408461800228063,15,1
Hepatocyte_15weeks_Animal3_Capture2_ACGTCAAGTCTCCACT,3.5648626799912706,15_30,0.48165805831957026,15,5
Hepatocyte_15weeks_Animal3_Capture2_ACGTCAATCGTGGTCG,4.900966745097212,15_30,0.6621826247562747,15,5
Hepatocyte_15weeks_Animal3_Capture2_ACTGAACTCTTAACCT,4.295429943083939,15_30,0.5803669402599874,15,1
Hepatocyte_15weeks_Animal3_Capture2_ACTGTCCAGAGCTGCA,5.25123224886951,15_30,0.7095079266227983,15,1
Hepatocyte_15weeks_Animal3_Capture2_ACTGTCCAGTCAAGCG,2.128616432922541,15_30,0.28760301588702747,15,1
Hepatocyte_15weeks_Animal3_Capture2_ACTGTCCGTTGAGTTC,4.932458093631482,15_30,0.6664375044390226,15,1
Hepatocyte_15weeks_Animal3_Capture2_ACTGTCCGTTTGGGCC,5.370793141909244,15_30,0.7256621162121187,15,1
Hepatocyte_15weeks_Animal3_Capture2_ACTTACTTCACGCGGT,4.058882358560874,15_30,0.5484063682859098,15,1
Hepatocyte_15weeks_Animal3_Capture2_ACTTGTTAGTGTACGG,5.312747546270881,15_30,0.7178194217245866,15,1
Hepatocyte_15weeks_Animal3_Capture2_ACTTGTTAGTGTGAAT,5.380187739701334,15_30,0.7269314452543366,15,1
Hepatocyte_15weeks_Animal3_Capture2_ACTTGTTCACTTAACG,5.405775259075732,15_30,0.730388642909736,15,1
Hepatocyte_15weeks_Animal3_Capture2_ACTTGTTCATCCGGGT,5.395770182419533,15_30,0.7290368304478954,15,1
Hepatocyte_15weeks_Animal3_Capture2_ACTTGTTTCTCTAGGA,5.631160289804706,15_30,0.7608410126137719,15,1
Hepatocyte_15weeks_Animal3_Capture2_ACTTTCACAATAGAGT,5.083255452071482,15_30,0.6868121357743616,15,1
Hepatocyte_15weeks_Animal3_Capture2_ACTTTCAGTCGAAAGC,5.256705479989739,15_30,0.7102474294061454,15,1
Hepatocyte_15weeks_Animal3_Capture2_AGACGTTAGCTGCAAG,4.954472813350991,15_30,0.6694119716503584,15,1
Hepatocyte_15weeks_Animal3_Capture2_AGAGCGACACGGTAAG,5.499407771247366,15_30,0.7430395801425507,15,1
Hepatocyte_15weeks_Animal3_Capture2_AGAGTGGGTTGCCTCT,5.502442555958271,15_30,0.7434496179595685,15,1
Hepatocyte_15weeks_Animal3_Capture2_AGATCTGTCTATCGCC,4.880931945554574,15_30,0.6594756698150109,15,5
Hepatocyte_15weeks_Animal3_Capture2_AGATTGCTCATTCACT,5.300027866457325,15_30,0.7161008320252327,15,1
Hepatocyte_15weeks_Animal3_Capture2_AGCAGCCAGCGACGTA,5.038056475940972,15_30,0.6807051821451948,15,1
Hepatocyte_15weeks_Animal3_Capture2_AGCAGCCGTACCGGCT,4.616058220889597,15_30,0.6236878778649666,15,1
Hepatocyte_15weeks_Animal3_Capture2_AGCAGCCGTCCGAGTC,4.899174862097653,15_30,0.6619405186883054,15,1
Hepatocyte_15weeks_Animal3_Capture2_AGCAGCCGTGCACCAC,4.644635578747893,15_30,0.6275490405333598,15,1
Hepatocyte_15weeks_Animal3_Capture2_AGCATACAGCTAACTC,5.14410620251838,15_30,0.6950338421733339,15,1
Hepatocyte_15weeks_Animal3_Capture2_AGCATACGTGCGATAG,4.822183946254015,15_30,0.6515380717044055,15,1
Hepatocyte_15weeks_Animal3_Capture2_AGCCTAAAGTGAAGAG,5.252011026197657,15_30,0.7096131492945842,15,1
Hepatocyte_15weeks_Animal3_Capture2_AGCCTAAGTCTTGCGG,3.467861686499442,15_30,0.46855199663518077,15,1
Hepatocyte_15weeks_Animal3_Capture2_AGCGGTCCACCTGGTG,5.375414055103235,15_30,0.7262864600582852,15,1
Hepatocyte_15weeks_Animal3_Capture2_AGCGGTCGTATGGTTC,5.233994290801689,15_30,0.7071788603563913,15,1
Hepatocyte_15weeks_Animal3_Capture2_AGCGGTCGTCTGCGGT,4.972789291195482,15_30,0.6718867595863279,15,1
Hepatocyte_15weeks_Animal3_Capture2_AGCGTATAGAAGAAGC,5.347719853432409,15_30,0.7225446229663967,15,1
Hepatocyte_15weeks_Animal3_Capture2_AGCGTATGTCCGACGT,5.598865350304542,15_30,0.7564775576227832,15,1
Hepatocyte_15weeks_Animal3_Capture2_AGCGTATTCGGGAGTA,5.063841602887686,15_30,0.6841890790841669,15,1
Hepatocyte_15weeks_Animal3_Capture2_AGCGTCGAGCAGGTCA,5.162937820263094,15_30,0.6975782320284735,15,1
Hepatocyte_15weeks_Animal3_Capture2_AGCTCCTCAGACGCCT,5.721785601715533,15_30,0.7730856390378341,15,1
Hepatocyte_15weeks_Animal3_Capture2_AGCTCTCCACAGGAGT,5.631811430207113,15_30,0.7609289899217556,15,1
Hepatocyte_15weeks_Animal3_Capture2_AGCTCTCTCAACGAAA,5.2257272770196055,15_30,0.7060618821825253,15,1
Hepatocyte_15weeks_Animal3_Capture2_AGCTCTCTCCTGCCAT,4.322026584379246,15_30,0.5839604830564663,15,1
Hepatocyte_15weeks_Animal3_Capture2_AGCTTGAGTTTAGCTG,1.5830500550937383,15_30,0.2138900945718913,15,7
Hepatocyte_15weeks_Animal3_Capture2_AGGCCACAGACAAAGG,5.517541264361177,15_30,0.7454896445258921,15,1
Hepatocyte_15weeks_Animal3_Capture2_AGGCCACCAAACCTAC,5.143686359414973,15_30,0.6949771160573124,15,1
Hepatocyte_15weeks_Animal3_Capture2_AGGCCACCACTCAGGC,5.0799148508577785,15_30,0.6863607782779724,15,5
Hepatocyte_15weeks_Animal3_Capture2_AGGCCGTTCCCGACTT,5.5165592106503984,15_30,0.7453569566425259,15,1
Hepatocyte_15weeks_Animal3_Capture2_AGGGATGTCGATCCCT,4.429248244232202,15_30,0.5984474860999336,15,5
Hepatocyte_15weeks_Animal3_Capture2_AGGGATGTCGCCCTTA,5.263549048326815,15_30,0.7111720820879203,15,1
Hepatocyte_15weeks_Animal3_Capture2_AGGGATGTCGGTGTTA,5.602344054864396,15_30,0.7569475746288159,15,1
Hepatocyte_15weeks_Animal3_Capture2_AGGGTGAGTAAATACG,4.814022395555307,15_30,0.6504353429276477,15,1
Hepatocyte_15weeks_Animal3_Capture2_AGGTCATCAATGGTCT,2.194630003652974,15_30,0.29652228463732894,15,7
Hepatocyte_15weeks_Animal3_Capture2_AGGTCATCAGCTGGCT,5.2878622667664485,15_30,0.7144571055618574,15,1
Hepatocyte_15weeks_Animal3_Capture2_AGGTCATGTGCTCTTC,5.150352198395627,15_30,0.6958777552540235,15,1
Hepatocyte_15weeks_Animal3_Capture2_AGGTCCGCATGGGAAC,5.405932187852421,15_30,0.7304098459732646,15,1
Hepatocyte_15weeks_Animal3_Capture2_AGTAGTCAGCCCAGCT,5.518581962318855,15_30,0.7456302559891065,15,1
Hepatocyte_15weeks_Animal3_Capture2_AGTAGTCGTGGGTATG,5.000581652947178,15_30,0.6756418593472729,15,1
Hepatocyte_15weeks_Animal3_Capture2_AGTAGTCTCGCCAAAT,5.0119194216185186,15_30,0.6771737353644237,15,1
Hepatocyte_15weeks_Animal3_Capture2_AGTAGTCTCGCTTGTC,5.956823734075744,15_30,0.804842264923899,15,1
Hepatocyte_15weeks_Animal3_Capture2_AGTCTTTCAGGATTGG,5.673664479802376,15_30,0.7665838665362052,15,1
Hepatocyte_15weeks_Animal3_Capture2_AGTCTTTGTGAGCGAT,5.167357876219153,15_30,0.6981754375201207,15,1
Hepatocyte_15weeks_Animal3_Capture2_AGTGAGGTCCGCGGTA,5.5596811977677385,15_30,0.7511832827735145,15,1
Hepatocyte_15weeks_Animal3_Capture2_AGTGGGAAGAGATGAG,4.692626862917263,15_30,0.6340332703128188,15,1
Hepatocyte_15weeks_Animal3_Capture2_AGTGTCAAGCGCCTCA,5.567616152987241,15_30,0.752255395633662,15,1
Hepatocyte_15weeks_Animal3_Capture2_AGTTGGTAGAACAATC,5.012409911176546,15_30,0.6772400067104342,15,1
Hepatocyte_15weeks_Animal3_Capture2_AGTTGGTTCATGTAGC,5.217752789472014,15_30,0.7049844280046057,15,1
Hepatocyte_15weeks_Animal3_Capture2_ATAACGCAGAGGTACC,4.4890297500312055,15_30,0.6065247240166095,15,5
Hepatocyte_15weeks_Animal3_Capture2_ATAACGCGTGCGGTAA,4.435903751354551,15_30,0.599346729331847,15,1
Hepatocyte_15weeks_Animal3_Capture2_ATAAGAGAGCTAGCCC,4.153499333772793,15_30,0.5611903189329949,15,1
Hepatocyte_15weeks_Animal3_Capture2_ATAAGAGCAATCCAAC,5.102938627567792,15_30,0.6894715818574684,15,1
Hepatocyte_15weeks_Animal3_Capture2_ATAGACCCACGTCTCT,4.9869584288055755,15_30,0.6738011893756284,15,5
Hepatocyte_15weeks_Animal3_Capture2_ATAGACCTCTAACTTC,4.949263046372231,15_30,0.6687080662064344,15,1
Hepatocyte_15weeks_Animal3_Capture2_ATCACGAAGAGACGAA,4.89356490934609,15_30,0.6611825430824709,15,1
Hepatocyte_15weeks_Animal3_Capture2_ATCACGAGTACCATCA,5.366998453324113,15_30,0.7251494057657668,15,1
Hepatocyte_15weeks_Animal3_Capture2_ATCATCTAGACACGAC,5.130477012504157,15_30,0.6931923661368052,15,1
Hepatocyte_15weeks_Animal3_Capture2_ATCATCTAGTGGTCCC,5.1097187332458684,15_30,0.6903876599309474,15,1
Hepatocyte_15weeks_Animal3_Capture2_ATCATCTGTCTAAAGA,3.598005204407874,15_30,0.48613603275822354,15,1
Hepatocyte_15weeks_Animal3_Capture2_ATCATGGGTTCGAATC,5.078004253367029,15_30,0.6861026323800139,15,1
Hepatocyte_15weeks_Animal3_Capture2_ATCCACCAGCACCGTC,1.8662861349195214,15_30,0.2521588730638773,15,7
Hepatocyte_15weeks_Animal3_Capture2_ATCCACCTCTGTCCGT,4.620239550170979,15_30,0.6242528283619855,15,1
Hepatocyte_15weeks_Animal3_Capture2_ATCGAGTCAAGTCTAC,5.398646561146932,15_30,0.7294254656120509,15,1
Hepatocyte_15weeks_Animal3_Capture2_ATCGAGTCACACTGCG,5.305888606421979,15_30,0.7168926921570506,15,1
Hepatocyte_15weeks_Animal3_Capture2_ATCGAGTTCCCAGGTG,3.906660111720342,15_30,0.5278392164969291,15,1
Hepatocyte_15weeks_Animal3_Capture2_ATCTACTCACATCTTT,5.348441194232042,15_30,0.7226420852363707,15,1
Hepatocyte_15weeks_Animal3_Capture2_ATCTACTCACGGTAAG,4.9860089319825995,15_30,0.6736729003397836,15,1
Hepatocyte_15weeks_Animal3_Capture2_ATCTACTTCGTTGCCT,5.484878960867612,15_30,0.7410765540107215,15,1
Hepatocyte_15weeks_Animal3_Capture2_ATCTACTTCTCACATT,4.9236197406317865,15_30,0.6652433311070539,15,1
Hepatocyte_15weeks_Animal3_Capture2_ATCTACTTCTTGTCAT,5.337031929228916,15_30,0.7211005491600715,15,1
Hepatocyte_15weeks_Animal3_Capture2_ATCTGCCAGTGTACTC,5.027761819287581,15_30,0.6793142437613491,15,1
Hepatocyte_15weeks_Animal3_Capture2_ATCTGCCCATTAGGCT,5.525521237465269,15_30,0.7465678398719099,15,1
Hepatocyte_15weeks_Animal3_Capture2_ATCTGCCTCATTATCC,5.550781301119057,15_30,0.7499807941157862,15,1
Hepatocyte_15weeks_Animal3_Capture2_ATGAGGGAGATGCGAC,5.015016796397784,15_30,0.6775922298917004,15,1
Hepatocyte_15weeks_Animal3_Capture2_ATGAGGGGTCACCTAA,5.20825711938032,15_30,0.7037014428157289,15,1
Hepatocyte_15weeks_Animal3_Capture2_ATGGGAGGTGTCCTCT,4.888643147282247,15_30,0.6605175507470055,15,1
Hepatocyte_15weeks_Animal3_Capture2_ATGTGTGAGCCGTCGT,5.224590225519938,15_30,0.7059082521365173,15,1
Hepatocyte_15weeks_Animal3_Capture2_ATGTGTGTCAACTCTT,5.479937971959947,15_30,0.7404089638853564,15,1
Hepatocyte_15weeks_Animal3_Capture2_ATTACTCGTGATGATA,5.393345061673802,15_30,0.7287091659473424,15,1
Hepatocyte_15weeks_Animal3_Capture2_ATTATCCAGACACTAA,3.2545438283693553,15_30,0.4397300546488828,15,5
Hepatocyte_15weeks_Animal3_Capture2_ATTATCCAGGTGCACA,4.782371928847641,15_30,0.6461589643661712,15,1
Hepatocyte_15weeks_Animal3_Capture2_ATTATCCTCCGCGTTT,5.388400419486657,15_30,0.7280410822176904,15,1
Hepatocyte_15weeks_Animal3_Capture2_ATTGGACAGTCCCACG,5.5180175786400785,15_30,0.7455540006123167,15,1
Hepatocyte_15weeks_Animal3_Capture2_ATTGGACGTGCACTTA,5.472757969544831,15_30,0.739438854702356,15,1
Hepatocyte_15weeks_Animal3_Capture2_ATTGGTGCACCACCAG,5.472453065730683,15_30,0.7393976583387708,15,1
Hepatocyte_15weeks_Animal3_Capture2_ATTTCTGCAAGTAGTA,5.388508712248014,15_30,0.728055713940101,15,3
Hepatocyte_15weeks_Animal3_Capture2_ATTTCTGTCTGACCTC,5.3121366859346395,15_30,0.7177368867632513,15,1
Hepatocyte_15weeks_Animal3_Capture2_CAACCAACAGATTGCT,5.194430283815895,15_30,0.7018332623643345,15,1
Hepatocyte_15weeks_Animal3_Capture2_CAACCAACATGACATC,4.58743602725553,15_30,0.6198206573159087,15,1
Hepatocyte_15weeks_Animal3_Capture2_CAACCAAGTTGCTCCT,4.716446326874808,15_30,0.6372515813081899,15,1
Hepatocyte_15weeks_Animal3_Capture2_CAACCTCGTGACGGTA,5.341287694110422,15_30,0.7216755568485853,15,1
Hepatocyte_15weeks_Animal3_Capture2_CAACCTCGTTGGGACA,5.56254096351069,15_30,0.7515696733132484,15,1
Hepatocyte_15weeks_Animal3_Capture2_CAACCTCTCACGACTA,4.628788989352605,15_30,0.6254079657811787,15,1
Hepatocyte_15weeks_Animal3_Capture2_CAACCTCTCTGTCAAG,5.485113786220238,15_30,0.7411082818873729,15,1
Hepatocyte_15weeks_Animal3_Capture2_CAACTAGTCCAGTAGT,4.960650467299294,15_30,0.6702466508716396,15,1
Hepatocyte_15weeks_Animal3_Capture2_CAAGAAAGTAGGCATG,5.161587208093775,15_30,0.69739574723357,15,1
Hepatocyte_15weeks_Animal3_Capture2_CAAGAAATCATAGCAC,4.17028809261252,15_30,0.5634586926994587,15,1
Hepatocyte_15weeks_Animal3_Capture2_CAAGATCCAAGCTGGA,5.04949347815583,15_30,0.6822504658697893,15,1
Hepatocyte_15weeks_Animal3_Capture2_CAAGGCCAGTCAAGGC,5.613231816311016,15_30,0.7584186489754547,15,1
Hepatocyte_15weeks_Animal3_Capture2_CAAGGCCTCTTGTACT,5.5566457301434005,15_30,0.7507731526862501,15,1
Hepatocyte_15weeks_Animal3_Capture2_CAAGTTGGTGTTGAGG,5.106581645289802,15_30,0.6899637996509491,15,1
Hepatocyte_15weeks_Animal3_Capture2_CACAAACAGTCTCGGC,5.1953026818615,15_30,0.7019511343797381,15,1
Hepatocyte_15weeks_Animal3_Capture2_CACAAACTCTATCCCG,5.88172420435626,15_30,0.7946953681392274,15,1
Hepatocyte_15weeks_Animal3_Capture2_CACACAACAGGTCCAC,4.834123255704561,15_30,0.653151223492805,15,1
Hepatocyte_15weeks_Animal3_Capture2_CACACAATCTAGCACA,4.512559437476946,15_30,0.6097038825383647,15,1
Hepatocyte_15weeks_Animal3_Capture2_CACACCTAGGAATGGA,5.288564586603224,15_30,0.7145519978590555,15,1
Hepatocyte_15weeks_Animal3_Capture2_CACACCTGTGATGCCC,5.7901309391438165,15_30,0.7823199589755052,15,1
Hepatocyte_15weeks_Animal3_Capture2_CACACTCAGGAATGGA,4.998118685683768,15_30,0.6753090813032667,15,1
Hepatocyte_15weeks_Animal3_Capture2_CACACTCCAGGGATTG,2.8213541786208225,15_30,0.38120065132765196,15,1
Hepatocyte_15weeks_Animal3_Capture2_CACACTCGTGTGCGTC,5.558631961596234,15_30,0.7510415176895684,15,1
Hepatocyte_15weeks_Animal3_Capture2_CACAGGCGTGACGGTA,5.222771826755504,15_30,0.7056625634531793,15,1
Hepatocyte_15weeks_Animal3_Capture2_CACAGTACACTTAAGC,5.662078832126193,15_30,0.7650184989288059,15,1
Hepatocyte_15weeks_Animal3_Capture2_CACAGTATCTGCGTAA,5.620710940272231,15_30,0.7594291732644574,15,1
Hepatocyte_15weeks_Animal3_Capture2_CACATTTCAGGACGTA,4.7091304791458395,15_30,0.6362631177042832,15,1
Hepatocyte_15weeks_Animal3_Capture2_CACCACTGTCTCCATC,5.553687730115872,15_30,0.7503734894516,15,1
Hepatocyte_15weeks_Animal3_Capture2_CACCACTTCAGCAACT,5.4804094981234135,15_30,0.7404726730367963,15,1
Hepatocyte_15weeks_Animal3_Capture2_CACCTTGGTGTTAAGA,5.038659479159951,15_30,0.6807866555105628,15,1
Hepatocyte_15weeks_Animal3_Capture2_CACCTTGTCTACTATC,4.722373733936213,15_30,0.6380524490083935,15,1
Hepatocyte_15weeks_Animal3_Capture2_CACTCCACACCCATGG,4.513735796105132,15_30,0.6098628234748332,15,1
Hepatocyte_15weeks_Animal3_Capture2_CACTCCAGTATATGGA,5.305508102427665,15_30,0.7168412812524702,15,1
Hepatocyte_15weeks_Animal3_Capture2_CAGAATCCAGTACACT,4.965507748553982,15_30,0.6709029310338396,15,1
Hepatocyte_15weeks_Animal3_Capture2_CAGAGAGAGTTATCGC,4.51850794313959,15_30,0.6105076009265803,15,5
Hepatocyte_15weeks_Animal3_Capture2_CAGAGAGCACGTGAGA,5.304522175683542,15_30,0.7167080700732892,15,1
Hepatocyte_15weeks_Animal3_Capture2_CAGAGAGTCGACGGAA,5.567695921499742,15_30,0.7522661733691024,15,1
Hepatocyte_15weeks_Animal3_Capture2_CAGATCAAGCTCTCGG,4.9620883781390726,15_30,0.6704409308216113,15,1
Hepatocyte_15weeks_Animal3_Capture2_CAGATCAGTAGAGGAA,5.418419259759282,15_30,0.7320970074009722,15,1
Hepatocyte_15weeks_Animal3_Capture2_CAGATCAGTCCGTTAA,4.670296286691884,15_30,0.6310161268906493,15,1
Hepatocyte_15weeks_Animal3_Capture2_CAGCAGCAGAATGTGT,5.01058963735921,15_30,0.676994064683722,15,1
Hepatocyte_15weeks_Animal3_Capture2_CAGCATAAGCCACGTC,5.481371524128325,15_30,0.7406026549236666,15,1
Hepatocyte_15weeks_Animal3_Capture2_CAGCATAAGTGCCATT,5.6590015169303545,15_30,0.7646027147050869,15,1
Hepatocyte_15weeks_Animal3_Capture2_CAGCCGAAGACAATAC,5.5086855955031755,15_30,0.7442931316023489,15,1
Hepatocyte_15weeks_Animal3_Capture2_CAGCCGAGTGTTTGTG,5.255692753885673,15_30,0.7101105972943135,15,1
Hepatocyte_15weeks_Animal3_Capture2_CAGCGACGTCTTCAAG,5.422856323572948,15_30,0.7326965108694019,15,1
Hepatocyte_15weeks_Animal3_Capture2_CAGCTAACAGCTCCGA,5.114502787871058,15_30,0.6910340462488824,15,1
Hepatocyte_15weeks_Animal3_Capture2_CAGCTGGTCCTTGGTC,4.7718923807020435,15_30,0.6447430448020864,15,1
Hepatocyte_15weeks_Animal3_Capture2_CAGCTGGTCTTAGCCC,5.101243958372414,15_30,0.6892426106046003,15,1
Hepatocyte_15weeks_Animal3_Capture2_CAGCTGGTCTTTAGGG,5.024541936003885,15_30,0.6788791967848848,15,1
Hepatocyte_15weeks_Animal3_Capture2_CAGTAACTCGACCAGC,4.537638465075697,15_30,0.613092376520351,15,1
Hepatocyte_15weeks_Animal3_Capture2_CAGTCCTTCTTGTCAT,5.431776865952604,15_30,0.7339017890266388,15,1
Hepatocyte_15weeks_Animal3_Capture2_CATATGGGTTGATTCG,5.763448005279396,15_30,0.7787147569609811,15,1
Hepatocyte_15weeks_Animal3_Capture2_CATATGGTCCTCAACC,5.390248798235412,15_30,0.728290821576281,15,1
Hepatocyte_15weeks_Animal3_Capture2_CATCAAGAGATCCTGT,5.182196449155645,15_30,0.7001803164931424,15,1
Hepatocyte_15weeks_Animal3_Capture2_CATCAAGCAACTTGAC,5.444863208720616,15_30,0.7356699195309421,15,1
Hepatocyte_15weeks_Animal3_Capture2_CATCAAGTCAAGATCC,4.791304306953623,15_30,0.6473658416798055,15,1
Hepatocyte_15weeks_Animal3_Capture2_CATCAGAAGGTGCACA,4.440665866056543,15_30,0.5999901512885273,15,1
Hepatocyte_15weeks_Animal3_Capture2_CATCAGAGTCGCGGTT,4.1105053483523175,15_30,0.5553812874510033,15,1
Hepatocyte_15weeks_Animal3_Capture2_CATCAGAGTGTAATGA,5.531767967772622,15_30,0.7474118521834004,15,1
Hepatocyte_15weeks_Animal3_Capture2_CATCCACAGAGAGCTC,5.464488559731398,15_30,0.7383215527943352,15,1
Hepatocyte_15weeks_Animal3_Capture2_CATCCACGTATAAACG,5.331837870527678,15_30,0.7203987661032155,15,1
Hepatocyte_15weeks_Animal3_Capture2_CATCGAACACGGCTAC,5.264771279786818,15_30,0.7113372210244483,15,1
Hepatocyte_15weeks_Animal3_Capture2_CATCGGGAGCTGCCCA,4.9901748640158345,15_30,0.674235770473739,15,1
Hepatocyte_15weeks_Animal3_Capture2_CATCGGGCAGCTCGAC,4.789901938946991,15_30,0.6471763640163558,15,1
Hepatocyte_15weeks_Animal3_Capture2_CATCGGGGTGCACCAC,5.401997478309986,15_30,0.7298782169237369,15,1
Hepatocyte_15weeks_Animal3_Capture2_CATGACAAGTTCCACA,5.190865355450358,15_30,0.7013515954310665,15,1
Hepatocyte_15weeks_Animal3_Capture2_CATGCCTCATCGGACC,5.501867706258465,15_30,0.7433719484908993,15,1
Hepatocyte_15weeks_Animal3_Capture2_CATGGCGCATAGACTC,4.036749466123268,15_30,0.5454159344449858,15,1
Hepatocyte_15weeks_Animal3_Capture2_CATGGCGTCAACCAAC,4.482803165852557,15_30,0.6056834337020388,15,1
Hepatocyte_15weeks_Animal3_Capture2_CATGGCGTCCGAAGAG,4.901923601809607,15_30,0.662311908206313,15,1
Hepatocyte_15weeks_Animal3_Capture2_CATTCGCCACTATCTT,5.268199578498203,15_30,0.7118004275625104,15,1
Hepatocyte_15weeks_Animal3_Capture2_CATTCGCGTAAGTGGC,4.478187431193765,15_30,0.6050597895415076,15,1
Hepatocyte_15weeks_Animal3_Capture2_CATTCGCTCTACTATC,4.801943933263836,15_30,0.6488033898295804,15,1
Hepatocyte_15weeks_Animal3_Capture2_CCAATCCTCAGAGGTG,5.328126154517079,15_30,0.7198972663016291,15,1
Hepatocyte_15weeks_Animal3_Capture2_CCACTACGTGTAAGTA,5.5171155673250505,15_30,0.7454321274694836,15,1
Hepatocyte_15weeks_Animal3_Capture2_CCATGTCTCGTGGACC,5.331596445814353,15_30,0.7203661465694244,15,1
Hepatocyte_15weeks_Animal3_Capture2_CCATGTCTCTTATCTG,4.941774554769583,15_30,0.6676962762305347,15,1
Hepatocyte_15weeks_Animal3_Capture2_CCATTCGTCTATCCTA,5.258322265952449,15_30,0.7104658776487349,15,1
Hepatocyte_15weeks_Animal3_Capture2_CCCAATCAGCTCTCGG,5.284635037273367,15_30,0.7140210660195452,15,1
Hepatocyte_15weeks_Animal3_Capture2_CCCAATCCAGTCACTA,4.89583825393487,15_30,0.661489700703624,15,1
Hepatocyte_15weeks_Animal3_Capture2_CCCATACCACAGTCGC,5.135997293237919,15_30,0.6939382259183128,15,1
Hepatocyte_15weeks_Animal3_Capture2_CCCTCCTTCTTCGAGA,5.297832341327995,15_30,0.7158041887977893,15,1
Hepatocyte_15weeks_Animal3_Capture2_CCGGGATCAGCCAGAA,5.34606943402574,15_30,0.722321630419926,15,1
Hepatocyte_15weeks_Animal3_Capture2_CCGGGATCATGCAACT,5.201128235210125,15_30,0.7027382403544745,15,1
Hepatocyte_15weeks_Animal3_Capture2_CCGTGGATCCTATGTT,5.520321066131951,15_30,0.7458652309211098,15,1
Hepatocyte_15weeks_Animal3_Capture2_CCGTTCAGTCCAGTTA,5.180996314953006,15_30,0.7000181631757059,15,1
Hepatocyte_15weeks_Animal3_Capture2_CCTAAAGTCTAACGGT,4.334597368483067,15_30,0.5856589550612886,15,1
Hepatocyte_15weeks_Animal3_Capture2_CCTACACAGATGAGAG,4.979117052701114,15_30,0.6727417202380858,15,1
Hepatocyte_15weeks_Animal3_Capture2_CCTACACGTTCTGTTT,5.447963575711556,15_30,0.7360888183438798,15,1
Hepatocyte_15weeks_Animal3_Capture2_CCTACACTCAGCACAT,5.286962703422082,15_30,0.7143355631708377,15,1
Hepatocyte_15weeks_Animal3_Capture2_CCTACACTCTTAGAGC,4.246244962729521,15_30,0.5737214270207359,15,5
Hepatocyte_15weeks_Animal3_Capture2_CCTACCAGTAGCTCCG,5.583460599941017,15_30,0.7543961809148841,15,1
Hepatocyte_15weeks_Animal3_Capture2_CCTCAGTTCCCGGATG,5.399379470706651,15_30,0.7295244909679053,15,1
Hepatocyte_15weeks_Animal3_Capture2_CCTCAGTTCTATCCCG,5.176930311993477,15_30,0.6994687947241242,15,1
Hepatocyte_15weeks_Animal3_Capture2_CCTCTGAAGAACTGTA,5.032259771902406,15_30,0.6799219740773105,15,1
Hepatocyte_15weeks_Animal3_Capture2_CCTTACGGTGAGGCTA,4.75555024306566,15_30,0.6425350152117992,15,1
Hepatocyte_15weeks_Animal3_Capture2_CCTTACGTCACCACCT,5.145287299632931,15_30,0.6951934233392717,15,1
Hepatocyte_15weeks_Animal3_Capture2_CCTTCGAAGTCAAGGC,5.332563267419905,15_30,0.7204967764026254,15,1
Hepatocyte_15weeks_Animal3_Capture2_CCTTTCTAGTTTCCTT,5.0426611889633515,15_30,0.6813273371431774,15,1
Hepatocyte_15weeks_Animal3_Capture2_CGAACATCACTACAGT,5.648198677384778,15_30,0.7631431143818922,15,1
Hepatocyte_15weeks_Animal3_Capture2_CGAATGTCAGTATCTG,5.41109944319041,15_30,0.7311080075565723,15,1
Hepatocyte_15weeks_Animal3_Capture2_CGACTTCGTAGCTCCG,5.3950432974362,15_30,0.7289386190885465,15,1
Hepatocyte_15weeks_Animal3_Capture2_CGACTTCGTGTGACCC,4.952621196237635,15_30,0.6691617947477314,15,1
Hepatocyte_15weeks_Animal3_Capture2_CGAGCACTCACAAACC,5.298304392019029,15_30,0.7158679688195411,15,1
Hepatocyte_15weeks_Animal3_Capture2_CGAGCCAAGAAACCAT,5.3495997536106525,15_30,0.7227986212689875,15,1
Hepatocyte_15weeks_Animal3_Capture2_CGAGCCACAGATGGCA,5.425686439530073,15_30,0.7330788953478782,15,1
Hepatocyte_15weeks_Animal3_Capture2_CGAGCCACATCCAACA,5.270358001049342,15_30,0.712092057762139,15,1
Hepatocyte_15weeks_Animal3_Capture2_CGAGCCAGTCGGCATC,5.686385639069734,15_30,0.7683026561284889,15,1
Hepatocyte_15weeks_Animal3_Capture2_CGATCGGCAAGAAGAG,5.041628349419831,15_30,0.681187787451157,15,1
Hepatocyte_15weeks_Animal3_Capture2_CGATCGGGTCCGCTGA,4.697670424766076,15_30,0.6347147193405047,15,1
Hepatocyte_15weeks_Animal3_Capture2_CGATGTAAGCGTGAGT,5.095378024686411,15_30,0.6884500487353061,15,1
Hepatocyte_15weeks_Animal3_Capture2_CGATTGAGTCTCATCC,5.482510793634049,15_30,0.7407565846503598,15,1
Hepatocyte_15weeks_Animal3_Capture2_CGCCAAGCATCTATGG,4.506773419003606,15_30,0.6089221182255591,15,1
Hepatocyte_15weeks_Animal3_Capture2_CGCGGTACACCGTTGG,4.777117993808187,15_30,0.6454490912583389,15,1
Hepatocyte_15weeks_Animal3_Capture2_CGCGTTTTCTTGACGA,4.93852850499467,15_30,0.6672576938299928,15,1
Hepatocyte_15weeks_Animal3_Capture2_CGCTATCAGTTTCCTT,5.026984392948229,15_30,0.6792092036252451,15,1
Hepatocyte_15weeks_Animal3_Capture2_CGCTGGAAGCCCAACC,4.67964787763871,15_30,0.6322796451638576,15,1
Hepatocyte_15weeks_Animal3_Capture2_CGCTTCAAGGCGTACA,4.770278349092758,15_30,0.6445249687074984,15,1
Hepatocyte_15weeks_Animal3_Capture2_CGCTTCATCGGTCCGA,5.100587125004115,15_30,0.6891538641048852,15,1
Hepatocyte_15weeks_Animal3_Capture2_CGGACACCATGGAATA,4.639173001799281,15_30,0.6268109772634175,15,1
Hepatocyte_15weeks_Animal3_Capture2_CGGACACTCAAACCAC,5.0777826829321,15_30,0.686072695410473,15,1
Hepatocyte_15weeks_Animal3_Capture2_CGGACGTTCCTATTCA,5.420441752411669,15_30,0.7323702717512043,15,1
Hepatocyte_15weeks_Animal3_Capture2_CGGACTGGTGCCTGTG,5.452357296549522,15_30,0.7366824656278246,15,1
Hepatocyte_15weeks_Animal3_Capture2_CGGAGCTTCAGCGATT,5.106955365448087,15_30,0.6900142939734386,15,1
Hepatocyte_15weeks_Animal3_Capture2_CGGAGTCCATGTAAGA,1.3880725324371816,15_30,0.18754616398914384,15,7
Hepatocyte_15weeks_Animal3_Capture2_CGGCTAGGTATCGCAT,5.233736946222625,15_30,0.7071440898472868,15,1
Hepatocyte_15weeks_Animal3_Capture2_CGGGTCAGTCCCGACA,5.760381461340248,15_30,0.778300428070342,15,1
Hepatocyte_15weeks_Animal3_Capture2_CGGGTCAGTGTCAATC,5.138853754213704,15_30,0.6943241699421835,15,1
Hepatocyte_15weeks_Animal3_Capture2_CGGTTAAAGAGGGCTT,5.515209394500606,15_30,0.7451745793999334,15,1
Hepatocyte_15weeks_Animal3_Capture2_CGTAGCGAGAAACCTA,5.413458400582908,15_30,0.7314267325508634,15,1
Hepatocyte_15weeks_Animal3_Capture2_CGTAGGCAGTGGTCCC,5.44368178839568,15_30,0.7355102946951912,15,1
Hepatocyte_15weeks_Animal3_Capture2_CGTAGGCAGTTCGATC,5.057202088665465,15_30,0.6832919966954373,15,1
Hepatocyte_15weeks_Animal3_Capture2_CGTCAGGGTCACCTAA,5.445411847449699,15_30,0.7357440475657896,15,1
Hepatocyte_15weeks_Animal3_Capture2_CGTCTACCAGTGGAGT,5.25645314483857,15_30,0.7102133357341395,15,1
Hepatocyte_15weeks_Animal3_Capture2_CGTCTACTCGGAGGTA,5.290820985979831,15_30,0.714856865967617,15,1
Hepatocyte_15weeks_Animal3_Capture2_CGTGAGCGTCCGACGT,4.801025007834127,15_30,0.6486792313758205,15,1
Hepatocyte_15weeks_Animal3_Capture2_CGTGAGCTCCGAAGAG,5.225239010059373,15_30,0.7059959111376021,15,1
Hepatocyte_15weeks_Animal3_Capture2_CGTGTCTCAGCCTGTG,3.288750427854761,15_30,0.44435179909428063,15,1
Hepatocyte_15weeks_Animal3_Capture2_CGTGTCTGTGAGGGAG,5.382825535108056,15_30,0.7272878447928033,15,1
Hepatocyte_15weeks_Animal3_Capture2_CGTGTCTTCTATCCTA,5.023154203719624,15_30,0.6786916965927298,15,1
Hepatocyte_15weeks_Animal3_Capture2_CGTTAGACAAGGACAC,5.611969036804478,15_30,0.7582480314847394,15,1
Hepatocyte_15weeks_Animal3_Capture2_CGTTAGAGTAGATTAG,4.139264694689098,15_30,0.5592670390657465,15,1
Hepatocyte_15weeks_Animal3_Capture2_CGTTAGAGTGGGTATG,5.463709143767474,15_30,0.7382162438347744,15,1
Hepatocyte_15weeks_Animal3_Capture2_CGTTCTGTCTGGTATG,4.905947947712528,15_30,0.662855648262413,15,1
Hepatocyte_15weeks_Animal3_Capture2_CGTTCTGTCTTTCCTC,5.384722940829063,15_30,0.727544208315739,15,1
Hepatocyte_15weeks_Animal3_Capture2_CGTTGGGCAATCTGCA,5.0151438868840295,15_30,0.6776094014246122,15,1
Hepatocyte_15weeks_Animal3_Capture2_CTAACTTAGGCTAGCA,4.944637797468914,15_30,0.6680831365510734,15,1
Hepatocyte_15weeks_Animal3_Capture2_CTAACTTGTAAATGTG,5.318252968230755,15_30,0.7185632738977169,15,1
Hepatocyte_15weeks_Animal3_Capture2_CTAAGACAGAAACGCC,5.587833529477375,15_30,0.7549870190308856,15,1
Hepatocyte_15weeks_Animal3_Capture2_CTAAGACCAACACGCC,5.013147810579208,15_30,0.6773397062572124,15,1
Hepatocyte_15weeks_Animal3_Capture2_CTAAGACTCAGTCCCT,5.298853958605509,15_30,0.7159422222196642,15,1
Hepatocyte_15weeks_Animal3_Capture2_CTAATGGCAGACACTT,5.12364196963635,15_30,0.692268865353811,15,1
Hepatocyte_15weeks_Animal3_Capture2_CTACACCCAGGTGGAT,5.0384006308280584,15_30,0.6807516818254226,15,1
Hepatocyte_15weeks_Animal3_Capture2_CTACACCTCTAACTCT,5.380537696237386,15_30,0.7269787288107544,15,1
Hepatocyte_15weeks_Animal3_Capture2_CTACATTAGCCGTCGT,2.7285879996001468,15_30,0.3686667666662283,15,1
Hepatocyte_15weeks_Animal3_Capture2_CTACATTGTTCTGTTT,5.125511121669252,15_30,0.6925214114459578,15,1
Hepatocyte_15weeks_Animal3_Capture2_CTACATTTCAGATAAG,4.956247114042834,15_30,0.6696517021260664,15,1
Hepatocyte_15weeks_Animal3_Capture2_CTACGTCGTTACAGAA,4.942331844471682,15_30,0.6677715731213074,15,1
Hepatocyte_15weeks_Animal3_Capture2_CTAGAGTGTCACCTAA,5.230864356196779,15_30,0.7067559665846537,15,1
Hepatocyte_15weeks_Animal3_Capture2_CTAGAGTTCCAGGGCT,5.477056580196927,15_30,0.7400196513966528,15,1
Hepatocyte_15weeks_Animal3_Capture2_CTAGCCTTCACATGCA,5.489600568745676,15_30,0.7417145029829102,15,1
Hepatocyte_15weeks_Animal3_Capture2_CTAGTGAGTGACGCCT,5.757665254459495,15_30,0.7779334341495043,15,1
Hepatocyte_15weeks_Animal3_Capture2_CTAGTGATCGACGGAA,5.355981518644312,15_30,0.7236608784807497,15,1
Hepatocyte_15weeks_Animal3_Capture2_CTCACACCACGGCTAC,5.386334495497962,15_30,0.7277619497443373,15,1
Hepatocyte_15weeks_Animal3_Capture2_CTCACACGTAAGCACG,4.4493275489390625,15_30,0.6011604542520581,15,1
Hepatocyte_15weeks_Animal3_Capture2_CTCACACGTCACCTAA,5.147614614223013,15_30,0.6955078729905443,15,1
Hepatocyte_15weeks_Animal3_Capture2_CTCAGAAGTGGCGAAT,5.666439277670035,15_30,0.7656076502994444,15,1
Hepatocyte_15weeks_Animal3_Capture2_CTCAGAAGTTATGTGC,2.867568663457819,15_30,0.38744481303344913,15,1
Hepatocyte_15weeks_Animal3_Capture2_CTCAGAATCTACTCAT,5.714498859182686,15_30,0.7721011079142245,15,1
Hepatocyte_15weeks_Animal3_Capture2_CTCATTAAGTGGAGAA,5.436650128907063,15_30,0.7345602285187124,15,1
Hepatocyte_15weeks_Animal3_Capture2_CTCCTAGCACCCATGG,5.627740692241216,15_30,0.760378981710896,15,1
Hepatocyte_15weeks_Animal3_Capture2_CTCGAAAAGAGATGAG,4.615561040399363,15_30,0.6236207024893471,15,5
Hepatocyte_15weeks_Animal3_Capture2_CTCGAAACACCGGAAA,5.20051983970651,15_30,0.7026560384232176,15,1
Hepatocyte_15weeks_Animal3_Capture2_CTCGAAACAGATCCAT,5.656880591510482,15_30,0.764316150842386,15,1
Hepatocyte_15weeks_Animal3_Capture2_CTCGAGGTCCAAACTG,4.61005634184443,15_30,0.6228769480573784,15,1
Hepatocyte_15weeks_Animal3_Capture2_CTCGGAGCACGTTGGC,3.9604890915358872,15_30,0.5351121928291738,15,5
Hepatocyte_15weeks_Animal3_Capture2_CTCGGGAAGCTAACTC,5.313262651325243,15_30,0.7178890189356396,15,1
Hepatocyte_15weeks_Animal3_Capture2_CTCGTACTCCTAGGGC,4.974381615093293,15_30,0.6721019026944034,15,1
Hepatocyte_15weeks_Animal3_Capture2_CTCGTCACATGGGACA,4.280709489080936,15_30,0.5783780206495729,15,5
Hepatocyte_15weeks_Animal3_Capture2_CTCGTCAGTAGCTTGT,5.54427839911768,15_30,0.7491021697668018,15,1
Hepatocyte_15weeks_Animal3_Capture2_CTCGTCAGTTACCGAT,5.5382331512237055,15_30,0.7482853802789444,15,1
Hepatocyte_15weeks_Animal3_Capture2_CTCGTCATCGGCGCAT,5.749672943547802,15_30,0.7768535718095553,15,1
Hepatocyte_15weeks_Animal3_Capture2_CTCTAATAGTGGGTTG,5.290823003287721,15_30,0.7148571385314402,15,1
Hepatocyte_15weeks_Animal3_Capture2_CTCTACGGTTCCAACA,4.236746926804193,15_30,0.5724381221777975,15,1
Hepatocyte_15weeks_Animal3_Capture2_CTGAAGTCATGCAACT,5.716033000759812,15_30,0.7723083898545285,15,1
Hepatocyte_15weeks_Animal3_Capture2_CTGAAGTTCATGTCTT,2.2409550355884473,15_30,0.3027813826550082,15,7
Hepatocyte_15weeks_Animal3_Capture2_CTGATAGTCCTTTCTC,5.503132129178669,15_30,0.7435427880275968,15,1
Hepatocyte_15weeks_Animal3_Capture2_CTGATAGTCTTGCAAG,4.5702885381273015,15_30,0.6175038145480469,15,1
Hepatocyte_15weeks_Animal3_Capture2_CTGATCCCACTATCTT,4.862699844994179,15_30,0.6570122823178441,15,1
Hepatocyte_15weeks_Animal3_Capture2_CTGATCCCAGGTGCCT,5.360691822371845,15_30,0.7242973001191575,15,1
Hepatocyte_15weeks_Animal3_Capture2_CTGATCCTCAGTTTGG,5.679240076443567,15_30,0.7673372001967814,15,1
Hepatocyte_15weeks_Animal3_Capture2_CTGCGGAAGGCTAGCA,5.659301070033839,15_30,0.764643188119953,15,1
Hepatocyte_15weeks_Animal3_Capture2_CTGCTGTAGAGCCCAA,5.377197936736439,15_30,0.7265274850404096,15,1
Hepatocyte_15weeks_Animal3_Capture2_CTGTGCTCATATACGC,5.048557578373585,15_30,0.6821240139662061,15,1
Hepatocyte_15weeks_Animal3_Capture2_CTGTGCTCATTATCTC,5.131202515554365,15_30,0.6932903907795017,15,1
Hepatocyte_15weeks_Animal3_Capture2_CTTAACTCACGAAGCA,5.207302759797024,15_30,0.7035724967594308,15,1
Hepatocyte_15weeks_Animal3_Capture2_CTTACCGAGTTCGCGC,5.460384026401125,15_30,0.7377669784020974,15,1
Hepatocyte_15weeks_Animal3_Capture2_CTTAGGAAGTGAAGTT,4.8575879630666075,15_30,0.6563216023829865,15,1
Hepatocyte_15weeks_Animal3_Capture2_CTTAGGACAATAAGCA,5.132749093683772,15_30,0.6934993530553927,15,1
Hepatocyte_15weeks_Animal3_Capture2_CTTAGGAGTACACCGC,5.335724266281932,15_30,0.7209238673485909,15,1
Hepatocyte_15weeks_Animal3_Capture2_CTTCTCTTCACTGGGC,5.496131507026908,15_30,0.7425969153880778,15,1
Hepatocyte_15weeks_Animal3_Capture2_CTTGGCTAGTCTCGGC,3.540778739726787,15_30,0.47840401322841286,15,5
Hepatocyte_15weeks_Animal3_Capture2_CTTGGCTTCTCATTCA,5.191900449948637,15_30,0.7014914497960093,15,1
Hepatocyte_15weeks_Animal3_Capture2_CTTTGCGCAGCGTCCA,5.4384680169424815,15_30,0.7348058481960976,15,1
Hepatocyte_15weeks_Animal3_Capture2_CTTTGCGCATTGGCGC,5.104840877639423,15_30,0.6897285999134743,15,1
Hepatocyte_15weeks_Animal3_Capture2_CTTTGCGTCACAAACC,4.223257579784631,15_30,0.5706155406994398,15,1
Hepatocyte_15weeks_Animal3_Capture2_CTTTGCGTCCGCAGTG,5.635480402972559,15_30,0.761424714570043,15,1
Hepatocyte_15weeks_Animal3_Capture2_GAAATGACACGAGAGT,4.029497328393735,15_30,0.5444360788681978,15,1
Hepatocyte_15weeks_Animal3_Capture2_GAAATGATCACTTATC,4.966258464723901,15_30,0.6710043622880592,15,1
Hepatocyte_15weeks_Animal3_Capture2_GAACATCTCGGGAGTA,5.433641163421328,15_30,0.7341536792057348,15,1
Hepatocyte_15weeks_Animal3_Capture2_GAACCTACAGCTGTGC,5.200437952741602,15_30,0.7026449744580497,15,1
Hepatocyte_15weeks_Animal3_Capture2_GAACGGAAGCACACAG,4.513171674415028,15_30,0.6097866034960283,15,1
Hepatocyte_15weeks_Animal3_Capture2_GAAGCAGAGTCGAGTG,5.2108323588248835,15_30,0.7040493902521163,15,1
Hepatocyte_15weeks_Animal3_Capture2_GAAGCAGAGTGCCAGA,5.866483161828064,15_30,0.7926361104314621,15,1
Hepatocyte_15weeks_Animal3_Capture2_GAAGCAGTCTCTTGAT,5.766387837856428,15_30,0.7791119655431757,15,1
Hepatocyte_15weeks_Animal3_Capture2_GAATAAGAGTTTGCGT,5.392378012767498,15_30,0.7285785054029335,15,1
Hepatocyte_15weeks_Animal3_Capture2_GAATAAGCATTGGTAC,5.083760141425124,15_30,0.6868803256924457,15,1
Hepatocyte_15weeks_Animal3_Capture2_GAATGAAAGTGAAGTT,4.773403470864849,15_30,0.64494721220462,15,1
Hepatocyte_15weeks_Animal3_Capture2_GAATGAACACCCATTC,5.435679572702511,15_30,0.7344290940939283,15,1
Hepatocyte_15weeks_Animal3_Capture2_GACACGCAGGAGTCTG,5.4649956564001325,15_30,0.7383900679711508,15,1
Hepatocyte_15weeks_Animal3_Capture2_GACAGAGGTAAGGATT,5.0031061982788385,15_30,0.6759829573675172,15,1
Hepatocyte_15weeks_Animal3_Capture2_GACCTGGAGAAGCCCA,5.373453167976917,15_30,0.7260215193941897,15,1
Hepatocyte_15weeks_Animal3_Capture2_GACCTGGTCGTTTATC,5.553186560037465,15_30,0.7503057750321335,15,1
Hepatocyte_15weeks_Animal3_Capture2_GACGCGTTCGTCGTTC,5.586325595910977,15_30,0.7547832781244708,15,1
Hepatocyte_15weeks_Animal3_Capture2_GACGGCTCACAGTCGC,4.04026776248901,15_30,0.5458913008049938,15,1
Hepatocyte_15weeks_Animal3_Capture2_GACGGCTCAGTACACT,4.774830636391164,15_30,0.6451400403267701,15,1
Hepatocyte_15weeks_Animal3_Capture2_GACGGCTGTCCTGCTT,5.464174718946295,15_30,0.7382791489328842,15,1
Hepatocyte_15weeks_Animal3_Capture2_GACGTGCGTTGTTTGG,5.181245705553101,15_30,0.7000518590016009,15,1
Hepatocyte_15weeks_Animal3_Capture2_GACGTTATCATTATCC,3.985884255743953,15_30,0.5385434008675136,15,5
Hepatocyte_15weeks_Animal3_Capture2_GACTAACGTGGAAAGA,5.485888467857294,15_30,0.7412129511794651,15,1
Hepatocyte_15weeks_Animal3_Capture2_GACTACAAGTGACATA,4.756012040506168,15_30,0.6425974098896589,15,1
Hepatocyte_15weeks_Animal3_Capture2_GACTGCGAGTTAGGTA,4.919447351393191,15_30,0.664679588522944,15,1
Hepatocyte_15weeks_Animal3_Capture2_GACTGCGCAAGAGTCG,5.0629593893084754,15_30,0.6840698808659662,15,1
Hepatocyte_15weeks_Animal3_Capture2_GAGCAGAGTTGGTTTG,5.075417617965025,15_30,0.6857531452055703,15,1
Hepatocyte_15weeks_Animal3_Capture2_GAGGTGAAGATAGGAG,5.6628862526409325,15_30,0.7651275916575552,15,1
Hepatocyte_15weeks_Animal3_Capture2_GAGGTGAAGGATGGAA,4.445090165385053,15_30,0.6005879301134889,15,1
Hepatocyte_15weeks_Animal3_Capture2_GAGGTGAAGGATTCGG,5.7178380775254265,15_30,0.7725522785672477,15,1
Hepatocyte_15weeks_Animal3_Capture2_GAGGTGACAAAGGAAG,4.824333768881253,15_30,0.6518285399454906,15,1
Hepatocyte_15weeks_Animal3_Capture2_GAGGTGAGTCTGATTG,5.164668277390684,15_30,0.6978120386838484,15,1
Hepatocyte_15weeks_Animal3_Capture2_GAGTCCGTCGATCCCT,5.0014493304103365,15_30,0.6757590935522533,15,1
Hepatocyte_15weeks_Animal3_Capture2_GATCGATCACGGCTAC,4.72351477185806,15_30,0.6382066176704826,15,1
Hepatocyte_15weeks_Animal3_Capture2_GATCGATCATTACGAC,5.110749394850343,15_30,0.6905269153558428,15,1
Hepatocyte_15weeks_Animal3_Capture2_GATCGATGTACTTCTT,4.003333167687377,15_30,0.5409009696719533,15,5
Hepatocyte_15weeks_Animal3_Capture2_GATCGATGTGTGAAAT,5.515058309165267,15_30,0.745154165859275,15,1
Hepatocyte_15weeks_Animal3_Capture2_GATCGATTCTTGTCAT,5.273123030499326,15_30,0.7124656482298871,15,1
Hepatocyte_15weeks_Animal3_Capture2_GATCGCGCACTAGTAC,4.810525219324146,15_30,0.6499628301650785,15,1
Hepatocyte_15weeks_Animal3_Capture2_GATCGCGTCTTACCTA,5.244789288287194,15_30,0.708637401118036,15,1
Hepatocyte_15weeks_Animal3_Capture2_GATCGTAGTAGTGAAT,4.469925425719535,15_30,0.6039434880534085,15,5
Hepatocyte_15weeks_Animal3_Capture2_GATCGTATCTGCGACG,4.490290222140842,15_30,0.6066950297488052,15,1
Hepatocyte_15weeks_Animal3_Capture2_GATCTAGCACCGGAAA,3.9016597272266873,15_30,0.5271636012762971,15,5
Hepatocyte_15weeks_Animal3_Capture2_GATCTAGGTCTGGTCG,5.550554118116723,15_30,0.7499500988173664,15,1
Hepatocyte_15weeks_Animal3_Capture2_GATGAAATCTAACCGA,5.605730355797062,15_30,0.7574051067355274,15,1
Hepatocyte_15weeks_Animal3_Capture2_GATGAAATCTCAACTT,2.459354577967378,15_30,0.33228992448764233,15,7
Hepatocyte_15weeks_Animal3_Capture2_GATGAGGCAGTTAACC,5.965013578683328,15_30,0.8059488165657809,15,1
Hepatocyte_15weeks_Animal3_Capture2_GATGAGGGTAAGAGGA,4.78153840947956,15_30,0.646046345352077,15,1
Hepatocyte_15weeks_Animal3_Capture2_GATGAGGTCAAACAAG,4.672338366060161,15_30,0.6312920376540511,15,1
Hepatocyte_15weeks_Animal3_Capture2_GATGCTAAGACTCGGA,3.298463781498639,15_30,0.44566419608565455,15,5
Hepatocyte_15weeks_Animal3_Capture2_GATGCTACATGATCCA,5.373881772483636,15_30,0.7260794292866666,15,1
Hepatocyte_15weeks_Animal3_Capture2_GATTCAGAGCACCGCT,5.52700778312017,15_30,0.746768691000836,15,1
Hepatocyte_15weeks_Animal3_Capture2_GATTCAGGTTATTCTC,5.422099225191074,15_30,0.7325942172975858,15,1
Hepatocyte_15weeks_Animal3_Capture2_GCAAACTGTGAGGGTT,4.813948303539902,15_30,0.6504253321587962,15,7
Hepatocyte_15weeks_Animal3_Capture2_GCAATCAAGGCAATTA,4.682811193099173,15_30,0.6327070491115863,15,1
Hepatocyte_15weeks_Animal3_Capture2_GCACATAAGTCGAGTG,5.660726325223444,15_30,0.7648357581314399,15,1
Hepatocyte_15weeks_Animal3_Capture2_GCACATACACGTAAGG,5.347358273320407,15_30,0.7224957689177817,15,1
Hepatocyte_15weeks_Animal3_Capture2_GCACATACATCTGGTA,5.159310052561429,15_30,0.6970880747057171,15,1
Hepatocyte_15weeks_Animal3_Capture2_GCACATAGTTACCAGT,4.418289227985418,15_30,0.5969667843281247,15,1
Hepatocyte_15weeks_Animal3_Capture2_GCACATATCTCTAGGA,5.639753497903434,15_30,0.7620020637675233,15,1
Hepatocyte_15weeks_Animal3_Capture2_GCACTCTCATGTCTCC,4.309242264210667,15_30,0.5822331596271811,15,1
Hepatocyte_15weeks_Animal3_Capture2_GCAGCCACATCGTCGG,5.14994222755127,15_30,0.6958223630051245,15,1
Hepatocyte_15weeks_Animal3_Capture2_GCAGTTATCGCCCTTA,5.534512691099806,15_30,0.7477826990370018,15,1
Hepatocyte_15weeks_Animal3_Capture2_GCATGATCAAACTGTC,4.923859845776262,15_30,0.6652757723503954,15,1
Hepatocyte_15weeks_Animal3_Capture2_GCATGATTCGTCCAGG,3.580145538704159,15_30,0.4837229659230351,15,5
Hepatocyte_15weeks_Animal3_Capture2_GCATGCGCAGCGTCCA,5.357779524896751,15_30,0.7239038118776675,15,1
Hepatocyte_15weeks_Animal3_Capture2_GCATGCGGTAACGCGA,5.197069388117382,15_30,0.7021898387510469,15,1
Hepatocyte_15weeks_Animal3_Capture2_GCATGCGTCTATCCCG,4.457476390239958,15_30,0.602261465828345,15,5
Hepatocyte_15weeks_Animal3_Capture2_GCATGTAGTCTAGCCG,4.877470054809718,15_30,0.6590079245681489,15,1
Hepatocyte_15weeks_Animal3_Capture2_GCCTCTAGTCCCTTGT,5.16855094630963,15_30,0.6983366363866139,15,1
Hepatocyte_15weeks_Animal3_Capture2_GCCTCTATCATGTGGT,5.1625793898810866,15_30,0.6975298035482379,15,5
Hepatocyte_15weeks_Animal3_Capture2_GCCTCTATCCAATGGT,5.0887561300600055,15_30,0.6875553469769317,15,1
Hepatocyte_15weeks_Animal3_Capture2_GCGACCATCGTGGGAA,4.643104641916523,15_30,0.6273421915947607,15,1
Hepatocyte_15weeks_Animal3_Capture2_GCGAGAACAAAGAATC,5.076288489335877,15_30,0.685870810947896,15,1
Hepatocyte_15weeks_Animal3_Capture2_GCGCAACCAAGGTTTC,5.51091001959324,15_30,0.7445936794450788,15,1
Hepatocyte_15weeks_Animal3_Capture2_GCGCAGTGTAACGCGA,5.776808358023557,15_30,0.7805199096804214,15,1
Hepatocyte_15weeks_Animal3_Capture2_GCGCCAAAGCGTTGCC,4.622349642893188,15_30,0.6245379285901537,15,1
Hepatocyte_15weeks_Animal3_Capture2_GCGCCAAGTACAGCAG,4.2830233656052314,15_30,0.5786906546481106,15,1
Hepatocyte_15weeks_Animal3_Capture2_GCGCCAATCAGAGGTG,5.650374485586797,15_30,0.7634370936029551,15,1
Hepatocyte_15weeks_Animal3_Capture2_GCGCGATGTGCACCAC,4.863808380388425,15_30,0.6571620594771631,15,1
Hepatocyte_15weeks_Animal3_Capture2_GCGCGATTCCAAGCCG,4.878725122568905,15_30,0.6591775001042116,15,1
Hepatocyte_15weeks_Animal3_Capture2_GCGGGTTCACAGAGGT,2.3779716293295214,15_30,0.3212940582958687,15,1
Hepatocyte_15weeks_Animal3_Capture2_GCTCCTAGTTATGCGT,5.5914629206864825,15_30,0.7554773957100416,15,1
Hepatocyte_15weeks_Animal3_Capture2_GCTGCAGGTTGATTGC,5.194245086984819,15_30,0.7018082399289505,15,1
Hepatocyte_15weeks_Animal3_Capture2_GCTGCGAAGACTTGAA,5.784577545873456,15_30,0.7815696252712927,15,1
Hepatocyte_15weeks_Animal3_Capture2_GCTGCTTAGCGAGAAA,4.783324051783969,15_30,0.6462876082231609,15,1
Hepatocyte_15weeks_Animal3_Capture2_GCTGCTTAGTGTTTGC,4.94462049872468,15_30,0.6680807992718267,15,1
Hepatocyte_15weeks_Animal3_Capture2_GCTTGAAAGTCTTGCA,5.001445709392503,15_30,0.6757586043069231,15,1
Hepatocyte_15weeks_Animal3_Capture2_GCTTGAAAGTTAACGA,5.448159280372435,15_30,0.7361152605200377,15,1
Hepatocyte_15weeks_Animal3_Capture2_GCTTGAACAAGGCTCC,3.374014453157533,15_30,0.45587204785515145,15,5
Hepatocyte_15weeks_Animal3_Capture2_GCTTGAAGTCTGATTG,5.076279845135769,15_30,0.6858696430070766,15,1
Hepatocyte_15weeks_Animal3_Capture2_GGAACTTAGATGGGTC,5.053510883527024,15_30,0.6827932681722266,15,1
Hepatocyte_15weeks_Animal3_Capture2_GGAACTTCAGTGACAG,5.157715139172831,15_30,0.6968725817246686,15,1
Hepatocyte_15weeks_Animal3_Capture2_GGAATAACACATCTTT,5.165750537901296,15_30,0.6979582657739025,15,1
Hepatocyte_15weeks_Animal3_Capture2_GGAATAATCAACCATG,4.54610249159488,15_30,0.6142359736080246,15,1
Hepatocyte_15weeks_Animal3_Capture2_GGAATAATCAGTGCAT,5.479767945567544,15_30,0.7403859911682059,15,1
Hepatocyte_15weeks_Animal3_Capture2_GGACAAGTCTTGTACT,5.380090581308634,15_30,0.7269183179260275,15,1
Hepatocyte_15weeks_Animal3_Capture2_GGACAGACATGCAATC,5.288473912996072,15_30,0.7145397467073333,15,1
Hepatocyte_15weeks_Animal3_Capture2_GGACATTAGTTCGCAT,5.137096738440401,15_30,0.6940867748776959,15,1
Hepatocyte_15weeks_Animal3_Capture2_GGACATTCAGGCTGAA,5.867972553154953,15_30,0.7928373460466833,15,1
Hepatocyte_15weeks_Animal3_Capture2_GGACATTTCAATCTCT,3.9139731358678107,15_30,0.5288272985992452,15,5
Hepatocyte_15weeks_Animal3_Capture2_GGAGCAAAGTCCGGTC,5.055352676160115,15_30,0.6830421176632494,15,1
Hepatocyte_15weeks_Animal3_Capture2_GGATGTTCACATCCGG,5.4831154377175055,15_30,0.7408382797172824,15,1
Hepatocyte_15weeks_Animal3_Capture2_GGATGTTCATGTCCTC,5.15206234794835,15_30,0.6961088180990592,15,1
Hepatocyte_15weeks_Animal3_Capture2_GGATGTTGTAAGGATT,5.225770706075461,15_30,0.7060677499975285,15,1
Hepatocyte_15weeks_Animal3_Capture2_GGATGTTTCCAAACAC,4.621739843767664,15_30,0.624455537011815,15,1
Hepatocyte_15weeks_Animal3_Capture2_GGATTACGTACCGTAT,5.569373072520216,15_30,0.7524927776948634,15,1
Hepatocyte_15weeks_Animal3_Capture2_GGCAATTTCTCCAGGG,4.920771193159117,15_30,0.6648584562975927,15,1
Hepatocyte_15weeks_Animal3_Capture2_GGCTCGAAGAGCAATT,5.306119794503907,15_30,0.7169239285924043,15,1
Hepatocyte_15weeks_Animal3_Capture2_GGCTCGACAAGTCATC,5.448427626868443,15_30,0.7361515175273412,15,1
Hepatocyte_15weeks_Animal3_Capture2_GGCTCGATCACGACTA,5.514904262488159,15_30,0.7451333522038702,15,1
Hepatocyte_15weeks_Animal3_Capture2_GGCTGGTCAAGTTGTC,4.248056362630722,15_30,0.5739661700690867,15,1
Hepatocyte_15weeks_Animal3_Capture2_GGCTGGTTCAGTTCGA,5.508895340405486,15_30,0.7443214707927913,15,1
Hepatocyte_15weeks_Animal3_Capture2_GGGAATGAGAAGATTC,5.618124411640109,15_30,0.7590797005159758,15,1
Hepatocyte_15weeks_Animal3_Capture2_GGGAATGAGCTAGTTC,5.277761074133092,15_30,0.713092306615238,15,1
Hepatocyte_15weeks_Animal3_Capture2_GGGAATGGTCAACTGT,5.190100101584416,15_30,0.7012481999501522,15,1
Hepatocyte_15weeks_Animal3_Capture2_GGGACCTAGATGCGAC,4.9598727567996574,15_30,0.6701415723418852,15,1
Hepatocyte_15weeks_Animal3_Capture2_GGGACCTCAATAGCAA,5.597494882316388,15_30,0.7562923900554971,15,1
Hepatocyte_15weeks_Animal3_Capture2_GGGACCTCACGGTAGA,4.579186988599243,15_30,0.6187061078089977,15,1
Hepatocyte_15weeks_Animal3_Capture2_GGGACCTGTGTCCTCT,4.814531392683351,15_30,0.6505041148805647,15,1
Hepatocyte_15weeks_Animal3_Capture2_GGGAGATAGTCTCAAC,5.304618098948582,15_30,0.7167210305202221,15,1
Hepatocyte_15weeks_Animal3_Capture2_GGGAGATTCGCGATCG,4.209956366654693,15_30,0.5688183784902417,15,5
Hepatocyte_15weeks_Animal3_Capture2_GGGATGACACGAAGCA,4.890750706359748,15_30,0.6608023086477124,15,1
Hepatocyte_15weeks_Animal3_Capture2_GGGATGAGTAAGGATT,5.124103656913738,15_30,0.6923312451472392,15,1
Hepatocyte_15weeks_Animal3_Capture2_GGGATGAGTATCTGCA,5.6970712753017345,15_30,0.769746420800913,15,1
Hepatocyte_15weeks_Animal3_Capture2_GGGATGAGTGACGCCT,4.917973891875546,15_30,0.6644805054967547,15,1
Hepatocyte_15weeks_Animal3_Capture2_GGGATGATCAAGGTAA,4.917077377391914,15_30,0.664359375045401,15,1
Hepatocyte_15weeks_Animal3_Capture2_GGGCACTAGGTCATCT,4.843505182418546,15_30,0.6544188405120294,15,1
Hepatocyte_15weeks_Animal3_Capture2_GGGCACTCAACGATCT,5.163981050799001,15_30,0.6977191856750543,15,1
Hepatocyte_15weeks_Animal3_Capture2_GGGCACTTCTGTCTCG,4.691899723869921,15_30,0.6339350246262073,15,5
Hepatocyte_15weeks_Animal3_Capture2_GGGCATCCACTTAACG,4.73657821955443,15_30,0.6399716547608898,15,1
Hepatocyte_15weeks_Animal3_Capture2_GGGCATCTCAAACCGT,5.2066128879280065,15_30,0.703479286340195,15,1
Hepatocyte_15weeks_Animal3_Capture2_GGTATTGTCGACAGCC,5.36916138951524,15_30,0.725441645815274,15,1
Hepatocyte_15weeks_Animal3_Capture2_GGTGAAGTCTGCTTGC,5.50344305928745,15_30,0.7435847986198447,15,1
Hepatocyte_15weeks_Animal3_Capture2_GGTGCGTAGTGCCAGA,4.171309707532778,15_30,0.5635967258028385,15,1
Hepatocyte_15weeks_Animal3_Capture2_GTAACGTAGTATTGGA,5.0107502651340825,15_30,0.6770157675287127,15,1
Hepatocyte_15weeks_Animal3_Capture2_GTACTCCAGGCCCTCA,5.02692138320726,15_30,0.6792006902119063,15,1
Hepatocyte_15weeks_Animal3_Capture2_GTAGGCCAGACAAAGG,5.09057904156562,15_30,0.6878016453887081,15,1
Hepatocyte_15weeks_Animal3_Capture2_GTAGTCACAGCTGTAT,5.399991511613337,15_30,0.7296071854392466,15,1
Hepatocyte_15weeks_Animal3_Capture2_GTATCTTGTCGCCATG,5.177308864897075,15_30,0.6995199420116597,15,1
Hepatocyte_15weeks_Animal3_Capture2_GTATCTTTCCCTCAGT,5.462132201133162,15_30,0.7380031789300343,15,1
Hepatocyte_15weeks_Animal3_Capture2_GTATTCTAGCTACCGC,5.300316265335796,15_30,0.7161397983631523,15,1
Hepatocyte_15weeks_Animal3_Capture2_GTATTCTTCAGGCCCA,5.816498097190214,15_30,0.7858824956811447,15,1
Hepatocyte_15weeks_Animal3_Capture2_GTATTCTTCCCTAACC,2.9396822014669457,15_30,0.39718826455291006,15,1
Hepatocyte_15weeks_Animal3_Capture2_GTATTCTTCGGATGTT,5.432236359653101,15_30,0.7339638724400711,15,1
Hepatocyte_15weeks_Animal3_Capture2_GTCAAGTAGCGCCTTG,5.2760894233156606,15_30,0.7128664454365083,15,1
Hepatocyte_15weeks_Animal3_Capture2_GTCACAAAGCCCTAAT,4.958798364659031,15_30,0.6699964083681836,15,1
Hepatocyte_15weeks_Animal3_Capture2_GTCACAAGTAGGCATG,5.136403366495709,15_30,0.693993091553946,15,1
Hepatocyte_15weeks_Animal3_Capture2_GTCACAAGTATGAATG,5.2591891528406896,15_30,0.7105830050370397,15,1
Hepatocyte_15weeks_Animal3_Capture2_GTCACAATCTCTGTCG,5.634815946350795,15_30,0.7613349380723191,15,1
Hepatocyte_15weeks_Animal3_Capture2_GTCACGGCACTGCCAG,5.084040570796841,15_30,0.6869182152491558,15,1
Hepatocyte_15weeks_Animal3_Capture2_GTCATTTAGGTGATAT,4.860049133884386,15_30,0.6566541377044556,15,1
Hepatocyte_15weeks_Animal3_Capture2_GTCATTTCATGTCGAT,5.542319976053892,15_30,0.7488375620287347,15,1
Hepatocyte_15weeks_Animal3_Capture2_GTCATTTGTCTCCCTA,5.599543375732647,15_30,0.7565691674379454,15,7
Hepatocyte_15weeks_Animal3_Capture2_GTCATTTTCTTAACCT,5.0812185110441135,15_30,0.6865369192658379,15,1
Hepatocyte_15weeks_Animal3_Capture2_GTCCTCAAGCTAGCCC,4.788092772286937,15_30,0.6469319227071438,15,1
Hepatocyte_15weeks_Animal3_Capture2_GTCCTCAGTTTGGCGC,5.638781066645954,15_30,0.7618706759993616,15,1
Hepatocyte_15weeks_Animal3_Capture2_GTCGGGTCAAGCGCTC,5.3470902347123985,15_30,0.7224595535100431,15,1
Hepatocyte_15weeks_Animal3_Capture2_GTCGTAACATGTAGTC,5.602957649332809,15_30,0.7570304790060055,15,1
Hepatocyte_15weeks_Animal3_Capture2_GTCGTAATCGCTTAGA,5.368473130182384,15_30,0.7253486532700789,15,1
Hepatocyte_15weeks_Animal3_Capture2_GTCTCGTGTGAGGGTT,5.357827219705138,15_30,0.7239102560498172,15,1
Hepatocyte_15weeks_Animal3_Capture2_GTCTTCGCAGGTCTCG,3.7008731704216014,15_30,0.5000347966717824,15,1
Hepatocyte_15weeks_Animal3_Capture2_GTCTTCGTCACAGTAC,5.085320150966188,15_30,0.6870911027220145,15,1
Hepatocyte_15weeks_Animal3_Capture2_GTGAAGGAGCTAAACA,5.223063638495771,15_30,0.7057019909119144,15,1
Hepatocyte_15weeks_Animal3_Capture2_GTGAAGGAGTGTGAAT,5.426372857500859,15_30,0.733171639101757,15,1
Hepatocyte_15weeks_Animal3_Capture2_GTGAAGGGTCATATCG,5.524366659299788,15_30,0.7464118417515657,15,1
Hepatocyte_15weeks_Animal3_Capture2_GTGAAGGTCTCAAACG,4.624725925967071,15_30,0.6248589945032414,15,1
Hepatocyte_15weeks_Animal3_Capture2_GTGAAGGTCTCACATT,5.463466854307545,15_30,0.7381835074627745,15,1
Hepatocyte_15weeks_Animal3_Capture2_GTGCAGCCAGTATCTG,3.6584005222926406,15_30,0.4942962044549469,15,1
Hepatocyte_15weeks_Animal3_Capture2_GTGCATAAGGTGTGGT,4.94856786740784,15_30,0.6686141387314569,15,1
Hepatocyte_15weeks_Animal3_Capture2_GTGCATATCGCCTGTT,5.43228236568482,15_30,0.733970088437123,15,1
Hepatocyte_15weeks_Animal3_Capture2_GTGCATATCTGTCTAT,5.888428339453284,15_30,0.7956011816258642,15,1
Hepatocyte_15weeks_Animal3_Capture2_GTGCGGTCAAGTACCT,5.79594092897786,15_30,0.7831049621224787,15,1
Hepatocyte_15weeks_Animal3_Capture2_GTGGGTCGTGCTCTTC,5.330958380098444,15_30,0.7202799358170356,15,1
Hepatocyte_15weeks_Animal3_Capture2_GTGTGCGTCTTGTACT,4.623786935241125,15_30,0.6247321249740511,15,1
Hepatocyte_15weeks_Animal3_Capture2_GTTAAGCCAGTCGTGC,4.7655433160827805,15_30,0.6438852058301047,15,1
Hepatocyte_15weeks_Animal3_Capture2_GTTACAGAGGACATTA,3.828514640854244,15_30,0.5172807745196002,15,1
Hepatocyte_15weeks_Animal3_Capture2_GTTACAGGTTGCGTTA,5.808314711097314,15_30,0.7847768166663234,15,1
Hepatocyte_15weeks_Animal3_Capture2_GTTCATTAGTCAATAG,4.130035586843938,15_30,0.558020069809491,15,5
Hepatocyte_15weeks_Animal3_Capture2_GTTCATTCAAGCTGAG,4.065376625026358,15_30,0.5492838258647198,15,5
Hepatocyte_15weeks_Animal3_Capture2_GTTCATTCAGCAGTTT,1.5205314534088705,15_30,0.205443040365455,15,7
Hepatocyte_15weeks_Animal3_Capture2_GTTCATTGTCAGAGGT,5.167679432070713,15_30,0.6982188837846776,15,1
Hepatocyte_15weeks_Animal3_Capture2_GTTCATTGTTCACCTC,5.679860818718255,15_30,0.7674210703330481,15,1
Hepatocyte_15weeks_Animal3_Capture2_GTTCTCGAGGAATTAC,5.449993818938902,15_30,0.7363631298948656,15,1
Hepatocyte_15weeks_Animal3_Capture2_GTTCTCGCAGCTTAAC,4.9216761347339215,15_30,0.6649807253556014,15,1
Hepatocyte_15weeks_Animal3_Capture2_GTTCTCGGTCCCTTGT,4.768845169862256,15_30,0.6443313280578145,15,1
Hepatocyte_15weeks_Animal3_Capture2_GTTTCTAAGGTAGCCA,4.039465985190454,15_30,0.545782970546161,15,1
Hepatocyte_15weeks_Animal3_Capture2_GTTTCTAAGTGAACAT,5.404991124421816,15_30,0.7302826963954464,15,1
Hepatocyte_15weeks_Animal3_Capture2_GTTTCTAGTCAAAGAT,5.849733602315997,15_30,0.7903730329901986,15,1
Hepatocyte_15weeks_Animal3_Capture2_TAAGAGAAGTCGTTTG,4.637133179037409,15_30,0.6265353713960965,15,1
Hepatocyte_15weeks_Animal3_Capture2_TAAGAGACATGAAGTA,5.165751648135446,15_30,0.6979584157805853,15,1
Hepatocyte_15weeks_Animal3_Capture2_TAAGAGAGTCGAGATG,4.991586760125976,15_30,0.6744265355045428,15,1
Hepatocyte_15weeks_Animal3_Capture2_TAAGTGCCACTCAGGC,4.379386389216456,15_30,0.5917105185286736,15,1
Hepatocyte_15weeks_Animal3_Capture2_TACACGAGTGATGCCC,4.970645763954041,15_30,0.6715971419315268,15,1
Hepatocyte_15weeks_Animal3_Capture2_TACACGATCACATACG,4.813778658346397,15_30,0.6504024109464405,15,1
Hepatocyte_15weeks_Animal3_Capture2_TACAGTGAGATGTAAC,5.180389952624232,15_30,0.6999362359520979,15,1
Hepatocyte_15weeks_Animal3_Capture2_TACAGTGCACCAGATT,5.288113090400769,15_30,0.7144909950088101,15,1
Hepatocyte_15weeks_Animal3_Capture2_TACAGTGTCGCCTGTT,4.085557650705252,15_30,0.5520105378073569,15,5
Hepatocyte_15weeks_Animal3_Capture2_TACCTATCAATCCGAT,4.625434215681446,15_30,0.624954693406447,15,1
Hepatocyte_15weeks_Animal3_Capture2_TACCTATTCTGCCCTA,4.198738798793313,15_30,0.5673027431235539,15,5
Hepatocyte_15weeks_Animal3_Capture2_TACGGATTCGGTGTTA,4.44024129664213,15_30,0.5999327865880815,15,1
Hepatocyte_15weeks_Animal3_Capture2_TACGGGCCAAGAGTCG,5.371263792530694,15_30,0.7257257070667531,15,1
Hepatocyte_15weeks_Animal3_Capture2_TACGGGCTCAACACAC,5.672825605738651,15_30,0.7664705240349705,15,1
Hepatocyte_15weeks_Animal3_Capture2_TACGGTAAGTGCAAGC,5.311050861712628,15_30,0.7175901781706916,15,1
Hepatocyte_15weeks_Animal3_Capture2_TACGGTATCACCTCGT,3.339069700493193,15_30,0.45115056957458977,15,1
Hepatocyte_15weeks_Animal3_Capture2_TACGGTATCATCGGAT,5.266855717671484,15_30,0.7116188549594246,15,1
Hepatocyte_15weeks_Animal3_Capture2_TACTCGCAGGTGATAT,5.387793252845625,15_30,0.7279590463213185,15,1
Hepatocyte_15weeks_Animal3_Capture2_TACTCGCAGGTGTGGT,5.4363962072214544,15_30,0.7345259204858274,15,1
Hepatocyte_15weeks_Animal3_Capture2_TACTTACTCTGAGGGA,5.247079114728991,15_30,0.708946785646095,15,1
Hepatocyte_15weeks_Animal3_Capture2_TACTTGTGTAGGAGTC,5.158450288805633,15_30,0.6969719097427426,15,1
Hepatocyte_15weeks_Animal3_Capture2_TAGACCAAGGTGTTAA,5.678241059620255,15_30,0.7672022203822584,15,1
Hepatocyte_15weeks_Animal3_Capture2_TAGACCAGTAGGACAC,5.830559782856059,15_30,0.7877824073530657,15,1
Hepatocyte_15weeks_Animal3_Capture2_TAGCCGGAGATCCCGC,5.631573630520336,15_30,0.7608968601749226,15,1
Hepatocyte_15weeks_Animal3_Capture2_TAGCCGGAGCCTCGTG,4.788270771189927,15_30,0.6469559726113598,15,1
Hepatocyte_15weeks_Animal3_Capture2_TAGCCGGCAGCCAATT,5.43377561080043,15_30,0.7341718447479667,15,1
Hepatocyte_15weeks_Animal3_Capture2_TAGGCATGTCGAGATG,5.454256535814444,15_30,0.7369390768857452,15,1
Hepatocyte_15weeks_Animal3_Capture2_TAGTGGTAGCTGAAAT,5.6713013889866595,15_30,0.7662645830641323,15,1
Hepatocyte_15weeks_Animal3_Capture2_TAGTTGGTCAACACCA,5.713145835905823,15_30,0.7719182973481814,15,1
Hepatocyte_15weeks_Animal3_Capture2_TATCTCACACCGAATT,4.461859618381185,15_30,0.6028536954161844,15,1
Hepatocyte_15weeks_Animal3_Capture2_TATGCCCAGGCGACAT,4.476224493036071,15_30,0.6047945717571191,15,1
Hepatocyte_15weeks_Animal3_Capture2_TATTACCCAGCTTAAC,4.984189111554697,15_30,0.673427019571721,15,1
Hepatocyte_15weeks_Animal3_Capture2_TCAACGAGTGGCCCTA,5.001794110959469,15_30,0.6758056777673406,15,1
Hepatocyte_15weeks_Animal3_Capture2_TCAATCTTCTTGTTTG,5.209749949669033,15_30,0.7039031430782096,15,1
Hepatocyte_15weeks_Animal3_Capture2_TCACAAGCATTACGAC,5.443999335053309,15_30,0.7355531992669152,15,1
Hepatocyte_15weeks_Animal3_Capture2_TCACAAGTCAGATAAG,5.26945101915072,15_30,0.711969513030564,15,1
Hepatocyte_15weeks_Animal3_Capture2_TCACGAAGTCAGCTAT,4.649254213158751,15_30,0.628173076487089,15,5
Hepatocyte_15weeks_Animal3_Capture2_TCACGAATCTGCTGTC,4.754651061128097,15_30,0.6424135243536649,15,1
Hepatocyte_15weeks_Animal3_Capture2_TCAGATGCAGAGCCAA,5.285834777452118,15_30,0.7141831660993683,15,1
Hepatocyte_15weeks_Animal3_Capture2_TCAGCAACACTTCGAA,5.503376809104172,15_30,0.7435758473817451,15,1
Hepatocyte_15weeks_Animal3_Capture2_TCAGCAATCTCACATT,5.412595081522454,15_30,0.7313100872212405,15,1
Hepatocyte_15weeks_Animal3_Capture2_TCAGCTCAGCACAGGT,1.650098679656005,15_30,0.22294921219258412,15,5
Hepatocyte_15weeks_Animal3_Capture2_TCAGCTCTCTCGTTTA,4.638922639742211,15_30,0.6267771501813921,15,1
Hepatocyte_15weeks_Animal3_Capture2_TCATTACTCCCAACGG,5.281753623320899,15_30,0.7136317505327663,15,1
Hepatocyte_15weeks_Animal3_Capture2_TCATTTGAGCCGATTT,5.112419260652761,15_30,0.6907525353564563,15,1
Hepatocyte_15weeks_Animal3_Capture2_TCATTTGCAATTCCTT,5.417360337999938,15_30,0.7319539336715462,15,1
Hepatocyte_15weeks_Animal3_Capture2_TCATTTGGTAAACGCG,5.821089134087112,15_30,0.7865028028615151,15,1
Hepatocyte_15weeks_Animal3_Capture2_TCCACACTCTCCGGTT,5.385627264396572,15_30,0.7276663938731417,15,1
Hepatocyte_15weeks_Animal3_Capture2_TCGAGGCAGTGGTAAT,5.346846624321209,15_30,0.7224266386635146,15,1
Hepatocyte_15weeks_Animal3_Capture2_TCGAGGCTCTGCTGTC,5.306318159524055,15_30,0.7169507302167641,15,1
Hepatocyte_15weeks_Animal3_Capture2_TCGCGAGGTGATGCCC,4.836049922892052,15_30,0.6534115406101412,15,1
Hepatocyte_15weeks_Animal3_Capture2_TCGCGTTTCTAGCACA,4.992817173388092,15_30,0.6745927799060698,15,1
Hepatocyte_15weeks_Animal3_Capture2_TCGGGACAGGCAGTCA,5.229953222841051,15_30,0.7066328609386905,15,1
Hepatocyte_15weeks_Animal3_Capture2_TCGGTAATCACTGGGC,5.851453343605313,15_30,0.7906053918002233,15,1
Hepatocyte_15weeks_Animal3_Capture2_TCGTACCGTCAACATC,4.966539523254096,15_30,0.6710423368520411,15,1
Hepatocyte_15weeks_Animal3_Capture2_TCGTACCGTTATGCGT,5.477741855810513,15_30,0.7401122408036181,15,1
Hepatocyte_15weeks_Animal3_Capture2_TCGTAGACAGCTGCTG,4.072434835042111,15_30,0.5502374793533887,15,1
Hepatocyte_15weeks_Animal3_Capture2_TCTATTGGTGGCAAAC,5.359761680099348,15_30,0.7241716261279975,15,1
Hepatocyte_15weeks_Animal3_Capture2_TCTCATATCGCATGAT,4.8417756398784295,15_30,0.6541851574289952,15,1
Hepatocyte_15weeks_Animal3_Capture2_TCTCTAATCCTTGACC,4.676552194395164,15_30,0.6318613791844615,15,1
Hepatocyte_15weeks_Animal3_Capture2_TCTGAGAAGTAGGCCA,5.92107809123534,15_30,0.8000125762459789,15,1
Hepatocyte_15weeks_Animal3_Capture2_TCTGAGACAAGTACCT,4.643220180404244,15_30,0.6273578023064914,15,1
Hepatocyte_15weeks_Animal3_Capture2_TCTGGAAGTAGCGCTC,5.217221171180189,15_30,0.7049125996462106,15,1
Hepatocyte_15weeks_Animal3_Capture2_TCTTTCCCACAGAGGT,5.67387595318816,15_30,0.7666124392666374,15,1
Hepatocyte_15weeks_Animal3_Capture2_TCTTTCCCACGAAAGC,5.104754962833838,15_30,0.6897169917360624,15,5
Hepatocyte_15weeks_Animal3_Capture2_TCTTTCCGTTTCGCTC,5.052073104066646,15_30,0.6825990059732745,15,1
Hepatocyte_15weeks_Animal3_Capture2_TCTTTCCTCATAACCG,4.611470647990959,15_30,0.6230680387145949,15,1
Hepatocyte_15weeks_Animal3_Capture2_TGAAAGAAGATCCCGC,5.6744911096390815,15_30,0.7666955546874294,15,1
Hepatocyte_15weeks_Animal3_Capture2_TGAAAGAAGTCATCCA,4.473846603129737,15_30,0.6044732887406341,15,1
Hepatocyte_15weeks_Animal3_Capture2_TGACAACTCCAGATCA,5.278428692609733,15_30,0.7131825103195665,15,1
Hepatocyte_15weeks_Animal3_Capture2_TGACGGCCAAGGCTCC,4.077792476997671,15_30,0.5509613645779081,15,5
Hepatocyte_15weeks_Animal3_Capture2_TGACTAGGTAGCCTCG,5.621258020109787,15_30,0.7595030906733332,15,1
Hepatocyte_15weeks_Animal3_Capture2_TGACTAGGTCTTCTCG,5.93440870871359,15_30,0.8018137113547205,15,1
Hepatocyte_15weeks_Animal3_Capture2_TGACTTTCAATCGGTT,5.4479483498388745,15_30,0.7360867611358103,15,1
Hepatocyte_15weeks_Animal3_Capture2_TGAGAGGTCGATGAGG,5.2590855963445495,15_30,0.7105690132439934,15,1
Hepatocyte_15weeks_Animal3_Capture2_TGAGCATTCTGTCAAG,5.616986658233784,15_30,0.7589259756334964,15,1
Hepatocyte_15weeks_Animal3_Capture2_TGAGCCGGTCATCGGC,3.152841242758116,15_30,0.42598874837458073,15,5
Hepatocyte_15weeks_Animal3_Capture2_TGATTTCTCACGCATA,5.165959808544274,15_30,0.6979865408859078,15,1
Hepatocyte_15weeks_Animal3_Capture2_TGCACCTGTCCAGTAT,5.353081592376115,15_30,0.7232690617458584,15,1
Hepatocyte_15weeks_Animal3_Capture2_TGCCAAAGTTACGGAG,4.404575189568109,15_30,0.595113844198656,15,1
Hepatocyte_15weeks_Animal3_Capture2_TGCCCATCATTAACCG,5.119787149919262,15_30,0.6917480304306243,15,1
Hepatocyte_15weeks_Animal3_Capture2_TGCCCATTCTGAGGGA,5.591115837048471,15_30,0.755430500318503,15,1
Hepatocyte_15weeks_Animal3_Capture2_TGCCCTAAGCACACAG,3.954963272010122,15_30,0.534365584686778,15,5
Hepatocyte_15weeks_Animal3_Capture2_TGCGGGTTCTTCATGT,5.460037187232176,15_30,0.7377201160414228,15,1
Hepatocyte_15weeks_Animal3_Capture2_TGCGTGGCATCCGTGG,5.550670293075475,15_30,0.7499657955243875,15,1
Hepatocyte_15weeks_Animal3_Capture2_TGCGTGGGTGCCTGTG,5.50162716799058,15_30,0.7433394487271043,15,1
Hepatocyte_15weeks_Animal3_Capture2_TGCTACCCAGCGTTCG,5.808140567826129,15_30,0.7847532877067539,15,1
Hepatocyte_15weeks_Animal3_Capture2_TGCTACCCAGTCGTGC,5.433274767050234,15_30,0.734104174419571,15,1
Hepatocyte_15weeks_Animal3_Capture2_TGCTGCTCAATCAGAA,5.75796070347962,15_30,0.777973353050775,15,1
Hepatocyte_15weeks_Animal3_Capture2_TGGACGCAGAATGTTG,5.091332738004605,15_30,0.6879034793149913,15,1
Hepatocyte_15weeks_Animal3_Capture2_TGGACGCGTAACGTTC,4.399492456287492,15_30,0.5944271026148528,15,1
Hepatocyte_15weeks_Animal3_Capture2_TGGCCAGGTGACCAAG,5.440355123765519,15_30,0.735060820207594,15,1
Hepatocyte_15weeks_Animal3_Capture2_TGGCCAGTCCACGTGG,5.656339306124383,15_30,0.7642430163372259,15,1
Hepatocyte_15weeks_Animal3_Capture2_TGGCCAGTCGGTTAAC,5.312931997864048,15_30,0.7178443434688987,15,1
Hepatocyte_15weeks_Animal3_Capture2_TGGCTGGCATGGTAGG,4.667501097494718,15_30,0.6306384614594114,15,1
Hepatocyte_15weeks_Animal3_Capture2_TGGCTGGTCTAGAGTC,2.986497500143142,15_30,0.4035136038111624,15,1
Hepatocyte_15weeks_Animal3_Capture2_TGGGAAGAGGACTGGT,4.6942405762470445,15_30,0.6342513034038182,15,1
Hepatocyte_15weeks_Animal3_Capture2_TGGGAAGAGGAGTTGC,5.194309564944284,15_30,0.7018169517171869,15,1
Hepatocyte_15weeks_Animal3_Capture2_TGGGCGTTCAAGAAGT,5.221446372069155,15_30,0.7054834777525714,15,1
Hepatocyte_15weeks_Animal3_Capture2_TGGTTCCTCAGCGATT,4.400817766768287,15_30,0.5946061688314657,15,1
Hepatocyte_15weeks_Animal3_Capture2_TGGTTCCTCCACTGGG,4.72745940043677,15_30,0.6387395869073279,15,1
Hepatocyte_15weeks_Animal3_Capture2_TGTATTCAGTGGGCTA,5.48169950771871,15_30,0.7406469696570761,15,1
Hepatocyte_15weeks_Animal3_Capture2_TGTATTCGTTGAACTC,5.505985545418625,15_30,0.7439283206691285,15,1
Hepatocyte_15weeks_Animal3_Capture2_TGTATTCTCACTCCTG,5.325413567061251,15_30,0.7195307614108994,15,1
Hepatocyte_15weeks_Animal3_Capture2_TGTGGTAAGGTCATCT,5.277260945566681,15_30,0.7130247329172217,15,1
Hepatocyte_15weeks_Animal3_Capture2_TGTGGTATCAATCACG,5.187437196772692,15_30,0.7008884078133321,15,1
Hepatocyte_15weeks_Animal3_Capture2_TGTTCCGAGGCTACGA,5.324471229830912,15_30,0.7194034397266184,15,1
Hepatocyte_15weeks_Animal3_Capture2_TGTTCCGCACTGTCGG,5.5722121876300115,15_30,0.752876378072742,15,1
Hepatocyte_15weeks_Animal3_Capture2_TTAACTCGTCCGAATT,4.956832157729904,15_30,0.6697307489314112,15,1
Hepatocyte_15weeks_Animal3_Capture2_TTAGGACAGTGGGCTA,4.961004687111521,15_30,0.6702945104506168,15,1
Hepatocyte_15weeks_Animal3_Capture2_TTAGGCAAGTCAATAG,5.383409266330249,15_30,0.7273667142675351,15,1
Hepatocyte_15weeks_Animal3_Capture2_TTAGTTCTCACAAACC,4.370452425563306,15_30,0.590503426987553,15,1
Hepatocyte_15weeks_Animal3_Capture2_TTATGCTTCTTTCCTC,2.9945125849734056,15_30,0.40459654319569455,15,1
Hepatocyte_15weeks_Animal3_Capture2_TTCGAAGAGAGACTTA,3.411893107725529,15_30,0.4609899334088871,15,1
Hepatocyte_15weeks_Animal3_Capture2_TTCGAAGAGTCATCCA,4.992659840285894,15_30,0.6745715222130486,15,1
Hepatocyte_15weeks_Animal3_Capture2_TTCGAAGGTGTCGCTG,1.9743401921849102,15_30,0.26675834353103317,15,7
Hepatocyte_15weeks_Animal3_Capture2_TTCTACATCAGCTCGG,5.412930984086249,15_30,0.7313554719081655,15,1
Hepatocyte_15weeks_Animal3_Capture2_TTCTCAAAGCTAGGCA,4.229682453073155,15_30,0.5714836223819318,15,5
Hepatocyte_15weeks_Animal3_Capture2_TTCTCAAGTTCATGGT,5.0912719412743375,15_30,0.687895264907402,15,1
Hepatocyte_15weeks_Animal3_Capture2_TTCTCCTCACTTAACG,5.268940171076697,15_30,0.7119004909914232,15,1
Hepatocyte_15weeks_Animal3_Capture2_TTCTCCTTCTGTTGAG,4.905066643200494,15_30,0.6627365728706912,15,1
Hepatocyte_15weeks_Animal3_Capture2_TTCTTAGCAAAGGAAG,5.5225741362165355,15_30,0.7461696492001896,15,1
Hepatocyte_15weeks_Animal3_Capture2_TTGACTTAGTAAGTAC,4.153783149175614,15_30,0.5612286659853544,15,1
Hepatocyte_15weeks_Animal3_Capture2_TTGACTTTCGAGAGCA,5.4956933342751295,15_30,0.7425377127046155,15,1
Hepatocyte_15weeks_Animal3_Capture2_TTGCCGTCATGTTGAC,5.4105987472752926,15_30,0.7310403572025663,15,1
Hepatocyte_15weeks_Animal3_Capture2_TTGCGTCGTACGCTGC,5.3465694433942055,15_30,0.7223891880127917,15,1
Hepatocyte_15weeks_Animal3_Capture2_TTGGAACAGCCGATTT,5.481130544768062,15_30,0.7405700955627098,15,1
Hepatocyte_15weeks_Animal3_Capture2_TTGGAACCACATTCGA,5.4794259575103315,15_30,0.7403397842541135,15,1
Hepatocyte_15weeks_Animal3_Capture2_TTGGAACCACTGCCAG,4.8321626313710695,15_30,0.6528863183353457,15,1
Hepatocyte_15weeks_Animal3_Capture2_TTTATGCAGCGCTCCA,5.218258732241564,15_30,0.7050527872750398,15,1
Hepatocyte_15weeks_Animal3_Capture2_TTTATGCAGTTACCCA,5.664773676652661,15_30,0.7653826065252576,15,1
Hepatocyte_15weeks_Animal3_Capture2_TTTCCTCAGATGCGAC,5.222932526057142,15_30,0.7056842759623413,15,1
Hepatocyte_15weeks_Animal3_Capture2_TTTGCGCCATAGACTC,5.0705866927949765,15_30,0.6851004260839186,15,1
Hepatocyte_15weeks_Animal3_Capture2_TTTGCGCGTTGGGACA,5.225391005515175,15_30,0.7060164476470518,15,1
Hepatocyte_15weeks_Animal3_Capture2_TTTGGTTCAAGAGGCT,5.192270252110573,15_30,0.7015414147476132,15,1
Hepatocyte_15weeks_Animal3_Capture2_TTTGGTTTCTGAAAGA,5.081630124452904,15_30,0.686592533445977,15,1
Hepatocyte_15weeks_Animal3_Capture2_TTTGTCATCTAGCACA,5.306437579988135,15_30,0.7169668654326239,15,1
Hepatocyte_15weeks_Animal2_Capture2_AAAGATGCAGTGAGTG,4.448195267685808,15_30,0.6010074687267039,15,2
Hepatocyte_15weeks_Animal2_Capture2_AAAGCAAAGCCAGAAC,1.8606604887302534,15_30,0.2513987770760222,15,7
Hepatocyte_15weeks_Animal2_Capture2_AAGCCGCGTACCATCA,4.451295355622987,15_30,0.6014263298359472,15,2
Hepatocyte_15weeks_Animal2_Capture2_ACCTTTAAGAAGGTGA,4.398505756974576,15_30,0.5942937870518517,15,2
Hepatocyte_15weeks_Animal2_Capture2_AGCTTGAAGAATCTCC,5.153121138625112,15_30,0.6962518741175697,15,2
Hepatocyte_15weeks_Animal2_Capture2_AGGGATGAGGCGACAT,4.239689740192207,15_30,0.5728357335052755,15,8
Hepatocyte_15weeks_Animal2_Capture2_AGTTGGTAGAAGGACA,4.899985962180864,15_30,0.6620501085733168,15,2
Hepatocyte_15weeks_Animal2_Capture2_ATAACGCCAAAGTGCG,1.9464681044130272,15_30,0.26299247177589713,15,7
Hepatocyte_15weeks_Animal2_Capture2_ATAAGAGAGCCTCGTG,1.0478408561291421,15_30,0.14157655918244644,15,5
Hepatocyte_15weeks_Animal2_Capture2_CACACCTAGGGCTTGA,5.368624904307448,15_30,0.7253691598749453,15,2
Hepatocyte_15weeks_Animal2_Capture2_CAGCTAACACAGACAG,5.201987797935915,15_30,0.7028543781557512,15,2
Hepatocyte_15weeks_Animal2_Capture2_CATCAAGGTAGTGAAT,1.9114004797672166,15_30,0.2582543919358002,15,7
Hepatocyte_15weeks_Animal2_Capture2_CATGGCGAGTGACTCT,4.973358307735753,15_30,0.6719636409213305,15,8
Hepatocyte_15weeks_Animal2_Capture2_CATTCGCGTAGGCTGA,4.965948077714855,15_30,0.670962425075458,15,8
Hepatocyte_15weeks_Animal2_Capture2_CCTTCCCCAAGTCATC,4.893942515350157,15_30,0.6612335624318978,15,8
Hepatocyte_15weeks_Animal2_Capture2_CGACTTCTCGGGAGTA,4.032894192006203,15_30,0.544895038126612,15,2
Hepatocyte_15weeks_Animal2_Capture2_CGCTGGACATTGTGCA,2.882736737121287,15_30,0.3894942117242318,15,2
Hepatocyte_15weeks_Animal2_Capture2_CGTAGCGAGCGTTCCG,4.158267778399402,15_30,0.5618345961425907,15,2
Hepatocyte_15weeks_Animal2_Capture2_CGTCAGGAGTAACCCT,1.747068272416426,15_30,0.23605103124081128,15,7
Hepatocyte_15weeks_Animal2_Capture2_CGTTCTGCAACTGGCC,4.182656075824377,15_30,0.5651297637375069,15,2
Hepatocyte_15weeks_Animal2_Capture2_CTCGGGATCAGCCTAA,4.756847552377235,15_30,0.6427102981161198,15,2
Hepatocyte_15weeks_Animal2_Capture2_CTGGTCTTCGTGGTCG,4.747617557360127,15_30,0.6414632089917077,15,2
Hepatocyte_15weeks_Animal2_Capture2_CTTAGGAGTGCAACTT,4.709488747199316,15_30,0.6363115242518802,15,2
Hepatocyte_15weeks_Animal2_Capture2_CTTCTCTTCCAGTATG,2.111182489332785,15_30,0.28524746949657986,15,7
Hepatocyte_15weeks_Animal2_Capture2_GAAACTCGTCCGAACC,1.2450319418841516,15_30,0.1682195701505206,15,7
Hepatocyte_15weeks_Animal2_Capture2_GAAACTCTCTAACGGT,4.918744800635298,15_30,0.6645846650253806,15,8
Hepatocyte_15weeks_Animal2_Capture2_GACAGAGCAGATGAGC,2.1904786668082648,15_30,0.29596138649803283,15,7
Hepatocyte_15weeks_Animal2_Capture2_GATCGATGTAAGGGAA,5.033318472510027,15_30,0.6800650179263402,15,2
Hepatocyte_15weeks_Animal2_Capture2_GATGCTATCTTTAGGG,4.586777159529748,15_30,0.6197316359487547,15,2
Hepatocyte_15weeks_Animal2_Capture2_GCATGCGTCGGAAACG,1.9070103888594225,15_30,0.25766123510135525,15,7
Hepatocyte_15weeks_Animal2_Capture2_GCGCCAATCCCTAATT,5.524221459530406,15_30,0.7463922234253448,15,2
Hepatocyte_15weeks_Animal2_Capture2_GCTCTGTTCCGTCAAA,1.6093750815307795,15_30,0.21744693876396762,15,7
Hepatocyte_15weeks_Animal2_Capture2_GGAGCAACATCTCCCA,1.6675575791315385,15_30,0.2253081304389954,15,7
Hepatocyte_15weeks_Animal2_Capture2_GTCTTCGTCGCAAGCC,2.3669619300078546,15_30,0.31980650859929266,15,7
Hepatocyte_15weeks_Animal2_Capture2_GTGCATAGTTAAGTAG,5.639955042008287,15_30,0.7620292949264553,15,2
Hepatocyte_15weeks_Animal2_Capture2_GTTAAGCCAAGTCATC,2.2407817325413224,15_30,0.3027579672203415,15,7
Hepatocyte_15weeks_Animal2_Capture2_TAAACCGAGTGGTAGC,1.76707804982333,15_30,0.23875460537490384,15,7
Hepatocyte_15weeks_Animal2_Capture2_TACGGATAGATATGGT,4.855082633648399,15_30,0.6559831006758104,15,2
Hepatocyte_15weeks_Animal2_Capture2_TACGGTAAGACTACAA,5.346104521514091,15_30,0.7223263711836041,15,2
Hepatocyte_15weeks_Animal2_Capture2_TAGGCATAGAGTACAT,2.0342940626447104,15_30,0.2748588700945083,15,7
Hepatocyte_15weeks_Animal2_Capture2_TCAGCTCGTAGCACGA,3.6520780754076614,15_30,0.4934419618756913,15,2
Hepatocyte_15weeks_Animal2_Capture2_TCAGGTATCGCATGGC,5.1625831171678795,15_30,0.6975303071518492,15,2
Hepatocyte_15weeks_Animal2_Capture2_TCTGAGAAGCTCCCAG,2.0512886393467213,15_30,0.27715505245861377,15,7
Hepatocyte_15weeks_Animal2_Capture2_TGACAACGTGCGATAG,5.0798158254775245,15_30,0.6863473986960196,15,2
Hepatocyte_15weeks_Animal2_Capture2_TGAGAGGTCTCTGTCG,1.7534410675104455,15_30,0.23691207650022125,15,7
Hepatocyte_15weeks_Animal2_Capture2_TGATTTCTCGTACCGG,5.372513455311356,15_30,0.7258945523218218,15,2
Hepatocyte_15weeks_Animal2_Capture2_TGGCCAGCAGACAAGC,2.2164883886859124,15_30,0.2994756290542287,15,7
Hepatocyte_15weeks_Animal2_Capture2_TTAGTTCGTCATGCAT,1.6985125431978592,15_30,0.22949053779264209,15,7
Hepatocyte_15weeks_Animal2_Capture2_TTTACTGCACAGCCCA,4.688769011766096,15_30,0.6335120258045278,15,2
Hepatocyte_15weeks_Animal2_Capture1_AAGCCGCGTAGATTAG,1.8337355319095443,15_30,0.2477608746975124,15,7
Hepatocyte_15weeks_Animal2_Capture1_ACACTGAGTCCAGTAT,4.003572963813747,15_30,0.5409333691630385,15,2
Hepatocyte_15weeks_Animal2_Capture1_ACCAGTAAGCCTATGT,5.237557760743499,15_30,0.7076603302381587,15,8
Hepatocyte_15weeks_Animal2_Capture1_ACGAGGAGTCCCTACT,5.180127422725525,15_30,0.699900764840694,15,2
Hepatocyte_15weeks_Animal2_Capture1_ACGATGTGTCCTCTTG,1.8481481610277213,15_30,0.2497082032707292,15,7
Hepatocyte_15weeks_Animal2_Capture1_ACGGAGAAGCAATATG,1.6859308931782033,15_30,0.22779059766509174,15,5
Hepatocyte_15weeks_Animal2_Capture1_ACTATCTAGCAGGTCA,5.076023267678925,15_30,0.6858349761458913,15,4
Hepatocyte_15weeks_Animal2_Capture1_ACTGAGTCAATAGAGT,5.604080867312894,15_30,0.7571822399684668,15,2
Hepatocyte_15weeks_Animal2_Capture1_ACTGCTCGTGCACCAC,4.81221233945003,15_30,0.6501907814431308,15,2
Hepatocyte_15weeks_Animal2_Capture1_AGATCTGCAGGTGCCT,5.036110776925258,15_30,0.6804422935870343,15,2
Hepatocyte_15weeks_Animal2_Capture1_AGCGGTCTCTGATTCT,1.9242544212650323,15_30,0.25999112208766295,15,7
Hepatocyte_15weeks_Animal2_Capture1_AGCTTGATCCAAGTAC,5.281767891860888,15_30,0.7136336783930748,15,2
Hepatocyte_15weeks_Animal2_Capture1_AGGTCATTCAGTTCGA,5.0791495541531555,15_30,0.6862573770090101,15,2
Hepatocyte_15weeks_Animal2_Capture1_AGTAGTCGTTGATTCG,4.191740210062784,15_30,0.5663571452249746,15,2
Hepatocyte_15weeks_Animal2_Capture1_AGTTGGTAGTGCTGCC,5.248863942276063,15_30,0.7091879384331528,15,8
Hepatocyte_15weeks_Animal2_Capture1_ATCATCTCAACTTGAC,4.415883304825091,15_30,0.5966417136642886,15,2
Hepatocyte_15weeks_Animal2_Capture1_ATCTGCCGTTGTCGCG,5.567119561962613,15_30,0.7521882999023051,15,2
Hepatocyte_15weeks_Animal2_Capture1_ATGAGGGTCCTTGACC,4.644809426470955,15_30,0.627572529560638,15,2
Hepatocyte_15weeks_Animal2_Capture1_ATGCGATAGAAGGACA,1.0501268365685241,15_30,0.1418854240669115,15,7
Hepatocyte_15weeks_Animal2_Capture1_ATTACTCAGACTTGAA,4.468475153037562,15_30,0.603747537862128,15,8
Hepatocyte_15weeks_Animal2_Capture1_ATTGGTGGTGTGACGA,5.146247403551823,15_30,0.6953231455279985,15,2
Hepatocyte_15weeks_Animal2_Capture1_CAACTAGAGGATGGTC,4.753762660753424,15_30,0.6422934902211085,15,2
Hepatocyte_15weeks_Animal2_Capture1_CACACTCGTACGCTGC,2.261045082259869,15_30,0.30549580218247513,15,7
Hepatocyte_15weeks_Animal2_Capture1_CATCGAAAGATCTGCT,3.1438741914780666,15_30,0.4247771862763708,15,2
Hepatocyte_15weeks_Animal2_Capture1_CCACGGAAGATCTGAA,4.900188156719206,15_30,0.6620774276140438,15,2
Hepatocyte_15weeks_Animal2_Capture1_CCACGGAGTCCTCTTG,2.5175195498426444,15_30,0.3401487482153831,15,7
Hepatocyte_15weeks_Animal2_Capture1_CCATTCGAGCGTTCCG,0.8786186036492368,15_30,0.11871249151122415,15,7
Hepatocyte_15weeks_Animal2_Capture1_CGACTTCAGGCTAGGT,5.3806759487305476,15_30,0.7269974084720462,15,2
Hepatocyte_15weeks_Animal2_Capture1_CGACTTCGTACTTCTT,4.992656850094262,15_30,0.6745711182003208,15,2
Hepatocyte_15weeks_Animal2_Capture1_CGAGCACTCGTCCAGG,4.778155345455813,15_30,0.6455892505927208,15,2
Hepatocyte_15weeks_Animal2_Capture1_CGATGTATCGCGGATC,2.2261090299394932,15_30,0.30077549942847837,15,7
Hepatocyte_15weeks_Animal2_Capture1_CGATTGACATGCCTTC,5.179033762817718,15_30,0.6997529975478293,15,2
Hepatocyte_15weeks_Animal2_Capture1_CGCCAAGAGTGGTCCC,4.627756709230839,15_30,0.6252684916741164,15,8
Hepatocyte_15weeks_Animal2_Capture1_CGCTTCAGTAGTAGTA,5.215602544524836,15_30,0.7046939027027527,15,2
Hepatocyte_15weeks_Animal2_Capture1_CGTTCTGAGGCATGGT,5.276679728423101,15_30,0.712946203126324,15,10
Hepatocyte_15weeks_Animal2_Capture1_CTCACACTCAGTTGAC,5.352106667631782,15_30,0.72313733707607,15,2
Hepatocyte_15weeks_Animal2_Capture1_CTCATTATCCAAAGTC,4.66982886511492,15_30,0.6309529723207858,15,2
Hepatocyte_15weeks_Animal2_Capture1_CTCTACGAGGCAGTCA,1.9192773402352314,15_30,0.2593186554598828,15,7
Hepatocyte_15weeks_Animal2_Capture1_CTGAAGTAGATCTGAA,5.103270979382328,15_30,0.6895164867932368,15,2
Hepatocyte_15weeks_Animal2_Capture1_CTGGTCTAGACACTAA,5.202274941932404,15_30,0.7028931749432359,15,2
Hepatocyte_15weeks_Animal2_Capture1_CTTGGCTGTCCGCTGA,5.320677115382277,15_30,0.7188908068533723,15,2
Hepatocyte_15weeks_Animal2_Capture1_GATCGATCAAAGGTGC,0.5752937706811098,15_30,0.07772946826391808,15,7
Hepatocyte_15weeks_Animal2_Capture1_GATCGATGTTAAGGGC,5.046587997287862,15_30,0.6818578986381805,15,2
Hepatocyte_15weeks_Animal2_Capture1_GATCGATTCCCAGGTG,5.119341543390445,15_30,0.691687823349816,15,2
Hepatocyte_15weeks_Animal2_Capture1_GATCTAGCACGTTGGC,5.156197407439524,15_30,0.6966675169619169,15,2
Hepatocyte_15weeks_Animal2_Capture1_GATGCTAGTAAACACA,5.309420319287187,15_30,0.7173698712559109,15,2
Hepatocyte_15weeks_Animal2_Capture1_GCGAGAAAGCTAGGCA,1.4832792134801658,15_30,0.20040979135622286,15,7
Hepatocyte_15weeks_Animal2_Capture1_GCGCAACCATTTGCCC,1.3489528563949718,15_30,0.1822606007301889,15,7
Hepatocyte_15weeks_Animal2_Capture1_GCGCCAACATCAGTCA,4.618807368686894,15_30,0.6240593225204681,15,2
Hepatocyte_15weeks_Animal2_Capture1_GCTGGGTCAAAGCAAT,4.935971570891326,15_30,0.6669122196768422,15,8
Hepatocyte_15weeks_Animal2_Capture1_GGAACTTGTACCGAGA,4.57056927419363,15_30,0.61754174554308,15,2
Hepatocyte_15weeks_Animal2_Capture1_GGATGTTAGCGACGTA,4.627980763573635,15_30,0.625298764251042,15,8
Hepatocyte_15weeks_Animal2_Capture1_GGCGACTTCTCGCATC,5.500047369590799,15_30,0.743125997972312,15,2
Hepatocyte_15weeks_Animal2_Capture1_GGCTCGACAAGCCGTC,1.5802833050540452,15_30,0.21351627163070092,15,7
Hepatocyte_15weeks_Animal2_Capture1_GTAGGCCCACCACCAG,5.112186289521615,15_30,0.6907210580085904,15,2
Hepatocyte_15weeks_Animal2_Capture1_GTATTCTCATAGGATA,1.7885448181695627,15_30,0.24165503742185937,15,7
Hepatocyte_15weeks_Animal2_Capture1_GTCAAGTGTTCCAACA,5.457238190437483,15_30,0.7373419361555772,15,2
Hepatocyte_15weeks_Animal2_Capture1_GTCACGGGTTACTGAC,0.6371130674457556,15_30,0.08608203752653369,15,7
Hepatocyte_15weeks_Animal2_Capture1_GTCTCGTCATCACGAT,5.245065269107923,15_30,0.7086746896192149,15,2
Hepatocyte_15weeks_Animal2_Capture1_GTGCATAAGAATGTGT,5.378844809485819,15_30,0.7267499983886005,15,2
Hepatocyte_15weeks_Animal2_Capture1_GTGCATATCTTGACGA,4.93344389311381,15_30,0.6665706984235247,15,8
Hepatocyte_15weeks_Animal2_Capture1_GTTCTCGTCGGCTTGG,4.810365757984086,15_30,0.6499412849201912,15,2
Hepatocyte_15weeks_Animal2_Capture1_GTTTCTAAGCAGGCTA,1.474520700982185,15_30,0.1992264054863482,15,7
Hepatocyte_15weeks_Animal2_Capture1_TACGGATGTGCTTCTC,5.113878618631915,15_30,0.6909497130863526,15,2
Hepatocyte_15weeks_Animal2_Capture1_TACGGATTCATCTGCC,3.8612108757464005,15_30,0.5216984495960929,15,2
Hepatocyte_15weeks_Animal2_Capture1_TCCACACCAGTATAAG,5.387516985438894,15_30,0.7279217190987441,15,2
Hepatocyte_15weeks_Animal2_Capture1_TGACGGCGTCGGATCC,4.666702849111482,15_30,0.6305306080016937,15,2
Hepatocyte_15weeks_Animal2_Capture1_TGAGCATTCGCAGGCT,4.930911691943644,15_30,0.6662285660026204,15,8
Hepatocyte_15weeks_Animal2_Capture1_TGCGCAGGTCAATACC,4.137744008980262,15_30,0.559061575183521,15,8
Hepatocyte_15weeks_Animal2_Capture1_TGGACGCAGGTAAACT,4.836853079680267,15_30,0.6535200572554833,15,2
Hepatocyte_15weeks_Animal2_Capture1_TGGCCAGAGAGCCCAA,5.330888079331502,15_30,0.7202704372938264,15,2
Hepatocyte_15weeks_Animal2_Capture1_TGGCGCATCCGTAGGC,1.2041058271135883,15_30,0.16268993416044605,15,7
Hepatocyte_15weeks_Animal2_Capture1_TGGCTGGTCTTGGGTA,2.0330249735888084,15_30,0.274687400103832,15,7
Hepatocyte_15weeks_Animal2_Capture1_TGTATTCTCCTTCAAT,1.246171244475276,15_30,0.16837350434747003,15,7
Hepatocyte_15weeks_Animal2_Capture1_TTCTTAGAGAGGGATA,1.1014221193128433,15_30,0.14881606586308935,15,7
Hepatocyte_15weeks_Animal2_Capture1_TTGAACGAGTGGGTTG,5.180472113161238,15_30,0.6999473368803178,15,2
Hepatocyte_15weeks_Animal2_Capture1_TTGGCAAAGAGCAATT,5.497356867481212,15_30,0.7427624770913306,15,2
Hepatocyte_15weeks_Animal2_Capture1_TTTACTGCAGGGTACA,5.178621762840892,15_30,0.6996973311374569,15,2
Hepatocyte_15weeks_Animal2_Capture1_TTTGGTTAGTGGAGTC,4.778004573578778,15_30,0.6455688794042457,15,2
Hepatocyte_15weeks_Animal1_Capture1_AACTCAGGTTGTCGCG,4.594723863050012,15_30,0.6208053361529996,15,2
Hepatocyte_15weeks_Animal1_Capture1_AACTTTCAGGTGGGTT,5.34298105101488,15_30,0.7219043507943441,15,2
Hepatocyte_15weeks_Animal1_Capture1_AAGCCGCCATAGACTC,4.071360661242817,15_30,0.5500923448803641,15,2
Hepatocyte_15weeks_Animal1_Capture1_AAGTCTGCAAGTCATC,4.508535754061298,15_30,0.6091602319926785,15,2
Hepatocyte_15weeks_Animal1_Capture1_ACGAGCCGTGATGTCT,5.496108299991494,15_30,0.7425937798239285,15,2
Hepatocyte_15weeks_Animal1_Capture1_ACGCCAGGTTCAGTAC,5.096753360776869,15_30,0.6886358740448152,15,2
Hepatocyte_15weeks_Animal1_Capture1_ACGCCGAAGACAATAC,4.192690646798966,15_30,0.5664855612549873,15,2
Hepatocyte_15weeks_Animal1_Capture1_AGCATACGTCATACTG,4.774290971518322,15_30,0.6450671247734572,15,2
Hepatocyte_15weeks_Animal1_Capture1_AGCGTCGAGGCCGAAT,2.904394990583051,15_30,0.3924205158333741,15,2
Hepatocyte_15weeks_Animal1_Capture1_AGTGAGGCATGTTCCC,4.839518921503634,15_30,0.653880246219742,15,2
Hepatocyte_15weeks_Animal1_Capture1_ATCACGATCTCTGTCG,1.689500072893145,15_30,0.22827283900946146,15,2
Hepatocyte_15weeks_Animal1_Capture1_ATGGGAGCACCGTTGG,4.206727817332566,15_30,0.5683821606223242,15,2
Hepatocyte_15weeks_Animal1_Capture1_ATTACTCTCAATAAGG,3.960685133869259,15_30,0.5351386806291585,15,2
Hepatocyte_15weeks_Animal1_Capture1_CACAAACCAACACCTA,5.403957073594612,15_30,0.7301429830436726,15,2
Hepatocyte_15weeks_Animal1_Capture1_CACAGGCAGCCTCGTG,3.6260860987827903,15_30,0.48993011692769634,15,2
Hepatocyte_15weeks_Animal1_Capture1_CACATTTCATTGGCGC,5.343024371806308,15_30,0.7219102039814531,15,2
Hepatocyte_15weeks_Animal1_Capture1_CAGCAGCGTGGGTCAA,3.1331585999176523,15_30,0.4233293742600192,15,2
Hepatocyte_15weeks_Animal1_Capture1_CAGCTGGCACCCATTC,4.820250712456018,15_30,0.6512768673548952,15,2
Hepatocyte_15weeks_Animal1_Capture1_CATATGGTCACCTCGT,5.455306491901631,15_30,0.73708093923941,15,2
Hepatocyte_15weeks_Animal1_Capture1_CATATTCGTTATCCGA,5.260492796363954,15_30,0.7107591437735136,15,2
Hepatocyte_15weeks_Animal1_Capture1_CATTATCGTTCAGCGC,4.801232935045856,15_30,0.648707324973264,15,2
Hepatocyte_15weeks_Animal1_Capture1_CCATTCGGTACAGACG,4.779135001346305,15_30,0.6457216145002239,15,2
Hepatocyte_15weeks_Animal1_Capture1_CCCAATCGTCCGAGTC,4.699726523952372,15_30,0.6349925243587295,15,2
Hepatocyte_15weeks_Animal1_Capture1_CCCATACCAAAGTGCG,5.403702776981801,15_30,0.7301086243533782,15,2
Hepatocyte_15weeks_Animal1_Capture1_CCCTCCTCAACTGCTA,4.793461168693274,15_30,0.6476572609940515,15,2
Hepatocyte_15weeks_Animal1_Capture1_CCGGTAGTCTTGAGAC,5.14993104891519,15_30,0.6958208526299341,15,2
Hepatocyte_15weeks_Animal1_Capture1_CCGTTCATCCTAGTGA,4.482291781873721,15_30,0.6056143392553763,15,2
Hepatocyte_15weeks_Animal1_Capture1_CCTACACCAGCTGCAC,4.913224323913962,15_30,0.6638387787634717,15,2
Hepatocyte_15weeks_Animal1_Capture1_CCTCAGTCATCCCACT,5.0962523899995995,15_30,0.6885681865534543,15,2
Hepatocyte_15weeks_Animal1_Capture1_CCTTCGAGTCTCCATC,4.096501986843724,15_30,0.5534892561107687,15,2
Hepatocyte_15weeks_Animal1_Capture1_CGAATGTAGTACACCT,4.886225229388777,15_30,0.6601908594429388,15,2
Hepatocyte_15weeks_Animal1_Capture1_CGCCAAGTCCGCTGTT,5.019468904665649,15_30,0.6781937660562669,15,2
Hepatocyte_15weeks_Animal1_Capture1_CGCTGGAAGTACGACG,3.4331961470816714,15_30,0.46386824359743273,15,2
Hepatocyte_15weeks_Animal1_Capture1_CGTAGCGGTTTACTCT,4.652207272323899,15_30,0.6285720721487091,15,2
Hepatocyte_15weeks_Animal1_Capture1_CGTGTCTGTCTTCAAG,4.109198960587674,15_30,0.5552047779327932,15,2
Hepatocyte_15weeks_Animal1_Capture1_CTAACTTTCTATCGCC,4.573471192216498,15_30,0.6179338313892312,15,2
Hepatocyte_15weeks_Animal1_Capture1_CTGCTGTTCGGCTACG,5.171282467849931,15_30,0.6987056995117502,15,2
Hepatocyte_15weeks_Animal1_Capture1_CTGGTCTAGGTGATAT,4.073720103711303,15_30,0.5504111354145594,15,2
Hepatocyte_15weeks_Animal1_Capture1_CTGTTTATCCATGAAC,5.35446732271869,15_30,0.7234562914503587,15,2
Hepatocyte_15weeks_Animal1_Capture1_CTTAGGAGTCATCGGC,4.817773450585247,15_30,0.6509421579285485,15,2
Hepatocyte_15weeks_Animal1_Capture1_CTTGGCTAGCCGGTAA,5.442862640339948,15_30,0.735399617427252,15,2
Hepatocyte_15weeks_Animal1_Capture1_CTTGGCTGTAGCAAAT,5.082833489176362,15_30,0.6867551232476555,15,2
Hepatocyte_15weeks_Animal1_Capture1_GAATAAGGTAGCAAAT,1.6511764210769122,15_30,0.22309482869643385,15,2
Hepatocyte_15weeks_Animal1_Capture1_GACGTGCCATCTACGA,5.117536442670554,15_30,0.6914439314005709,15,2
Hepatocyte_15weeks_Animal1_Capture1_GACGTTACACGTAAGG,3.8671084651160044,15_30,0.522495288548817,15,2
Hepatocyte_15weeks_Animal1_Capture1_GACTGCGCAGCTTAAC,5.246842306263245,15_30,0.7089147898257665,15,2
Hepatocyte_15weeks_Animal1_Capture1_GAGGTGAGTATGAATG,5.215924788690206,15_30,0.7047374419672152,15,2
Hepatocyte_15weeks_Animal1_Capture1_GATGAGGTCGCCTGTT,5.0652259718136134,15_30,0.6843761248440507,15,2
Hepatocyte_15weeks_Animal1_Capture1_GCAGCCAGTGATAAGT,5.307860740859156,15_30,0.7171591524751683,15,2
Hepatocyte_15weeks_Animal1_Capture1_GCAGCCATCGTCCAGG,2.3576023146688074,15_30,0.3185419061291536,15,2
Hepatocyte_15weeks_Animal1_Capture1_GCGCCAAAGCCACTAT,4.5882059782930895,15_30,0.6199246874441473,15,2
Hepatocyte_15weeks_Animal1_Capture1_GCTCCTATCCGTCAAA,4.851027801471089,15_30,0.655435241538263,15,2
Hepatocyte_15weeks_Animal1_Capture1_GCTTGAAAGTCGTACT,4.86833180637497,15_30,0.6577732315679873,15,2
Hepatocyte_15weeks_Animal1_Capture1_GGAATAACACAAGTAA,4.479009986327177,15_30,0.605170927148755,15,2
Hepatocyte_15weeks_Animal1_Capture1_GGCGACTAGCGTTGCC,5.428543874472432,15_30,0.7334649709669577,15,2
Hepatocyte_15weeks_Animal1_Capture1_GGGAATGGTCTAGTCA,4.5861223926191785,15_30,0.619643168653628,15,2
Hepatocyte_15weeks_Animal1_Capture1_GTATCTTGTTGGTAAA,4.733339560074233,15_30,0.6395340708826817,15,2
Hepatocyte_15weeks_Animal1_Capture1_GTGGGTCTCAGTACGT,4.34349218621,15_30,0.5868607574924195,15,2
Hepatocyte_15weeks_Animal1_Capture1_GTTCATTAGTGGGATC,4.8032474351445655,15_30,0.6489795094283555,15,2
Hepatocyte_15weeks_Animal1_Capture1_TAAACCGCACTCAGGC,5.355604287222098,15_30,0.7236099097420713,15,2
Hepatocyte_15weeks_Animal1_Capture1_TACCTTATCATGTCTT,5.259598134756719,15_30,0.7106382636692076,15,2
Hepatocyte_15weeks_Animal1_Capture1_TAGAGCTCACTACAGT,5.354532156815419,15_30,0.7234650513572464,15,2
Hepatocyte_15weeks_Animal1_Capture1_TAGTGGTAGACCTAGG,3.8687651151689546,15_30,0.5227191229344437,15,2
Hepatocyte_15weeks_Animal1_Capture1_TATGCCCAGTGTACTC,4.296142892364116,15_30,0.5804632687294955,15,2
Hepatocyte_15weeks_Animal1_Capture1_TATTACCGTGTGTGCC,4.264666072083461,15_30,0.5762103519976535,15,2
Hepatocyte_15weeks_Animal1_Capture1_TCAGATGCATAGTAAG,1.4663341339420468,15_30,0.198120296685303,15,7
Hepatocyte_15weeks_Animal1_Capture1_TCAGGTAGTCGGGTCT,4.799907182656205,15_30,0.6485281990491728,15,2
Hepatocyte_15weeks_Animal1_Capture1_TCCACACCACGTCAGC,1.6354480017716733,15_30,0.22096972021875866,15,2
Hepatocyte_15weeks_Animal1_Capture1_TCTTCGGAGCCAGGAT,5.274895238369101,15_30,0.712705095938851,15,2
Hepatocyte_15weeks_Animal1_Capture1_TCTTTCCTCCTTTCGG,4.854565904860327,15_30,0.6559132840777863,15,2
Hepatocyte_15weeks_Animal1_Capture1_TGAAAGAAGTAGGTGC,4.878951256384316,15_30,0.6592080536442015,15,2
Hepatocyte_15weeks_Animal1_Capture1_TGCCCTATCTTCGAGA,5.17818233283386,15_30,0.6996379585829002,15,2
Hepatocyte_15weeks_Animal1_Capture1_TGGGAAGTCATTATCC,5.0526960576448845,15_30,0.682683174884633,15,2
Hepatocyte_15weeks_Animal1_Capture1_TGTGGTACAAAGGTGC,5.093561007321342,15_30,0.6882045466965027,15,2
Hepatocyte_15weeks_Animal1_Capture1_TTAGGACTCGTTGCCT,5.3587338037068575,15_30,0.7240327470204856,15,2
Hepatocyte_15weeks_Animal1_Capture1_TTCCCAGTCAGCAACT,4.212868949846952,15_30,0.5692119053357361,15,2
Hepatocyte_15weeks_Animal1_Capture1_TTTATGCAGTTACCCA,3.735556200081553,15_30,0.504720912862573,15,2
Hepatocyte_15weeks_Animal1_Capture2_AACACGTTCACGACTA,5.027949202306482,15_30,0.6793395615783726,15,2
Hepatocyte_15weeks_Animal1_Capture2_AACTCAGTCCATTCTA,5.363686695164772,15_30,0.7247019453310058,15,2
Hepatocyte_15weeks_Animal1_Capture2_AACTTTCCATCTACGA,4.833296725787093,15_30,0.6530395488419342,15,2
Hepatocyte_15weeks_Animal1_Capture2_AAGTCTGTCTGAAAGA,4.588393769375847,15_30,0.6199500603957615,15,2
Hepatocyte_15weeks_Animal1_Capture2_ACATGGTGTATTCTCT,3.746639240227029,15_30,0.5062183718325104,15,2
Hepatocyte_15weeks_Animal1_Capture2_ACCCACTGTGCAGGTA,5.093023056172018,15_30,0.6881318626889226,15,2
Hepatocyte_15weeks_Animal1_Capture2_ACGGGCTCATTCGACA,4.8274336035414755,15_30,0.6522473668338122,15,10
Hepatocyte_15weeks_Animal1_Capture2_ACTGAACCACATCCGG,4.300890260321598,15_30,0.5811046982143853,15,2
Hepatocyte_15weeks_Animal1_Capture2_AGACGTTAGATCACGG,5.38340364126311,15_30,0.7273659542497842,15,2
Hepatocyte_15weeks_Animal1_Capture2_AGACGTTCACTATCTT,5.345054549551892,15_30,0.7221845066850243,15,2
Hepatocyte_15weeks_Animal1_Capture2_AGCGGTCCACAACTGT,3.857029769504727,15_30,0.521133529234561,15,2
Hepatocyte_15weeks_Animal1_Capture2_AGCTCCTTCTACCAGA,5.60771052243132,15_30,0.7576726523051112,15,2
Hepatocyte_15weeks_Animal1_Capture2_AGGCCGTGTGTGGTTT,5.364297608217964,15_30,0.7247844874150681,15,2
Hepatocyte_15weeks_Animal1_Capture2_AGGGAGTCACGAAGCA,4.429313519344634,15_30,0.5984563055936232,15,2
Hepatocyte_15weeks_Animal1_Capture2_ATAAGAGAGTAGCGGT,5.396652951712672,15_30,0.7291561037500799,15,2
Hepatocyte_15weeks_Animal1_Capture2_ATCTGCCAGCGAGAAA,3.6800907496053252,15_30,0.4972268286359499,15,10
Hepatocyte_15weeks_Animal1_Capture2_ATTACTCGTCTGCCAG,3.6816853477936817,15_30,0.49744227902945726,15,2
Hepatocyte_15weeks_Animal1_Capture2_CAACCTCGTACCATCA,5.437755692862047,15_30,0.734709604198986,15,2
Hepatocyte_15weeks_Animal1_Capture2_CAACTAGTCGCTAGCG,4.969229216224102,15_30,0.6714057484080261,15,2
Hepatocyte_15weeks_Animal1_Capture2_CACCACTCAGCTGCTG,4.849482125221207,15_30,0.6552264011177085,15,2
Hepatocyte_15weeks_Animal1_Capture2_CAGAGAGCAGGGTTAG,5.061034565012244,15_30,0.6838098127465593,15,2
Hepatocyte_15weeks_Animal1_Capture2_CAGATCAAGTTACGGG,4.56638963950457,15_30,0.6169770240069273,15,2
Hepatocyte_15weeks_Animal1_Capture2_CAGCATAGTCAAACTC,4.659089759259609,15_30,0.6295019832256407,15,2
Hepatocyte_15weeks_Animal1_Capture2_CAGCTGGAGAGTAATC,4.217713254862601,15_30,0.5698664322438388,15,2
Hepatocyte_15weeks_Animal1_Capture2_CAGGTGCCATCGGTTA,5.51758069931726,15_30,0.7454949726874741,15,2
Hepatocyte_15weeks_Animal1_Capture2_CAGTCCTCACCTGGTG,3.4610751303047644,15_30,0.46763504701528325,15,2
Hepatocyte_15weeks_Animal1_Capture2_CATATGGGTCCCTTGT,5.128661843996181,15_30,0.6929471139019907,15,2
Hepatocyte_15weeks_Animal1_Capture2_CATCGAACAAGCGTAG,4.8282297503684575,15_30,0.6523549363446867,15,2
Hepatocyte_15weeks_Animal1_Capture2_CATGACAAGTACATGA,4.5587882948631915,15_30,0.6159499861574377,15,2
Hepatocyte_15weeks_Animal1_Capture2_CCCTCCTCAATCAGAA,4.727468291041188,15_30,0.6387407881404877,15,2
Hepatocyte_15weeks_Animal1_Capture2_CCGTACTCATGTAAGA,2.918970706972531,15_30,0.39438987956067223,15,2
Hepatocyte_15weeks_Animal1_Capture2_CCTACCATCCCTTGTG,5.139586228568124,15_30,0.6944231364962948,15,2
Hepatocyte_15weeks_Animal1_Capture2_CGAATGTCAGACACTT,5.236492774756812,15_30,0.707516437154881,15,2
Hepatocyte_15weeks_Animal1_Capture2_CGATGTATCGACGGAA,5.456655179150542,15_30,0.737263163953208,15,2
Hepatocyte_15weeks_Animal1_Capture2_CGCCAAGTCAATAAGG,3.904789896700679,15_30,0.5275865267818198,15,2
Hepatocyte_15weeks_Animal1_Capture2_CGCGGTATCAGTACGT,5.043850027221928,15_30,0.6814879642356306,15,2
Hepatocyte_15weeks_Animal1_Capture2_CGCTATCTCAGTCCCT,4.70501660508597,15_30,0.6357072812612782,15,2
Hepatocyte_15weeks_Animal1_Capture2_CGGGTCAGTCCCTACT,5.102141849871209,15_30,0.6893639271081275,15,2
Hepatocyte_15weeks_Animal1_Capture2_CGGTTAATCGAACTGT,5.298437730334302,15_30,0.7158859845132155,15,2
Hepatocyte_15weeks_Animal1_Capture2_CGTGAGCAGTGGGCTA,4.92269220053928,15_30,0.6651180087033389,15,2
Hepatocyte_15weeks_Animal1_Capture2_CGTGTAACAAGACACG,2.4546885552780586,15_30,0.33165948577783533,15,2
Hepatocyte_15weeks_Animal1_Capture2_CTCGTACAGAACAATC,4.20049873969837,15_30,0.5675405334103565,15,2
Hepatocyte_15weeks_Animal1_Capture2_CTCGTCAGTGCATCTA,4.896341787505587,15_30,0.6615577344608095,15,2
Hepatocyte_15weeks_Animal1_Capture2_CTCTAATGTCTCAACA,4.542979058085939,15_30,0.6138139582166182,15,2
Hepatocyte_15weeks_Animal1_Capture2_CTGAAGTTCAACACGT,2.8805621818495135,15_30,0.3892004017898998,15,2
Hepatocyte_15weeks_Animal1_Capture2_CTGCCTACATTAGGCT,2.826192844161764,15_30,0.38185441627135897,15,2
Hepatocyte_15weeks_Animal1_Capture2_CTGGTCTCACGCGAAA,3.411518763684918,15_30,0.4609393547920006,15,2
Hepatocyte_15weeks_Animal1_Capture2_GAAATGATCCTCGCAT,3.96984016600572,15_30,0.5363756413198046,15,2
Hepatocyte_15weeks_Animal1_Capture2_GACCTGGAGGTTACCT,5.4120322871945445,15_30,0.7312340465858647,15,2
Hepatocyte_15weeks_Animal1_Capture2_GCACTCTCAGTTAACC,4.814043649037529,15_30,0.6504382145420403,15,2
Hepatocyte_15weeks_Animal1_Capture2_GCTGCTTCAGCGTAAG,5.292708974064591,15_30,0.7151119570487237,15,2
Hepatocyte_15weeks_Animal1_Capture2_GGATTACCAAGCCATT,5.562787565724359,15_30,0.7516029923928527,15,2
Hepatocyte_15weeks_Animal1_Capture2_GGGAGATCATCCGTGG,3.586872749214628,15_30,0.48463189719002786,15,2
Hepatocyte_15weeks_Animal1_Capture2_GTAGGCCTCGACCAGC,4.793340982170242,15_30,0.6476410222739334,15,2
Hepatocyte_15weeks_Animal1_Capture2_GTAGTCACAAAGTGCG,5.223456778188178,15_30,0.7057551090592014,15,2
Hepatocyte_15weeks_Animal1_Capture2_GTCCTCAAGTGTACGG,5.178860036877786,15_30,0.6997295249749931,15,2
Hepatocyte_15weeks_Animal1_Capture2_GTCGGGTAGAGGTAGA,5.0648629538023044,15_30,0.684327076517044,15,2
Hepatocyte_15weeks_Animal1_Capture2_GTGCAGCGTCCGAATT,4.205247210642092,15_30,0.5681821119226446,15,2
Hepatocyte_15weeks_Animal1_Capture2_GTGTGCGCAAGGTTCT,4.8261835850793995,15_30,0.6520784735216837,15,2
Hepatocyte_15weeks_Animal1_Capture2_GTTCATTAGTTACGGG,5.543173229829041,15_30,0.7489528474109456,15,2
Hepatocyte_15weeks_Animal1_Capture2_GTTCGGGGTTTAAGCC,2.922299569977161,15_30,0.3948396510764788,15,2
Hepatocyte_15weeks_Animal1_Capture2_TAAGAGAGTGTGGTTT,2.2060187467697796,15_30,0.2980610479470995,15,2
Hepatocyte_15weeks_Animal1_Capture2_TACGGATCAGATCCAT,1.6370285987840794,15_30,0.2211832788762223,15,2
Hepatocyte_15weeks_Animal1_Capture2_TACTCATGTCAGATAA,4.00184182657162,15_30,0.5406994706155831,15,2
Hepatocyte_15weeks_Animal1_Capture2_TACTTGTGTATATGAG,4.765680118029011,15_30,0.6439036895041508,15,2
Hepatocyte_15weeks_Animal1_Capture2_TAGCCGGGTCTCACCT,2.9727403095052622,15_30,0.4016548332706406,15,0
Hepatocyte_15weeks_Animal1_Capture2_TATTACCAGTGTGGCA,5.478910218582477,15_30,0.7402701013987305,15,2
Hepatocyte_15weeks_Animal1_Capture2_TCGTACCTCATGCATG,4.52860761142329,15_30,0.6118721939142716,15,2
Hepatocyte_15weeks_Animal1_Capture2_TGAGCATTCGTTGCCT,5.497860522327641,15_30,0.7428305272343995,15,2
Hepatocyte_15weeks_Animal1_Capture2_TGCCCATTCTCTTGAT,5.156192914634729,15_30,0.6966669099271365,15,2
Hepatocyte_15weeks_Animal1_Capture2_TGCGGGTCAATGACCT,5.289016435843404,15_30,0.7146130484091651,15,2
Hepatocyte_15weeks_Animal1_Capture2_TGCGGGTTCATATCGG,3.1837512015750122,15_30,0.4301650749495277,15,7
Hepatocyte_15weeks_Animal1_Capture2_TGCGTGGTCCTACAGA,5.052432317494998,15_30,0.68264754025298,15,2
Hepatocyte_15weeks_Animal1_Capture2_TGCTGCTGTCGAGTTT,3.4610340746187385,15_30,0.4676294998725769,15,10
Hepatocyte_15weeks_Animal1_Capture2_TGCTGCTTCCTCATTA,3.6963770109176943,15_30,0.49942730862779633,15,2
Hepatocyte_15weeks_Animal1_Capture2_TGGACGCAGATCACGG,3.352853272875183,15_30,0.453012904622579,15,2
Hepatocyte_15weeks_Animal1_Capture2_TGGCCAGGTAGCAAAT,4.746604655721942,15_30,0.6413263531629951,15,2
Hepatocyte_15weeks_Animal1_Capture2_TGTTCCGTCTCCAGGG,2.9307358507030945,15_30,0.3959794993563856,15,2
Hepatocyte_15weeks_Animal1_Capture2_TTAGGACAGAGAGCTC,5.358836609777236,15_30,0.7240466374215156,15,2
Hepatocyte_15weeks_Animal1_Capture2_TTGCGTCTCAAACCAC,3.8527006557809265,15_30,0.5205486111892871,15,2
Hepatocyte_15weeks_Animal1_Capture2_TTGGAACCAACACCTA,4.3602481500487675,15_30,0.5891247002392614,15,2
Hepatocyte_15weeks_Animal1_Capture2_TTGGAACCATCGGTTA,3.152683756603871,15_30,0.4259674700022912,15,2
Hepatocyte_15weeks_Animal1_Capture2_TTTGGTTGTTGTCTTT,5.14497797669709,15_30,0.6951516298964255,15,2
Hepatocyte_15weeks_Animal3_Capture1_AACTCAGGTTCCACTC,4.629522978590003,15_30,0.6255071370151499,15,8
Hepatocyte_15weeks_Animal3_Capture1_ACATGGTTCTTCATGT,4.5474316900482386,15_30,0.6144155651389298,15,8
Hepatocyte_15weeks_Animal3_Capture1_ACCAGTATCGCCTGAG,4.750577276878506,15_30,0.6418631045513303,15,8
Hepatocyte_15weeks_Animal3_Capture1_ACGAGGATCGCATGAT,4.327390353798182,15_30,0.5846851961788258,15,8
Hepatocyte_15weeks_Animal3_Capture1_AGAGTGGTCCTCATTA,5.189214808187085,15_30,0.7011285856095508,15,8
Hepatocyte_15weeks_Animal3_Capture1_AGCTCTCTCGTAGATC,4.740400545168555,15_30,0.6404880993195815,15,8
Hepatocyte_15weeks_Animal3_Capture1_AGTTGGTAGACGCAAC,3.689074207537103,15_30,0.49844060748042035,15,8
Hepatocyte_15weeks_Animal3_Capture1_ATCATCTAGCTAGTTC,4.510650708872226,15_30,0.6094459891505581,15,8
Hepatocyte_15weeks_Animal3_Capture1_ATCATCTGTATCAGTC,3.403162604892976,15_30,0.45981033199924987,15,8
Hepatocyte_15weeks_Animal3_Capture1_ATCATGGGTCTCTCTG,4.702089828057486,15_30,0.635311836648899,15,8
Hepatocyte_15weeks_Animal3_Capture1_ATCCACCCACCCAGTG,4.814812871383115,15_30,0.6505421462147721,15,8
Hepatocyte_15weeks_Animal3_Capture1_ATTACTCGTACGCACC,4.85902035805703,15_30,0.6565151370719119,15,8
Hepatocyte_15weeks_Animal3_Capture1_ATTGGTGGTAAACCTC,4.325667790260134,15_30,0.5844524560472842,15,8
Hepatocyte_15weeks_Animal3_Capture1_CACAAACGTTGAACTC,5.102937557029463,15_30,0.6894714372141934,15,8
Hepatocyte_15weeks_Animal3_Capture1_CACACCTGTTATCCGA,4.984096013748623,15_30,0.6734144408800482,15,8
Hepatocyte_15weeks_Animal3_Capture1_CAGCAGCTCGTAGGTT,4.753841250770332,15_30,0.6423041087268815,15,8
Hepatocyte_15weeks_Animal3_Capture1_CAGCTGGTCGGAAATA,1.9542578391780427,15_30,0.26404496351500417,15,7
Hepatocyte_15weeks_Animal3_Capture1_CAGTCCTAGTCTCCTC,4.221122226323561,15_30,0.5703270274257988,15,8
Hepatocyte_15weeks_Animal3_Capture1_CATCAAGTCTGCAGTA,5.067354734299406,15_30,0.6846637475935288,15,8
Hepatocyte_15weeks_Animal3_Capture1_CATCGGGTCTGCCCTA,4.15037947325844,15_30,0.5607687862983703,15,8
Hepatocyte_15weeks_Animal3_Capture1_CCATGTCCAGTTTACG,3.848499216823242,15_30,0.5199809436205292,15,8
Hepatocyte_15weeks_Animal3_Capture1_CGAATGTCACTATCTT,1.557861426087304,15_30,0.21048679205281617,15,7
Hepatocyte_15weeks_Animal3_Capture1_CGATCGGTCTCGCTTG,4.932660404902396,15_30,0.6664648392517972,15,8
Hepatocyte_15weeks_Animal3_Capture1_CGGAGCTTCCAATGGT,3.7480782416750693,15_30,0.506412799137459,15,8
Hepatocyte_15weeks_Animal3_Capture1_CGGAGTCTCCTAGTGA,4.5305048661468685,15_30,0.612128537035544,15,8
Hepatocyte_15weeks_Animal3_Capture1_CGTAGCGCAGAGTGTG,4.8668161715941,15_30,0.6575684501300451,15,8
Hepatocyte_15weeks_Animal3_Capture1_CGTCACTCACACCGCA,4.585606661245441,15_30,0.6195734868189018,15,8
Hepatocyte_15weeks_Animal3_Capture1_CTCACACTCTCTTGAT,4.659897544677216,15_30,0.6296111252573849,15,8
Hepatocyte_15weeks_Animal3_Capture1_CTCCTAGCAAGTTAAG,4.888035847740538,15_30,0.6604354968940703,15,8
Hepatocyte_15weeks_Animal3_Capture1_CTCTGGTTCCTTAATC,4.841061697290408,15_30,0.6540886947510278,15,8
Hepatocyte_15weeks_Animal3_Capture1_CTGTGCTGTTAGATGA,5.1393383486797966,15_30,0.6943896447866763,15,8
Hepatocyte_15weeks_Animal3_Capture1_CTTGGCTAGGAGCGTT,4.933617207388441,15_30,0.6665941153751694,15,2
Hepatocyte_15weeks_Animal3_Capture1_GAACGGAAGTCATCCA,4.325392150164169,15_30,0.5844152135823325,15,8
Hepatocyte_15weeks_Animal3_Capture1_GATCAGTCAGCGAACA,4.07031627371549,15_30,0.5499512349096016,15,8
Hepatocyte_15weeks_Animal3_Capture1_GATTCAGAGTACCGGA,4.7548361983442025,15_30,0.6424385387343121,15,8
Hepatocyte_15weeks_Animal3_Capture1_GCAGTTATCTTCTGGC,1.0503636467277138,15_30,0.14191742011604566,15,7
Hepatocyte_15weeks_Animal3_Capture1_GCGCGATCAGACTCGC,4.875174758205435,15_30,0.6586978009519178,15,8
Hepatocyte_15weeks_Animal3_Capture1_GCTCCTAAGTTCGCAT,5.093463582787393,15_30,0.688191383409143,15,8
Hepatocyte_15weeks_Animal3_Capture1_GGAAAGCAGGACAGCT,4.454758990270185,15_30,0.6018943107060832,15,8
Hepatocyte_15weeks_Animal3_Capture1_GGACAAGAGGGTTCCC,3.849531298516762,15_30,0.5201203909174246,15,8
Hepatocyte_15weeks_Animal3_Capture1_GGACGTCTCTTCGAGA,4.001835316721474,15_30,0.5406985910524518,15,8
Hepatocyte_15weeks_Animal3_Capture1_GGGAGATGTGTAATGA,1.6702548853999741,15_30,0.22567257064793805,15,7
Hepatocyte_15weeks_Animal3_Capture1_GGTATTGCACGGACAA,2.405991183004302,15_30,0.32507985456053967,15,8
Hepatocyte_15weeks_Animal3_Capture1_GTCATTTCAGCGTCCA,4.844998426327279,15_30,0.6546205966598088,15,8
Hepatocyte_15weeks_Animal3_Capture1_GTTACAGCACGCGAAA,5.313079806261192,15_30,0.7178643142537403,15,8
Hepatocyte_15weeks_Animal3_Capture1_TACGGTAGTGCTCTTC,4.986782138077585,15_30,0.6737773702674702,15,8
Hepatocyte_15weeks_Animal3_Capture1_TACGGTATCGCCCTTA,3.5705053348264033,15_30,0.48242045239071135,15,8
Hepatocyte_15weeks_Animal3_Capture1_TACTCGCGTTACGGAG,5.096557934325573,15_30,0.6886094694582924,15,8
Hepatocyte_15weeks_Animal3_Capture1_TAGCCGGAGAATAGGG,4.682930181511568,15_30,0.6327231259517963,15,8
Hepatocyte_15weeks_Animal3_Capture1_TAGTGGTCAAGCGATG,5.221825708141129,15_30,0.7055347308560648,15,8
Hepatocyte_15weeks_Animal3_Capture1_TCAGGATGTAGCGATG,3.206826538741573,15_30,0.43328284499915615,15,8
Hepatocyte_15weeks_Animal3_Capture1_TCATTACTCCGCGTTT,4.511288351326574,15_30,0.609532142714954,15,8
Hepatocyte_15weeks_Animal3_Capture1_TCGAGGCCAGGGTTAG,4.322882710016119,15_30,0.584076156463537,15,8
Hepatocyte_15weeks_Animal3_Capture1_TCGGGACCAAGTAATG,4.690960208740733,15_30,0.633808084243503,15,8
Hepatocyte_15weeks_Animal3_Capture1_TCTTCGGGTTCACGGC,4.786339869731724,15_30,0.6466950833904693,15,8
Hepatocyte_15weeks_Animal3_Capture1_TGCTACCAGGTGATTA,5.198917587810468,15_30,0.7024395539169508,15,8
Hepatocyte_15weeks_Animal3_Capture1_TGCTGCTGTAAACGCG,1.6622713219268836,15_30,0.22459389019763548,15,7
Hepatocyte_15weeks_Animal3_Capture1_TGGCCAGCACGACTCG,5.024904306569587,15_30,0.6789281576337971,15,8
Hepatocyte_15weeks_Animal3_Capture1_TTCGGTCAGTGGAGAA,5.1299755835502605,15_30,0.6931246167399843,15,8
Hepatocyte_15weeks_Animal3_Capture1_TTGACTTGTGACCAAG,4.6939392091498595,15_30,0.6342105848954487,15,8
Hepatocyte_15weeks_Animal3_Capture1_TTTACTGAGATCTGAA,4.92450168747813,15_30,0.6653624932862691,15,8
Hepatocyte_15weeks_Animal3_Capture2_AAACCTGAGATACACA,5.041646849724239,15_30,0.6811902870763878,15,8
Hepatocyte_15weeks_Animal3_Capture2_AACGTTGAGCTGCGAA,5.033804932537837,15_30,0.6801307448318281,15,8
Hepatocyte_15weeks_Animal3_Capture2_AACTTTCTCACATAGC,1.5951105119716622,15_30,0.2155196149107454,15,5
Hepatocyte_15weeks_Animal3_Capture2_AAGGTTCAGTCGAGTG,4.953593364584801,15_30,0.6692931469933828,15,8
Hepatocyte_15weeks_Animal3_Capture2_ACACTGATCAAAGTAG,4.717936587571062,15_30,0.6374529343862135,15,8
Hepatocyte_15weeks_Animal3_Capture2_ACCTTTAGTTCCCGAG,5.235024051258789,15_30,0.7073179940248732,15,8
Hepatocyte_15weeks_Animal3_Capture2_ACTGTCCCATCGTCGG,5.1775730395322705,15_30,0.699555635347776,15,8
Hepatocyte_15weeks_Animal3_Capture2_ACTTACTCATAACCTG,4.803856657780449,15_30,0.6490618231156486,15,8
Hepatocyte_15weeks_Animal3_Capture2_AGATTGCAGTCAAGGC,0.8402209509680086,15_30,0.11352448274491876,15,7
Hepatocyte_15weeks_Animal3_Capture2_AGTAGTCAGGTAGCTG,4.294796803729789,15_30,0.580281395121411,15,8
Hepatocyte_15weeks_Animal3_Capture2_AGTTGGTGTACCGTTA,4.969456472225283,15_30,0.6714364535695138,15,8
Hepatocyte_15weeks_Animal3_Capture2_ATCCACCCACCATCCT,4.920723388082466,15_30,0.6648519972268052,15,8
Hepatocyte_15weeks_Animal3_Capture2_ATCTGCCCAACACCCG,5.358589576528736,15_30,0.7240132601036513,15,8
Hepatocyte_15weeks_Animal3_Capture2_ATGGGAGCAAAGGTGC,5.271007755623719,15_30,0.7121798478272193,15,8
Hepatocyte_15weeks_Animal3_Capture2_CACCACTAGGCTAGAC,5.099880950842761,15_30,0.6890584510396632,15,8
Hepatocyte_15weeks_Animal3_Capture2_CACCACTGTGATGATA,4.585747762179936,15_30,0.6195925513406623,15,8
Hepatocyte_15weeks_Animal3_Capture2_CACCTTGAGCGTCAAG,4.905606061800466,15_30,0.662809455149423,15,8
Hepatocyte_15weeks_Animal3_Capture2_CACCTTGGTACCCAAT,4.409015164977777,15_30,0.5957137410605494,15,8
Hepatocyte_15weeks_Animal3_Capture2_CAGAATCGTTGATTCG,3.128164855451255,15_30,0.4226546561910935,15,8
Hepatocyte_15weeks_Animal3_Capture2_CAGATCAAGGGTTTCT,1.71457122183704,15_30,0.23166026848547894,15,7
Hepatocyte_15weeks_Animal3_Capture2_CAGCTGGGTCTAGCCG,4.3304931095260795,15_30,0.5851044177403537,15,8
Hepatocyte_15weeks_Animal3_Capture2_CATCCACTCAAGGCTT,1.5678995902565864,15_30,0.21184307505636835,15,7
Hepatocyte_15weeks_Animal3_Capture2_CCACTACAGTGGCACA,4.26850403450503,15_30,0.5767289092869011,15,8
Hepatocyte_15weeks_Animal3_Capture2_CCGTTCACACAGTCGC,5.01707386703309,15_30,0.6778701661649792,15,8
Hepatocyte_15weeks_Animal3_Capture2_CCTACACAGACTAAGT,4.619215145432832,15_30,0.6241144183189062,15,8
Hepatocyte_15weeks_Animal3_Capture2_CCTCTGATCCTGCAGG,5.303114562817591,15_30,0.7165178837629763,15,8
Hepatocyte_15weeks_Animal3_Capture2_CGAATGTAGTAACCCT,4.4069338744353255,15_30,0.5954325323713331,15,8
Hepatocyte_15weeks_Animal3_Capture2_CGACTTCGTTCCGTCT,4.683088056326402,15_30,0.6327444568370494,15,8
Hepatocyte_15weeks_Animal3_Capture2_CGATGTAAGTAGGTGC,5.129206509731711,15_30,0.6930207051351345,15,8
Hepatocyte_15weeks_Animal3_Capture2_CGGTTAAAGACCGGAT,5.112524732688873,15_30,0.6907667859631924,15,8
Hepatocyte_15weeks_Animal3_Capture2_CGTCCATCAGCTCGCA,4.544249393695473,15_30,0.6139855966324643,15,8
Hepatocyte_15weeks_Animal3_Capture2_CGTCTACAGCCAGAAC,4.091073960737356,15_30,0.5527558610968246,15,8
Hepatocyte_15weeks_Animal3_Capture2_CGTGAGCAGATGTCGG,4.581665274744926,15_30,0.6190409556278462,15,8
Hepatocyte_15weeks_Animal3_Capture2_CGTTAGATCGGCGCAT,5.4702005902234845,15_30,0.7390933203946196,15,2
Hepatocyte_15weeks_Animal3_Capture2_CTCGAGGTCTTGCCGT,5.230741023783115,15_30,0.7067393028149027,15,8
Hepatocyte_15weeks_Animal3_Capture2_CTGTGCTCACGCCAGT,5.220724307105351,15_30,0.705385917638854,15,8
Hepatocyte_15weeks_Animal3_Capture2_GACACGCGTCAAGCGA,4.980036068878225,15_30,0.672865890952968,15,8
Hepatocyte_15weeks_Animal3_Capture2_GACGTTATCGGTGTTA,4.67725764281449,15_30,0.6319566941927518,15,8
Hepatocyte_15weeks_Animal3_Capture2_GACTACAGTTTCCACC,4.716400619281464,15_30,0.637245405633939,15,8
Hepatocyte_15weeks_Animal3_Capture2_GATCGATCATCAGTAC,5.018478711210486,15_30,0.678059978390433,15,8
Hepatocyte_15weeks_Animal3_Capture2_GATCGTATCTCTGAGA,4.821411616166768,15_30,0.6514337201364494,15,8
Hepatocyte_15weeks_Animal3_Capture2_GATCTAGTCTTCTGGC,5.394796004770501,15_30,0.7289052067201358,15,8
Hepatocyte_15weeks_Animal3_Capture2_GCACATACACTGTCGG,5.193845025097146,15_30,0.7017541865054888,15,8
Hepatocyte_15weeks_Animal3_Capture2_GCGAGAACATGAACCT,2.0111880301813163,15_30,0.2717369527218552,15,7
Hepatocyte_15weeks_Animal3_Capture2_GCGCCAACAGCCTTTC,4.770377933275349,15_30,0.6445384237907182,15,8
Hepatocyte_15weeks_Animal3_Capture2_GCTGCTTTCCCTAACC,4.799202598436284,15_30,0.6484330008051579,15,8
Hepatocyte_15weeks_Animal3_Capture2_GCTTCCAGTAATCACC,5.0581435836005095,15_30,0.6834192045749655,15,8
Hepatocyte_15weeks_Animal3_Capture2_GGAAAGCAGCTAAACA,4.515673807148976,15_30,0.6101246732907095,15,8
Hepatocyte_15weeks_Animal3_Capture2_GGAAAGCCATGCCTAA,4.2584475459384175,15_30,0.5753701504253902,15,5
Hepatocyte_15weeks_Animal3_Capture2_GGACAGACAATGACCT,4.88644958332017,15_30,0.6602211724980749,15,8
Hepatocyte_15weeks_Animal3_Capture2_GGATTACAGGTGCTTT,4.65223398094125,15_30,0.6285756808208877,15,8
Hepatocyte_15weeks_Animal3_Capture2_GGCCGATGTATAATGG,4.45753908542359,15_30,0.6022699367410069,15,8
Hepatocyte_15weeks_Animal3_Capture2_GTAACTGGTGCAACGA,4.93643616553345,15_30,0.6669749922920364,15,8
Hepatocyte_15weeks_Animal3_Capture2_GTAGTCAAGTACTTGC,1.7920141079302494,15_30,0.24212378236938828,15,7
Hepatocyte_15weeks_Animal3_Capture2_GTGCATAGTCTCTCGT,4.90728279927185,15_30,0.6630360035994689,15,8
Hepatocyte_15weeks_Animal3_Capture2_GTGCGGTAGGAGTACC,2.237242051774242,15_30,0.30227971155711153,15,5
Hepatocyte_15weeks_Animal3_Capture2_TACGGGCGTCAGCTAT,4.858488155433721,15_30,0.6564432297629391,15,8
Hepatocyte_15weeks_Animal3_Capture2_TACTCGCAGAGACTAT,4.722946181952106,15_30,0.638129793979175,15,8
Hepatocyte_15weeks_Animal3_Capture2_TAGTGGTAGATGTGGC,2.191803678817059,15_30,0.2961404123873015,15,7
Hepatocyte_15weeks_Animal3_Capture2_TAGTGGTTCCCTTGCA,1.559507116686086,15_30,0.21070914567750224,15,7
Hepatocyte_15weeks_Animal3_Capture2_TCAATCTTCCACGAAT,4.5368904177844485,15_30,0.612991305865412,15,8
Hepatocyte_15weeks_Animal3_Capture2_TCACAAGGTAAGGATT,4.26114010129914,15_30,0.5757339487265822,15,8
Hepatocyte_15weeks_Animal3_Capture2_TCAGCTCAGGTACTCT,4.3510472253155665,15_30,0.5878815388780645,15,8
Hepatocyte_15weeks_Animal3_Capture2_TCGGGACTCATAGCAC,4.401233966159478,15_30,0.5946624026358587,15,8
Hepatocyte_15weeks_Animal3_Capture2_TCTATTGCAATGGTCT,4.870836823823867,15_30,0.6581116911241617,15,8
Hepatocyte_15weeks_Animal3_Capture2_TCTCTAATCACTATTC,4.874771895926316,15_30,0.6586433691601352,15,8
Hepatocyte_15weeks_Animal3_Capture2_TGACGGCCAAGAAAGG,4.831692913127182,15_30,0.6528228534567186,15,8
Hepatocyte_15weeks_Animal3_Capture2_TGACTTTGTGCTGTAT,2.711687836652684,15_30,0.36638334079508666,15,8
Hepatocyte_15weeks_Animal3_Capture2_TGATTTCTCTAACTCT,5.267401261165336,15_30,0.7116925647888249,15,8
Hepatocyte_15weeks_Animal3_Capture2_TGCGGGTTCTCGGACG,4.722738167663778,15_30,0.638101688616581,15,8
Hepatocyte_15weeks_Animal3_Capture2_TGGGAAGGTTGAACTC,1.1687737946736132,15_30,0.1579161294815056,15,7
Hepatocyte_15weeks_Animal3_Capture2_TGGTTAGGTTCGTTGA,4.218934861074449,15_30,0.5700314867014291,15,8
Hepatocyte_15weeks_Animal3_Capture2_TGGTTCCCAAGTAGTA,4.084360805195609,15_30,0.5518488288339597,15,8
Hepatocyte_15weeks_Animal3_Capture2_TTGCGTCTCGGATGTT,5.034678792254087,15_30,0.6802488143374321,15,8
Hepatocyte_15weeks_Animal3_Capture2_TTTATGCAGCCGCCTA,4.878007541283942,15_30,0.659080545792243,15,8
Hepatocyte_15weeks_Animal3_Capture2_TTTGTCATCGGTCTAA,4.74487388868097,15_30,0.6410925046344004,15,8
Hepatocyte_15weeks_Animal2_Capture2_AAGTCTGTCCTTGGTC,2.20893111208971,15_30,0.29845454535528537,15,7
Hepatocyte_15weeks_Animal2_Capture2_ACCTTTAGTAATTGGA,3.945614697984992,15_30,0.5331024740378674,15,6
Hepatocyte_15weeks_Animal2_Capture2_ACGATGTTCTGCTTGC,4.572964308031599,15_30,0.6178653449216706,15,2
Hepatocyte_15weeks_Animal2_Capture2_AGCGTATAGCCTTGAT,3.6247115850909073,15_30,0.4897444027346415,15,6
Hepatocyte_15weeks_Animal2_Capture2_CAGAATCAGCTATGCT,0.7041624688697233,15_30,0.09514126011107286,15,7
Hepatocyte_15weeks_Animal2_Capture2_CCTCAGTGTTAAAGAC,3.473214548224526,15_30,0.46927523599007326,15,6
Hepatocyte_15weeks_Animal2_Capture2_CGACTTCAGCCTCGTG,3.72391031318543,15_30,0.5031474061742847,15,2
Hepatocyte_15weeks_Animal2_Capture2_GAACCTACAACGATGG,3.851076067830358,15_30,0.5203291087994105,15,6
Hepatocyte_15weeks_Animal2_Capture2_GAATGAAGTGGCTCCA,3.71998578954308,15_30,0.5026171533687522,15,6
Hepatocyte_15weeks_Animal2_Capture2_GCAAACTGTATTAGCC,4.098908910261601,15_30,0.5538144619220572,15,2
Hepatocyte_15weeks_Animal2_Capture2_GCTGCAGAGCTGAACG,1.0511382442041306,15_30,0.14202207803697042,15,7
Hepatocyte_15weeks_Animal2_Capture2_GCTGCGAGTCCGAAGA,1.0633087869106066,15_30,0.14366647236430283,15,7
Hepatocyte_15weeks_Animal2_Capture2_GCTGCTTCACCAGGTC,3.696839147626791,15_30,0.4994897491451355,15,6
Hepatocyte_15weeks_Animal2_Capture2_GTCACAATCAGAGACG,4.124771037826256,15_30,0.5573087626188894,15,6
Hepatocyte_15weeks_Animal2_Capture2_GTGCGGTAGATATGGT,0.12351743409781064,15_30,0.016688768352870365,15,7
Hepatocyte_15weeks_Animal2_Capture2_GTGTGCGTCCAAGTAC,4.269573155181682,15_30,0.5768733610191139,15,7
Hepatocyte_15weeks_Animal2_Capture2_TACTTACGTCATGCAT,4.824618651845422,15_30,0.6518670312388973,15,2
Hepatocyte_15weeks_Animal2_Capture2_TAGTGGTTCTCTGTCG,3.851565494600758,15_30,0.5203952365493638,15,6
Hepatocyte_15weeks_Animal2_Capture2_TGAGCATGTGTTTGGT,1.4406273901161513,15_30,0.19464699029782392,15,7
Hepatocyte_15weeks_Animal2_Capture2_TGCGTGGCACGAGGTA,4.3863552253580895,15_30,0.5926520964759999,15,2
Hepatocyte_15weeks_Animal2_Capture1_ACTGTCCAGATCTGAA,3.823950994250537,15_30,0.5166641681144402,15,6
Hepatocyte_15weeks_Animal2_Capture1_AGCCTAAAGCCAGAAC,0.8050550968751224,15_30,0.10877313086351324,15,7
Hepatocyte_15weeks_Animal2_Capture1_ATTGGTGTCGATAGAA,3.1578624280904783,15_30,0.42666717405173876,15,5
Hepatocyte_15weeks_Animal2_Capture1_CAAGGCCCATGAGCGA,3.9207283093592262,15_30,0.5297400080188112,15,6
Hepatocyte_15weeks_Animal2_Capture1_CAGCAGCTCCCAAGAT,4.142231803829808,15_30,0.5596679330568552,15,6
Hepatocyte_15weeks_Animal2_Capture1_CCCAATCAGCGAGAAA,3.7075834447211578,15_30,0.5009414396423678,15,6
Hepatocyte_15weeks_Animal2_Capture1_CCTAAAGCATTCTTAC,4.001512885602141,15_30,0.5406550265281431,15,6
Hepatocyte_15weeks_Animal2_Capture1_CCTTACGCAAGCGATG,4.062861673749949,15_30,0.5489440241227445,15,2
Hepatocyte_15weeks_Animal2_Capture1_CCTTACGTCCCGGATG,3.7848960628840946,15_30,0.5113873526804693,15,6
Hepatocyte_15weeks_Animal2_Capture1_CCTTCGAAGTAGGTGC,0.41497733319863617,15_30,0.05606868889423193,15,7
Hepatocyte_15weeks_Animal2_Capture1_CGAACATCAAAGGAAG,1.1708014355780927,15_30,0.15819008942574203,15,7
Hepatocyte_15weeks_Animal2_Capture1_CGAATGTTCAACACGT,3.862819245755237,15_30,0.5219157607368176,15,6
Hepatocyte_15weeks_Animal2_Capture1_CGACCTTCACCTATCC,3.6345472274001174,15_30,0.49107332247215896,15,6
Hepatocyte_15weeks_Animal2_Capture1_CGCGGTACACATCCAA,3.9255945645873904,15_30,0.5303975006783855,15,6
Hepatocyte_15weeks_Animal2_Capture1_CGGACACAGAGGTTAT,2.003132865018055,15_30,0.2706485979771531,15,7
Hepatocyte_15weeks_Animal2_Capture1_CTCGGGATCGTGGTCG,4.52914041672096,15_30,0.6119441826521769,15,2
Hepatocyte_15weeks_Animal2_Capture1_CTCGTCATCGTTTGCC,0.5229666468197323,15_30,0.0706594116757691,15,7
Hepatocyte_15weeks_Animal2_Capture1_CTCTAATGTCCAGTAT,4.8586455346428306,15_30,0.6564644936855875,15,2
Hepatocyte_15weeks_Animal2_Capture1_CTGAAACTCATGCTCC,4.897869131603814,15_30,0.661764097975698,15,2
Hepatocyte_15weeks_Animal2_Capture1_GCACTCTCAGACAGGT,3.643906875402199,15_30,0.4923379293554873,15,6
Hepatocyte_15weeks_Animal2_Capture1_GCCAAATGTTGGACCC,3.3726180698463026,15_30,0.4556833787997816,15,2
Hepatocyte_15weeks_Animal2_Capture1_GCGCGATGTAGTACCT,3.9054347061447774,15_30,0.5276736486972231,15,6
Hepatocyte_15weeks_Animal2_Capture1_GGGACCTAGACTGGGT,4.053367082350913,15_30,0.5476611846788958,15,6
Hepatocyte_15weeks_Animal2_Capture1_GGGAGATAGTAAGTAC,1.9978925932737266,15_30,0.2699405709533896,15,7
Hepatocyte_15weeks_Animal2_Capture1_TACACGAAGGCAGGTT,4.608816649137197,15_30,0.6227094498853926,15,2
Hepatocyte_15weeks_Animal2_Capture1_TCGCGTTTCTCCGGTT,3.4595725274325546,15_30,0.46743202635310843,15,6
Hepatocyte_15weeks_Animal2_Capture1_TGAGCATGTCGAAAGC,1.096951096913356,15_30,0.14821197415999865,15,7
Hepatocyte_15weeks_Animal2_Capture1_TGTGTTTGTTATCACG,3.038930214058359,15_30,0.4105979269517359,15,6
Hepatocyte_15weeks_Animal2_Capture1_TTCGAAGGTGTTGAGG,1.6810269542398821,15_30,0.22712801345942038,15,7
Hepatocyte_15weeks_Animal2_Capture1_TTCGGTCAGCGTCTAT,4.547544221643009,15_30,0.6144307695813732,15,2
Hepatocyte_15weeks_Animal2_Capture1_TTTGTCATCTTAGCCC,4.411387163741161,15_30,0.5960342281090745,15,2
Hepatocyte_15weeks_Animal1_Capture1_ACATCAGCAAGTTAAG,2.0288479406534874,15_30,0.27412303009753247,15,2
Hepatocyte_15weeks_Animal1_Capture1_AGTCTTTTCGGTCCGA,4.642158024613472,15_30,0.6272142916184956,15,2
Hepatocyte_15weeks_Animal1_Capture1_ATAACGCAGTAAGTAC,4.5978716451872055,15_30,0.6212306413521937,15,2
Hepatocyte_15weeks_Animal1_Capture1_ATCATGGAGGTCATCT,4.253249679916322,15_30,0.574667852951308,15,2
Hepatocyte_15weeks_Animal1_Capture1_ATTACTCGTATCAGTC,3.5225694098815454,15_30,0.475943702343007,15,2
Hepatocyte_15weeks_Animal1_Capture1_CACCTTGCACACGCTG,3.1135444545871747,15_30,0.4206792550258335,15,2
Hepatocyte_15weeks_Animal1_Capture1_CATATGGTCTTCAACT,3.7901851046023487,15_30,0.5121019691448521,15,2
Hepatocyte_15weeks_Animal1_Capture1_CATCGAAAGTTGCAGG,3.3673832861959565,15_30,0.4549760932869621,15,2
Hepatocyte_15weeks_Animal1_Capture1_CCACGGACAAGAAAGG,3.385546817544201,15_30,0.4574302162158833,15,0
Hepatocyte_15weeks_Animal1_Capture1_CCACGGAGTAGCCTAT,1.8516944985301322,15_30,0.2501873583431376,15,2
Hepatocyte_15weeks_Animal1_Capture1_CCATGTCCAGTATGCT,2.6296973375554122,15_30,0.3553053868482207,15,0
Hepatocyte_15weeks_Animal1_Capture1_CCATGTCGTACCGGCT,0.06898808864974332,15_30,0.009321163761150855,15,7
Hepatocyte_15weeks_Animal1_Capture1_CCGGGATGTACAAGTA,3.0632296947853868,15_30,0.41388109428686104,15,2
Hepatocyte_15weeks_Animal1_Capture1_CCTAGCTTCACGCATA,4.1032089863279175,15_30,0.5543954566123586,15,2
Hepatocyte_15weeks_Animal1_Capture1_CGTCAGGAGTTCGATC,4.248762565993771,15_30,0.5740615870798271,15,2
Hepatocyte_15weeks_Animal1_Capture1_CTTTGCGTCATACGGT,4.47424618842641,15_30,0.6045272777706209,15,2
Hepatocyte_15weeks_Animal1_Capture1_GACGTGCTCAAAGACA,4.6076563991228054,15_30,0.6225526854264882,15,2
Hepatocyte_15weeks_Animal1_Capture1_GCACTCTTCAGCGATT,4.420447946768235,15_30,0.5972584545524016,15,2
Hepatocyte_15weeks_Animal1_Capture1_GTATTCTTCCTGCTTG,3.361931526518852,15_30,0.45423949156728366,15,2
Hepatocyte_15weeks_Animal1_Capture1_TCACGAAGTTGGACCC,3.3370613678710006,15_30,0.45087921842361994,15,2
Hepatocyte_15weeks_Animal1_Capture1_TCAGCTCAGAATTCCC,4.1928229929615215,15_30,0.5665034428962747,15,2
Hepatocyte_15weeks_Animal1_Capture1_TCATTACGTGTTTGGT,3.273525748060413,15_30,0.44229475219891445,15,2
Hepatocyte_15weeks_Animal1_Capture1_TCTTCGGGTATAATGG,5.077703410740388,15_30,0.6860619847342516,15,2
Hepatocyte_15weeks_Animal1_Capture2_ACACCAACAGCTGCTG,4.5957198114827085,15_30,0.6209399013891226,15,2
Hepatocyte_15weeks_Animal1_Capture2_ACACCCTTCTCTAGGA,4.587590034051697,15_30,0.6198414655828938,15,2
Hepatocyte_15weeks_Animal1_Capture2_ACACCGGCAAACTGTC,4.096654324453408,15_30,0.5535098388495377,15,0
Hepatocyte_15weeks_Animal1_Capture2_ACAGCTAGTAAGGATT,3.475108990673572,15_30,0.46953119913746943,15,2
Hepatocyte_15weeks_Animal1_Capture2_ACTTTCAGTCTGGAGA,4.225591697150607,15_30,0.5709309094918188,15,2
Hepatocyte_15weeks_Animal1_Capture2_AGGCCACTCTCTAAGG,4.815301227832906,15_30,0.6506081293508673,15,2
Hepatocyte_15weeks_Animal1_Capture2_AGTGAGGTCCACGAAT,4.240411250967639,15_30,0.5729332187411309,15,2
Hepatocyte_15weeks_Animal1_Capture2_CAAGGCCGTAAATGAC,2.8806460748924483,15_30,0.38921173680159415,15,2
Hepatocyte_15weeks_Animal1_Capture2_CACAGTAGTGTTGAGG,3.333754464352943,15_30,0.45043241391232763,15,9
Hepatocyte_15weeks_Animal1_Capture2_CACATAGTCGCACTCT,4.983063171485394,15_30,0.6732748908205608,15,2
Hepatocyte_15weeks_Animal1_Capture2_CAGAATCTCAAAGACA,1.8275746788076916,15_30,0.24692846548318673,15,0
Hepatocyte_15weeks_Animal1_Capture2_CATATTCGTTAGTGGG,3.7258530413682784,15_30,0.5034098933353317,15,2
Hepatocyte_15weeks_Animal1_Capture2_CGTCCATTCTGTGCAA,3.1668430381297257,15_30,0.4278805681098907,15,0
Hepatocyte_15weeks_Animal1_Capture2_CGTGTCTTCGGAAATA,4.209002671723071,15_30,0.5686895222367954,15,2
Hepatocyte_15weeks_Animal1_Capture2_CGTTCTGGTCGAGTTT,4.42897762250763,15_30,0.5984109216804602,15,2
Hepatocyte_15weeks_Animal1_Capture2_CTCACACCAATACGCT,4.770834800533763,15_30,0.6446001523385897,15,2
Hepatocyte_15weeks_Animal1_Capture2_CTTAGGAGTCGGGTCT,3.237147348525256,15_30,0.43737957008454476,15,0
Hepatocyte_15weeks_Animal1_Capture2_GCGCCAAAGTGTTAGA,3.4678026103308373,15_30,0.4685440146972445,15,2
Hepatocyte_15weeks_Animal1_Capture2_GCTCTGTTCATCGCTC,4.04222050021869,15_30,0.5461551403824799,15,2
Hepatocyte_15weeks_Animal1_Capture2_GGAAAGCAGGCTCATT,4.4537719020942435,15_30,0.6017609426027668,15,2
Hepatocyte_15weeks_Animal1_Capture2_GGCGACTAGGCTAGCA,3.2907737099120835,15_30,0.44462517010310876,15,2
Hepatocyte_15weeks_Animal1_Capture2_GTATCTTGTCAGATAA,3.29145393460872,15_30,0.4447170770672793,15,2
Hepatocyte_15weeks_Animal1_Capture2_GTGGGTCTCTTGCCGT,4.821089913898597,15_30,0.6513902540891557,15,2
Hepatocyte_15weeks_Animal1_Capture2_TATCAGGGTGCACCAC,4.886208790921715,15_30,0.6601886383980241,15,2
Hepatocyte_15weeks_Animal1_Capture2_TCAATCTTCCAGGGCT,3.8010912248154507,15_30,0.5135755239931571,15,2
Hepatocyte_15weeks_Animal1_Capture2_TTATGCTCACGGACAA,2.894189576483174,15_30,0.39104163524779545,15,2
Hepatocyte_15weeks_Animal1_Capture2_TTCCCAGTCCTCGCAT,3.631197525716536,15_30,0.4906207353871306,15,2
Hepatocyte_15weeks_Animal1_Capture2_TTCTCCTCAGACACTT,3.4954541128588645,15_30,0.4722800825946203,15,2
Hepatocyte_15weeks_Animal1_Capture2_TTTGCGCGTTCGAATC,3.225826703370742,15_30,0.4358500076712006,15,2
Hepatocyte_15weeks_Animal3_Capture1_AAATGCCGTACACCGC,3.4179480565793297,15_30,0.46180803361917433,15,5
Hepatocyte_15weeks_Animal3_Capture1_AACCATGTCAGCTCTC,3.8081689730939536,15_30,0.5145318173483633,15,6
Hepatocyte_15weeks_Animal3_Capture1_AACTCAGCAAAGGAAG,3.742242950446242,15_30,0.5056243774518827,15,6
Hepatocyte_15weeks_Animal3_Capture1_AACTCAGCATCCTTGC,5.046357232861635,15_30,0.6818267194440731,15,8
Hepatocyte_15weeks_Animal3_Capture1_AAGACCTAGCGTTGCC,3.3774298209787292,15_30,0.4563335072663197,15,8
Hepatocyte_15weeks_Animal3_Capture1_AATCGGTGTTACGACT,4.737694991839418,15_30,0.6401225448283787,15,8
Hepatocyte_15weeks_Animal3_Capture1_ACAGCCGGTTCGCTAA,4.087490981851197,15_30,0.5522717553098068,15,5
Hepatocyte_15weeks_Animal3_Capture1_ACGAGGAGTGCTCTTC,0.2682780429328811,15_30,0.03624775842674036,15,7
Hepatocyte_15weeks_Animal3_Capture1_ACGAGGAGTTGCGTTA,4.100236148226185,15_30,0.5539937885661206,15,6
Hepatocyte_15weeks_Animal3_Capture1_ACGAGGATCTTTCCTC,1.804029217502682,15_30,0.2437471757134396,15,5
Hepatocyte_15weeks_Animal3_Capture1_ACGATACTCTGTTGAG,2.877518174296113,15_30,0.3887891178501536,15,5
Hepatocyte_15weeks_Animal3_Capture1_ACGCAGCGTCACTTCC,2.8545980277479943,15_30,0.38569231601687964,15,6
Hepatocyte_15weeks_Animal3_Capture1_ACGGCCACAGGAATCG,2.365783703261811,15_30,0.3196473152564621,15,5
Hepatocyte_15weeks_Animal3_Capture1_ACTGTCCTCGCAAGCC,3.7239057304019636,15_30,0.5031467869822472,15,6
Hepatocyte_15weeks_Animal3_Capture1_ACTTGTTTCCTTCAAT,0.615238820061872,15_30,0.08312654990529687,15,7
Hepatocyte_15weeks_Animal3_Capture1_AGAATAGGTCAAGCGA,4.229574574526474,15_30,0.5714690466251655,15,6
Hepatocyte_15weeks_Animal3_Capture1_AGAATAGGTTGAACTC,1.8752475383773104,15_30,0.2533696720698316,15,5
Hepatocyte_15weeks_Animal3_Capture1_AGCGGTCTCAATCACG,3.139651284235621,15_30,0.42420661807067905,15,6
Hepatocyte_15weeks_Animal3_Capture1_AGCGTATAGCTGTTCA,1.6983219236846656,15_30,0.22946478268428463,15,7
Hepatocyte_15weeks_Animal3_Capture1_AGGCCACTCCGAATGT,3.662570100707951,15_30,0.49485956726126246,15,6
Hepatocyte_15weeks_Animal3_Capture1_AGGGAGTCATCCCACT,0.09827484048330438,15_30,0.013278174532369307,15,7
Hepatocyte_15weeks_Animal3_Capture1_ATCATCTAGCCAGGAT,1.7852848291068624,15_30,0.24121457164714763,15,7
Hepatocyte_15weeks_Animal3_Capture1_ATCGAGTTCTGAGGGA,4.0296334035674,15_30,0.5444544643460735,15,6
Hepatocyte_15weeks_Animal3_Capture1_ATCTACTAGGCAGTCA,3.7506123305729373,15_30,0.5067551866142633,15,6
Hepatocyte_15weeks_Animal3_Capture1_ATTATCCCATATACGC,4.964928137152634,15_30,0.6708246181990366,15,2
Hepatocyte_15weeks_Animal3_Capture1_CAAGATCTCGACAGCC,0.7293751729140668,15_30,0.09854781547241828,15,7
Hepatocyte_15weeks_Animal3_Capture1_CACAAACAGACGCTTT,0.3647712093673341,15_30,0.04928520624956634,15,7
Hepatocyte_15weeks_Animal3_Capture1_CACAAACCACCCTATC,3.586089715310942,15_30,0.4845260994010233,15,6
Hepatocyte_15weeks_Animal3_Capture1_CACAAACTCAAAGTAG,4.551994824805518,15_30,0.6150321023871603,15,8
Hepatocyte_15weeks_Animal3_Capture1_CACACCTGTCCCTTGT,2.99908983513685,15_30,0.4052149876139163,15,5
Hepatocyte_15weeks_Animal3_Capture1_CACAGGCTCGGTGTTA,3.607398693602778,15_30,0.48740521201493325,15,6
Hepatocyte_15weeks_Animal3_Capture1_CACATAGAGACGCACA,3.1209367327039677,15_30,0.42167804534229564,15,6
Hepatocyte_15weeks_Animal3_Capture1_CACATAGTCAATCTCT,4.313603820693646,15_30,0.5828224610997551,15,8
Hepatocyte_15weeks_Animal3_Capture1_CACCAGGGTTACCGAT,4.062591924628439,15_30,0.5489075776029868,15,6
Hepatocyte_15weeks_Animal3_Capture1_CAGAGAGAGGCTCAGA,3.913457356604887,15_30,0.528757610294084,15,8
Hepatocyte_15weeks_Animal3_Capture1_CAGCCGAGTCTCTCGT,1.3503416994363162,15_30,0.18244825099968154,15,5
Hepatocyte_15weeks_Animal3_Capture1_CAGCTGGCAACGCACC,2.872895274482052,15_30,0.3881645055864767,15,5
Hepatocyte_15weeks_Animal3_Capture1_CAGCTGGGTAGAGCTG,4.035399473020091,15_30,0.5452335332937518,15,5
Hepatocyte_15weeks_Animal3_Capture1_CCACGGATCAGGATCT,2.623371670326401,15_30,0.3544507091597358,15,5
Hepatocyte_15weeks_Animal3_Capture1_CCCAATCTCACGATGT,3.1934112414965035,15_30,0.4314702685823681,15,5
Hepatocyte_15weeks_Animal3_Capture1_CCCAGTTAGTGTGAAT,1.6366501813613148,15_30,0.22113214989386176,15,7
Hepatocyte_15weeks_Animal3_Capture1_CCGGGATTCTAACTCT,2.033363062923578,15_30,0.27473308025118737,15,5
Hepatocyte_15weeks_Animal3_Capture1_CCGTGGACAGTGACAG,3.996008986861163,15_30,0.5399113801611606,15,6
Hepatocyte_15weeks_Animal3_Capture1_CCGTTCAAGCGTAGTG,1.5450985916201796,15_30,0.20876237161368041,15,5
Hepatocyte_15weeks_Animal3_Capture1_CCTTACGTCAAGCCTA,4.125307227890686,15_30,0.5573812086816153,15,6
Hepatocyte_15weeks_Animal3_Capture1_CGAACATTCCAGGGCT,4.14520863188166,15_30,0.5600701401958439,15,6
Hepatocyte_15weeks_Animal3_Capture1_CGAGCACTCTGTTTGT,3.598395537957405,15_30,0.4861887717600985,15,6
Hepatocyte_15weeks_Animal3_Capture1_CGATCGGAGCCCAATT,4.137822812112609,15_30,0.5590722224838864,15,6
Hepatocyte_15weeks_Animal3_Capture1_CGTAGCGAGGCCCGTT,3.7319165788950417,15_30,0.5042291539840185,15,6
Hepatocyte_15weeks_Animal3_Capture1_CGTCACTGTGCAACGA,3.8278121658286866,15_30,0.5171858612544337,15,6
Hepatocyte_15weeks_Animal3_Capture1_CGTGTCTAGATCGATA,4.321053291482138,15_30,0.5838289788698876,15,8
Hepatocyte_15weeks_Animal3_Capture1_CGTTCTGAGACTGTAA,1.4061137800909382,15_30,0.18998376484354537,15,5
Hepatocyte_15weeks_Animal3_Capture1_CGTTGGGCACACCGAC,4.720971809732934,15_30,0.6378630313083926,15,5
Hepatocyte_15weeks_Animal3_Capture1_CTAACTTTCTGGAGCC,3.8630737712186365,15_30,0.5219501503477224,15,6
Hepatocyte_15weeks_Animal3_Capture1_CTACCCAAGAGGGCTT,4.00121641007521,15_30,0.5406149689328135,15,6
Hepatocyte_15weeks_Animal3_Capture1_CTACGTCCAAAGCAAT,2.6902443261698115,15_30,0.3634860511797792,15,5
Hepatocyte_15weeks_Animal3_Capture1_CTACGTCCAGGCTGAA,3.577031449080752,15_30,0.4833022130088031,15,6
Hepatocyte_15weeks_Animal3_Capture1_CTCACACTCATGTGGT,3.640291511879061,15_30,0.4918494479942141,15,6
Hepatocyte_15weeks_Animal3_Capture1_CTCGAGGCAGTCAGAG,3.9316787748626894,15_30,0.5312195544769951,15,6
Hepatocyte_15weeks_Animal3_Capture1_CTGCCTAAGGATGTAT,1.2429143878438753,15_30,0.1679334618038651,15,7
Hepatocyte_15weeks_Animal3_Capture1_CTGCGGAAGAGCTATA,3.2314011493091805,15_30,0.4366031858572737,15,5
Hepatocyte_15weeks_Animal3_Capture1_GAAACTCCACGCGAAA,3.875571811200336,15_30,0.5236387937011321,15,6
Hepatocyte_15weeks_Animal3_Capture1_GACCAATCATGTAGTC,1.611313989118427,15_30,0.2177089097142567,15,7
Hepatocyte_15weeks_Animal3_Capture1_GACCAATGTGTTGGGA,4.855727953262256,15_30,0.6560702915216039,15,8
Hepatocyte_15weeks_Animal3_Capture1_GACCTGGCATTCCTGC,4.185159424957489,15_30,0.5654679978831076,15,6
Hepatocyte_15weeks_Animal3_Capture1_GACGGCTCATCCGGGT,1.8316450948274254,15_30,0.2474784301950456,15,7
Hepatocyte_15weeks_Animal3_Capture1_GAGCAGAAGATGTTAG,2.5972200771395872,15_30,0.3509172979944129,15,5
Hepatocyte_15weeks_Animal3_Capture1_GATCAGTAGAAGGCCT,1.8211213890128077,15_30,0.2460565443710992,15,7
Hepatocyte_15weeks_Animal3_Capture1_GATCGCGTCAGCACAT,4.321124895754375,15_30,0.583838653513157,15,6
Hepatocyte_15weeks_Animal3_Capture1_GATCGCGTCTCGTTTA,1.5105875942098423,15_30,0.20409949915673195,15,7
Hepatocyte_15weeks_Animal3_Capture1_GATGAAATCTGGTGTA,1.0214243971206391,15_30,0.13800736129296554,15,7
Hepatocyte_15weeks_Animal3_Capture1_GATGAGGGTTATGCGT,3.2753241585314115,15_30,0.44253774021087483,15,5
Hepatocyte_15weeks_Animal3_Capture1_GCAGCCATCTGCTGCT,2.5532672444599402,15_30,0.3449787141143248,15,6
Hepatocyte_15weeks_Animal3_Capture1_GCAGTTAGTATGCTTG,3.608279521549819,15_30,0.487524223016694,15,6
Hepatocyte_15weeks_Animal3_Capture1_GCATGTAGTTGAGGTG,2.897509981656489,15_30,0.3914902640035648,15,5
Hepatocyte_15weeks_Animal3_Capture1_GCTCTGTGTATCACCA,0.9498189076534814,15_30,0.12833255356043935,15,7
Hepatocyte_15weeks_Animal3_Capture1_GCTGCAGTCACTTACT,4.186503796930819,15_30,0.5656496395485687,15,6
Hepatocyte_15weeks_Animal3_Capture1_GCTGCGATCTGATTCT,4.015935551271291,15_30,0.5426037111664002,15,6
Hepatocyte_15weeks_Animal3_Capture1_GCTTCCAAGCCTCGTG,3.797613473046473,15_30,0.5131056357212286,15,6
Hepatocyte_15weeks_Animal3_Capture1_GGACATTCACCGGAAA,4.091664820089503,15_30,0.5528356936721135,15,6
Hepatocyte_15weeks_Animal3_Capture1_GGACGTCAGTGAACGC,1.8354212138749046,15_30,0.24798863166187934,15,7
Hepatocyte_15weeks_Animal3_Capture1_GGAGCAAAGCTCCCAG,4.256511902766308,15_30,0.5751086205389486,15,5
Hepatocyte_15weeks_Animal3_Capture1_GGCCGATGTCCTAGCG,4.631321197478619,15_30,0.625750099141906,15,5
Hepatocyte_15weeks_Animal3_Capture1_GGCCGATGTCGCGGTT,1.3111095375544748,15_30,0.17714748948038145,15,7
Hepatocyte_15weeks_Animal3_Capture1_GGCGACTGTGTGAATA,0.4483468112271181,15_30,0.06057732763775165,15,5
Hepatocyte_15weeks_Animal3_Capture1_GGCTGGTCACTGTTAG,1.9637566951244438,15_30,0.26532837915316615,15,7
Hepatocyte_15weeks_Animal3_Capture1_GGGAATGTCGTCACGG,2.100903470583595,15_30,0.28385864399147587,15,7
Hepatocyte_15weeks_Animal3_Capture1_GTAACGTAGGGTTCCC,2.649729223147558,15_30,0.3580119480778994,15,6
Hepatocyte_15weeks_Animal3_Capture1_GTCACAAAGCCAGGAT,3.846015298722657,15_30,0.5196453348533058,15,6
Hepatocyte_15weeks_Animal3_Capture1_GTGCTTCTCATCGCTC,2.8186987019119356,15_30,0.3808418628215212,15,5
Hepatocyte_15weeks_Animal3_Capture1_GTGGGTCAGGCCCGTT,3.450704538520696,15_30,0.4662338488343896,15,6
Hepatocyte_15weeks_Animal3_Capture1_GTTCATTGTGTGCCTG,0.6599491621178016,15_30,0.08916748288774647,15,7
Hepatocyte_15weeks_Animal3_Capture1_GTTCTCGCAGACTCGC,4.072698344058281,15_30,0.5502730827559519,15,6
Hepatocyte_15weeks_Animal3_Capture1_TAAGCGTGTTCCATGA,3.896812565450099,15_30,0.5265086883836417,15,6
Hepatocyte_15weeks_Animal3_Capture1_TAAGCGTTCGTTTATC,2.3223203462335995,15_30,0.31377486573077384,15,6
Hepatocyte_15weeks_Animal3_Capture1_TAAGTGCGTGATGTGG,3.6437196629722903,15_30,0.4923126345871953,15,5
Hepatocyte_15weeks_Animal3_Capture1_TACAGTGTCGATCCCT,4.185577762875664,15_30,0.5655245206295575,15,5
Hepatocyte_15weeks_Animal3_Capture1_TACCTATTCATAACCG,3.818771036026921,15_30,0.5159642902105402,15,6
Hepatocyte_15weeks_Animal3_Capture1_TACGGATAGGAGCGTT,3.4702270731497102,15_30,0.46887159030355346,15,6
Hepatocyte_15weeks_Animal3_Capture1_TACGGATGTACCCAAT,3.9677139767466034,15_30,0.5360883662458127,15,6
Hepatocyte_15weeks_Animal3_Capture1_TACGGGCGTGTGCCTG,4.055952070203304,15_30,0.5480104492485384,15,6
Hepatocyte_15weeks_Animal3_Capture1_TAGTTGGAGGTTCCTA,3.9567770007792467,15_30,0.534610642394655,15,6
Hepatocyte_15weeks_Animal3_Capture1_TATTACCAGTAACCCT,5.2380843915081865,15_30,0.7077314847185247,15,1
Hepatocyte_15weeks_Animal3_Capture1_TCAACGACACCTCGGA,3.825731881746769,15_30,0.5169047885507716,15,6
Hepatocyte_15weeks_Animal3_Capture1_TCAACGACATGGGAAC,3.9930019217463513,15_30,0.5395050876123424,15,6
Hepatocyte_15weeks_Animal3_Capture1_TCACAAGTCTCGCATC,2.9851223725350167,15_30,0.4033278066702546,15,5
Hepatocyte_15weeks_Animal3_Capture1_TCAGATGAGATTACCC,3.8114400040282854,15_30,0.5149737750196578,15,5
Hepatocyte_15weeks_Animal3_Capture1_TCAGGTAGTTTGACTG,3.7078397840244537,15_30,0.5009760743259951,15,6
Hepatocyte_15weeks_Animal3_Capture1_TCAGGTATCAACACGT,3.7327919690951012,15_30,0.5043474302773521,15,6
Hepatocyte_15weeks_Animal3_Capture1_TCGGGACGTAAACGCG,0.3611695301276638,15_30,0.04879857380815242,15,7
Hepatocyte_15weeks_Animal3_Capture1_TCGTAGACACTATCTT,3.492736714510752,15_30,0.47191292769146537,15,6
Hepatocyte_15weeks_Animal3_Capture1_TCTTTCCAGATTACCC,3.7140832424655543,15_30,0.5018196445669523,15,6
Hepatocyte_15weeks_Animal3_Capture1_TGACAACCATGTCTCC,1.4453292249638463,15_30,0.1952822676833993,15,7
Hepatocyte_15weeks_Animal3_Capture1_TGACTTTTCGTTACAG,1.8399255738221625,15_30,0.24859722768953163,15,7
Hepatocyte_15weeks_Animal3_Capture1_TGCTGCTGTTGAGGTG,3.4686218855702555,15_30,0.4686547091493092,15,6
Hepatocyte_15weeks_Animal3_Capture1_TGGTTAGGTTGAGTTC,1.7476967312171579,15_30,0.23613594397739254,15,7
Hepatocyte_15weeks_Animal3_Capture1_TGGTTAGTCATGCAAC,3.8933855071299455,15_30,0.5260456494381311,15,6
Hepatocyte_15weeks_Animal3_Capture1_TGTCCCACAACTGGCC,0.5224212565077386,15_30,0.07058572254317626,15,5
Hepatocyte_15weeks_Animal3_Capture1_TTAGGCACATTACGAC,4.069799918686935,15_30,0.5498814688112178,15,6
Hepatocyte_15weeks_Animal3_Capture1_TTGACTTTCTGAGTGT,4.1581038640402275,15_30,0.5618124492384718,15,6
Hepatocyte_15weeks_Animal3_Capture1_TTTCCTCGTCTAGGTT,3.5456506854824714,15_30,0.47906227475026397,15,6
Hepatocyte_15weeks_Animal3_Capture1_TTTGTCAGTGTGACGA,4.044665742239894,15_30,0.5464855235219667,15,6
Hepatocyte_15weeks_Animal3_Capture2_AAACCTGCACGACGAA,0.5039034516049493,15_30,0.06808373277401074,15,7
Hepatocyte_15weeks_Animal3_Capture2_AAATGCCAGCACGCCT,3.6136199342541464,15_30,0.4882457803513507,15,5
Hepatocyte_15weeks_Animal3_Capture2_AACACGTCACGTAAGG,3.7931493977414052,15_30,0.5125024826585035,15,6
Hepatocyte_15weeks_Animal3_Capture2_AACACGTTCTTGTTTG,1.5097219326303382,15_30,0.20398253732314264,15,7
Hepatocyte_15weeks_Animal3_Capture2_AACCGCGGTTCAGCGC,4.854738588917903,15_30,0.6559366158791321,15,8
Hepatocyte_15weeks_Animal3_Capture2_AAGACCTGTCTCCATC,3.920814977276928,15_30,0.5297517179512001,15,6
Hepatocyte_15weeks_Animal3_Capture2_AAGGTTCCAAATACAG,3.7583561643450185,15_30,0.5078014765483876,15,6
Hepatocyte_15weeks_Animal3_Capture2_ACACCCTGTGTAACGG,3.580060846750282,15_30,0.4837115229683629,15,6
Hepatocyte_15weeks_Animal3_Capture2_ACATACGGTCAGGACA,3.9560494024138326,15_30,0.5345123346483598,15,6
Hepatocyte_15weeks_Animal3_Capture2_ACATACGGTCTCTTAT,4.292141903565405,15_30,0.5799226845137382,15,8
Hepatocyte_15weeks_Animal3_Capture2_ACATCAGTCATGCAAC,1.2991079940591574,15_30,0.17552592908501535,15,7
Hepatocyte_15weeks_Animal3_Capture2_ACCGTAAGTTTGACTG,1.7228364388058601,15_30,0.2327770038871359,15,7
Hepatocyte_15weeks_Animal3_Capture2_ACGGAGATCCATGAAC,3.8244006696947106,15_30,0.5167249249572018,15,6
Hepatocyte_15weeks_Animal3_Capture2_ACGGCCAAGACTTGAA,2.632817593754605,15_30,0.3557269729448741,15,5
Hepatocyte_15weeks_Animal3_Capture2_ACTATCTAGACATAAC,1.6071846346332739,15_30,0.21715098166990437,15,7
Hepatocyte_15weeks_Animal3_Capture2_ACTGAGTTCGTTTATC,0.6790481362128951,15_30,0.09174799596898554,15,5
Hepatocyte_15weeks_Animal3_Capture2_AGACGTTAGACAGACC,4.157442221978117,15_30,0.5617230530233729,15,5
Hepatocyte_15weeks_Animal3_Capture2_AGACGTTCATAAAGGT,1.3248858540154027,15_30,0.17900884416161778,15,7
Hepatocyte_15weeks_Animal3_Capture2_AGACGTTGTTATCCGA,1.8792356631801799,15_30,0.2539085181969679,15,7
Hepatocyte_15weeks_Animal3_Capture2_AGATTGCGTGACCAAG,3.7596949043820302,15_30,0.5079823572679847,15,6
Hepatocyte_15weeks_Animal3_Capture2_AGATTGCTCAACACGT,3.592645469672238,15_30,0.48541186477263354,15,6
Hepatocyte_15weeks_Animal3_Capture2_AGCTCTCAGAAACCAT,3.7706415774557294,15_30,0.5094613913209176,15,6
Hepatocyte_15weeks_Animal3_Capture2_AGCTCTCGTGCACTTA,1.3841362134914035,15_30,0.1870143174888588,15,7
Hepatocyte_15weeks_Animal3_Capture2_AGGGATGTCTGGCGAC,0.003767414890449901,15_30,0.0005090254250754981,15,7
Hepatocyte_15weeks_Animal3_Capture2_AGGTCCGTCGTAGATC,2.5985004631951596,15_30,0.3510902943526984,15,5
Hepatocyte_15weeks_Animal3_Capture2_AGTGAGGAGGCTCTTA,1.2347050789674505,15_30,0.16682428029295931,15,5
Hepatocyte_15weeks_Animal3_Capture2_AGTGAGGCAACGATGG,0.8799747488123925,15_30,0.11889572388361012,15,7
Hepatocyte_15weeks_Animal3_Capture2_AGTGAGGGTTTGGGCC,3.5995241005376704,15_30,0.48634125484567536,15,6
Hepatocyte_15weeks_Animal3_Capture2_ATAGACCAGGATGTAT,3.7603347147614903,15_30,0.5080688037464965,15,6
Hepatocyte_15weeks_Animal3_Capture2_ATAGACCTCATGGTCA,0.6547599548881616,15_30,0.08846635532609452,15,5
Hepatocyte_15weeks_Animal3_Capture2_ATCACGACAACGATGG,3.7755278013085682,15_30,0.5101215819943713,15,6
Hepatocyte_15weeks_Animal3_Capture2_ATCCACCCACCCAGTG,1.4483701407653788,15_30,0.1956931338883447,15,7
Hepatocyte_15weeks_Animal3_Capture2_ATCCACCTCCTTAATC,4.570799607838043,15_30,0.6175728665331132,15,6
Hepatocyte_15weeks_Animal3_Capture2_ATCGAGTGTAATCACC,4.052088915324904,15_30,0.5474884881395842,15,6
Hepatocyte_15weeks_Animal3_Capture2_ATCTACTGTTACCGAT,4.775422592410965,15_30,0.6452200210757364,15,8
Hepatocyte_15weeks_Animal3_Capture2_ATGAGGGAGACTTGAA,4.721905417168402,15_30,0.6379891734869186,15,8
Hepatocyte_15weeks_Animal3_Capture2_ATGAGGGGTGTGAATA,0.6755006142153905,15_30,0.09126868085630126,15,7
Hepatocyte_15weeks_Animal3_Capture2_ATGTGTGGTGATAAGT,1.2668710171418418,15_30,0.17117030557243587,15,5
Hepatocyte_15weeks_Animal3_Capture2_CAAGGCCCATGGGACA,2.9499265468710223,15_30,0.39857240525032805,15,5
Hepatocyte_15weeks_Animal3_Capture2_CACAAACAGAATTGTG,0.5672977040445247,15_30,0.07664909847801069,15,5
Hepatocyte_15weeks_Animal3_Capture2_CACACTCCATGCCTAA,3.346372861822908,15_30,0.4521373190854219,15,6
Hepatocyte_15weeks_Animal3_Capture2_CACATAGCATCACAAC,2.0732753474251027,15_30,0.28012573494277,15,7
Hepatocyte_15weeks_Animal3_Capture2_CACATTTCATACTCTT,3.596031857033717,15_30,0.48586940855697136,15,5
Hepatocyte_15weeks_Animal3_Capture2_CACATTTTCCGATATG,3.453838930809286,15_30,0.4666573448956005,15,6
Hepatocyte_15weeks_Animal3_Capture2_CACCACTCAAAGTCAA,3.476487600483587,15_30,0.46971746676791676,15,5
Hepatocyte_15weeks_Animal3_Capture2_CAGCGACAGAGCCCAA,1.4789385113479736,15_30,0.19982330757033395,15,7
Hepatocyte_15weeks_Animal3_Capture2_CAGCTAACATCCTTGC,3.157162612052086,15_30,0.42657262004938545,15,5
Hepatocyte_15weeks_Animal3_Capture2_CAGCTGGGTGCCTGTG,3.547544432750354,15_30,0.47931814396988803,15,5
Hepatocyte_15weeks_Animal3_Capture2_CAGTAACGTTGACGTT,4.185890358471523,15_30,0.5655667562501848,15,6
Hepatocyte_15weeks_Animal3_Capture2_CATATGGCAATAAGCA,3.702619909842681,15_30,0.5002708032710463,15,8
Hepatocyte_15weeks_Animal3_Capture2_CATATGGTCAGGCGAA,3.2183123235036053,15_30,0.4348347198631749,15,5
Hepatocyte_15weeks_Animal3_Capture2_CATCAAGAGGAATGGA,3.9598345735386125,15_30,0.535023759165383,15,6
Hepatocyte_15weeks_Animal3_Capture2_CATTCGCGTCGAATCT,3.6763343947411693,15_30,0.4967192975603818,15,6
Hepatocyte_15weeks_Animal3_Capture2_CATTCGCTCGTACCGG,3.3613952870942017,15_30,0.45416703883536746,15,5
Hepatocyte_15weeks_Animal3_Capture2_CCATGTCGTTACCGAT,2.0298544238144594,15_30,0.27425901870875335,15,5
Hepatocyte_15weeks_Animal3_Capture2_CCCAATCAGAGAACAG,0.8277513948320746,15_30,0.11183968791951035,15,7
Hepatocyte_15weeks_Animal3_Capture2_CCCTCCTAGCTTCGCG,3.944059161695772,15_30,0.532892301401228,15,6
Hepatocyte_15weeks_Animal3_Capture2_CCTAAAGTCGCATGGC,2.6928252013520657,15_30,0.36383476007564414,15,5
Hepatocyte_15weeks_Animal3_Capture2_CCTATTAGTGCTAGCC,3.9358681600430026,15_30,0.5317855934279001,15,6
Hepatocyte_15weeks_Animal3_Capture2_CCTCAGTAGCACCGCT,3.800029123786756,15_30,0.5134320207042109,15,6
Hepatocyte_15weeks_Animal3_Capture2_CCTTCGAAGTCGTTTG,3.487259137761456,15_30,0.4711728377586411,15,6
Hepatocyte_15weeks_Animal3_Capture2_CCTTCGATCCACTGGG,3.9434624072987665,15_30,0.532811672330782,15,6
Hepatocyte_15weeks_Animal3_Capture2_CGCCAAGAGGTGACCA,3.562085319066111,15_30,0.48128280171348176,15,6
Hepatocyte_15weeks_Animal3_Capture2_CGCTATCTCGTATCAG,3.413016251910319,15_30,0.4611416844006701,15,8
Hepatocyte_15weeks_Animal3_Capture2_CGCTGGATCCGTCATC,4.06445351239705,15_30,0.5491591016673086,15,6
Hepatocyte_15weeks_Animal3_Capture2_CGCTTCACACATCCAA,3.850134545632759,15_30,0.5202018972363661,15,6
Hepatocyte_15weeks_Animal3_Capture2_CGGACACTCGTCCAGG,4.233795270328924,15_30,0.57203931603733,15,5
Hepatocyte_15weeks_Animal3_Capture2_CGGACTGAGGGTGTTG,4.258159486730684,15_30,0.5753312299812854,15,6
Hepatocyte_15weeks_Animal3_Capture2_CGGCTAGAGTGTCCCG,3.1553689122636386,15_30,0.4263302685102474,15,6
Hepatocyte_15weeks_Animal3_Capture2_CGGCTAGCAACGCACC,0.5079615067107157,15_30,0.06863202736997594,15,7
Hepatocyte_15weeks_Animal3_Capture2_CGTAGCGCAATCCGAT,3.2940289770954654,15_30,0.44506499789217324,15,6
Hepatocyte_15weeks_Animal3_Capture2_CGTAGGCGTCACCCAG,4.029271686897748,15_30,0.5444055918467919,15,8
Hepatocyte_15weeks_Animal3_Capture2_CGTAGGCGTGGCTCCA,2.4231499170914894,15_30,0.32739821666465213,15,5
Hepatocyte_15weeks_Animal3_Capture2_CGTAGGCTCGAGCCCA,1.3411406965762196,15_30,0.18120507908255237,15,7
Hepatocyte_15weeks_Animal3_Capture2_CGTCCATCACAACGTT,1.5057972849511148,15_30,0.20345226775865896,15,7
Hepatocyte_15weeks_Animal3_Capture2_CGTTGGGTCGAATGGG,3.953051000659881,15_30,0.534107212629221,15,6
Hepatocyte_15weeks_Animal3_Capture2_CTAGAGTTCTGGTGTA,0.49854360481432086,15_30,0.06735954964837326,15,5
Hepatocyte_15weeks_Animal3_Capture2_CTAGCCTGTATTCGTG,0.6123061828498652,15_30,0.08273031350796826,15,7
Hepatocyte_15weeks_Animal3_Capture2_CTCAGAAAGATCCCAT,4.021450139484287,15_30,0.5433488018163184,15,6
Hepatocyte_15weeks_Animal3_Capture2_CTCATTATCACCATAG,4.09970853082227,15_30,0.55392250077831,15,6
Hepatocyte_15weeks_Animal3_Capture2_CTCGAGGCATCATCCC,3.4509155290836846,15_30,0.46626235632935237,15,5
Hepatocyte_15weeks_Animal3_Capture2_CTCGTACTCCGAAGAG,4.099711142292039,15_30,0.5539228536209215,15,5
Hepatocyte_15weeks_Animal3_Capture2_CTGATAGAGGGTGTTG,3.4502975543340897,15_30,0.46617886012074633,15,5
Hepatocyte_15weeks_Animal3_Capture2_CTGATAGTCTCACATT,1.2721478044400902,15_30,0.17188326630960682,15,7
Hepatocyte_15weeks_Animal3_Capture2_CTGGTCTAGTGGGTTG,3.969472572623771,15_30,0.5363259748023272,15,6
Hepatocyte_15weeks_Animal3_Capture2_CTGGTCTTCTGCCAGG,1.9662770415201634,15_30,0.2656689098440308,15,5
Hepatocyte_15weeks_Animal3_Capture2_CTGTGCTGTTAAAGTG,2.286679447577882,15_30,0.30895932931765197,15,5
Hepatocyte_15weeks_Animal3_Capture2_CTTAACTCAGTAACGG,3.8788864932405795,15_30,0.5240866491892022,15,6
Hepatocyte_15weeks_Animal3_Capture2_CTTCTCTAGCTCCCAG,0.7903237901633187,15_30,0.10678274491480824,15,7
Hepatocyte_15weeks_Animal3_Capture2_GAACATCTCAGGATCT,2.086402377069577,15_30,0.28189936275894056,15,7
Hepatocyte_15weeks_Animal3_Capture2_GACGGCTAGAGCTTCT,3.6079568430906557,15_30,0.4874806250736443,15,6
Hepatocyte_15weeks_Animal3_Capture2_GACGGCTAGTTGAGTA,3.7219520250534694,15_30,0.5028828166672149,15,6
Hepatocyte_15weeks_Animal3_Capture2_GAGTCCGAGGTTCCTA,2.897423286746543,15_30,0.391478550424182,15,5
Hepatocyte_15weeks_Animal3_Capture2_GATGAGGCACACAGAG,2.140196186042107,15_30,0.2891675870652373,15,7
Hepatocyte_15weeks_Animal3_Capture2_GCAGCCACATTTCAGG,2.5211776544744,15_30,0.34064300444128226,15,5
Hepatocyte_15weeks_Animal3_Capture2_GCATGCGGTCTCACCT,2.2131102628012713,15_30,0.29901920149995354,15,5
Hepatocyte_15weeks_Animal3_Capture2_GCCTCTAAGCAATATG,3.6638942833833044,15_30,0.4950384810970887,15,6
Hepatocyte_15weeks_Animal3_Capture2_GCGCAGTAGTCGTTTG,1.9815905289629099,15_30,0.2677379557764796,15,7
Hepatocyte_15weeks_Animal3_Capture2_GCTGCAGAGAACAACT,3.747154142867085,15_30,0.5062879416948294,15,6
Hepatocyte_15weeks_Animal3_Capture2_GCTGCAGGTCTCCATC,3.798989963571874,15_30,0.5132916170095069,15,6
Hepatocyte_15weeks_Animal3_Capture2_GCTTGAAAGCCGCCTA,3.50330432047261,15_30,0.47334074498082235,15,5
Hepatocyte_15weeks_Animal3_Capture2_GGACAAGGTTGGGACA,1.426081873034834,15_30,0.19268170687920466,15,7
Hepatocyte_15weeks_Animal3_Capture2_GGACATTGTTAGTGGG,1.940402839952547,15_30,0.2621729777966124,15,7
Hepatocyte_15weeks_Animal3_Capture2_GGATTACGTGTGAAAT,2.075987232402093,15_30,0.28049214491971936,15,5
Hepatocyte_15weeks_Animal3_Capture2_GGGAGATGTCACACGC,4.001401421941927,15_30,0.540639966377172,15,6
Hepatocyte_15weeks_Animal3_Capture2_GGTGCGTTCGCGTTTC,4.026261581780655,15_30,0.5439988885551968,15,6
Hepatocyte_15weeks_Animal3_Capture2_GTAACTGTCATGTGGT,3.666267556253732,15_30,0.4953591402935982,15,6
Hepatocyte_15weeks_Animal3_Capture2_GTACTTTTCTCAAACG,1.3325470508835986,15_30,0.18004396880432863,15,7
Hepatocyte_15weeks_Animal3_Capture2_GTCATTTCATGCAATC,3.027651157321004,15_30,0.4090739836598153,15,5
Hepatocyte_15weeks_Animal3_Capture2_GTCGGGTCAGGTTTCA,3.972095337998503,15_30,0.53668034359328,15,6
Hepatocyte_15weeks_Animal3_Capture2_GTGTTAGAGATGCCTT,3.112614480484267,15_30,0.420553603756513,15,5
Hepatocyte_15weeks_Animal3_Capture2_GTGTTAGTCCACTCCA,3.9241191091505905,15_30,0.5301981479782619,15,6
Hepatocyte_15weeks_Animal3_Capture2_GTTAAGCTCCTTGACC,2.159002354837307,15_30,0.29170853844526307,15,5
Hepatocyte_15weeks_Animal3_Capture2_GTTACAGGTACAAGTA,4.271439835759653,15_30,0.5771255731864253,15,6
Hepatocyte_15weeks_Animal3_Capture2_TACACGAAGACTTTCG,3.767451189449352,15_30,0.5090303295296563,15,6
Hepatocyte_15weeks_Animal3_Capture2_TACACGATCATTTGGG,2.4906514867505227,15_30,0.3365185328995464,15,5
Hepatocyte_15weeks_Animal3_Capture2_TACCTTACACCACGTG,3.1452476192186087,15_30,0.4249627537436577,15,2
Hepatocyte_15weeks_Animal3_Capture2_TACTCGCGTGCAGGTA,3.8199072014026827,15_30,0.5161178005299955,15,6
Hepatocyte_15weeks_Animal3_Capture2_TAGGCATCACTCTGTC,3.5519498347685827,15_30,0.4799133695291015,15,10
Hepatocyte_15weeks_Animal3_Capture2_TAGGCATCATCCCATC,1.947073671247696,15_30,0.2630742915181852,15,8
Hepatocyte_15weeks_Animal3_Capture2_TAGTGGTAGTTAACGA,1.1767178388067272,15_30,0.1589894703688943,15,5
Hepatocyte_15weeks_Animal3_Capture2_TATCAGGTCTCATTCA,3.7961087712629027,15_30,0.5129023314695691,15,6
Hepatocyte_15weeks_Animal3_Capture2_TCAATCTGTCATCGGC,4.802999370067202,15_30,0.6489459926973546,15,8
Hepatocyte_15weeks_Animal3_Capture2_TCAATCTTCCATGAGT,1.672297783065667,15_30,0.2259485919736755,15,7
Hepatocyte_15weeks_Animal3_Capture2_TCAGGATTCGCATGGC,3.858560808428699,15_30,0.5213403919671625,15,5
Hepatocyte_15weeks_Animal3_Capture2_TCCACACTCCTTCAAT,1.7014562998019007,15_30,0.22988827656054087,15,5
Hepatocyte_15weeks_Animal3_Capture2_TCGCGAGTCTTCGAGA,4.040842019001008,15_30,0.5459688901264841,15,5
Hepatocyte_15weeks_Animal3_Capture2_TCGTACCAGGCTACGA,2.7179680806339674,15_30,0.3672318812280117,15,7
Hepatocyte_15weeks_Animal3_Capture2_TCTTCGGGTTATCGGT,3.9027684438160577,15_30,0.5273134029173702,15,6
Hepatocyte_15weeks_Animal3_Capture2_TGAGCCGAGATGGGTC,3.9289098256233403,15_30,0.5308454343961023,15,6
Hepatocyte_15weeks_Animal3_Capture2_TGCCCATTCCAGTATG,3.8149045981748655,15_30,0.515441885530302,15,8
Hepatocyte_15weeks_Animal3_Capture2_TGGACGCAGCCGTCGT,1.791431344581759,15_30,0.24204504366664129,15,5
Hepatocyte_15weeks_Animal3_Capture2_TGGACGCGTAGCGTGA,2.1455272768745006,15_30,0.2898878848970355,15,7
Hepatocyte_15weeks_Animal3_Capture2_TGGTTAGAGTGGACGT,4.013836043625581,15_30,0.5423200411160122,15,5
Hepatocyte_15weeks_Animal3_Capture2_TGTGTTTAGCTAGTCT,4.08871565542701,15_30,0.5524372242070836,15,6
Hepatocyte_15weeks_Animal3_Capture2_TGTGTTTTCTCTGTCG,2.9725024693254136,15_30,0.40162269805268136,15,5
Hepatocyte_15weeks_Animal3_Capture2_TGTTCCGTCGCATGGC,3.382375540533855,15_30,0.4570017365620189,15,5
Hepatocyte_15weeks_Animal3_Capture2_TTATGCTCATGCCTTC,3.708636252357493,15_30,0.5010836872764064,15,6
Hepatocyte_15weeks_Animal3_Capture2_TTCGAAGCATCTCGCT,3.831679010709968,15_30,0.517708320929471,15,6
Hepatocyte_15weeks_Animal3_Capture2_TTCGGTCAGACCCACC,2.2346227227660767,15_30,0.3019258070627661,15,5
Hepatocyte_15weeks_Animal3_Capture2_TTCTCCTCATGGTCTA,3.5113834401617763,15_30,0.47443233628509796,15,6
Hepatocyte_15weeks_Animal3_Capture2_TTCTCCTCATTGGCGC,4.490806873182596,15_30,0.6067648358423181,15,6
Hepatocyte_15weeks_Animal3_Capture2_TTTACTGGTGACAAAT,2.4945107289136415,15_30,0.33703996535115416,15,7
Hepatocyte_15weeks_Animal2_Capture2_ACTTTCATCCTATTCA,1.9293717280743603,15_30,0.2606825349926931,15,7
Hepatocyte_15weeks_Animal2_Capture2_AGCAGCCCAGCTGTAT,1.8421566901196962,15_30,0.24889867973417473,15,7
Hepatocyte_15weeks_Animal2_Capture2_CAAGGCCCAGCTCCGA,2.2199825453882163,15_30,0.29994773384023976,15,7
Hepatocyte_15weeks_Animal2_Capture2_CATCGGGAGCTGATAA,1.8351911236556337,15_30,0.2479575435616632,15,7
Hepatocyte_15weeks_Animal2_Capture2_CCTACCATCAGGATCT,4.414443719080887,15_30,0.5964472074135346,15,8
Hepatocyte_15weeks_Animal2_Capture2_CGGTTAAAGTGTGGCA,3.995550983855043,15_30,0.5398494981594021,15,5
Hepatocyte_15weeks_Animal2_Capture2_CTCGGAGAGATAGGAG,0.8928635403637408,15_30,0.12063716271870245,15,7
Hepatocyte_15weeks_Animal2_Capture2_CTCGTACGTCCATCCT,1.6052137205810137,15_30,0.21688468624123203,15,7
Hepatocyte_15weeks_Animal2_Capture2_GATCAGTTCTGCGGCA,1.6794415517982413,15_30,0.22691380552765855,15,7
Hepatocyte_15weeks_Animal2_Capture2_GCGCAACTCGCCATAA,0.8140454240537098,15_30,0.10998783783015204,15,7
Hepatocyte_15weeks_Animal2_Capture2_GCTCCTAAGGGCTTGA,3.5750818443466317,15_30,0.4830387967386624,15,5
Hepatocyte_15weeks_Animal2_Capture2_GGGAATGCAGACACTT,1.65821094348999,15_30,0.22404528169023527,15,7
Hepatocyte_15weeks_Animal2_Capture2_GTAGGCCCACAAGACG,3.1306145502868183,15_30,0.42298564096214664,15,5
Hepatocyte_15weeks_Animal2_Capture2_GTGCTTCCATCTCCCA,1.3133049877781278,15_30,0.17744412258711995,15,7
Hepatocyte_15weeks_Animal2_Capture2_GTTCGGGAGCTGAAAT,1.3773873884774788,15_30,0.1861024658289364,15,7
Hepatocyte_15weeks_Animal2_Capture2_TATCTCAGTTAAGACA,3.3517271548872567,15_30,0.4528607518323614,15,5
Hepatocyte_15weeks_Animal2_Capture2_TGAGAGGTCTTTACGT,1.8393561148669852,15_30,0.24852028657867684,15,5
Hepatocyte_15weeks_Animal2_Capture2_TTAACTCGTTCTGAAC,1.142281231439691,15_30,0.15433664894813745,15,5
Hepatocyte_15weeks_Animal2_Capture2_TTCCCAGCAGCTCGAC,4.098503095814749,15_30,0.5537596312550568,15,5
Hepatocyte_15weeks_Animal2_Capture2_TTCGAAGAGAAACCGC,2.8633601895930605,15_30,0.38687619495972486,15,5
Hepatocyte_15weeks_Animal2_Capture1_ACCTTTAAGATACACA,2.3192071618479395,15_30,0.31335423512561644,15,7
Hepatocyte_15weeks_Animal2_Capture1_AGCGGTCCATTCCTCG,0.6778330711841543,15_30,0.09158382530800604,15,7
Hepatocyte_15weeks_Animal2_Capture1_ATCATCTGTCTCCCTA,0.967501071961461,15_30,0.13072163771093737,15,7
Hepatocyte_15weeks_Animal2_Capture1_ATTACTCTCGGTGTTA,0.7108478568040753,15_30,0.09604454061880364,15,7
Hepatocyte_15weeks_Animal2_Capture1_ATTTCTGGTAAGGGAA,1.4825323806664796,15_30,0.20030888479257078,15,7
Hepatocyte_15weeks_Animal2_Capture1_CAACCAAAGACCTTTG,2.031609147113133,15_30,0.27449610403090924,15,7
Hepatocyte_15weeks_Animal2_Capture1_CACACCTTCAATCTCT,2.005375361307244,15_30,0.27095158760267285,15,7
Hepatocyte_15weeks_Animal2_Capture1_CAGGTGCAGCCACTAT,1.1846048849190964,15_30,0.16005511010241974,15,7
Hepatocyte_15weeks_Animal2_Capture1_CATGACACAATGACCT,1.931765393269936,15_30,0.26100594945037736,15,7
Hepatocyte_15weeks_Animal2_Capture1_CCATTCGCAAACAACA,4.5827438615355325,15_30,0.6191866863518398,15,8
Hepatocyte_15weeks_Animal2_Capture1_CCCAGTTCATAGACTC,4.266526681806686,15_30,0.5764617439156673,15,7
Hepatocyte_15weeks_Animal2_Capture1_CCGTACTGTCGTCTTC,5.124385185060578,15_30,0.6923692831623723,15,8
Hepatocyte_15weeks_Animal2_Capture1_CGGACTGAGTACGCGA,1.902933301764428,15_30,0.257110369042812,15,7
Hepatocyte_15weeks_Animal2_Capture1_CGTCCATCACTATCTT,2.2163392541601294,15_30,0.29945547909262704,15,7
Hepatocyte_15weeks_Animal2_Capture1_CGTTAGAGTGTAAGTA,4.323332137016596,15_30,0.5841368797384114,15,5
Hepatocyte_15weeks_Animal2_Capture1_CTAAGACTCCAGAAGG,2.217378296647669,15_30,0.29959586688087736,15,7
Hepatocyte_15weeks_Animal2_Capture1_CTAATGGGTCACAAGG,2.061360973221639,15_30,0.2785159522217853,15,7
Hepatocyte_15weeks_Animal2_Capture1_CTCGGGAAGCCTTGAT,2.1638596229870637,15_30,0.2923648168368209,15,7
Hepatocyte_15weeks_Animal2_Capture1_CTGAAGTCAATCTGCA,1.6205502229918018,15_30,0.21895684178709773,15,7
Hepatocyte_15weeks_Animal2_Capture1_GACTACATCTTCGGTC,1.8461068140853483,15_30,0.2494323914673353,15,7
Hepatocyte_15weeks_Animal2_Capture1_GCTGCGAAGCTGATAA,1.5435955402893289,15_30,0.2085592903590684,15,7
Hepatocyte_15weeks_Animal2_Capture1_GGACAAGGTTCCACGG,5.1096379404749666,15_30,0.690376743805236,15,4
Hepatocyte_15weeks_Animal2_Capture1_GGCCGATTCTCCGGTT,0.9692365315650487,15_30,0.13095612026412176,15,7
Hepatocyte_15weeks_Animal2_Capture1_TACTCATAGTCTCAAC,1.8082736924181102,15_30,0.2443206579846715,15,7
Hepatocyte_15weeks_Animal2_Capture1_TCGCGAGCAAAGCGGT,1.9164088296745763,15_30,0.2589310833846191,15,7
Hepatocyte_15weeks_Animal2_Capture1_TGGTTCCTCGAACTGT,1.4805923988839664,15_30,0.20004676870496235,15,7
Hepatocyte_15weeks_Animal2_Capture1_TGTTCCGAGCGCCTCA,1.4053606642210654,15_30,0.18988200935949584,15,7
Hepatocyte_15weeks_Animal2_Capture1_TTAGTTCCACATTTCT,4.106451625719249,15_30,0.5548335782269233,15,5
Hepatocyte_15weeks_Animal2_Capture1_TTGACTTCACAACTGT,1.9235767263311325,15_30,0.25989955692645006,15,7
Hepatocyte_15weeks_Animal1_Capture1_ACGGCCAAGCGCTCCA,3.730989820441874,15_30,0.5041039371896692,15,2
Hepatocyte_15weeks_Animal1_Capture1_ACTGAACGTAAATGTG,4.618223024015831,15_30,0.6239803701610313,15,10
Hepatocyte_15weeks_Animal1_Capture1_CAGCAGCTCCAAACAC,4.719638626657107,15_30,0.6376829014045702,15,2
Hepatocyte_15weeks_Animal1_Capture1_CCTTCGATCAGTTTGG,4.387344996661654,15_30,0.592785827103811,15,10
Hepatocyte_15weeks_Animal1_Capture1_GATTCAGCAAGGTTCT,5.505247923994352,15_30,0.7438286586807483,15,2
Hepatocyte_15weeks_Animal1_Capture1_GATTCAGTCGTTTATC,4.362344204930913,15_30,0.5894079037776003,15,10
Hepatocyte_15weeks_Animal1_Capture1_GCCTCTAAGAGGTAGA,4.093079778960108,15_30,0.5530268725206126,15,10
Hepatocyte_15weeks_Animal1_Capture1_TCTCTAAGTTCAGGCC,3.753725099702782,15_30,0.5071757611131054,15,2
Hepatocyte_15weeks_Animal1_Capture1_TGACAACTCACCTTAT,2.248103175281636,15_30,0.3037471867810809,15,10
Hepatocyte_15weeks_Animal1_Capture2_CCCAGTTAGAGTTGGC,4.91500266798971,15_30,0.6640790555515109,15,2
Hepatocyte_15weeks_Animal1_Capture2_CCTAGCTGTGAGTATA,4.50844593916932,15_30,0.6091480968642426,15,2
Hepatocyte_15weeks_Animal1_Capture2_CCTTTCTCACGGCCAT,1.4308924889850692,15_30,0.19333168196826395,15,0
Hepatocyte_15weeks_Animal1_Capture2_CTGCCTATCCATGCTC,4.745370449142294,15_30,0.6411595962362683,15,2
Hepatocyte_15weeks_Animal1_Capture2_GATCAGTAGCGATTCT,4.688622698271977,15_30,0.6334922570000017,15,0
Hepatocyte_15weeks_Animal1_Capture2_GATCGATGTGTGCGTC,4.5972718346476675,15_30,0.6211495993582188,15,2
Hepatocyte_15weeks_Animal1_Capture2_GATCGCGTCTCTTGAT,3.2887463762118934,15_30,0.4443512516660592,15,8
Hepatocyte_15weeks_Animal1_Capture2_GCACTCTGTTTGTGTG,5.0937027119806935,15_30,0.6882236927891309,15,10
Hepatocyte_15weeks_Animal1_Capture2_GCGCAGTGTGCAGGTA,3.6556752775106602,15_30,0.4939279893992866,15,10
Hepatocyte_15weeks_Animal1_Capture2_GGGTCTGGTCCAGTAT,0.8919005722184408,15_30,0.12050705353674374,15,10
Hepatocyte_15weeks_Animal1_Capture2_GTCTCGTTCAACGGCC,5.069208035296318,15_30,0.6849141520101321,15,2
Hepatocyte_15weeks_Animal1_Capture2_GTGCGGTCAACACCTA,3.6907796128263683,15_30,0.49867102931542845,15,10
Hepatocyte_15weeks_Animal1_Capture2_TCTCTAAAGTCACGCC,3.5391843617917615,15_30,0.47818859259391766,15,2
Hepatocyte_15weeks_Animal3_Capture1_AAGACCTTCCTGCAGG,1.4588532906618017,15_30,0.1971095400945429,15,7
Hepatocyte_15weeks_Animal3_Capture1_ACGAGGATCTGTCTAT,0.9997716432557112,15_30,0.13508180024894847,15,5
Hepatocyte_15weeks_Animal3_Capture1_ACGCCGAAGATCCGAG,4.057176490149711,15_30,0.548175883877273,15,8
Hepatocyte_15weeks_Animal3_Capture1_AGAGTGGAGCGTTCCG,4.6630171642697515,15_30,0.6300326253404231,15,8
Hepatocyte_15weeks_Animal3_Capture1_AGATCTGCACGGCGTT,1.8259427713996221,15_30,0.24670797414198029,15,7
Hepatocyte_15weeks_Animal3_Capture1_AGCATACTCTACCTGC,2.030768662267788,15_30,0.2743825438926946,15,7
Hepatocyte_15weeks_Animal3_Capture1_AGGTCATGTTAGAACA,2.1654871209068314,15_30,0.29258471240035955,15,7
Hepatocyte_15weeks_Animal3_Capture1_ATCATCTCAAGTAGTA,2.066829963347708,15_30,0.2792548819931553,15,7
Hepatocyte_15weeks_Animal3_Capture1_ATTATCCAGTGGGTTG,1.8596627446339267,15_30,0.2512639692230202,15,7
Hepatocyte_15weeks_Animal3_Capture1_CACATAGGTTAGAACA,3.607996140443058,15_30,0.48748593464322787,15,8
Hepatocyte_15weeks_Animal3_Capture1_CAGAGAGTCTTGACGA,2.8596337051660017,15_30,0.3863726997581931,15,7
Hepatocyte_15weeks_Animal3_Capture1_CAGCTGGCAGTCAGAG,3.706410115747576,15_30,0.5007829080505739,15,4
Hepatocyte_15weeks_Animal3_Capture1_CCAGCGAGTCACCCAG,0.6090391370809942,15_30,0.08228889428295638,15,7
Hepatocyte_15weeks_Animal3_Capture1_CCGTGGAAGTAGTGCG,1.9800880235207845,15_30,0.2675349482783421,15,7
Hepatocyte_15weeks_Animal3_Capture1_CGAGCACTCCGCAAGC,2.026610094234157,15_30,0.2738206687282708,15,5
Hepatocyte_15weeks_Animal3_Capture1_CGATTGATCCTCAATT,1.8539002522699382,15_30,0.25048538358529043,15,7
Hepatocyte_15weeks_Animal3_Capture1_CGCTTCAGTAGCACGA,1.8799295080119982,15_30,0.2540022654137526,15,7
Hepatocyte_15weeks_Animal3_Capture1_CTAATGGGTATCGCAT,4.851226725218831,15_30,0.655462118653791,15,8
Hepatocyte_15weeks_Animal3_Capture1_CTACATTTCACATAGC,1.8783270552969198,15_30,0.25378575377429285,15,7
Hepatocyte_15weeks_Animal3_Capture1_CTCACACAGCCAGTTT,4.628465471111648,15_30,0.6253642543729819,15,8
Hepatocyte_15weeks_Animal3_Capture1_CTCACACTCCATTCTA,1.841079490147809,15_30,0.24875313638693916,15,7
Hepatocyte_15weeks_Animal3_Capture1_CTCATTATCTGTACGA,0.4661135770798336,15_30,0.06297784252750284,15,7
Hepatocyte_15weeks_Animal3_Capture1_CTGATCCAGCTAGTCT,4.43686282989994,15_30,0.5994763129796382,15,8
Hepatocyte_15weeks_Animal3_Capture1_GAAGCAGAGATGCCTT,1.62130421861831,15_30,0.21905871613740124,15,5
Hepatocyte_15weeks_Animal3_Capture1_GACTAACGTGAGCGAT,1.6078023906250787,15_30,0.21723444832156477,15,7
Hepatocyte_15weeks_Animal3_Capture1_GCTCTGTGTGAAAGAG,1.7161578202373606,15_30,0.23187463800639224,15,7
Hepatocyte_15weeks_Animal3_Capture1_GGGCACTGTGTTTGTG,1.1086089580738454,15_30,0.1497870987229269,15,5
Hepatocyte_15weeks_Animal3_Capture1_GTCACAACATGCTGGC,1.4373342612729496,15_30,0.19420204691941123,15,5
Hepatocyte_15weeks_Animal3_Capture1_GTCACGGGTCGGCATC,3.32365087624195,15_30,0.4490672913063669,15,8
Hepatocyte_15weeks_Animal3_Capture1_GTCGGGTAGACTTGAA,4.194805672929997,15_30,0.5667713280491152,15,8
Hepatocyte_15weeks_Animal3_Capture1_TACCTTACAGATCCAT,2.0497730282793953,15_30,0.27695027422467133,15,7
Hepatocyte_15weeks_Animal3_Capture1_TACTCATAGAAACCGC,1.6149322084535922,15_30,0.21819777693187256,15,7
Hepatocyte_15weeks_Animal3_Capture1_TAGCCGGCAGACGCAA,1.5210329599911456,15_30,0.20551080025085222,15,7
Hepatocyte_15weeks_Animal3_Capture1_TAGTGGTCAATGGAGC,2.0022219764751723,15_30,0.27052552540850333,15,7
Hepatocyte_15weeks_Animal3_Capture1_TGAAAGACACCGGAAA,1.3179357853683085,15_30,0.1780698019402901,15,5
Hepatocyte_15weeks_Animal3_Capture1_TGGCCAGAGATGCCTT,3.442401170366764,15_30,0.46511195872485384,15,8
Hepatocyte_15weeks_Animal3_Capture1_TTATGCTTCGCCCTTA,1.692055851908742,15_30,0.22861815709564068,15,7
Hepatocyte_15weeks_Animal3_Capture1_TTTATGCCAAGTACCT,1.1048958733901135,15_30,0.14928541399628076,15,7
Hepatocyte_15weeks_Animal3_Capture2_AAGGTTCGTAAGAGAG,2.5084168289684334,15_30,0.3389188554382206,15,8
Hepatocyte_15weeks_Animal3_Capture2_ACCCACTCAGTCACTA,2.730676158040146,15_30,0.3689489032953105,15,5
Hepatocyte_15weeks_Animal3_Capture2_ACTGATGCATTTCACT,1.7830338440865212,15_30,0.24091043508663176,15,5
Hepatocyte_15weeks_Animal3_Capture2_ATAAGAGAGCTAACTC,3.2990316930382932,15_30,0.445740928121091,15,8
Hepatocyte_15weeks_Animal3_Capture2_ATCTACTTCATCTGCC,2.822647345774725,15_30,0.3813753745740557,15,8
Hepatocyte_15weeks_Animal3_Capture2_ATTCTACGTGCAGGTA,2.216957988089823,15_30,0.2995390778760712,15,5
Hepatocyte_15weeks_Animal3_Capture2_ATTGGTGAGCTGTCTA,2.3914889517390314,15_30,0.32312041960341287,15,8
Hepatocyte_15weeks_Animal3_Capture2_CACACCTAGGTGATAT,1.8987367559197896,15_30,0.25654336259554467,15,7
Hepatocyte_15weeks_Animal3_Capture2_CAGCCGATCGCTTAGA,4.200915443660196,15_30,0.5675968353886273,15,8
Hepatocyte_15weeks_Animal3_Capture2_CCACGGACATCTCCCA,1.835400837181316,15_30,0.24798587851272608,15,7
Hepatocyte_15weeks_Animal3_Capture2_CCATTCGAGTCCATAC,4.51431769695709,15_30,0.6099414456433847,15,8
Hepatocyte_15weeks_Animal3_Capture2_CCCATACTCCTTTCTC,2.99720972394689,15_30,0.4049609608009723,15,5
Hepatocyte_15weeks_Animal3_Capture2_CGCGGTACATATGCTG,3.6080266908635106,15_30,0.4874900623916202,15,5
Hepatocyte_15weeks_Animal3_Capture2_CGGTTAACAAGTACCT,1.549028793326212,15_30,0.2092933915974674,15,7
Hepatocyte_15weeks_Animal3_Capture2_CGTGTCTAGGAACTGC,1.5458720711282796,15_30,0.20886687848293864,15,7
Hepatocyte_15weeks_Animal3_Capture2_CTCTAATCAAAGCAAT,3.8064179302351273,15_30,0.5142952293002035,15,8
Hepatocyte_15weeks_Animal3_Capture2_GACTACAAGACAAAGG,3.157249150556412,15_30,0.42658431249638984,15,8
Hepatocyte_15weeks_Animal3_Capture2_GAGTCCGGTTCGGGCT,0.9217631960613887,15_30,0.12454187190359237,15,7
Hepatocyte_15weeks_Animal3_Capture2_GCCAAATAGTATGACA,2.281305224353982,15_30,0.30823320375395813,15,5
Hepatocyte_15weeks_Animal3_Capture2_GCTGCTTGTAGGACAC,4.484943891005235,15_30,0.6059726727591902,15,8
Hepatocyte_15weeks_Animal3_Capture2_GGCCGATTCGCATGAT,1.1241526752535762,15_30,0.15188725160620037,15,7
Hepatocyte_15weeks_Animal3_Capture2_GGGAATGCACAAGTAA,0.5248759751233291,15_30,0.07091738609048268,15,5
Hepatocyte_15weeks_Animal3_Capture2_GTACTCCGTCGAATCT,1.0258262258427895,15_30,0.1386021040546619,15,7
Hepatocyte_15weeks_Animal3_Capture2_GTGTGCGTCAGTACGT,3.2126417841625208,15_30,0.4340685582424254,15,7
Hepatocyte_15weeks_Animal3_Capture2_TAGTGGTGTTACTGAC,2.2785835669673586,15_30,0.30786547340080594,15,7
Hepatocyte_15weeks_Animal3_Capture2_TGAGCCGAGGCCATAG,1.8937598490908116,15_30,0.2558709195045,15,5
Hepatocyte_15weeks_Animal3_Capture2_TGCTACCCAGGGTACA,2.890680662247835,15_30,0.3905675365323275,15,5
Hepatocyte_15weeks_Animal3_Capture2_TTAGGACGTTTAAGCC,2.7652356590865437,15_30,0.37361832920726223,15,5
Hepatocyte_15weeks_Animal3_Capture2_TTCGAAGAGTGCCAGA,1.1522681208091476,15_30,0.15568600407739494,15,7
Hepatocyte_15weeks_Animal1_Capture1_GCAGTTATCGTACGGC,0.46508320090054955,15_30,0.06283862566716254,15,0
Hepatocyte_15weeks_Animal1_Capture2_TGTCCCAGTCGGCATC,0.33453994064013237,15_30,0.045200579293972976,15,0
Hepatocyte_15weeks_Animal2_Capture1_GTATTCTTCCGAAGAG,2.490070086828736,15_30,0.33643997841300005,15,0
Hepatocyte_15weeks_Animal1_Capture1_CGAATGTCAGATCGGA,3.5952610237131557,15_30,0.48576525922113484,15,0
Hepatocyte_15weeks_Animal3_Capture2_TTCCCAGTCTGTCAAG,3.811235459135008,15_30,0.5149461384162374,15,8
Hepatocyte_15weeks_Animal2_Capture2_AGCTTGATCACTTATC,4.578573659739339,15_30,0.6186232393188786,15,9
Hepatocyte_15weeks_Animal2_Capture2_CTGCTGTAGGAGCGTT,3.325348491656757,15_30,0.4492966606307616,15,9
Hepatocyte_15weeks_Animal2_Capture2_TCATTTGAGAGTACAT,4.619905500610647,15_30,0.6242076940392766,15,9
Hepatocyte_15weeks_Animal2_Capture1_AGATCTGAGTGACTCT,4.343879922005036,15_30,0.5869131455047899,15,9
Hepatocyte_15weeks_Animal2_Capture1_CAGGTGCTCAGCATGT,5.16553943653382,15_30,0.6979297433078513,15,9
Hepatocyte_15weeks_Animal2_Capture1_CTCGAGGTCTTGCATT,4.698503930934129,15_30,0.6348273365711081,15,9
Hepatocyte_15weeks_Animal2_Capture1_GCAGTTAAGCGATTCT,5.168046712570075,15_30,0.6982685080277583,15,2
Hepatocyte_15weeks_Animal2_Capture1_TACGGGCAGACCGGAT,4.696879948623362,15_30,0.6346079160108324,15,1
Hepatocyte_15weeks_Animal2_Capture1_TGACTAGGTTAAAGAC,4.023831429865386,15_30,0.5436705442799743,15,9
Hepatocyte_15weeks_Animal2_Capture1_TGTGGTAAGAGTTGGC,5.707436133240253,15_30,0.771146844266716,15,9
Hepatocyte_15weeks_Animal2_Capture1_TTAACTCTCGCTTAGA,2.7307848868302624,15_30,0.368963593930724,15,9
Hepatocyte_15weeks_Animal1_Capture1_AAGGAGCCAGCATACT,4.73996170893358,15_30,0.6404288069911436,15,9
Hepatocyte_15weeks_Animal1_Capture1_ACCGTAATCAACTCTT,4.781896437873678,15_30,0.6460947195186619,15,9
Hepatocyte_15weeks_Animal1_Capture1_ACGAGCCCATTATCTC,5.407294510668133,15_30,0.7305939130246838,15,2
Hepatocyte_15weeks_Animal1_Capture1_ACGCAGCGTAACGTTC,4.371747856269631,15_30,0.5906784560685323,15,9
Hepatocyte_15weeks_Animal1_Capture1_ACTATCTCACCACCAG,4.293597207869849,15_30,0.5801193145408855,15,9
Hepatocyte_15weeks_Animal1_Capture1_ACTGTCCGTCGCTTTC,5.126075757851049,15_30,0.6925977009391009,15,9
Hepatocyte_15weeks_Animal1_Capture1_AGATCTGTCCACGAAT,1.630328137529018,15_30,0.22027796177212383,15,9
Hepatocyte_15weeks_Animal1_Capture1_AGCAGCCCAATCTACG,4.905062274290604,15_30,0.6627359825756802,15,9
Hepatocyte_15weeks_Animal1_Capture1_AGGCCACGTTCAGTAC,4.247368468442361,15_30,0.5738732268595333,15,9
Hepatocyte_15weeks_Animal1_Capture1_CACACTCAGGCATGGT,3.3344853508588987,15_30,0.45053116592801856,15,9
Hepatocyte_15weeks_Animal1_Capture1_CAGCGACGTCAATACC,3.2867875363193053,15_30,0.4440865876091466,15,9
Hepatocyte_15weeks_Animal1_Capture1_CAGTCCTTCTAACTTC,5.007697440388287,15_30,0.6766032922747001,15,9
Hepatocyte_15weeks_Animal1_Capture1_CATCCACAGCTGGAAC,3.705367510064015,15_30,0.500642038829452,15,9
Hepatocyte_15weeks_Animal1_Capture1_CCAATCCGTAGGACAC,3.3036100080346156,15_30,0.44635951641170907,15,9
Hepatocyte_15weeks_Animal1_Capture1_CCACCTATCAGTTGAC,3.9398886399826067,15_30,0.5323288111434356,15,2
Hepatocyte_15weeks_Animal1_Capture1_CCATGTCCACGAAAGC,4.299199078288494,15_30,0.5808761981212675,15,9
Hepatocyte_15weeks_Animal1_Capture1_CCGTGGACAAGCGAGT,4.795267422831698,15_30,0.6479013087847358,15,9
Hepatocyte_15weeks_Animal1_Capture1_CGAATGTAGAGACTAT,5.08353915193236,15_30,0.6868504672155425,15,9
Hepatocyte_15weeks_Animal1_Capture1_CGCTTCATCCTTCAAT,4.92135551614644,15_30,0.6649374057272819,15,9
Hepatocyte_15weeks_Animal1_Capture1_CGGAGCTCACGTAAGG,3.864605275325898,15_30,0.5221570759324727,15,9
Hepatocyte_15weeks_Animal1_Capture1_CGGCTAGTCTGAGGGA,4.416470780755917,15_30,0.5967210890965429,15,9
Hepatocyte_15weeks_Animal1_Capture1_CGTAGGCGTCCAGTTA,4.296495104002812,15_30,0.5805108569788169,15,9
Hepatocyte_15weeks_Animal1_Capture1_CGTGTCTTCTTTCCTC,3.9657410003318323,15_30,0.5358217921658677,15,9
Hepatocyte_15weeks_Animal1_Capture1_CGTTGGGAGCCCTAAT,4.3221396578873055,15_30,0.5839757607182526,15,2
Hepatocyte_15weeks_Animal1_Capture1_CTAATGGCAGACTCGC,4.296677072389797,15_30,0.5805354432105511,15,9
Hepatocyte_15weeks_Animal1_Capture1_CTGTGCTCATGAAGTA,5.183075470352564,15_30,0.7002990833800987,15,9
Hepatocyte_15weeks_Animal1_Capture1_CTTAACTGTGTTAAGA,3.2313411434010795,15_30,0.4365950782997664,15,10
Hepatocyte_15weeks_Animal1_Capture1_CTTCTCTTCTGCGTAA,5.051603040304089,15_30,0.6825354944107029,15,9
Hepatocyte_15weeks_Animal1_Capture1_GAAGCAGAGCTAAGAT,5.139880379889039,15_30,0.6944628800619809,15,9
Hepatocyte_15weeks_Animal1_Capture1_GACCTGGGTGCACGAA,5.043276770817529,15_30,0.6814105100413325,15,9
Hepatocyte_15weeks_Animal1_Capture1_GCAAACTGTTAGATGA,4.4015282830797355,15_30,0.5947021685761115,15,9
Hepatocyte_15weeks_Animal1_Capture1_GCATGATCAAGTACCT,4.391546033410886,15_30,0.5933534403291173,15,9
Hepatocyte_15weeks_Animal1_Capture1_GCATGATTCATCTGCC,5.114224554864974,15_30,0.6909964534489624,15,9
Hepatocyte_15weeks_Animal1_Capture1_GCTTCCAAGGTGCTTT,4.303572685181556,15_30,0.5814671277567312,15,9
Hepatocyte_15weeks_Animal1_Capture1_GGCCGATGTAGTACCT,4.895648675257235,15_30,0.6614640862253213,15,9
Hepatocyte_15weeks_Animal1_Capture1_GGGACCTAGGTACTCT,4.251170894101297,15_30,0.5743869826824624,15,2
Hepatocyte_15weeks_Animal1_Capture1_GGGTCTGCAAGTACCT,4.564673870051081,15_30,0.6167452018421831,15,9
Hepatocyte_15weeks_Animal1_Capture1_GGGTCTGGTTCGGGCT,4.525970604291009,15_30,0.6115159008816569,15,9
Hepatocyte_15weeks_Animal1_Capture1_GTGCATACAGACACTT,4.892777547447475,15_30,0.6610761605265846,15,9
Hepatocyte_15weeks_Animal1_Capture1_GTGCGGTTCATTGCCC,3.800348757516149,15_30,0.5134752072657401,15,9
Hepatocyte_15weeks_Animal1_Capture1_TAAGTGCTCACAACGT,4.698714301113893,15_30,0.6348557602444468,15,9
Hepatocyte_15weeks_Animal1_Capture1_TACTCGCCACTGAAGG,5.331431033240569,15_30,0.7203437972375533,15,9
Hepatocyte_15weeks_Animal1_Capture1_TACTTGTTCTCTTGAT,3.464699023990214,15_30,0.4681246809094265,15,9
Hepatocyte_15weeks_Animal1_Capture1_TATCAGGGTCGTTGTA,4.78456708190813,15_30,0.6464555573224058,15,9
Hepatocyte_15weeks_Animal1_Capture1_TCAGCTCTCCAAGCCG,3.6912205377046168,15_30,0.49873060384600265,15,10
Hepatocyte_15weeks_Animal1_Capture1_TCCACACCAGATGGCA,5.499506280160743,15_30,0.7430528899432929,15,9
Hepatocyte_15weeks_Animal1_Capture1_TCGGTAAAGCTGATAA,3.736156841451418,15_30,0.5048020671122387,15,9
Hepatocyte_15weeks_Animal1_Capture1_TCTCTAAGTCGCGAAA,3.253710665359804,15_30,0.4396174837833354,15,9
Hepatocyte_15weeks_Animal1_Capture1_TCTGGAAAGGTAGCTG,4.869462391770859,15_30,0.6579259879615519,15,9
Hepatocyte_15weeks_Animal1_Capture1_TCTTTCCGTCGTCTTC,4.781445491599198,15_30,0.6460337909706447,15,9
Hepatocyte_15weeks_Animal1_Capture1_TGACGGCGTACGACCC,4.133146605724344,15_30,0.5584404078274859,15,9
Hepatocyte_15weeks_Animal1_Capture1_TGCCCTACAGCTGTAT,4.550339889807664,15_30,0.6148084997271799,15,9
Hepatocyte_15weeks_Animal1_Capture1_TGTTCCGTCACAGTAC,4.932160894944831,15_30,0.6663973491356638,15,9
Hepatocyte_15weeks_Animal1_Capture1_TTAGTTCTCAAACAAG,4.802205456277866,15_30,0.6488387248981233,15,9
Hepatocyte_15weeks_Animal1_Capture1_TTGCCGTAGTCATGCT,4.0777061011708575,15_30,0.5509496941106943,15,9
Hepatocyte_15weeks_Animal1_Capture1_TTGCCGTAGTTGAGTA,4.934621744499858,15_30,0.66672984105047,15,9
Hepatocyte_15weeks_Animal1_Capture2_AAATGCCGTGCGAAAC,3.506104492197671,15_30,0.47371908361462844,15,9
Hepatocyte_15weeks_Animal1_Capture2_AAGACCTTCAACCAAC,3.988333796228628,15_30,0.5388743647838086,15,9
Hepatocyte_15weeks_Animal1_Capture2_AATCCAGAGACCACGA,5.003435254753239,15_30,0.6760274170611336,15,9
Hepatocyte_15weeks_Animal1_Capture2_ACCTTTACAGCCTGTG,4.451833018194833,15_30,0.6014989748530583,15,9
Hepatocyte_15weeks_Animal1_Capture2_ACGGGTCCACCACGTG,5.372922731135335,15_30,0.7259498506646728,15,9
Hepatocyte_15weeks_Animal1_Capture2_ACTGTCCCATGATCCA,4.085747486801929,15_30,0.5520361870662295,15,9
Hepatocyte_15weeks_Animal1_Capture2_AGAGCGACAAGTTAAG,4.636966697270715,15_30,0.6265128776027334,15,9
Hepatocyte_15weeks_Animal1_Capture2_AGAGTGGCAGTGGAGT,4.6037668125944515,15_30,0.6220271530671555,15,9
Hepatocyte_15weeks_Animal1_Capture2_AGGGAGTGTACCATCA,4.95375211418225,15_30,0.669314596072837,15,9
Hepatocyte_15weeks_Animal1_Capture2_AGTAGTCCACGCATCG,5.176873944156183,15_30,0.6994611787160195,15,9
Hepatocyte_15weeks_Animal1_Capture2_ATCACGAGTCCAAGTT,5.308045015828112,15_30,0.7171840503553145,15,9
Hepatocyte_15weeks_Animal1_Capture2_ATCATGGAGAGTACAT,5.1997431034863775,15_30,0.7025510915309527,15,9
Hepatocyte_15weeks_Animal1_Capture2_ATGCGATCAGTAGAGC,4.8459903546025265,15_30,0.6547546187217888,15,2
Hepatocyte_15weeks_Animal1_Capture2_ATTATCCGTTGTACAC,0.6744372359928203,15_30,0.0911250050023007,15,0
Hepatocyte_15weeks_Animal1_Capture2_ATTCTACTCCGATATG,4.408904485354353,15_30,0.5956987868428698,15,9
Hepatocyte_15weeks_Animal1_Capture2_CAAGTTGAGAGTCGGT,2.3708897986523567,15_30,0.32033721335694404,15,9
Hepatocyte_15weeks_Animal1_Capture2_CACAGGCCAATCGAAA,3.3724954877516415,15_30,0.4556668164076226,15,9
Hepatocyte_15weeks_Animal1_Capture2_CACATAGAGAAGCCCA,2.4405581345041805,15_30,0.3297502871230357,15,2
Hepatocyte_15weeks_Animal1_Capture2_CATATTCTCGGAATCT,2.2592310593909013,15_30,0.30525070473798777,15,9
Hepatocyte_15weeks_Animal1_Capture2_CCGGTAGAGAGGTACC,4.825796840382782,15_30,0.6520262194192511,15,9
Hepatocyte_15weeks_Animal1_Capture2_CCTAGCTCATTCTCAT,3.8438942206426985,15_30,0.5193587503642956,15,9
Hepatocyte_15weeks_Animal1_Capture2_CCTAGCTGTACTCAAC,4.901856579884354,15_30,0.6623028526961069,15,9
Hepatocyte_15weeks_Animal1_Capture2_CCTATTATCCACGAAT,1.8497375384131538,15_30,0.24992294826769676,15,9
Hepatocyte_15weeks_Animal1_Capture2_CGAGCCAAGGGAACGG,4.3563434885971954,15_30,0.5885971310670418,15,9
Hepatocyte_15weeks_Animal1_Capture2_CGAGCCACAGGAATGC,3.517598348603816,15_30,0.47527204905990644,15,9
Hepatocyte_15weeks_Animal1_Capture2_CGATGTAGTCTAGCCG,3.7265145652883427,15_30,0.5034992735879452,15,9
Hepatocyte_15weeks_Animal1_Capture2_CTGCTGTGTCGGATCC,5.411451940422021,15_30,0.7311556343931104,15,9
Hepatocyte_15weeks_Animal1_Capture2_CTGGTCTTCAGTTCGA,4.909312664501563,15_30,0.6633102640781914,15,9
Hepatocyte_15weeks_Animal1_Capture2_CTGTGCTCATTGAGCT,4.226962238651984,15_30,0.5711160869916717,15,9
Hepatocyte_15weeks_Animal1_Capture2_GAAATGAAGTTTGCGT,4.57138144685624,15_30,0.6176514803471408,15,9
Hepatocyte_15weeks_Animal1_Capture2_GAAGCAGCAGTGGGAT,5.222307381604814,15_30,0.7055998110361696,15,9
Hepatocyte_15weeks_Animal1_Capture2_GACCTGGAGCGATAGC,2.0503968455712993,15_30,0.2770345598346756,15,9
Hepatocyte_15weeks_Animal1_Capture2_GACGGCTAGACTAGGC,4.4877050042537325,15_30,0.6063457340985613,15,9
Hepatocyte_15weeks_Animal1_Capture2_GACGTGCCATGGTAGG,4.927541048558824,15_30,0.6657731494287557,15,9
Hepatocyte_15weeks_Animal1_Capture2_GAGCAGATCAGCCTAA,5.21686338296689,15_30,0.7048642579310936,15,9
Hepatocyte_15weeks_Animal1_Capture2_GATCAGTTCCGCGGTA,3.812358005307842,15_30,0.5150978086090378,15,9
Hepatocyte_15weeks_Animal1_Capture2_GATGAAAAGACTAGAT,4.140265911572402,15_30,0.5594023161362142,15,9
Hepatocyte_15weeks_Animal1_Capture2_GGAACTTTCCGAATGT,3.8022696070581823,15_30,0.5137347383455578,15,9
Hepatocyte_15weeks_Animal1_Capture2_GGGCATCAGAGTGACC,3.013599397252571,15_30,0.4071754130617045,15,9
Hepatocyte_15weeks_Animal1_Capture2_GTATCTTCAATCACAC,2.669951198256764,15_30,0.36074419280675124,15,9
Hepatocyte_15weeks_Animal1_Capture2_GTGGGTCGTCGCGTGT,3.3228902310140143,15_30,0.44896451851076563,15,9
Hepatocyte_15weeks_Animal1_Capture2_TACGGGCAGCCCGAAA,4.74574001745116,15_30,0.6412095295913632,15,9
Hepatocyte_15weeks_Animal1_Capture2_TACTCGCAGCGTGAAC,4.42128859491582,15_30,0.5973720367548153,15,9
Hepatocyte_15weeks_Animal1_Capture2_TACTCGCTCCCTAACC,4.264097809809788,15_30,0.5761335725736128,15,9
Hepatocyte_15weeks_Animal1_Capture2_TAGAGCTTCAGCAACT,5.075494738252242,15_30,0.6857635651322639,15,9
Hepatocyte_15weeks_Animal1_Capture2_TATCTCAAGTAGGCCA,4.034180844428673,15_30,0.5450688811503609,15,9
Hepatocyte_15weeks_Animal1_Capture2_TCAGCTCAGTTTAGGA,3.286696576984914,15_30,0.44407429785205865,15,2
Hepatocyte_15weeks_Animal1_Capture2_TCAGGTAGTGCAACTT,4.635125371963681,15_30,0.6262640912533745,15,9
Hepatocyte_15weeks_Animal1_Capture2_TCGGGACTCATTATCC,3.2813650595018453,15_30,0.4433539423743554,15,9
Hepatocyte_15weeks_Animal1_Capture2_TCTCTAATCCCTGACT,4.770898778280616,15_30,0.6446087965417726,15,9
Hepatocyte_15weeks_Animal1_Capture2_TGACTTTGTAAGGGCT,3.7114233465977344,15_30,0.5014602589765291,15,9
Hepatocyte_15weeks_Animal1_Capture2_TGATTTCCAACTTGAC,5.2181378577572195,15_30,0.7050364556026429,15,9
Hepatocyte_15weeks_Animal1_Capture2_TGCGCAGAGGCTAGGT,4.285554948104977,15_30,0.5790327034788124,15,9
Hepatocyte_15weeks_Animal1_Capture2_TGGGAAGGTTCTGGTA,4.610589016803105,15_30,0.622948919184836,15,9
Hepatocyte_15weeks_Animal1_Capture2_TGTGTTTAGAGCTGGT,4.972205320740701,15_30,0.6718078577882464,15,9
Hepatocyte_15weeks_Animal1_Capture2_TTAACTCCACAGACAG,3.432040882308133,15_30,0.46371215270765154,15,9
Hepatocyte_15weeks_Animal1_Capture2_TTAGGCAGTCCCTACT,5.293645057261114,15_30,0.7152384337338968,15,9
Hepatocyte_15weeks_Animal1_Capture2_TTCGGTCCAGTCCTTC,4.246583235451681,15_30,0.5737671319460483,15,9
Hepatocyte_15weeks_Animal1_Capture2_TTCGGTCGTCGCATCG,4.5506933879269695,15_30,0.6148562617963108,15,9
Hepatocyte_15weeks_Animal1_Capture2_TTCTCAACACCGCTAG,5.036941445266843,15_30,0.6805545273913716,15,9
Hepatocyte_15weeks_Animal1_Capture2_TTGAACGCATCGGAAG,4.407520139558064,15_30,0.5955117442080929,15,9
Hepatocyte_15weeks_Animal1_Capture2_TTGGCAACATGGGAAC,4.353151421195109,15_30,0.5881658423681688,15,10
Hepatocyte_15weeks_Animal3_Capture2_CCACTACCACCGGAAA,3.0720034285917532,15_30,0.41506653674811106,15,9
Hepatocyte_15weeks_Animal1_Capture1_CGCCAAGTCGTACGGC,5.240383745592033,15_30,0.7080421565515888,15,0
Hepatocyte_15weeks_Animal1_Capture2_CTGAAGTCACGAAACG,4.280546464964856,15_30,0.5783559940285614,15,0
Hepatocyte_15weeks_Animal1_Capture1_ACCTTTAGTTTGGCGC,2.4460353360609437,15_30,0.33049032636260106,15,0
Hepatocyte_15weeks_Animal1_Capture1_CAGATCAAGAAGGACA,2.131318925861646,15_30,0.2879681568808104,15,0
Hepatocyte_15weeks_Animal1_Capture1_CGATCGGAGTACTTGC,1.9606983523770136,15_30,0.26491515834730706,15,0
Hepatocyte_15weeks_Animal1_Capture1_CGCGTTTGTTAAGTAG,2.3431211163269836,15_30,0.3165853129861379,15,0
Hepatocyte_15weeks_Animal1_Capture1_CGGAGTCAGAATAGGG,2.524026335755659,15_30,0.3410278973299772,15,0
Hepatocyte_15weeks_Animal1_Capture1_CTCGGAGGTCCAGTTA,2.2686321634611786,15_30,0.30652091286072003,15,0
Hepatocyte_15weeks_Animal1_Capture1_GACACGCGTAGCTTGT,2.149069155708104,15_30,0.29036643754686736,15,0
Hepatocyte_15weeks_Animal1_Capture1_GGAGCAATCGGTTCGG,2.4444874487966306,15_30,0.3302811872060183,15,0
Hepatocyte_15weeks_Animal1_Capture1_TTTACTGTCAAGGCTT,2.3110101003164134,15_30,0.312246708385986,15,0
Hepatocyte_15weeks_Animal1_Capture2_CACACTCAGGATCGCA,2.297813292914877,15_30,0.3104636527118592,15,0
Hepatocyte_15weeks_Animal1_Capture2_TAGTTGGGTCATATCG,2.1479014051350482,15_30,0.2902086596675744,15,0
