id,g0,g1,g2,g3
Hepatocyte_Chow_Animal4_Capture1_AACTCCCTCCGGGTGT,1.02996068933285,1.0123227376546224,0.9925652294425752,0.973494770393791
Hepatocyte_Chow_Animal4_Capture1_AAGCCGCCAACTTGAC,0.867758252840218,0.8521295320166182,0.8373268411201541,0.8257656119976061
Hepatocyte_Chow_Animal4_Capture1_ACTGATGCATCTCGCT,0.980667955584371,0.9768953529925456,0.9677366871066282,0.9563264243734924
Hepatocyte_Chow_Animal4_Capture1_CACTCCAGTGAGGGAG,0.999354081555594,0.9750637383481814,0.9520351342708728,0.932976564014778
Hepatocyte_Chow_Animal4_Capture1_CGCCAAGCACGGATAG,0.99925879550167,0.9758563311297924,0.9537827940565676,0.9358496287576415
Hepatocyte_Chow_Animal4_Capture1_GTTCTCGAGATATGCA,1.03213018444538,1.0159949983976495,0.9992757726564948,0.9847464213847456
Hepatocyte_Chow_Animal5_Capture1_CCTAGCTCAGACGCCT,1.0931675986121,1.0691339124422647,1.04594586039427,1.0264464183557658
Hepatocyte_Chow_Animal5_Capture1_TAAGAGACACCGTTGG,1.03048753065589,1.010869181661422,0.9902185839608456,0.9719990926531132
Hepatocyte_Chow_Animal5_Capture1_TAAGTGCAGTACGTTC,1.05290743429163,1.040111394606077,1.0237106575434294,1.00826197057042
Hepatocyte_Chow_Animal5_Capture1_TCAGCAAAGGGCTTGA,0.988468892409341,0.9677658432748404,0.9482119426321652,0.9324346579375368
Hepatocyte_Chow_Animal6_Capture1_AAGGAGCAGCCGATTT,1.03255888650938,1.0167095106990895,0.9968425902498046,0.977962244542426
Hepatocyte_Chow_Animal4_Capture1_AAACGGGGTCGGCATC,0.960727200212367,0.949814034456729,0.9363019874041828,0.9232983815986052
Hepatocyte_Chow_Animal5_Capture1_CATGGCGAGCTCCCAG,1.04206771216525,1.0194425882038358,0.9976275434053672,0.9792613968252208
Hepatocyte_Chow_Animal5_Capture1_CGCTATCGTGCAACTT,1.05037811804097,1.0299216584832265,1.0098044790496843,0.993029993139238
Hepatocyte_Chow_Animal5_Capture1_GGGCATCGTACCATCA,0.959310234990061,0.9428138492377752,0.9267167748557268,0.9136815473010867
Hepatocyte_Chow_Animal5_Capture1_TAGACCATCAGGTTCA,1.0149572370028,0.9970805139567886,0.9795526017022284,0.9648716845160722
Hepatocyte_Chow_Animal5_Capture1_TAGAGCTGTGCAGGTA,1.04481824081623,1.0258750720306278,1.00759068520804,0.9927394980650962
Hepatocyte_Chow_Animal5_Capture1_TCTTTCCTCCTCTAGC,1.05431690715087,1.0327177710024642,1.0112045388607038,0.9925293953185204
Hepatocyte_Chow_Animal6_Capture1_AAGGTTCTCCCTTGTG,1.02176379892191,0.9991326744969315,0.9775009567785756,0.9594989043022047
Hepatocyte_Chow_Animal6_Capture1_ATCCACCTCTAACTCT,1.03943307317198,1.0254921218480697,1.0116205485040772,1.0005206760587049
Hepatocyte_Chow_Animal6_Capture1_CGACTTCTCCTTGACC,1.03556177455425,1.022492050211264,1.009108843539737,0.9981804616549068
Hepatocyte_Chow_Animal6_Capture1_CGTTAGATCTTGCATT,1.03611845927982,1.0165357640970272,0.9979295058808676,0.982939309874426
Hepatocyte_Chow_Animal6_Capture1_GCAAACTCACACCGCA,1.04769381633097,1.0291038033831497,1.0108914330226535,0.99569580207246
Hepatocyte_Chow_Animal6_Capture1_TGCCCATTCGTTTATC,1.04217970807081,1.0233392752459964,1.0053552372627856,0.9908991063876856
Hepatocyte_Chow_Animal4_Capture1_AAACCTGAGCCCAGCT,1.05329185644712,1.0736502647806263,1.08497275090542,1.0901995980299992
Hepatocyte_Chow_Animal4_Capture1_AAAGCAACAGCTCGAC,1.02940349072753,1.0427183584939197,1.0515491239286916,1.0580329226754694
Hepatocyte_Chow_Animal4_Capture1_AAGACCTCATGTAAGA,0.962917660848119,0.977676672377062,0.98435953792964,0.9857163919924044
Hepatocyte_Chow_Animal4_Capture1_AAGGAGCCAATGGACG,0.955127719602985,0.9792221842110423,0.9965752080075736,1.0093161754074376
Hepatocyte_Chow_Animal4_Capture1_ACACCCTTCTAACTTC,0.959580006181613,0.979746688764432,0.991364671105876,0.9971924464318404
Hepatocyte_Chow_Animal4_Capture1_ACAGCCGAGCTAACTC,0.880421198095533,0.9038180956039604,0.9194434103815226,0.9296774508524543
Hepatocyte_Chow_Animal4_Capture1_ACATGGTTCGAATGCT,1.0092627282322,1.0255156493986604,1.0332911421048188,1.035437523516292
Hepatocyte_Chow_Animal4_Capture1_ACGGGCTTCCAGTAGT,1.09916097434204,1.1087701344570573,1.11077410235391,1.108068472590287
Hepatocyte_Chow_Animal4_Capture1_ACTATCTAGTGGTCCC,0.945348930708393,0.9669338497621665,0.98012926317936,0.9875945066021926
Hepatocyte_Chow_Animal4_Capture1_ACTGTCCTCGCCAGCA,1.04350193308216,1.064971389811743,1.0772093547914272,1.08320182207865
Hepatocyte_Chow_Animal4_Capture1_AGACGTTCATCTCGCT,0.965866752436714,0.9815059760424416,0.9890037147293628,0.9910903135069628
Hepatocyte_Chow_Animal4_Capture1_AGATTGCAGAGCTTCT,0.910907261146307,0.9336770266723728,0.9492195892162651,0.9598299717241522
Hepatocyte_Chow_Animal4_Capture1_AGCGTATAGAATCTCC,0.896658666147472,0.9206094638142864,0.9368433819214328,0.9476701917625436
Hepatocyte_Chow_Animal4_Capture1_AGGCCGTTCATGGTCA,1.00394713244527,1.0217590191800503,1.0303089649473014,1.0327127466380168
Hepatocyte_Chow_Animal4_Capture1_AGGTCATGTCAGATAA,1.00029017497339,1.0182145955970374,1.0274477412638847,1.0308522354141076
Hepatocyte_Chow_Animal4_Capture1_AGGTCCGAGCTTTGGT,1.04261926545036,1.0649856327821603,1.0781581231823656,1.0850742555433788
Hepatocyte_Chow_Animal4_Capture1_AGTCTTTGTTAAGGGC,1.03699860140993,1.060434115084847,1.075379166589103,1.0845400252459352
Hepatocyte_Chow_Animal4_Capture1_ATAAGAGCACATTTCT,0.955864010354345,0.9831839114205376,1.0016807554421097,1.0140553450795684
Hepatocyte_Chow_Animal4_Capture1_ATTCTACAGTAGATGT,1.03769680166324,1.0564159170117604,1.0658547962380849,1.0690879911009596
Hepatocyte_Chow_Animal4_Capture1_CAAGAAAAGGAATGGA,0.887340533227788,0.9063499691682392,0.9185099370701624,0.9260834845208544
Hepatocyte_Chow_Animal4_Capture1_CACACAATCTAGAGTC,1.03969545949064,1.056078211291256,1.063880313122647,1.0659390875114994
Hepatocyte_Chow_Animal4_Capture1_CACACTCCAAATTGCC,0.95533844710851,0.9742513092810252,0.985857534872447,0.992531911618926
Hepatocyte_Chow_Animal4_Capture1_CACTCCAAGATCCCGC,1.03875426895112,1.05584835265254,1.065239694578774,1.0696259985413954
Hepatocyte_Chow_Animal4_Capture1_CACTCCACACATCCGG,0.929497428033154,0.9525105990726032,0.967246679877911,0.9762697473929184
Hepatocyte_Chow_Animal4_Capture1_CACTCCAGTTTGTTTC,0.930206205266356,0.9480387531055362,0.9576211985146704,0.961652659912616
Hepatocyte_Chow_Animal4_Capture1_CAGAGAGTCACAATGC,0.954915608149758,0.9804798041626904,0.9981721508675868,1.0103922814247577
Hepatocyte_Chow_Animal4_Capture1_CAGATCAAGCCCTAAT,1.03303103782265,1.0512092023854909,1.061202494383996,1.0657208612382958
Hepatocyte_Chow_Animal4_Capture1_CAGCGACTCGACCAGC,0.997313208161258,1.0103661639688788,1.0152261966004903,1.0147262958842462
Hepatocyte_Chow_Animal4_Capture1_CAGCTGGAGTGGGTTG,0.903610387344114,0.9220031342713384,0.9328315339220742,0.9385402888344364
Hepatocyte_Chow_Animal4_Capture1_CAGTCCTAGATATACG,0.963779154747425,0.989720116136336,1.007447488784459,1.0195071874853618
Hepatocyte_Chow_Animal4_Capture1_CATATGGCAACAACCT,1.03962599791751,1.061453865474315,1.0740361751862046,1.0803397514392754
Hepatocyte_Chow_Animal4_Capture1_CATCAAGGTTCGGGCT,0.904147794171179,0.9267446858668932,0.9418144229887156,0.9516742455284284
Hepatocyte_Chow_Animal4_Capture1_CCCAATCCAGCGTTCG,0.967020559127127,0.9864663073436012,0.9986447907843276,1.0059475857442493
Hepatocyte_Chow_Animal4_Capture1_CCTTCCCTCAGCTTAG,0.933380268296131,0.9534327149045296,0.9656528063033224,0.9725326053799308
Hepatocyte_Chow_Animal4_Capture1_CGAACATAGGATGGAA,0.907756018140937,0.9286454048862606,0.9413340939520756,0.948429307793062
Hepatocyte_Chow_Animal4_Capture1_CGAATGTAGTACACCT,1.03568204248243,1.0611709896735306,1.076892469571164,1.0859662388626925
Hepatocyte_Chow_Animal4_Capture1_CGACTTCCAGAGTGTG,0.965414336139075,0.9857083531846944,0.997370636438056,1.0031872349234965
Hepatocyte_Chow_Animal4_Capture1_CGACTTCGTCGAACAG,0.976057706894801,0.997559840963164,1.0103191616395235,1.017136768838092
Hepatocyte_Chow_Animal4_Capture1_CGAGCCAGTCAGCTAT,0.968366601233707,0.9904192359269028,1.0041963448176756,1.0122774638860117
Hepatocyte_Chow_Animal4_Capture1_CGATGGCTCGCGTAGC,1.02596128978162,1.0495181327185972,1.0650576820498832,1.0751351106127454
Hepatocyte_Chow_Animal4_Capture1_CGATGTAAGTCCATAC,0.955546081886894,0.9743852781415344,0.9854904272142444,0.9913664729792178
Hepatocyte_Chow_Animal4_Capture1_CGATTGAGTTAAGTAG,0.999125912748207,1.0178079974494632,1.027193742746232,1.030407294836308
Hepatocyte_Chow_Animal4_Capture1_CGCGGTAGTCTGATTG,1.05007635816824,1.0701912674991372,1.0810623832799613,1.0857102492605168
Hepatocyte_Chow_Animal4_Capture1_CGGACTGCATTGGTAC,0.967714314116129,0.9867310884206862,0.9974353962233408,1.0025296645319806
Hepatocyte_Chow_Animal4_Capture1_CGGTTAAGTCATACTG,1.03439206522256,1.0567752106496664,1.069890231007694,1.0767382294066077
Hepatocyte_Chow_Animal4_Capture1_CGTCAGGCACATTAGC,1.10825051261009,1.1246713971132385,1.1319231054827406,1.133078424734005
Hepatocyte_Chow_Animal4_Capture1_CGTCTACAGTTCCACA,1.03148460271862,1.0508894118808896,1.062041523230654,1.067614838241016
Hepatocyte_Chow_Animal4_Capture1_CGTGTAATCAACGAAA,0.991419244771341,1.0175326066006247,1.034277878651588,1.044602762120129
Hepatocyte_Chow_Animal4_Capture1_CGTGTCTCATCGGGTC,0.882383593656141,0.8983004226849864,0.9095429765158348,0.9194341211894136
Hepatocyte_Chow_Animal4_Capture1_CGTTCTGAGCACAGGT,0.947015594219029,0.9693227371322573,0.9829932808471356,0.9907723829436912
Hepatocyte_Chow_Animal4_Capture1_CTAATGGTCCAAAGTC,0.978546052226983,0.9999688292204908,1.0127872809328229,1.0197673307665085
Hepatocyte_Chow_Animal4_Capture1_CTAGTGACACAGACAG,1.18334742289037,1.1957027481146425,1.197654678053427,1.192909484080945
Hepatocyte_Chow_Animal4_Capture1_CTCAGAATCCGTTGCT,1.0432586366837,1.0641364089975436,1.0753100196817542,1.0799810448404052
Hepatocyte_Chow_Animal4_Capture1_CTCGAGGAGGAGTTGC,0.962287105418096,0.9848665471184974,0.9989549378992364,1.0072291966990283
Hepatocyte_Chow_Animal4_Capture1_CTCGTACGTCGAATCT,1.05093720608092,1.0689632611175826,1.07764843745932,1.0801209131205831
Hepatocyte_Chow_Animal4_Capture1_CTGCTGTCATCTATGG,1.04233446475062,1.0600051934265708,1.0689057687900911,1.0719414886499956
Hepatocyte_Chow_Animal4_Capture1_CTTAGGATCTGCCAGG,0.921491881361496,0.9384973621454205,0.9480470442288492,0.9525851689161232
Hepatocyte_Chow_Animal4_Capture1_CTTGGCTGTACTTAGC,0.993427940054466,1.0124798659047751,1.0231811185344697,1.0282399946188188
Hepatocyte_Chow_Animal4_Capture1_GACAGAGAGATGTGTA,1.04345363887058,1.05962184031779,1.0670276227847753,1.0686211108601775
Hepatocyte_Chow_Animal4_Capture1_GACGTTAGTCACTGGC,1.04914294953326,1.0655658176190754,1.0730040142984607,1.074478440238217
Hepatocyte_Chow_Animal4_Capture1_GACTGCGGTCTAAACC,1.04930804559195,1.0712456052929835,1.0846309269737946,1.0921480463950042
Hepatocyte_Chow_Animal4_Capture1_GATCGATAGATGTGTA,1.04197799374217,1.0530361167846347,1.0558356221556586,1.0533201871288624
Hepatocyte_Chow_Animal4_Capture1_GATGAAATCCAATGGT,0.99222246163853,1.0133809258465472,1.025627040295678,1.0318327464904795
Hepatocyte_Chow_Animal4_Capture1_GATGCTAAGCCGCCTA,0.878685899510236,0.9003161060451109,0.9142748762502428,0.9229593157887712
Hepatocyte_Chow_Animal4_Capture1_GATGCTACAGATTGCT,1.10765457145268,1.1266387135860376,1.1356774311185276,1.1381042144889446
Hepatocyte_Chow_Animal4_Capture1_GCAAACTGTTATGCGT,1.1039601197043,1.1249634385797658,1.138612148690263,1.1474358373383042
Hepatocyte_Chow_Animal4_Capture1_GCACATAGTCGTTGTA,0.970960077235316,0.9929698048836948,1.007630133834216,1.0172324268645343
Hepatocyte_Chow_Animal4_Capture1_GCATACAAGCTAGTTC,1.03467230084501,1.0573141954494187,1.0704608249683885,1.0771776010744498
Hepatocyte_Chow_Animal4_Capture1_GCGGGTTGTCATGCAT,1.03869727521127,1.0558076455274057,1.0640711428218792,1.066411201368644
Hepatocyte_Chow_Animal4_Capture1_GGCCGATCAGGATCGA,1.03760627993457,1.0567879389202757,1.0673304659927676,1.07206032075959
Hepatocyte_Chow_Animal4_Capture1_GGCCGATTCAGGTTCA,0.945153181472189,0.9676097394831246,0.9819886492192657,0.9908385345455116
Hepatocyte_Chow_Animal4_Capture1_GGCGACTGTTTAGCTG,1.04603874661885,1.0676836743097335,1.0796563512918624,1.085130195592746
Hepatocyte_Chow_Animal4_Capture1_GGGTCTGCAAACTGTC,0.915489719623239,0.9358152706759602,0.9483628700040858,0.955604383316612
Hepatocyte_Chow_Animal4_Capture1_GTAGTCACACACTGCG,1.03470554165931,1.0529515365085254,1.062158732317732,1.0653280466457065
Hepatocyte_Chow_Animal4_Capture1_GTCCTCATCAAGGCTT,0.99099340892726,1.0096078838485476,1.0194760604967097,1.0234861215649154
Hepatocyte_Chow_Animal4_Capture1_GTCTTCGGTTAAGAAC,0.927798295179337,0.954121916419349,0.9719078891584676,0.9837702995225428
Hepatocyte_Chow_Animal4_Capture1_GTGAAGGGTCCCGACA,0.863350148141829,0.8862114792144141,0.901025515266145,0.910318823309032
Hepatocyte_Chow_Animal4_Capture1_GTGCTTCTCACTTATC,1.00554375144596,1.020416783294364,1.02721079386778,1.0287012137534983
Hepatocyte_Chow_Animal4_Capture1_GTGGGTCGTAGCTGCC,0.946138485824989,0.9672636186950404,0.980557742131628,0.98845284322143
Hepatocyte_Chow_Animal4_Capture1_GTGTTAGGTACCATCA,1.04516126619691,1.0543447683570315,1.058788159339989,1.0608603533476286
Hepatocyte_Chow_Animal4_Capture1_TACCTATGTGTGCCTG,1.02548916107568,1.0468952634163846,1.059854401663093,1.067044369567104
Hepatocyte_Chow_Animal4_Capture1_TACGGATGTGTTGAGG,0.941373969749968,0.9690066653679384,0.9884582333847096,1.0021853205374824
Hepatocyte_Chow_Animal4_Capture1_TAGCCGGCACAGACAG,1.00308940004652,1.0208358771963737,1.0305141769516084,1.0347986497697312
Hepatocyte_Chow_Animal4_Capture1_TATCAGGAGACCTAGG,0.923814486287839,0.943166570765618,0.9542839902674972,0.9598242935583576
Hepatocyte_Chow_Animal4_Capture1_TCAGATGAGAGTCTGG,0.960502975575461,0.9861213440890144,1.0036365244858545,1.0154739413156215
Hepatocyte_Chow_Animal4_Capture1_TCAGCTCCAATAAGCA,1.05141827601624,1.066881065384242,1.0730133123864332,1.0730321088490269
Hepatocyte_Chow_Animal4_Capture1_TCATTACCACAGGAGT,1.11786585117314,1.132959307224264,1.1385901942060852,1.1380067572119377
Hepatocyte_Chow_Animal4_Capture1_TCGGGACGTACTCAAC,0.982795992473208,1.0035464464573405,1.016082608734769,1.0230403001988713
Hepatocyte_Chow_Animal4_Capture1_TCGGGACGTCCGAAGA,0.940915284436359,0.9622248213772036,0.9779663112812484,0.9901579332287488
Hepatocyte_Chow_Animal4_Capture1_TCGGTAAAGAGGTAGA,1.04991039951085,1.0703788425363676,1.0815617331751874,1.0865019315866318
Hepatocyte_Chow_Animal4_Capture1_TCGTAGACACCTCGTT,1.03970172719306,1.0581728700576938,1.0681752453428777,1.0725351198317894
Hepatocyte_Chow_Animal4_Capture1_TCTTCGGAGCTACCGC,0.88399007622819,0.9089263524752684,0.9254785685725376,0.9362497088167878
Hepatocyte_Chow_Animal4_Capture1_TGAGCATAGGACAGCT,0.934386682873373,0.9545942988275454,0.967181933440282,0.9745759918493024
Hepatocyte_Chow_Animal4_Capture1_TGCACCTAGGCTAGGT,1.10130139148131,1.1213669868707647,1.132942083844279,1.138797289678866
Hepatocyte_Chow_Animal4_Capture1_TGCACCTGTCCGCTGA,0.989766476875422,1.0072188490692078,1.0175207617949606,1.0231748391265727
Hepatocyte_Chow_Animal4_Capture1_TGCCCTAAGGTGCTAG,1.03325645861702,1.0523396269119456,1.0636838946785745,1.069821603548323
Hepatocyte_Chow_Animal4_Capture1_TGCCCTACAAGACGTG,1.02935242649566,1.0544519143644089,1.0710786558242729,1.081868297542451
Hepatocyte_Chow_Animal4_Capture1_TGCGCAGAGGGTGTTG,1.06130118949777,1.078816002458478,1.087842410985554,1.091260995304242
Hepatocyte_Chow_Animal4_Capture1_TGGCTGGGTTGGTGGA,0.953596104979732,0.9761359389334372,0.990668549274702,0.9996807506809856
Hepatocyte_Chow_Animal4_Capture1_TGTGTTTCATCGATTG,0.966418960983937,0.9933187970096024,1.0113660095020178,1.023292883160805
Hepatocyte_Chow_Animal4_Capture1_TTCCCAGCACCATGTA,1.0306205174052,1.056308231354448,1.072670616169578,1.082624274324605
Hepatocyte_Chow_Animal4_Capture1_TTCTACAAGCTCTCGG,0.964094163056174,0.9828442941466304,0.9936080237416286,0.9989963659328772
Hepatocyte_Chow_Animal4_Capture1_TTCTACAAGTCGTACT,0.841558285231091,0.862531665650164,0.876110781626662,0.884576222125882
Hepatocyte_Chow_Animal4_Capture1_TTGTAGGGTATAATGG,0.958354563839343,0.9805571143865685,0.9941302017844972,1.0018311253368937
Hepatocyte_Chow_Animal4_Capture1_TTTGCGCTCGAATCCA,1.00714863862299,1.0240703110981024,1.0327288177092375,1.03590201604516
Hepatocyte_Chow_Animal4_Capture1_TTTGTCAAGGGAACGG,0.989777293341704,1.0096369618583882,1.02092429972665,1.0264036003149082
Hepatocyte_Chow_Animal5_Capture1_AAACCTGTCTCTGTCG,1.00617365851042,1.024293938045287,1.0336981731052894,1.0372577826147908
Hepatocyte_Chow_Animal5_Capture1_AAAGATGAGATCACGG,1.09451182907974,1.1082229945705602,1.112799127155833,1.1114331636868524
Hepatocyte_Chow_Animal5_Capture1_AAAGATGCACAAGTAA,0.958562645014185,0.974243381830258,0.9814947198425128,0.9831532816275064
Hepatocyte_Chow_Animal5_Capture1_AAAGCAACATGCGCAC,0.991371333706142,1.0134026809283871,1.0267378231629067,1.0341269166256324
Hepatocyte_Chow_Animal5_Capture1_AAAGTAGGTTGATTCG,0.925866670895952,0.9516587546163008,0.9695725210397076,0.9819487534510716
Hepatocyte_Chow_Animal5_Capture1_AACCATGCAAGAAAGG,0.960330936229017,0.9737628359162874,0.9787681246357168,0.9782510793112774
Hepatocyte_Chow_Animal5_Capture1_AACTCAGGTTAGTGGG,0.842265550357507,0.8688023690646447,0.888100646265388,0.9022509059642532
Hepatocyte_Chow_Animal5_Capture1_AACTCTTCAGCTGCTG,1.03246510193433,1.0541849512243748,1.0675247166991195,1.0751498668260355
Hepatocyte_Chow_Animal5_Capture1_AAGACCTAGGTGATAT,1.0422530472345,1.066572804669788,1.0816702805197456,1.0904506519899342
Hepatocyte_Chow_Animal5_Capture1_AATCGGTAGAATGTGT,0.954864718790054,0.9735269079144746,0.9839427627000248,0.9887923420296846
Hepatocyte_Chow_Animal5_Capture1_AATCGGTTCGAATGGG,1.0295056929481,1.051642247760897,1.064816370024853,1.0718791990871106
Hepatocyte_Chow_Animal5_Capture1_ACACTGATCGCCTGTT,0.98146985109096,0.995342105663,1.002712024056725,1.0059379009088196
Hepatocyte_Chow_Animal5_Capture1_ACAGCCGAGCTAGTTC,0.945657614296429,0.9625342852694052,0.9706831703292096,0.9730479761599689
Hepatocyte_Chow_Animal5_Capture1_ACAGCTACACCAACCG,0.990369662603385,1.0117595801948576,1.0244702593514916,1.0312841513208806
Hepatocyte_Chow_Animal5_Capture1_ACATACGCACATGTGT,1.07997961132977,1.0986008210662612,1.1076430698065427,1.1103247166389596
Hepatocyte_Chow_Animal5_Capture1_ACATCAGCAAGCCCAC,1.02842020516618,1.0538190601940098,1.0703551358031682,1.0807703261745676
Hepatocyte_Chow_Animal5_Capture1_ACATGGTAGCTAAGAT,0.957679929974842,0.9835021187806198,1.0008711728208552,1.0123696395511756
Hepatocyte_Chow_Animal5_Capture1_ACCCACTCACGCGAAA,1.00035304548871,1.0191237300621545,1.0301181166144484,1.03596258360183
Hepatocyte_Chow_Animal5_Capture1_ACCGTAAAGTGGGCTA,0.978448545288025,1.0006727372891886,1.014632528967161,1.022923319243742
Hepatocyte_Chow_Animal5_Capture1_ACCGTAACAGGTTTCA,0.927747228369071,0.9477914784646948,0.9624367901624402,0.9736585054013238
Hepatocyte_Chow_Animal5_Capture1_ACCTTTAGTGACTCAT,1.03470448510689,1.0598887741992415,1.076221576447569,1.0864258410478291
Hepatocyte_Chow_Animal5_Capture1_ACGAGGATCGGTGTTA,1.03382573371802,1.0527878939944375,1.0628485714285252,1.0669517073728447
Hepatocyte_Chow_Animal5_Capture1_ACGCCAGGTGTGAAAT,0.953647602177736,0.9760256721000142,0.9897190573890836,0.9974957603928012
Hepatocyte_Chow_Animal5_Capture1_ACGGGTCAGCTGCCCA,1.12783265542426,1.1516265889736588,1.1655853100350186,1.1728619936769384
Hepatocyte_Chow_Animal5_Capture1_ACTGAACAGCCACGCT,1.02885941330277,1.0465372229143306,1.0556869071362367,1.0590979034020276
Hepatocyte_Chow_Animal5_Capture1_ACTGAACGTGATAAGT,1.02683067164184,1.043947783739819,1.052079388231761,1.0542307827927602
Hepatocyte_Chow_Animal5_Capture1_ACTGATGGTCGCATCG,1.02914178481559,1.049251262685646,1.0608386207038931,1.066633701397681
Hepatocyte_Chow_Animal5_Capture1_ACTGTCCTCGGACAAG,1.03827791650754,1.0593810749800388,1.071818481439781,1.078391890472956
Hepatocyte_Chow_Animal5_Capture1_ACTTTCAGTCACTTCC,1.02815861566508,1.0529999052196566,1.0693699599616648,1.0798921413505154
Hepatocyte_Chow_Animal5_Capture1_ACTTTCAGTGACCAAG,0.869723996466457,0.8979208710266754,0.918219321036132,0.9329517986300472
Hepatocyte_Chow_Animal5_Capture1_AGAGCTTGTCAATACC,1.03883035032277,1.058940595817249,1.0700497593921674,1.07509900792012
Hepatocyte_Chow_Animal5_Capture1_AGATTGCGTACTTCTT,0.92523289040958,0.9443968658913212,0.9554878362917736,0.961101098541801
Hepatocyte_Chow_Animal5_Capture1_AGCAGCCCATATGAGA,0.950170675258722,0.973299623949672,0.9880713113413216,0.997088068182214
Hepatocyte_Chow_Animal5_Capture1_AGCATACAGGTAGCTG,1.02607469926212,1.046770456864129,1.0598992614661822,1.0679070449644346
Hepatocyte_Chow_Animal5_Capture1_AGCATACAGTGAACGC,1.02717683221055,1.0414432316697313,1.048198787764368,1.0500989741069016
Hepatocyte_Chow_Animal5_Capture1_AGCATACCAGCTCCGA,1.03698921957882,1.0558199388428282,1.0654837082278523,1.069009741601448
Hepatocyte_Chow_Animal5_Capture1_AGCGGTCAGCCCTAAT,0.893814334391201,0.9187240760803588,0.935914651898656,0.9476978475088124
Hepatocyte_Chow_Animal5_Capture1_AGCGTCGAGGGATCTG,0.966109199964449,0.9925582754056552,1.0107489990989147,1.023226584894546
Hepatocyte_Chow_Animal5_Capture1_AGCGTCGCACCAGGCT,0.922547108906822,0.93943338692846,0.9482806698351433,0.951734504622339
Hepatocyte_Chow_Animal5_Capture1_AGCTCCTGTGTTTGTG,0.882535938410467,0.9076374796520786,0.9253323447296824,0.9378245235714598
Hepatocyte_Chow_Animal5_Capture1_AGCTCTCAGCTCCTCT,1.03200687668049,1.0475334027230476,1.053988712525758,1.054440046065364
Hepatocyte_Chow_Animal5_Capture1_AGCTCTCCACATGGGA,1.03710074561478,1.0566089108412096,1.067383120854157,1.0722636123515985
Hepatocyte_Chow_Animal5_Capture1_AGCTCTCCATCACGAT,1.03343978886524,1.0601862870001846,1.0772759336498496,1.087723907071115
Hepatocyte_Chow_Animal5_Capture1_AGGCCACTCTCAAGTG,1.0308618748708,1.0428700156065227,1.0460038047677325,1.043377200502219
Hepatocyte_Chow_Animal5_Capture1_AGGGAGTCATTGGCGC,0.931962446574356,0.9555697386284432,0.9711654661205772,0.9811983263945172
Hepatocyte_Chow_Animal5_Capture1_AGTCTTTAGCCACGCT,1.02742081050721,1.0385009040329416,1.0414142489522535,1.039036580328957
Hepatocyte_Chow_Animal5_Capture1_AGTGAGGTCCACTCCA,1.04086705218794,1.05750299901524,1.0654877248154822,1.067692629366579
Hepatocyte_Chow_Animal5_Capture1_AGTGGGATCTACTATC,1.03190699201183,1.0527503924099066,1.0650416956272315,1.0714545276871223
Hepatocyte_Chow_Animal5_Capture1_ATAACGCCACCAACCG,0.996713513993662,1.017624520400532,1.0300589283736123,1.0367348797302949
Hepatocyte_Chow_Animal5_Capture1_ATAGACCCAGTGAGTG,1.02896950629821,1.0485127509887622,1.0591592517577684,1.0638080375746084
Hepatocyte_Chow_Animal5_Capture1_ATAGACCGTCATACTG,0.966267259675688,0.9928161647504804,1.0105563180736552,1.0221915373342438
Hepatocyte_Chow_Animal5_Capture1_ATCCACCAGCGATATA,0.974139415402291,0.994771388693164,1.009444642696535,1.0203221804592448
Hepatocyte_Chow_Animal5_Capture1_ATCGAGTCAGCTCGAC,1.02826662017115,1.02815078136676,1.025063791087177,1.0212879417525391
Hepatocyte_Chow_Animal5_Capture1_ATCTACTCACCACCAG,0.997638623386622,1.0159624374129776,1.0254973380163337,1.0291388324249369
Hepatocyte_Chow_Animal5_Capture1_ATCTACTGTAATAGCA,0.974294903042774,0.9972041532583776,1.01173858495715,1.0205491179016986
Hepatocyte_Chow_Animal5_Capture1_ATCTGCCTCGCGGATC,1.03936679978184,1.058888480900504,1.0692157714687052,1.0733705854497149
Hepatocyte_Chow_Animal5_Capture1_ATGGGAGTCCGCATAA,0.947936130541849,0.9699991415437212,0.98329649654508,0.990643486685995
Hepatocyte_Chow_Animal5_Capture1_ATGTGTGGTCCGTTAA,1.04513480025388,1.0604997245024586,1.06795972743679,1.0703364144105945
Hepatocyte_Chow_Animal5_Capture1_ATGTGTGTCATCTGCC,1.00503594525301,1.0272390281235455,1.0405001774188938,1.0476831949274212
Hepatocyte_Chow_Animal5_Capture1_ATTGGACGTCTGATTG,0.981676577157099,1.0015991837129488,1.013370271891915,1.0195860131217311
Hepatocyte_Chow_Animal5_Capture1_ATTGGTGTCCTTGACC,0.921159840932194,0.9411254070818936,0.9539791955753018,0.962065669606519
Hepatocyte_Chow_Animal5_Capture1_ATTGGTGTCTTAGCCC,1.02970437607186,1.047507113351149,1.0566701658297597,1.0600726723973717
Hepatocyte_Chow_Animal5_Capture1_CAACTAGAGCGACGTA,0.959780182069531,0.9843750697520652,1.0012458156451378,1.0127321673591785
Hepatocyte_Chow_Animal5_Capture1_CAACTAGCACCAGGTC,1.0348964706493,1.0500591321466637,1.057655128755657,1.060297401716256
Hepatocyte_Chow_Animal5_Capture1_CAACTAGCATTTGCTT,0.937596116238591,0.9642986960250314,0.9824355394076916,0.9945870441502987
Hepatocyte_Chow_Animal5_Capture1_CACACAACAGACGTAG,0.970772655857961,0.9971455180436954,1.0149905071618086,1.0269014989998666
Hepatocyte_Chow_Animal5_Capture1_CACACAACAGCGTCCA,1.00688020797502,1.0236881859524902,1.03171601190414,1.033892421524928
Hepatocyte_Chow_Animal5_Capture1_CACATAGCAACACCTA,1.02378820790223,1.0422194022068387,1.051406212642992,1.0544392489248375
Hepatocyte_Chow_Animal5_Capture1_CACTCCAAGGGAAACA,1.02937506203936,1.0421002169928812,1.046317476571457,1.0449521233135952
Hepatocyte_Chow_Animal5_Capture1_CACTCCACAAGGGTCA,1.04356435602794,1.0659820882495503,1.07924409220299,1.086266441722151
Hepatocyte_Chow_Animal5_Capture1_CAGAATCAGTAGGCCA,0.952577514451222,0.9765180210513132,0.9914455356806176,1.0002399157765616
Hepatocyte_Chow_Animal5_Capture1_CAGAATCGTCTTGTCC,1.02824564959974,1.0472767542653716,1.0569413213913437,1.0603620422233886
Hepatocyte_Chow_Animal5_Capture1_CAGAGAGTCATTCACT,1.02164972487915,1.042121774237729,1.053538502218452,1.058844817796926
Hepatocyte_Chow_Animal5_Capture1_CAGATCACATAAAGGT,0.951289735723251,0.9764513760176357,0.9930101200604948,1.0036183238359653
Hepatocyte_Chow_Animal5_Capture1_CAGCAGCGTGGCAAAC,1.03724148981465,1.053956390458762,1.0619762474209289,1.064193276441548
Hepatocyte_Chow_Animal5_Capture1_CAGCGACAGTGACTCT,0.950662421642266,0.9683710444415938,0.9778822568312046,0.9818778382088004
Hepatocyte_Chow_Animal5_Capture1_CAGCGACCAAGCCCAC,1.03791243996924,1.064270977818281,1.081388783516435,1.0921319267690666
Hepatocyte_Chow_Animal5_Capture1_CAGCGACGTCGAACAG,0.944231411666285,0.9664514623498676,0.9798831817734118,0.9873515776016244
Hepatocyte_Chow_Animal5_Capture1_CAGCTAATCGTTGCCT,0.96091556251172,0.9850689309670982,1.0002625940584389,1.0093347203596863
Hepatocyte_Chow_Animal5_Capture1_CAGTAACCACCAGATT,0.981454480022566,0.99933550239271,1.0087869128973963,1.012589269787859
Hepatocyte_Chow_Animal5_Capture1_CAGTCCTTCTAACTCT,0.998875792817432,1.0182867854986992,1.0285053345364166,1.0325662543439615
Hepatocyte_Chow_Animal5_Capture1_CAGTCCTTCTGTCCGT,0.964188694846555,0.9851791762577888,0.9980998553331344,1.0054885680359056
Hepatocyte_Chow_Animal5_Capture1_CATATGGCACATCCGG,0.956578490946198,0.9773314730620783,0.989756363649669,0.9965139101768732
Hepatocyte_Chow_Animal5_Capture1_CATATTCTCACGACTA,1.08850138076485,1.1004066744516865,1.1027819717538234,1.0990079943783273
Hepatocyte_Chow_Animal5_Capture1_CATCGAAGTTCGGGCT,0.965112209587386,0.9876841710474734,1.0015432914286062,1.0094516255842625
Hepatocyte_Chow_Animal5_Capture1_CATCGGGAGTGAACAT,0.941699755806993,0.9687134211799254,0.9872483615113192,0.9998795306522053
Hepatocyte_Chow_Animal5_Capture1_CATCGGGGTAAGTAGT,0.926035788598846,0.9491047393589006,0.9639812446107944,0.9732002087079872
Hepatocyte_Chow_Animal5_Capture1_CATGACATCGCCCTTA,1.03449966940283,1.0524527997912576,1.0613400449584698,1.0641863517473145
Hepatocyte_Chow_Animal5_Capture1_CCAATCCTCCTCTAGC,0.933455713172236,0.9570002313554132,0.9728043611100936,0.9833108064604236
Hepatocyte_Chow_Animal5_Capture1_CCAATCCTCGTTTGCC,0.920705896266161,0.9431532314800436,0.9578287101478824,0.9671515776740264
Hepatocyte_Chow_Animal5_Capture1_CCACGGATCGGACAAG,1.03052748431607,1.0506305928361712,1.0621022454703364,1.067740108657893
Hepatocyte_Chow_Animal5_Capture1_CCGGGATAGCTAACTC,1.04291122664027,1.0582440353838856,1.0655904772489784,1.067689075875713
Hepatocyte_Chow_Animal5_Capture1_CCGGTAGAGGCATGGT,0.862203923358732,0.8855104111178754,0.9015132150747422,0.9124450816245704
Hepatocyte_Chow_Animal5_Capture1_CCGGTAGCATCCCACT,1.0298815385738,1.0497628817305331,1.062462381331744,1.0704170240054507
Hepatocyte_Chow_Animal5_Capture1_CCGTACTGTCCGAATT,0.943307527558428,0.9633221137105668,0.9749619823437,0.9809233816844456
Hepatocyte_Chow_Animal5_Capture1_CCGTTCAAGAAAGTGG,0.99875840715068,1.0165010283879827,1.0255352219906158,1.0287411197898109
Hepatocyte_Chow_Animal5_Capture1_CCTATTAAGTACGCCC,1.02939970959621,1.0514665466087896,1.064617591832434,1.0716771284097617
Hepatocyte_Chow_Animal5_Capture1_CCTCAGTGTCATACTG,1.03857316188201,1.0594978710169978,1.0708781569998531,1.0758535225132335
Hepatocyte_Chow_Animal5_Capture1_CCTCTGACATGATCCA,1.0299000935363,1.0498808305101897,1.0608961428238348,1.0658530483533033
Hepatocyte_Chow_Animal5_Capture1_CCTCTGAGTCTTGCGG,1.0285862105875,1.0516800602461691,1.0658366463633386,1.0738468513130646
Hepatocyte_Chow_Animal5_Capture1_CGAATGTCAGTACACT,0.889757680492808,0.91592961377535,0.9341287339922724,0.9467338384528085
Hepatocyte_Chow_Animal5_Capture1_CGACTTCGTCCCTTGT,1.04193110998157,1.0650627395801,1.0793304153813772,1.0875268693922044
Hepatocyte_Chow_Animal5_Capture1_CGACTTCTCATAAAGG,0.954006453372009,0.9764450241900337,0.9900678374773662,0.9976986176970536
Hepatocyte_Chow_Animal5_Capture1_CGAGCCACATGCTGGC,1.02976988865519,1.0468093046290905,1.0552908368495089,1.0580587909885129
Hepatocyte_Chow_Animal5_Capture1_CGCGGTAAGACTAGAT,0.971716303786157,0.9915214817366186,1.0030034795359422,1.0088351916587055
Hepatocyte_Chow_Animal5_Capture1_CGCGTTTTCGGCGGTT,1.02445733221082,1.0355838480880002,1.0387000951682408,1.0366098481052977
Hepatocyte_Chow_Animal5_Capture1_CGCTGGAGTCCAAGTT,1.03283879845869,1.0488232505676942,1.0569202542302685,1.0598155065632278
Hepatocyte_Chow_Animal5_Capture1_CGCTTCATCGCCATAA,0.97296742950701,0.9949225158949808,1.008392317525841,1.016058530854541
Hepatocyte_Chow_Animal5_Capture1_CGGACACGTACTTGAC,0.98256737213582,1.0053601589016363,1.0196120661064438,1.0280080839467074
Hepatocyte_Chow_Animal5_Capture1_CGGAGTCCAATCCGAT,1.0360142582024,1.0589753883677342,1.0728875781854346,1.0806229588774228
Hepatocyte_Chow_Animal5_Capture1_CGGAGTCGTGCTGTAT,0.959687343198828,0.9826801749162916,0.9973719292840016,1.0063599538899677
Hepatocyte_Chow_Animal5_Capture1_CGGGTCAAGCAGCGTA,0.983982027175584,1.0033424275737122,1.0141141162841405,1.0190942641916356
Hepatocyte_Chow_Animal5_Capture1_CGTCACTCAGTTAACC,1.02330941672077,1.0459040589756314,1.0602491505960254,1.0689365181209929
Hepatocyte_Chow_Animal5_Capture1_CGTCAGGAGATCACGG,0.943745266211706,0.9618788996379232,0.9723263797859,0.9776476024470562
Hepatocyte_Chow_Animal5_Capture1_CGTCAGGCATCCAACA,0.953466819217425,0.9817989541990192,1.0015467200486825,1.0152757418420528
Hepatocyte_Chow_Animal5_Capture1_CGTCCATTCCGCATCT,1.04108114666563,1.0621977631100628,1.0741422901661586,1.0798665459400685
Hepatocyte_Chow_Animal5_Capture1_CGTCTACAGGCTACGA,0.953404815182086,0.973389696374854,0.985228857719273,0.9915587183182556
Hepatocyte_Chow_Animal5_Capture1_CGTGAGCCAAGTTAAG,1.03504464620933,1.0554378313999762,1.0671127059590662,1.0728677794536194
Hepatocyte_Chow_Animal5_Capture1_CGTGTAAGTGTGCCTG,0.971184065107342,0.9939563723337956,1.007864836403806,1.01572568997816
Hepatocyte_Chow_Animal5_Capture1_CGTTAGAGTCTAAAGA,1.0403658352648,1.0581826722908556,1.0670103297663016,1.0698089802843824
Hepatocyte_Chow_Animal5_Capture1_CGTTAGATCAACACAC,0.931987392510471,0.9571038061661752,0.9747076852159856,0.9870514794754413
Hepatocyte_Chow_Animal5_Capture1_CTAACTTTCGTCTGCT,0.967641551742787,0.9906683545246262,1.0053917238399284,1.014397099319558
Hepatocyte_Chow_Animal5_Capture1_CTAATGGCAGCTGTGC,1.042579637625,1.053027681321849,1.0545603655873923,1.0503555096542685
Hepatocyte_Chow_Animal5_Capture1_CTACACCTCTGGTATG,0.984140674070167,1.0070828396803977,1.0214475511002157,1.02992052782685
Hepatocyte_Chow_Animal5_Capture1_CTACATTCATACCATG,1.03654094009876,1.052364594079886,1.0587762594807966,1.0590084852000423
Hepatocyte_Chow_Animal5_Capture1_CTACCCACATGCGCAC,0.950288152674948,0.9699037689231892,0.9811912557326018,0.9868209540127334
Hepatocyte_Chow_Animal5_Capture1_CTACGTCTCCGTTGTC,1.02665057795045,1.048352152133288,1.0611196049030798,1.067818689790134
Hepatocyte_Chow_Animal5_Capture1_CTAGAGTTCCCGGATG,0.947185186416466,0.971269065081588,0.9889629361069704,1.0023975662766715
Hepatocyte_Chow_Animal5_Capture1_CTAGCCTTCTGGAGCC,1.03842518464654,1.0617736090643748,1.0760458501845855,1.084122262343128
Hepatocyte_Chow_Animal5_Capture1_CTCATTAGTCGCGGTT,0.952523523007823,0.9732508682823598,0.9851866578560458,0.9911818366002144
Hepatocyte_Chow_Animal5_Capture1_CTCGGGATCTTCCTTC,1.03751863372982,1.0500194425830005,1.0537916384336112,1.051865161108681
Hepatocyte_Chow_Animal5_Capture1_CTCGTCAGTTACCGAT,1.04241679658025,1.0618402070686046,1.0725652894166129,1.0774412226156012
Hepatocyte_Chow_Animal5_Capture1_CTGAAACTCATGTCTT,1.04521092484331,1.0616752550460151,1.0693313372488753,1.071152338062611
Hepatocyte_Chow_Animal5_Capture1_CTGAAGTAGCCACGCT,0.98502328701349,1.00069147466896,1.007437398330283,1.008311393447333
Hepatocyte_Chow_Animal5_Capture1_CTGAAGTTCTTTACGT,0.95216263748041,0.9737544062371288,0.986809899259544,0.9940385381525856
Hepatocyte_Chow_Animal5_Capture1_CTGCTGTGTTGGACCC,1.09993468161197,1.1166967089247453,1.1241350287273106,1.125400626739825
Hepatocyte_Chow_Animal5_Capture1_CTTAGGAGTTCGGGCT,0.971758061834515,0.9857242814666316,0.9929154909667064,0.995894620744492
Hepatocyte_Chow_Animal5_Capture1_CTTCTCTAGGAGTAGA,1.02796759018975,1.0476766867737473,1.0587008253355734,1.0638490401903404
Hepatocyte_Chow_Animal5_Capture1_GAACGGACAATGGAAT,0.997933647285682,1.0153657435172396,1.0249744772283358,1.0293899113596938
Hepatocyte_Chow_Animal5_Capture1_GAAGCAGAGGCAGTCA,1.00307011997186,1.0227890808128697,1.0339623673656722,1.03936556896974
Hepatocyte_Chow_Animal5_Capture1_GAAGCAGCATAAAGGT,1.02761974538422,1.043904649554534,1.0509989621994225,1.05204106510714
Hepatocyte_Chow_Animal5_Capture1_GACACGCGTTGGTGGA,1.04310328124571,1.0569326491935067,1.0639525776865633,1.066708277024668
Hepatocyte_Chow_Animal5_Capture1_GACGGCTCAGCCTGTG,0.946180357048866,0.9650481239236368,0.9751282979924492,0.9793413496006768
Hepatocyte_Chow_Animal5_Capture1_GACTGCGTCAACGGGA,0.95378354269114,0.9794366505121735,0.997053043412202,1.009062879710101
Hepatocyte_Chow_Animal5_Capture1_GAGGTGAAGGGCTCTC,0.947980607397679,0.970497986099307,0.9847516936542802,0.9933508745182108
Hepatocyte_Chow_Animal5_Capture1_GAGTCCGTCCCGACTT,1.00091769194635,1.0205961909610528,1.0314960580861474,1.0364773203438271
Hepatocyte_Chow_Animal5_Capture1_GATCGATGTCACCTAA,1.02411922707159,1.040279824777451,1.0478323492089796,1.0496227161838925
Hepatocyte_Chow_Animal5_Capture1_GATCGCGAGTTATCGC,1.02804462387805,1.0453859283235294,1.0540502499376518,1.05689491489845
Hepatocyte_Chow_Animal5_Capture1_GATCGTATCATAACCG,0.909388333111948,0.9374401887509995,0.9575750090791748,0.972111199047478
Hepatocyte_Chow_Animal5_Capture1_GATGCTAAGAGCCTAG,1.02655212940886,1.0485115526046265,1.0618677799685463,1.0693179916596365
Hepatocyte_Chow_Animal5_Capture1_GATGCTACACCACCAG,1.12203601217576,1.141963061729234,1.1519974851323909,1.155384852465529
Hepatocyte_Chow_Animal5_Capture1_GCAAACTTCTTTACGT,0.945287149701553,0.9689376423081149,0.9845686833255952,0.994638003137618
Hepatocyte_Chow_Animal5_Capture1_GCACATATCACGCATA,0.90698808837249,0.930555298437424,0.9456983232548986,0.9550629845350742
Hepatocyte_Chow_Animal5_Capture1_GCACATATCTACCAGA,1.04235893468563,1.0584462733037925,1.0655080650372557,1.06660094526582
Hepatocyte_Chow_Animal5_Capture1_GCACTCTAGAGGTACC,1.03117333978912,1.0532400734644436,1.0665663460657473,1.0739134688927834
Hepatocyte_Chow_Animal5_Capture1_GCACTCTAGTCGTACT,0.954038767033372,0.9714086466000385,0.9807665679799124,0.9847637308163172
Hepatocyte_Chow_Animal5_Capture1_GCAGCCAGTAACGCGA,0.97191488473559,0.9911008869537596,1.0031998671093394,1.010569417590255
Hepatocyte_Chow_Animal5_Capture1_GCAGTTAGTTACCAGT,0.983897681166662,1.005187060671131,1.0181588515194393,1.0254653859163834
Hepatocyte_Chow_Animal5_Capture1_GCATACAAGTCCGGTC,0.95739555819657,0.9771677574514348,0.9890225180145588,0.995513058674239
Hepatocyte_Chow_Animal5_Capture1_GCATACATCAACGGGA,1.02228369447027,1.0396323124767692,1.0483207849667269,1.051200362262254
Hepatocyte_Chow_Animal5_Capture1_GCCAAATGTCCTCTTG,1.03252903160439,1.056114684458587,1.071451311552842,1.0810686999564258
Hepatocyte_Chow_Animal5_Capture1_GCCTCTACAATGTAAG,1.0317446174899,1.0414825674782362,1.0429319712581155,1.039032834499908
Hepatocyte_Chow_Animal5_Capture1_GCCTCTACATGCTGGC,1.04299638254468,1.0613610372426503,1.0702592186502362,1.0728739984469686
Hepatocyte_Chow_Animal5_Capture1_GCGAGAATCAGTTCGA,0.960122762452632,0.981435307861338,0.9955716179839608,1.0048375962807932
Hepatocyte_Chow_Animal5_Capture1_GCGCCAAGTGCGCTTG,1.03661676007331,1.0502594553444808,1.0550094528915952,1.053943621507934
Hepatocyte_Chow_Animal5_Capture1_GCTGCAGAGGAGTTGC,0.887194835617681,0.9097861972374008,0.9242560640575268,0.9331638638083348
Hepatocyte_Chow_Animal5_Capture1_GCTGCAGCATCAGTCA,1.019707315472,1.0415440811067322,1.0566299144573152,1.0672110081293256
Hepatocyte_Chow_Animal5_Capture1_GCTGCGAAGTACGTAA,0.952468453284841,0.9776723531365686,0.9941112314633966,1.004506270227243
Hepatocyte_Chow_Animal5_Capture1_GCTGCTTAGTAACCCT,1.02972241825743,1.0509395366778536,1.0635106045927951,1.070219364932114
Hepatocyte_Chow_Animal5_Capture1_GCTGGGTCACTTAACG,1.02584564444262,1.0411999161240677,1.048091691192039,1.0493657650259578
Hepatocyte_Chow_Animal5_Capture1_GCTTCCAAGCTCCTTC,1.00131172262684,1.0207327792900596,1.03136966509006,1.0360942135165898
Hepatocyte_Chow_Animal5_Capture1_GCTTCCAGTACTCAAC,1.04966078063505,1.060307602754265,1.0634997292573738,1.06212529488068
Hepatocyte_Chow_Animal5_Capture1_GCTTGAATCGTTGACA,1.02552495798715,1.0486790319528798,1.0624527352511275,1.0698504739595849
Hepatocyte_Chow_Animal5_Capture1_GGAACTTGTCTGCGGT,1.01168027712528,1.028224329992179,1.0359302389131515,1.0377521956022016
Hepatocyte_Chow_Animal5_Capture1_GGACAGAAGCAGGCTA,1.01282642905709,1.029764838095723,1.037999126959613,1.0404174455270556
Hepatocyte_Chow_Animal5_Capture1_GGACAGACAGCTGGCT,1.03373187995759,1.0667095730551144,1.08985384155989,1.1060933606825976
Hepatocyte_Chow_Animal5_Capture1_GGCAATTTCAATACCG,0.873574210162871,0.8980812268221932,0.91487907831985,0.9262562562699668
Hepatocyte_Chow_Animal5_Capture1_GGCGACTGTAAGTTCC,0.894719266735064,0.9180853289109407,0.9333538182226722,0.9430438217414372
Hepatocyte_Chow_Animal5_Capture1_GGCTGGTAGTCGATAA,1.04190118572492,1.0626033122833574,1.0744351528688685,1.080245780345967
Hepatocyte_Chow_Animal5_Capture1_GGCTGGTCAATACGCT,1.04843406891632,1.068910255366208,1.0808919746162489,1.0871133645291755
Hepatocyte_Chow_Animal5_Capture1_GGGACCTAGGGCTTCC,0.930029214943046,0.9579990586631036,0.9784638920059708,0.9935808271529633
Hepatocyte_Chow_Animal5_Capture1_GGGTCTGAGGACAGAA,0.979149207329158,1.0028954147707818,1.01824270860891,1.0277805682588037
Hepatocyte_Chow_Animal5_Capture1_GGGTCTGTCGGCCGAT,1.04020723319787,1.0603190998972682,1.0710739708616372,1.0755602626977028
Hepatocyte_Chow_Animal5_Capture1_GGTGCGTGTATATCCG,1.02711508418493,1.0514460546561262,1.0661359570993674,1.07427075148055
Hepatocyte_Chow_Animal5_Capture1_GGTGTTATCTCCTATA,0.92088524873757,0.9440301344333932,0.9587056223680104,0.9675818082075908
Hepatocyte_Chow_Animal5_Capture1_GTAACTGAGCTGGAAC,0.897310005206681,0.9234901881140176,0.9412718353866754,0.9532233763050294
Hepatocyte_Chow_Animal5_Capture1_GTAACTGGTGTGTGCC,1.03700674278213,1.0593348273152994,1.0725003922731602,1.0794458278430905
Hepatocyte_Chow_Animal5_Capture1_GTACTTTTCGAGCCCA,0.992000203927428,1.0118620379649206,1.0231751261285065,1.02872049559561
Hepatocyte_Chow_Animal5_Capture1_GTAGGCCGTGGTACAG,1.0295469147994,1.0514812534124758,1.0643418931235349,1.0710309335505883
Hepatocyte_Chow_Animal5_Capture1_GTATTCTCAGCTTCGG,0.954795693905953,0.967364369160076,0.9770350268051416,0.9858606366441856
Hepatocyte_Chow_Animal5_Capture1_GTATTCTGTATTAGCC,1.01970151982248,1.0401299885409303,1.0516756148173991,1.057194112813744
Hepatocyte_Chow_Animal5_Capture1_GTCGGGTGTTCATGGT,0.968346410708991,0.9882430263086376,1.0002100106263343,1.0067803004587967
Hepatocyte_Chow_Animal5_Capture1_GTCGTAAAGTGGAGAA,1.04239958238649,1.057796881870086,1.0663187855825074,1.0704544252838355
Hepatocyte_Chow_Animal5_Capture1_GTCTTCGGTCCCGACA,1.02523219032806,1.0502432528910055,1.0660172761237212,1.0754393138164502
Hepatocyte_Chow_Animal5_Capture1_GTGAAGGCACTACAGT,1.03535738312448,1.0589792638957838,1.074311350068086,1.0839791680206718
Hepatocyte_Chow_Animal5_Capture1_GTGCAGCTCTATCCTA,0.987187132682896,1.0085724585518916,1.021545957556493,1.0287849411853554
Hepatocyte_Chow_Animal5_Capture1_GTGGGTCTCGTTTATC,1.03975278053997,1.0630746286997017,1.077228205190309,1.0851164714633528
Hepatocyte_Chow_Animal5_Capture1_GTTCTCGCATCGATTG,1.0242891420838,1.0443337764900762,1.0556575388405138,1.0610736934287626
Hepatocyte_Chow_Animal5_Capture1_GTTCTCGCATCGGAAG,0.978918608782283,0.9997087501516196,1.0127866766013789,1.020674995691328
Hepatocyte_Chow_Animal5_Capture1_TACAGTGAGATCTGCT,0.854313055831377,0.8753559790427896,0.888860492878066,0.8971778100153638
Hepatocyte_Chow_Animal5_Capture1_TACAGTGTCCTGCCAT,1.03866265562298,1.0489690800179334,1.0505502085310174,1.046530650882625
Hepatocyte_Chow_Animal5_Capture1_TACCTATAGCACCGCT,1.0307116344934,1.050986439329476,1.062075410497855,1.0670102926770304
Hepatocyte_Chow_Animal5_Capture1_TACCTTATCACAAACC,1.03938652700762,1.0565274282969954,1.0648531113489887,1.0673063580081756
Hepatocyte_Chow_Animal5_Capture1_TACGGATCAGATAATG,1.02474556207851,1.049901847770635,1.0662405829410535,1.0764502853322329
Hepatocyte_Chow_Animal5_Capture1_TACGGGCTCCAAATGC,1.03658437729504,1.0542604074447843,1.0632782860078276,1.0665029524905332
Hepatocyte_Chow_Animal5_Capture1_TAGACCATCGGTTCGG,1.00415947667686,1.0237347992973282,1.0349558172920197,1.0405586609524389
Hepatocyte_Chow_Animal5_Capture1_TAGTTGGCATGGTTGT,1.03970862783712,1.0588428325537005,1.0688922501510665,1.072841542404889
Hepatocyte_Chow_Animal5_Capture1_TCAACGACACGAAATA,0.989708243761672,1.0093805976859935,1.020090011894354,1.0247770317670306
Hepatocyte_Chow_Animal5_Capture1_TCAATCTGTCGCTTTC,0.983027073679731,1.0005398512187902,1.009495612290382,1.012722576345756
Hepatocyte_Chow_Animal5_Capture1_TCAATCTTCTCTTGAT,1.04145849018361,1.0625278226545676,1.0745510981978668,1.080450827822378
Hepatocyte_Chow_Animal5_Capture1_TCAGCTCAGGAGTTGC,0.963969942577853,0.9853777763712293,0.9982891638647254,1.0054016977095657
Hepatocyte_Chow_Animal5_Capture1_TCATTTGAGCCGATTT,1.04546688022422,1.0617168358327598,1.069171314394824,1.070799856235073
Hepatocyte_Chow_Animal5_Capture1_TCATTTGAGCGACGTA,0.940095983719892,0.9603918360987104,0.972804198778387,0.9798509196560532
Hepatocyte_Chow_Animal5_Capture1_TCCACACTCGAATCCA,0.957068666263181,0.976134289083295,0.9863539550270412,0.9906547601185232
Hepatocyte_Chow_Animal5_Capture1_TCCCGATAGGATTCGG,0.950043512985312,0.9661428181024962,0.974833332341313,0.9785561008853684
Hepatocyte_Chow_Animal5_Capture1_TCCCGATTCCCAAGAT,1.03646621492817,1.0577824719830116,1.070451391319405,1.077198238935965
Hepatocyte_Chow_Animal5_Capture1_TCGCGAGTCTGCGACG,1.04291305212957,1.05610759930837,1.0611175429079602,1.0608385140465233
Hepatocyte_Chow_Animal5_Capture1_TCGGGACAGTGTACGG,1.01726419101822,1.035767859392372,1.0456823815550145,1.0498256781421431
Hepatocyte_Chow_Animal5_Capture1_TCGGGACGTTGCCTCT,1.02681050300246,1.0500770108655484,1.0639918239509472,1.0715460929442373
Hepatocyte_Chow_Animal5_Capture1_TCGTAGACACGGTTTA,1.03058953727706,1.053255097912981,1.066831499878129,1.0741958034355226
Hepatocyte_Chow_Animal5_Capture1_TCTCTAACACCATCCT,0.936072059870622,0.9551103667573616,0.9665756115620946,0.9728870468673868
Hepatocyte_Chow_Animal5_Capture1_TCTCTAAGTTGGGACA,0.959343608630478,0.984538986936984,1.0010256628073018,1.0114905617260843
Hepatocyte_Chow_Animal5_Capture1_TGAAAGAAGTAGGTGC,0.95075821749805,0.9718830109801035,0.9847387787288856,0.9919606245345112
Hepatocyte_Chow_Animal5_Capture1_TGAGAGGGTAGCAAAT,1.03138966987743,1.053610431278448,1.0664673208561342,1.0729694613721212
Hepatocyte_Chow_Animal5_Capture1_TGAGCATCATCGGTTA,0.945207653785252,0.9729826109996774,0.9933003483332956,1.00835722475439
Hepatocyte_Chow_Animal5_Capture1_TGAGCCGTCCGTACAA,1.02783057626709,1.0514416312295352,1.0662598198301323,1.0750379529269287
Hepatocyte_Chow_Animal5_Capture1_TGCCCATGTCTCCATC,0.957565116168213,0.9816500132273968,0.9971790445668244,1.0068091349780623
Hepatocyte_Chow_Animal5_Capture1_TGCCCTACATGCGCAC,1.02648812628065,1.0477999981947892,1.0617548256032243,1.0708260867637835
Hepatocyte_Chow_Animal5_Capture1_TGCCCTAGTTTAGGAA,0.939407978000644,0.9600473183103372,0.9724763475259915,0.9792567551844816
Hepatocyte_Chow_Animal5_Capture1_TGCGCAGAGCACCGCT,0.947446230706424,0.9748837252190172,0.994134930917866,1.007686013905418
Hepatocyte_Chow_Animal5_Capture1_TGCGTGGCATGGTCAT,0.996123520091549,1.0168009779356917,1.028653219254315,1.0345586307483647
Hepatocyte_Chow_Animal5_Capture1_TGCTACCGTGGTTTCA,0.932184407093709,0.960470211587899,0.9804762281193552,0.9946574649234352
Hepatocyte_Chow_Animal5_Capture1_TGGCTGGAGCAGACTG,1.03321857598269,1.0513738860136828,1.0608302275264334,1.0644662985176236
Hepatocyte_Chow_Animal5_Capture1_TGTATTCTCGCCAAAT,0.982303264867612,1.0014936039138935,1.0120959040262736,1.016894620539196
Hepatocyte_Chow_Animal5_Capture1_TGTGGTAGTCGAACAG,0.986711859733277,1.0043094525098604,1.0136008378181909,1.0173239822279871
Hepatocyte_Chow_Animal5_Capture1_TTAGGACTCCGCGCAA,0.937154593771221,0.9621914249744216,0.9795756734252552,0.9916427780577924
Hepatocyte_Chow_Animal5_Capture1_TTAGGCAAGTACCGGA,0.902387053506116,0.926149971779888,0.9419372246216996,0.9522010910210196
Hepatocyte_Chow_Animal5_Capture1_TTAGGCACAGTCAGAG,0.978688487298441,1.0029974840590723,1.018600574376716,1.0282169915602204
Hepatocyte_Chow_Animal5_Capture1_TTCGAAGGTTTGGCGC,0.867500813081884,0.8867588271156203,0.8984036945059629,0.9048558416305288
Hepatocyte_Chow_Animal5_Capture1_TTCTCCTCATATACGC,1.03641606966696,1.057071963420775,1.0686771649062194,1.0741512553730137
Hepatocyte_Chow_Animal5_Capture1_TTGAACGCAACAACCT,1.0206262448496,1.0385779880701178,1.0474090975081778,1.050174493218205
Hepatocyte_Chow_Animal5_Capture1_TTGACTTCATGTTGAC,0.948825394011789,0.9660346984054212,0.976868002787924,0.9835647661543436
Hepatocyte_Chow_Animal5_Capture1_TTGCCGTGTGAGCGAT,0.971942468279233,0.9914153214409064,1.0019990405573531,1.0066271777757938
Hepatocyte_Chow_Animal5_Capture1_TTGCGTCAGTAACCCT,1.03210634675221,1.0495697321531152,1.0581677868101258,1.0608605774464053
Hepatocyte_Chow_Animal5_Capture1_TTTATGCAGATTACCC,0.887269779779325,0.9143144254606328,0.9333407868614624,0.9467628931248964
Hepatocyte_Chow_Animal5_Capture1_TTTCCTCGTTAAGAAC,1.03151818957643,1.051508165422663,1.0625242484369009,1.0674962505429146
Hepatocyte_Chow_Animal6_Capture1_AAAGATGTCCTTCAAT,0.981182368312442,0.996783295590901,1.0052271986093158,1.0090279867261231
Hepatocyte_Chow_Animal6_Capture1_AAAGCAAAGGTGCTAG,0.949419458332751,0.9703902851196702,0.9833297259253628,0.9908197176394868
Hepatocyte_Chow_Animal6_Capture1_AAAGTAGAGGTTCCTA,1.04543924165934,1.064589050621364,1.0744140502577244,1.0780111072782137
Hepatocyte_Chow_Animal6_Capture1_AAAGTAGGTTCCAACA,1.02459903490286,1.0553592891855923,1.0764387509585136,1.0907594066905988
Hepatocyte_Chow_Animal6_Capture1_AACACGTAGTACGACG,0.957799150177451,0.9835049138611818,1.0004850967068868,1.0114245417456174
Hepatocyte_Chow_Animal6_Capture1_AACCGCGTCATGCTCC,0.99902314180688,1.0216770944032418,1.0355052983856516,1.0433149073640997
Hepatocyte_Chow_Animal6_Capture1_AACTCAGAGTCCCACG,1.02605207715649,1.0437184545824336,1.0524876298109,1.055313599020845
Hepatocyte_Chow_Animal6_Capture1_AACTCAGTCTCTTGAT,0.853882977453098,0.8799169043441315,0.8986675977902007,0.9122998015969528
Hepatocyte_Chow_Animal6_Capture1_AACTTTCAGTAGCCGA,0.939548849942964,0.962543296735678,0.9772836585207916,0.9863183816782896
Hepatocyte_Chow_Animal6_Capture1_AAGGAGCCAAAGGAAG,1.03971479043491,1.063670924944077,1.0782042765277844,1.086331294668268
Hepatocyte_Chow_Animal6_Capture1_AAGGAGCTCACCCGAG,1.03890504063058,1.0594737347880845,1.0701979570497755,1.0743733444999308
Hepatocyte_Chow_Animal6_Capture1_AAGGCAGTCGTACCGG,0.914839937749383,0.9368282331623182,0.9502776716004264,0.9579162753925432
Hepatocyte_Chow_Animal6_Capture1_AAGTCTGGTTGTACAC,1.02584686529643,1.051538519905268,1.0675938159620686,1.0770617188655247
Hepatocyte_Chow_Animal6_Capture1_AAGTCTGTCCACTCCA,1.02634418741654,1.049980590855908,1.0652333592593326,1.074647939853714
Hepatocyte_Chow_Animal6_Capture1_ACACCGGCAGCCAGAA,0.97622520659949,0.9979286371139844,1.010809743318439,1.0176942762225885
Hepatocyte_Chow_Animal6_Capture1_ACATACGCAGATCTGT,0.956128433473026,0.978985317851303,0.99319442936064,1.0014883052910593
Hepatocyte_Chow_Animal6_Capture1_ACATACGTCTGCTGTC,1.03764121618423,1.0511247459902355,1.055868371984103,1.0548658999327132
Hepatocyte_Chow_Animal6_Capture1_ACCCACTTCGTGGACC,1.03113416861268,1.05948105278192,1.0784939246800798,1.0910175074790858
Hepatocyte_Chow_Animal6_Capture1_ACCGTAACACAACTGT,1.12377803625934,1.1419781014405186,1.1501340143677423,1.1516604775427353
Hepatocyte_Chow_Animal6_Capture1_ACCGTAAGTAGCGTCC,0.83397893078729,0.8606616191977142,0.8803599688891003,0.8950708530405409
Hepatocyte_Chow_Animal6_Capture1_ACGAGCCAGATCCCGC,1.04568313888988,1.067141558631698,1.0796847326790702,1.0861561140394014
Hepatocyte_Chow_Animal6_Capture1_ACGAGGAAGCTGGAAC,0.951268870273496,0.9694154780692958,0.9806460440899154,0.9873603770986484
Hepatocyte_Chow_Animal6_Capture1_ACGCCAGGTTCAGACT,0.974574562197361,1.0028544477948935,1.0228259589771818,1.0369387524108478
Hepatocyte_Chow_Animal6_Capture1_ACGCCAGTCCTAGGGC,1.03264048745082,1.0516495640641847,1.0611360596428472,1.0642913327899466
Hepatocyte_Chow_Animal6_Capture1_ACGGAGACACGAAAGC,1.03500931945425,1.053012596674084,1.0616246583281903,1.0639690939585065
Hepatocyte_Chow_Animal6_Capture1_ACGGGCTCAACAACCT,1.03268219720768,1.053808722883489,1.066239801396775,1.072721123937881
Hepatocyte_Chow_Animal6_Capture1_ACTGAGTAGTGCCATT,0.966686994237683,0.9915478131140814,1.008712829281182,1.020588296685668
Hepatocyte_Chow_Animal6_Capture1_ACTGAGTCATGCCTAA,1.03823777596681,1.0541820245852642,1.0622961168016682,1.0652573569921775
Hepatocyte_Chow_Animal6_Capture1_ACTGCTCCAGATCGGA,1.10785515349508,1.1259800523661347,1.135701033060442,1.1398228597454665
Hepatocyte_Chow_Animal6_Capture1_ACTTACTAGCGATATA,0.946112751181119,0.9650844052674776,0.9764714872328252,0.9827056543920488
Hepatocyte_Chow_Animal6_Capture1_AGAATAGAGGAATCGC,1.02329497146565,1.045150769269432,1.0583721265272803,1.065670762237826
Hepatocyte_Chow_Animal6_Capture1_AGAATAGTCATGCTCC,1.03519943011638,1.0531193639487744,1.0625151348197663,1.0662098641638615
Hepatocyte_Chow_Animal6_Capture1_AGAGCTTGTTCAGGCC,1.03140724585128,1.0532883907211896,1.0660492448416174,1.0725809647032225
Hepatocyte_Chow_Animal6_Capture1_AGATCTGAGCTCCCAG,1.0375923515357,1.055964420853551,1.0654816818073365,1.069073392224272
Hepatocyte_Chow_Animal6_Capture1_AGATCTGCACCATGTA,1.02738190760018,1.0519832868342425,1.067056309884738,1.0756297773903174
Hepatocyte_Chow_Animal6_Capture1_AGCATACTCACAACGT,1.03206392560952,1.055184803731654,1.069243859489165,1.0770806248906948
Hepatocyte_Chow_Animal6_Capture1_AGCCTAACATTGGGCC,0.97438967119162,0.9951890261930428,1.009069379050996,1.018348883827796
Hepatocyte_Chow_Animal6_Capture1_AGCGTATTCCTAGTGA,0.936868997059525,0.9622722882492072,0.9796776086914898,0.991451031194735
Hepatocyte_Chow_Animal6_Capture1_AGCGTCGAGCAAATCA,1.04231355395239,1.0677479116671649,1.083912426500966,1.0936954312285576
Hepatocyte_Chow_Animal6_Capture1_AGCTCCTGTACGCACC,1.00930726631668,1.029651493433029,1.0412396674245354,1.0468929372177145
Hepatocyte_Chow_Animal6_Capture1_AGGCCGTAGGTGCTTT,1.03621382860655,1.0574037601853603,1.0698756968376255,1.0764181416916407
Hepatocyte_Chow_Animal6_Capture1_AGGCCGTCACGGTAGA,0.951902412840419,0.9724212735346804,0.9849542140159876,0.9920417841891976
Hepatocyte_Chow_Animal6_Capture1_AGGTCATTCTCGATGA,0.990050747715558,1.010541460492717,1.0234603813828689,1.0312848181218324
Hepatocyte_Chow_Animal6_Capture1_AGGTCCGAGGACACCA,0.937972352837353,0.964053331963393,0.9813282375042782,0.9925131680271132
Hepatocyte_Chow_Animal6_Capture1_AGTGTCAGTGTAATGA,1.03099516711816,1.0569209930641663,1.0733348130421985,1.0832283835159768
Hepatocyte_Chow_Animal6_Capture1_ATAACGCCATGCCTAA,1.00944842268265,1.029454159009482,1.0403747026294434,1.0450841518302485
Hepatocyte_Chow_Animal6_Capture1_ATAAGAGAGTTTCCTT,0.926124379815437,0.9443707029186862,0.9541188363614896,0.9581873482520704
Hepatocyte_Chow_Animal6_Capture1_ATAAGAGTCAGCTGGC,1.02970535493609,1.0468687294737749,1.05780125196037,1.0647666226952313
Hepatocyte_Chow_Animal6_Capture1_ATAGACCAGGTGCTTT,0.947109788992251,0.9760625370333802,0.996092131359274,1.0098782662453434
Hepatocyte_Chow_Animal6_Capture1_ATCATGGCAGACGCTC,0.954294173889556,0.9819639408635584,1.0011340860736957,1.014361947449168
Hepatocyte_Chow_Animal6_Capture1_ATCCGAACACCATCCT,1.0405862919112,1.070814017488345,1.0919249647223597,1.1066490557454989
Hepatocyte_Chow_Animal6_Capture1_ATCCGAACACCCTATC,1.02968602327276,1.0498103314635026,1.0618985489057315,1.0684926500921053
Hepatocyte_Chow_Animal6_Capture1_ATCGAGTGTACTTGAC,0.909151507079119,0.9355773382509828,0.9537316177502464,0.9661053672419168
Hepatocyte_Chow_Animal6_Capture1_ATCGAGTTCAGTTTGG,1.03191104699081,1.0562224623093637,1.0712922640090727,1.080027048342224
Hepatocyte_Chow_Animal6_Capture1_ATGCGATAGGGTGTGT,0.965136334681651,0.9885361661341076,1.0044260014580957,1.0151591389167334
Hepatocyte_Chow_Animal6_Capture1_ATGGGAGCACCAACCG,1.10247865161119,1.1197867403793853,1.1281032125387889,1.130422221410517
Hepatocyte_Chow_Animal6_Capture1_ATGGGAGGTCAGGACA,1.04512521337388,1.0667138101411018,1.0798727396865873,1.0873554273795678
Hepatocyte_Chow_Animal6_Capture1_ATGTGTGTCAGTTCGA,1.01953633577033,1.0397160137686907,1.0511807183488202,1.0567211354199968
Hepatocyte_Chow_Animal6_Capture1_ATTACTCAGTCACGCC,1.03808643178634,1.0574190137141597,1.067697583961725,1.0718907769388522
Hepatocyte_Chow_Animal6_Capture1_ATTATCCCAATCTGCA,1.02119670765533,1.035254464605389,1.040974194796494,1.0412116003575096
Hepatocyte_Chow_Animal6_Capture1_ATTCTACCAGCGAACA,1.02669342547995,1.050536096554299,1.0649852083288491,1.0730215157694545
Hepatocyte_Chow_Animal6_Capture1_ATTGGACGTTCAGGCC,1.0357402552305,1.0510346332679177,1.0577257069874808,1.0587135129203349
Hepatocyte_Chow_Animal6_Capture1_CAACCAAAGTTAGCGG,1.02637670776989,1.0506458161427668,1.0661773194487605,1.075679885559451
Hepatocyte_Chow_Animal6_Capture1_CAACCAATCACCCGAG,0.972323078337527,0.9921802524808586,1.0036473314850949,1.0094346932969636
Hepatocyte_Chow_Animal6_Capture1_CAACCTCAGACCCACC,1.02197709631682,1.0458751221718652,1.060854805037693,1.069702123040596
Hepatocyte_Chow_Animal6_Capture1_CAACCTCGTAGAAAGG,1.00414151180252,1.025408970645882,1.038033247547219,1.0448041730969846
Hepatocyte_Chow_Animal6_Capture1_CAAGATCAGGGATGGG,1.04147160132861,1.0647452831562791,1.079044447365338,1.0871916405514208
Hepatocyte_Chow_Animal6_Capture1_CAAGGCCAGACGACGT,0.933584011892988,0.9535900094908232,0.9653781583440426,0.9715511562787076
Hepatocyte_Chow_Animal6_Capture1_CACAAACGTCATTAGC,1.03559502265543,1.0563423061774058,1.0685059240504489,1.0748192736013635
Hepatocyte_Chow_Animal6_Capture1_CACACAACAGTTCCCT,1.01297561625739,1.031077619181431,1.0402916486670093,1.0435526783366602
Hepatocyte_Chow_Animal6_Capture1_CACAGGCGTCTCTTAT,0.993290075217424,1.0115927386405603,1.021688938704128,1.0262604685557029
Hepatocyte_Chow_Animal6_Capture1_CACAGTACAGATCTGT,1.12064589381465,1.1371931430691204,1.144962259136643,1.146884174935736
Hepatocyte_Chow_Animal6_Capture1_CACCACTGTCCGAGTC,0.94069464368259,0.9612116087868317,0.9738915370778504,0.9812198872531832
Hepatocyte_Chow_Animal6_Capture1_CACCAGGGTACCGTTA,0.921345523586007,0.9496260895415514,0.969746938165273,0.9841120739746476
Hepatocyte_Chow_Animal6_Capture1_CACTCCATCCAGTAGT,0.979741792858392,1.0001496089457214,1.0134586468561797,1.0219943736118864
Hepatocyte_Chow_Animal6_Capture1_CAGATCAAGGGCACTA,1.01449951702226,1.0332580597995862,1.0431596254733555,1.0471221533116664
Hepatocyte_Chow_Animal6_Capture1_CAGCAGCAGTTGCAGG,1.03239240775407,1.0549451843707525,1.068684934760619,1.076361783464712
Hepatocyte_Chow_Animal6_Capture1_CAGCAGCTCAATACCG,1.0279833471606,1.050842112988558,1.066304851870787,1.0767682259500275
Hepatocyte_Chow_Animal6_Capture1_CAGTCCTCAGCTGCTG,0.878039005944935,0.9034359013889224,0.9218770470001172,0.935435815869456
Hepatocyte_Chow_Animal6_Capture1_CATATGGCACGAAAGC,0.954916885635413,0.9786849830311388,0.9938322567138752,1.0030381399526471
Hepatocyte_Chow_Animal6_Capture1_CATATGGGTCAACATC,0.948578849892058,0.9719667415247464,0.9870977986367684,0.9965444239492316
Hepatocyte_Chow_Animal6_Capture1_CATCAGAAGAACAACT,0.934932258740401,0.957038185855397,0.9708182583945976,0.9788691860577388
Hepatocyte_Chow_Animal6_Capture1_CATCCACGTAAATACG,1.02820617250738,1.0541419167538888,1.0701114281163844,1.0793110258814838
Hepatocyte_Chow_Animal6_Capture1_CATCCACGTAATAGCA,1.03255812587094,1.0575708584812524,1.0734291414495791,1.0829796733125938
Hepatocyte_Chow_Animal6_Capture1_CATCGAATCATCGGAT,1.02122202614271,1.0408716898399126,1.0515732913275415,1.0562483726092051
Hepatocyte_Chow_Animal6_Capture1_CATCGGGGTCATGCAT,0.946766334223475,0.9655251238390876,0.9763364357650188,0.981788880710487
Hepatocyte_Chow_Animal6_Capture1_CATGGCGCATCACGTA,0.990929112789315,1.0121003246930245,1.0247060562845096,1.0314978737210054
Hepatocyte_Chow_Animal6_Capture1_CCACGGAAGCGACGTA,1.00294498770215,1.019102343418764,1.026496677204653,1.0280391481440414
Hepatocyte_Chow_Animal6_Capture1_CCACTACTCAGTTGAC,0.920288770743587,0.945893697580431,0.9637963562749128,0.976306767697756
Hepatocyte_Chow_Animal6_Capture1_CCCAATCGTGTTGGGA,1.04048411607111,1.054168852258554,1.059097048775654,1.0582461143639117
Hepatocyte_Chow_Animal6_Capture1_CCCAGTTCATATGCTG,0.94252612610158,0.9681970130157534,0.985424113428864,0.9967949758088004
Hepatocyte_Chow_Animal6_Capture1_CCCAGTTGTTATCACG,1.02657182823448,1.0474386401679836,1.059485602583452,1.0655181250139427
Hepatocyte_Chow_Animal6_Capture1_CCGTACTCAGGAATCG,0.984008396933274,1.0039412686089615,1.0151135455916291,1.0203741649256532
Hepatocyte_Chow_Animal6_Capture1_CCGTACTGTCCAGTGC,1.03655847510207,1.060687478036157,1.0751013567155652,1.08293091603352
Hepatocyte_Chow_Animal6_Capture1_CCTAAAGTCATGCATG,0.810547542760952,0.8323546292149978,0.8489185571728385,0.8620090915859869
Hepatocyte_Chow_Animal6_Capture1_CCTACACAGCTGAAAT,1.03192427383638,1.0547720774799,1.0684101284251413,1.0757215362204395
Hepatocyte_Chow_Animal6_Capture1_CCTCAGTAGTATCGAA,0.901859852777565,0.9253914801826342,0.9419785037856908,0.95375268276585
Hepatocyte_Chow_Animal6_Capture1_CCTCTGAGTGCAACTT,1.02453235154157,1.0406473781556431,1.0476823789459448,1.0487234023770784
Hepatocyte_Chow_Animal6_Capture1_CCTTCCCAGCCCTAAT,0.994990297762114,1.0123668475927905,1.021845199142699,1.026035101015386
Hepatocyte_Chow_Animal6_Capture1_CCTTCCCCATGAGCGA,1.02339973160941,1.048830185285845,1.0656842219233345,1.076592304060473
Hepatocyte_Chow_Animal6_Capture1_CCTTCGAAGCTAAACA,1.02611488942197,1.0448997958694517,1.0560356081023947,1.0620843722965494
Hepatocyte_Chow_Animal6_Capture1_CCTTCGAAGGCACATG,0.979056596976848,1.004117564306553,1.0217404133917296,1.0342572918542403
Hepatocyte_Chow_Animal6_Capture1_CCTTCGACAATCTACG,0.993008007524778,1.0159800296733343,1.0294920520021706,1.0366150089515114
Hepatocyte_Chow_Animal6_Capture1_CCTTTCTCATGACATC,0.949772489923169,0.9722694904533687,0.9869393251065102,0.9962424330568768
Hepatocyte_Chow_Animal6_Capture1_CGAACATAGCGCCTTG,0.918931054492986,0.9405518989633348,0.9539756522055608,0.9617705857180132
Hepatocyte_Chow_Animal6_Capture1_CGAACATTCTGGTATG,0.873889726457074,0.8969173573714789,0.9124392918542116,0.922688867560494
Hepatocyte_Chow_Animal6_Capture1_CGAGAAGTCGAACGGA,0.94057350057303,0.9644438920114408,0.9795874895596378,0.9887474269188372
Hepatocyte_Chow_Animal6_Capture1_CGAGCACTCGCGTTTC,0.948966119961427,0.9746052179964017,0.991644470173378,1.002731193048306
Hepatocyte_Chow_Animal6_Capture1_CGAGCACTCGTCCGTT,1.117369533606,1.1382914009889142,1.1507028159088948,1.157335983288876
Hepatocyte_Chow_Animal6_Capture1_CGAGCCACATGCGCAC,1.01099850242174,1.0286479216195787,1.0380930649493998,1.0420951624828212
Hepatocyte_Chow_Animal6_Capture1_CGATCGGAGGACCACA,1.01969995427588,1.0358594468788285,1.0436519311351462,1.0458306624734797
Hepatocyte_Chow_Animal6_Capture1_CGATCGGTCATTCACT,1.12876391958722,1.147289604430525,1.155503044475911,1.1569136848911858
Hepatocyte_Chow_Animal6_Capture1_CGATGTATCCTTTCTC,1.02495227896559,1.041867448496388,1.0505667428026382,1.0537301869062086
Hepatocyte_Chow_Animal6_Capture1_CGATTGAAGGCTACGA,1.11924251481591,1.140744249196236,1.1524761322229025,1.157605992995011
Hepatocyte_Chow_Animal6_Capture1_CGATTGACATGAACCT,1.02928706483333,1.0531593570357145,1.0681961254998522,1.0771342725567787
Hepatocyte_Chow_Animal6_Capture1_CGGACACGTCTAGAGG,1.02448370590657,1.0516439638167565,1.070936802712653,1.0848102210294042
Hepatocyte_Chow_Animal6_Capture1_CGGAGTCTCCTATTCA,1.03391884784773,1.0542725615062944,1.0655404622503064,1.0706820300071236
Hepatocyte_Chow_Animal6_Capture1_CGGCTAGCAGTTCCCT,1.03378340563238,1.054441114163015,1.0658886606556004,1.0711162612783591
Hepatocyte_Chow_Animal6_Capture1_CGTAGCGCAGGATCGA,1.04468836147956,1.068219678427909,1.0824315408587302,1.0902802055444805
Hepatocyte_Chow_Animal6_Capture1_CGTAGCGTCAGGTAAA,0.919567632882764,0.94624062043219,0.9648207794396448,0.977701013346042
Hepatocyte_Chow_Animal6_Capture1_CGTAGGCGTAAACACA,1.03423113955166,1.0546837357235914,1.065681433888742,1.070349970428537
Hepatocyte_Chow_Animal6_Capture1_CGTCACTAGGTACTCT,0.981729041178312,1.0056591942824826,1.0211966303365465,1.0309560312590031
Hepatocyte_Chow_Animal6_Capture1_CGTCTACAGAGTGAGA,1.02935067834838,1.0512452184804333,1.0648046077306423,1.072675413925403
Hepatocyte_Chow_Animal6_Capture1_CGTGAGCAGGATCGCA,0.935851877316118,0.9585015180850792,0.9729595358396994,0.981770749826624
Hepatocyte_Chow_Animal6_Capture1_CGTGTCTGTTAAAGAC,0.951419823907034,0.9723477169951392,0.984700018548176,0.9912174857484118
Hepatocyte_Chow_Animal6_Capture1_CTAACTTCACTGCCAG,1.04214297011569,1.0619852787483643,1.0732252634606196,1.0786610718943848
Hepatocyte_Chow_Animal6_Capture1_CTACATTAGACACTAA,1.03328484014018,1.0490696561637358,1.056219152002536,1.057561245521796
Hepatocyte_Chow_Animal6_Capture1_CTACGTCGTGAAAGAG,1.03283688539002,1.051952925038285,1.063024834858581,1.0686954400585855
Hepatocyte_Chow_Animal6_Capture1_CTAGCCTAGGACGAAA,0.932406888376852,0.9591459949789009,0.977105704284106,0.9889875735499268
Hepatocyte_Chow_Animal6_Capture1_CTCGAAATCCGAAGAG,0.967147233114472,0.9901871914019176,1.0048855501763068,1.0138406457138427
Hepatocyte_Chow_Animal6_Capture1_CTCGAGGGTGACAAAT,1.0361100629765,1.0611784349328273,1.076468729677209,1.0851142143216468
Hepatocyte_Chow_Animal6_Capture1_CTCGAGGTCATTGCGA,1.03249597316694,1.0570508364806377,1.0720155172719998,1.080445298558622
Hepatocyte_Chow_Animal6_Capture1_CTCGGGAAGAGGGATA,0.907197272725756,0.930253908309328,0.9449508035511331,0.9539158095287976
Hepatocyte_Chow_Animal6_Capture1_CTCGGGACAATGTTGC,0.956536547940703,0.9709094561402474,0.9774011973746272,0.9786595393147396
Hepatocyte_Chow_Animal6_Capture1_CTCGTCACATGAACCT,1.04243067503347,1.0613296049184198,1.0712214804550062,1.0750617635086115
Hepatocyte_Chow_Animal6_Capture1_CTCTAATGTGCCTGCA,0.962129796478293,0.9867855976714186,1.003182500369231,1.0138553454231214
Hepatocyte_Chow_Animal6_Capture1_CTCTAATTCAATAAGG,0.944122881494341,0.966341287568654,0.981069515942634,0.9906391792233364
Hepatocyte_Chow_Animal6_Capture1_CTCTAATTCGTTTGCC,1.02810402550468,1.0539369252195492,1.0703660660890415,1.0803362171528743
Hepatocyte_Chow_Animal6_Capture1_CTCTACGCACCAGTTA,1.01920741371571,1.043899290392924,1.06007521204347,1.0703790854518362
Hepatocyte_Chow_Animal6_Capture1_CTGAAGTTCCCAAGAT,1.02446756869898,1.0416188760708405,1.0526126768941964,1.0596989698591128
Hepatocyte_Chow_Animal6_Capture1_CTGATAGAGTGAATTG,1.03531103496485,1.047212278519505,1.0531816696126264,1.0555635745567435
Hepatocyte_Chow_Animal6_Capture1_CTGCCTATCGCCCTTA,0.985917597449942,1.0059012010178323,1.017616407117842,1.0237224383350747
Hepatocyte_Chow_Animal6_Capture1_CTGCGGACATTCCTCG,1.03076693825948,1.0417418556552,1.0445166184943693,1.0419667008725448
Hepatocyte_Chow_Animal6_Capture1_CTGGTCTGTCGAAAGC,0.953725905084428,0.9779339476316152,0.9935485710287764,1.0032395680277422
Hepatocyte_Chow_Animal6_Capture1_CTGTGCTAGTATGACA,1.03439057887542,1.0575307188242558,1.071614117940472,1.0794895876232815
Hepatocyte_Chow_Animal6_Capture1_CTGTTTAAGACACTAA,0.965622033606643,0.9850789277156988,0.9960419624138044,1.0012621571697475
Hepatocyte_Chow_Animal6_Capture1_CTTAGGATCTTAACCT,0.966522240548615,0.9891536862502393,1.00317700672722,1.0112868783420244
Hepatocyte_Chow_Animal6_Capture1_CTTCTCTGTCATTAGC,1.04451212316762,1.0601637551038936,1.0683817430709728,1.0718347103703127
Hepatocyte_Chow_Animal6_Capture1_CTTTGCGCAGGACCCT,0.895274826737248,0.9230292942377762,0.9427229738517104,0.9567644695823584
Hepatocyte_Chow_Animal6_Capture1_CTTTGCGGTCAACTGT,0.944027237179638,0.964097403434266,0.9762843243897188,0.9831268067781452
Hepatocyte_Chow_Animal6_Capture1_CTTTGCGGTCCTAGCG,0.968777694374047,0.9901821799049688,1.0031748820056237,1.0103936888627425
Hepatocyte_Chow_Animal6_Capture1_GAAATGATCGATCCCT,0.923719253886974,0.950445854369494,0.9686903858912588,0.981035737363786
Hepatocyte_Chow_Animal6_Capture1_GAACATCCAATCGAAA,0.987938499109632,1.0092862382920276,1.0214762326692572,1.0274936685910332
Hepatocyte_Chow_Animal6_Capture1_GAACCTAAGAAGGACA,0.995845136335956,1.013540269195941,1.0232267265056108,1.0275863354421733
Hepatocyte_Chow_Animal6_Capture1_GAACGGATCTCCTATA,1.0354485459266,1.0481231027627196,1.0553766804748852,1.059701252060776
Hepatocyte_Chow_Animal6_Capture1_GAATAAGCAAAGCGGT,1.02337082737565,1.0481014313745618,1.0656960159715998,1.0783656665887271
Hepatocyte_Chow_Animal6_Capture1_GAATGAACATTACGAC,0.946735481666731,0.9719074899410758,0.9892192568895484,1.0010150014482744
Hepatocyte_Chow_Animal6_Capture1_GAATGAATCTCACATT,1.03778777626937,1.0604279515962634,1.0735458918441891,1.0802270859213463
Hepatocyte_Chow_Animal6_Capture1_GACACGCAGACTGGGT,1.02639825501883,1.0447076964784934,1.0539962677549335,1.0572196379642784
Hepatocyte_Chow_Animal6_Capture1_GACAGAGGTTGGTGGA,0.930212226845255,0.9514070627685348,0.9673409372392814,0.979895965469439
Hepatocyte_Chow_Animal6_Capture1_GACCAATGTCCGAATT,1.02391880418798,1.0450101003422458,1.056722983608275,1.0621089813445197
Hepatocyte_Chow_Animal6_Capture1_GACGCGTAGAGATGAG,0.987329913683887,1.008252814747148,1.0201683030344275,1.0259883166307706
Hepatocyte_Chow_Animal6_Capture1_GACGGCTAGGATCGCA,1.0290581392975,1.0472066447710553,1.0568846876927651,1.0608564397638465
Hepatocyte_Chow_Animal6_Capture1_GACGTGCCAACGCACC,0.983584598939104,1.005273454858581,1.0181265339493764,1.0249576955689343
Hepatocyte_Chow_Animal6_Capture1_GACGTGCGTTCTGGTA,1.01957095858394,1.036188208040507,1.044791123595051,1.0481006416019785
Hepatocyte_Chow_Animal6_Capture1_GACGTTACAGGATTGG,0.967644375767252,0.9923736217948148,1.009191683815776,1.0204923389764442
Hepatocyte_Chow_Animal6_Capture1_GACTGCGAGTGAATTG,1.00246635405192,1.0204486525543486,1.030200419363705,1.0344354470869666
Hepatocyte_Chow_Animal6_Capture1_GAGGTGACAAACCCAT,0.979863759965933,1.0049480616746556,1.0212554983983668,1.0315128382403245
Hepatocyte_Chow_Animal6_Capture1_GATCGCGCAGCTCCGA,0.89352450713317,0.9120709466887598,0.9230284093141162,0.9288243343393344
Hepatocyte_Chow_Animal6_Capture1_GATCGTATCCAGAGGA,0.987183837505023,1.011920773437584,1.0275192329029452,1.0368607449630634
Hepatocyte_Chow_Animal6_Capture1_GATGCTAAGGTGCAAC,0.929767462183797,0.9560257808463724,0.9736533292134552,0.9852956424531166
Hepatocyte_Chow_Animal6_Capture1_GCAAACTAGCACCGCT,0.90512504435461,0.9273998071100592,0.9424674221171014,0.95259882998668
Hepatocyte_Chow_Animal6_Capture1_GCAATCAAGCGATCCC,0.959411851946185,0.9790512103565668,0.9909263081902844,0.9975653017255398
Hepatocyte_Chow_Animal6_Capture1_GCAATCACACAGACAG,0.933790094369972,0.9565591101721694,0.9707158053917858,0.9789585904097734
Hepatocyte_Chow_Animal6_Capture1_GCACATAGTGTTTGTG,1.0250704115084,1.0473229457407935,1.06036070480307,1.0671336715234394
Hepatocyte_Chow_Animal6_Capture1_GCACTCTTCGTTGCCT,0.984572371940122,1.0008808610669984,1.0089194736639642,1.0114541615237098
Hepatocyte_Chow_Animal6_Capture1_GCATACAAGCAGACTG,1.02318901070983,1.0485590500075996,1.065672863277157,1.0770098061864204
Hepatocyte_Chow_Animal6_Capture1_GCATACAGTTAAAGTG,1.01839688812533,1.0369613808003724,1.047316649702858,1.0521182158004707
Hepatocyte_Chow_Animal6_Capture1_GCATGATCACAGGTTT,0.94636839864777,0.9624777467470308,0.9716376720085104,0.9762055489488356
Hepatocyte_Chow_Animal6_Capture1_GCATGCGAGACTGTAA,0.926282505550198,0.9522133359167712,0.9702743869185534,0.9828065955829784
Hepatocyte_Chow_Animal6_Capture1_GCCAAATCAAGGTGTG,0.997724124245692,1.017096668933566,1.0284531526823923,1.034392322704363
Hepatocyte_Chow_Animal6_Capture1_GCCAAATTCACGATGT,0.965907789462092,0.9882566832839168,1.001856880055181,1.009490191910981
Hepatocyte_Chow_Animal6_Capture1_GCGACCACAAAGTGCG,0.992796034086339,1.0099272093285925,1.0197573725823257,1.0247571152685182
Hepatocyte_Chow_Animal6_Capture1_GCGACCACAAGGTTCT,0.945686408353713,0.9687287847551728,0.9832328558602548,0.991864895145169
Hepatocyte_Chow_Animal6_Capture1_GCGACCAGTCTCATCC,1.02863751496479,1.055974216805225,1.0745739980596938,1.0870852873083003
Hepatocyte_Chow_Animal6_Capture1_GCGACCATCTTACCTA,1.0389274590441,1.057304121537045,1.0667414260471664,1.0701855938343106
Hepatocyte_Chow_Animal6_Capture1_GCGCAGTGTGTGCGTC,0.953910015555377,0.9785470824454122,0.9944986773762912,1.0044791044900947
Hepatocyte_Chow_Animal6_Capture1_GCGGGTTAGTACGATA,1.02783069762608,1.0435316394025338,1.0529092412390744,1.0583266069337087
Hepatocyte_Chow_Animal6_Capture1_GCTCCTAAGAGACGAA,0.888856307324293,0.9069948735437616,0.9176540063300802,0.9232092123473208
Hepatocyte_Chow_Animal6_Capture1_GCTGCAGTCCGAGCCA,0.905804254137178,0.930985808268215,0.9477009334318102,0.9585711712389534
Hepatocyte_Chow_Animal6_Capture1_GCTGCGATCCGTAGGC,1.03575888743929,1.0570500514414265,1.0707621108287415,1.0793638346304206
Hepatocyte_Chow_Animal6_Capture1_GCTGGGTCAATGAATG,1.03990366635133,1.0613009207994195,1.0739239636499427,1.0805945485702868
Hepatocyte_Chow_Animal6_Capture1_GCTGGGTCATTGGTAC,0.894915457142352,0.9172733748928612,0.9328509980942412,0.9437675893103216
Hepatocyte_Chow_Animal6_Capture1_GCTTCCACATTCGACA,1.0270628261134,1.040536496195748,1.0477808080849933,1.0511115942665583
Hepatocyte_Chow_Animal6_Capture1_GGAATAAGTTCCAACA,1.0296753025663,1.0551478161572734,1.0709340952440898,1.0801086819544865
Hepatocyte_Chow_Animal6_Capture1_GGACAGAGTTGCTCCT,0.955519099182132,0.9763240213949188,0.9883933158919852,0.9945457779973268
Hepatocyte_Chow_Animal6_Capture1_GGATGTTGTGCGAAAC,1.03063367281856,1.0518824400938669,1.0642137565735907,1.0705082052145436
Hepatocyte_Chow_Animal6_Capture1_GGATGTTGTTAAGAAC,1.0308017728865,1.0550653086951651,1.0697655710830851,1.0779590038933542
Hepatocyte_Chow_Animal6_Capture1_GGATTACGTTCCACGG,1.03752426612296,1.0596010681996926,1.0730480733650227,1.0806223157887174
Hepatocyte_Chow_Animal6_Capture1_GGCCGATAGACAAAGG,0.938220784654659,0.9644975345213064,0.985256889115648,1.0024269355085695
Hepatocyte_Chow_Animal6_Capture1_GGCGTGTCACAACGCC,1.00947282047171,1.032223264545998,1.046358197570792,1.0545863081710949
Hepatocyte_Chow_Animal6_Capture1_GGCTGGTGTACGACCC,0.990230177804375,1.0139531681142016,1.029026712073094,1.0381376688925363
Hepatocyte_Chow_Animal6_Capture1_GGGTTGCCATCGACGC,0.942811753533883,0.957424573382849,0.9636909092468569,0.9644492404767668
Hepatocyte_Chow_Animal6_Capture1_GGTATTGGTCATATCG,1.02466746783651,1.0383934448070178,1.045959634293263,1.0497669866571646
Hepatocyte_Chow_Animal6_Capture1_GGTGTTACAGGATCGA,1.03529073879304,1.057242918749301,1.0709111726267544,1.0788651014245911
Hepatocyte_Chow_Animal6_Capture1_GTAACGTTCAACGCTA,1.01585531314143,1.0337344451621844,1.0430202398861408,1.0464125172699013
Hepatocyte_Chow_Animal6_Capture1_GTACGTAGTACAGTGG,0.878025072383861,0.9013412929847,0.9174250435085266,0.9284611422761364
Hepatocyte_Chow_Animal6_Capture1_GTACTCCAGCGATGAC,1.03098991109931,1.0507085300018144,1.064290695042045,1.0739999430247331
Hepatocyte_Chow_Animal6_Capture1_GTACTCCTCACTTCAT,1.02550872758495,1.046834403714426,1.059291843429978,1.0657110588866583
Hepatocyte_Chow_Animal6_Capture1_GTAGGCCTCAGGCCCA,1.03485270580684,1.052642720049609,1.061686516333966,1.0648700617189273
Hepatocyte_Chow_Animal6_Capture1_GTAGTCACAGTAAGAT,1.0250039785958,1.0507215012069162,1.0668399992675834,1.0763969970025404
Hepatocyte_Chow_Animal6_Capture1_GTATTCTAGAAGGGTA,1.01875109298608,1.0410789937478433,1.0571424618283356,1.0691277496544378
Hepatocyte_Chow_Animal6_Capture1_GTCAAGTTCTCTAAGG,0.889523743409167,0.915088387553827,0.9333778844289672,0.9465602815436336
Hepatocyte_Chow_Animal6_Capture1_GTCACGGCAACAACCT,1.02823201680067,1.0507256003300778,1.0643937351161517,1.0720171241203666
Hepatocyte_Chow_Animal6_Capture1_GTCATTTAGGATTCGG,1.01337256284558,1.0296443111573894,1.038461018079177,1.0423782966336732
Hepatocyte_Chow_Animal6_Capture1_GTCGTAATCTCGCTTG,1.09418251390423,1.1141110322582737,1.1244065360554305,1.1282071930624595
Hepatocyte_Chow_Animal6_Capture1_GTCTCGTCATGCCTAA,0.950026690353117,0.9732119075664356,0.9877204988588456,0.9962812672399244
Hepatocyte_Chow_Animal6_Capture1_GTGTGCGAGAGCTTCT,0.981811217478467,1.003272711462083,1.0166500338711155,1.0245564154644886
Hepatocyte_Chow_Animal6_Capture1_TACGGTATCGCCCTTA,0.92127618602194,0.941733075616898,0.954020108063232,0.9607377016768164
Hepatocyte_Chow_Animal6_Capture1_TACTTACGTAAGAGAG,0.966584978497334,0.9902038800807162,1.0048959925559076,1.013481409854142
Hepatocyte_Chow_Animal6_Capture1_TAGACCAGTAAGTAGT,0.962674589833268,0.985097448003664,0.9988482892537566,1.0066862126326064
Hepatocyte_Chow_Animal6_Capture1_TAGGCATAGTGTCCCG,1.02277600078487,1.0416470871370471,1.0513326363337814,1.0548675921926165
Hepatocyte_Chow_Animal6_Capture1_TATCAGGCACGGCGTT,1.0341325564279,1.0634094265453584,1.082945066047307,1.0957444005460069
Hepatocyte_Chow_Animal6_Capture1_TCAATCTCATCACGTA,1.03183829471259,1.0499729357943817,1.0600882049714333,1.0648305662820825
Hepatocyte_Chow_Animal6_Capture1_TCACAAGCAAGAAGAG,0.972781817852262,0.9946002986116296,1.0093305328772,1.0193737070950863
Hepatocyte_Chow_Animal6_Capture1_TCACAAGGTACTTGAC,0.953735107692531,0.9783279834472725,0.9942505006336624,1.0042028057708314
Hepatocyte_Chow_Animal6_Capture1_TCACGAACATGGGACA,1.03591906519556,1.0529030545463447,1.0606664862095023,1.062316208645154
Hepatocyte_Chow_Animal6_Capture1_TCAGATGAGGACGAAA,1.02754801792775,1.0439577226419978,1.051073218941284,1.052049680018337
Hepatocyte_Chow_Animal6_Capture1_TCAGGATAGATCGGGT,0.931286108785374,0.95164071426547,0.9645524488880302,0.9723940522714196
Hepatocyte_Chow_Animal6_Capture1_TCAGGTAGTCAAAGCG,0.896458206643262,0.9212077140184664,0.9375162274129948,0.9480137672268976
Hepatocyte_Chow_Animal6_Capture1_TCAGGTATCTATCCCG,1.02222413751291,1.0404089048323055,1.0496157871994989,1.0527973269313575
Hepatocyte_Chow_Animal6_Capture1_TCATTTGTCGGATGTT,1.04234306497932,1.067576779078175,1.083005334134561,1.0917481542672771
Hepatocyte_Chow_Animal6_Capture1_TCCCGATGTCCTGCTT,1.03512587368326,1.0549131547278543,1.0653778032318393,1.069549140022939
Hepatocyte_Chow_Animal6_Capture1_TCGCGAGAGAAGGGTA,0.956126164675423,0.9788657860821224,0.993416742434422,1.00235467190353
Hepatocyte_Chow_Animal6_Capture1_TCGCGAGGTGCTGTAT,0.951371466888357,0.9661399702358536,0.9728978340518072,0.9743021419003036
Hepatocyte_Chow_Animal6_Capture1_TCGCGAGGTTAGGGTG,1.10257946253576,1.1224145708437936,1.1324550593811349,1.1359182384797664
Hepatocyte_Chow_Animal6_Capture1_TCGGGACAGGAGTAGA,0.927145816338968,0.9545661899079044,0.973566220077008,0.9866923381281192
Hepatocyte_Chow_Animal6_Capture1_TCGTACCAGGCTAGCA,0.991722004528313,1.015235814149363,1.0302672274558071,1.0394795196658024
Hepatocyte_Chow_Animal6_Capture1_TCGTAGAGTTATCCGA,0.950985599838909,0.9708764847319826,0.9819156143766052,0.9870207272570888
Hepatocyte_Chow_Animal6_Capture1_TCTCATATCATGTCCC,0.986862525437224,1.0101558662235088,1.0246776953812529,1.03320049798656
Hepatocyte_Chow_Animal6_Capture1_TCTCTAAAGAGTACCG,1.01711287274594,1.0343709631224038,1.0431571866067555,1.0462645525735828
Hepatocyte_Chow_Animal6_Capture1_TCTGGAATCGACCAGC,0.936927337790532,0.9578891043165052,0.9704774155375718,0.9773382223366608
Hepatocyte_Chow_Animal6_Capture1_TCTTTCCCACGGTAGA,0.957985691850419,0.9753480776026758,0.9841461136428472,0.9872237995558124
Hepatocyte_Chow_Animal6_Capture1_TCTTTCCGTCTTGATG,1.04305464605071,1.06297192956259,1.0732448008840585,1.0770940795380848
Hepatocyte_Chow_Animal6_Capture1_TGACGGCTCCGTAGTA,0.926829725283628,0.94947717582261,0.9645847341045806,0.974498175310275
Hepatocyte_Chow_Animal6_Capture1_TGACTAGCAAGAAGAG,0.914616630066464,0.9403391860834732,0.9576794042853471,0.9692075669230684
Hepatocyte_Chow_Animal6_Capture1_TGAGAGGGTCGAAAGC,0.980720318885638,1.0028695713371587,1.0169254745918763,1.0254507789141736
Hepatocyte_Chow_Animal6_Capture1_TGAGGGACAGTATCTG,1.02042856311308,1.0407288249773372,1.0528113794546066,1.0592606030825058
Hepatocyte_Chow_Animal6_Capture1_TGCCAAAAGACAAGCC,0.983544406984085,1.0072399211932894,1.0218011792081874,1.0301422477723328
Hepatocyte_Chow_Animal6_Capture1_TGCGCAGGTTGGACCC,1.10326956290503,1.1113074010878456,1.1118505343075291,1.1077759157943323
Hepatocyte_Chow_Animal6_Capture1_TGCGCAGTCCCAACGG,1.0327822255001,1.0540139336921592,1.0667358481741973,1.0736323640998515
Hepatocyte_Chow_Animal6_Capture1_TGCGGGTCATCCCATC,0.924035832382691,0.9478122763097973,0.9641078292209204,0.9752027832984906
Hepatocyte_Chow_Animal6_Capture1_TGCGTGGTCGTGGTCG,0.899994919261384,0.9258140543042868,0.94323163338745,0.954830341009429
Hepatocyte_Chow_Animal6_Capture1_TGCTACCTCATCGATG,1.11142953864532,1.1198859076885488,1.1209794995503728,1.1175642865290187
Hepatocyte_Chow_Animal6_Capture1_TGGCTGGCATGCCCGA,1.02039322560588,1.037173517662821,1.045170127907524,1.0473044738111832
Hepatocyte_Chow_Animal6_Capture1_TGGGAAGCAAGCGTAG,1.03645125465248,1.0562352252172973,1.0664748681698926,1.07033761622448
Hepatocyte_Chow_Animal6_Capture1_TGGGAAGTCTGATACG,1.03213429210324,1.0502949754370232,1.058886190615439,1.0611552824988404
Hepatocyte_Chow_Animal6_Capture1_TGGTTAGGTAGATTAG,0.976867114068901,0.9949366457192724,1.004279345550687,1.007772684567093
Hepatocyte_Chow_Animal6_Capture1_TGGTTCCCAAGCGAGT,0.96439308973987,0.9902706501864208,1.008681279520103,1.021974820925618
Hepatocyte_Chow_Animal6_Capture1_TGTATTCCAAGGACTG,0.94821601138266,0.9715420840859816,0.9865160884465544,0.9957339925095522
Hepatocyte_Chow_Animal6_Capture1_TGTGGTAAGAGCCTAG,0.940615851228808,0.9713257619611392,0.993107700900586,1.0086298153376494
Hepatocyte_Chow_Animal6_Capture1_TGTGGTAAGTACGCGA,1.03237482930014,1.05554698030698,1.0693775422731333,1.0768492270916166
Hepatocyte_Chow_Animal6_Capture1_TGTTCCGAGTGGCACA,0.89449906771146,0.9170606826354628,0.9312912741865484,0.9398194838627782
Hepatocyte_Chow_Animal6_Capture1_TTAGTTCCAATGACCT,0.953591236668459,0.9799530791846164,0.9977483784437928,1.0095650440022814
Hepatocyte_Chow_Animal6_Capture1_TTCGAAGCACAGAGGT,1.03308154652576,1.0536448313400677,1.0667855301163514,1.0749481752078418
Hepatocyte_Chow_Animal6_Capture1_TTCGAAGTCCAAACAC,1.02214985225539,1.0427644700250986,1.0567986529761926,1.0665344091193494
Hepatocyte_Chow_Animal6_Capture1_TTCGGTCAGAATCTCC,0.993457942567421,1.016649530186171,1.0303667390721858,1.0376809814816268
Hepatocyte_Chow_Animal6_Capture1_TTCGGTCGTAAGAGGA,1.03385688283536,1.0541968626590936,1.065997514215736,1.0719818557969043
Hepatocyte_Chow_Animal6_Capture1_TTCTCCTCAAGTAGTA,1.02559681339997,1.047925332898501,1.0620324540556192,1.0704710853671544
Hepatocyte_Chow_Animal6_Capture1_TTCTTAGCAGCTTCGG,0.970115908192922,0.987997757177895,0.9992953977878776,1.0062661967830324
Hepatocyte_Chow_Animal6_Capture1_TTGTAGGAGGTGCACA,1.02344453190357,1.0493613829974875,1.0674907669065232,1.0802404665328704
Hepatocyte_Chow_Animal4_Capture1_CACACTCTCATAAAGG,1.03858358315743,1.0146287053196177,0.9934440235219316,0.9774580892031772
Hepatocyte_Chow_Animal4_Capture1_CAGCTAAGTCCGAAGA,1.04631845962075,1.0268146754156475,1.0086284729301034,0.994817967654303
Hepatocyte_Chow_Animal4_Capture1_CTCACACCATAAAGGT,1.0178680659412,1.0118946460202978,1.003267419815367,0.9959365049166056
Hepatocyte_Chow_Animal4_Capture1_GATCGTAAGGCTCATT,1.03502620826093,1.0208536698064563,1.0056158879780313,0.992897721810011
Hepatocyte_Chow_Animal4_Capture1_GGAATAATCATGCAAC,1.0444189397412,1.029523881714261,1.015897469907492,1.0063677485437903
Hepatocyte_Chow_Animal4_Capture1_GTAGGCCCACAGGCCT,1.06356721787956,1.043915404033817,1.021645681137217,1.000826533866169
Hepatocyte_Chow_Animal4_Capture1_GTCACAATCTGGCGAC,1.04295321590952,1.019460257246766,0.998738158140903,0.983205148410082
Hepatocyte_Chow_Animal4_Capture1_TAGGCATGTGACTACT,1.03983424254062,1.0255484222201363,1.0096640716616905,0.9964965572392016
Hepatocyte_Chow_Animal5_Capture1_AACACGTGTGCAGTAG,1.04727733274465,1.0289859363860625,1.0121156808370133,0.9998745247666482
Hepatocyte_Chow_Animal5_Capture1_AACTCCCCAGTAAGCG,0.985605078282693,0.9734690367949504,0.9621052548831236,0.954390451679556
Hepatocyte_Chow_Animal5_Capture1_AATCGGTCAATGGAAT,0.957202624970081,0.9435548585840662,0.9300702734597128,0.919504808612424
Hepatocyte_Chow_Animal5_Capture1_ACTATCTGTGGTCTCG,0.911885726451789,0.8968240153232268,0.8836396934356107,0.8746078847794923
Hepatocyte_Chow_Animal5_Capture1_ATCATGGAGCAGGCTA,1.02849111285778,1.0105806274496527,0.994907937898288,0.9839888056763914
Hepatocyte_Chow_Animal5_Capture1_ATGCGATTCTCTTATG,1.01127093577703,0.995604071873025,0.9816970451029188,0.9722917487511804
Hepatocyte_Chow_Animal5_Capture1_ATGTGTGTCTGGCGAC,0.983155863046436,0.9658777148701264,0.9508624499620402,0.9404682788066652
Hepatocyte_Chow_Animal5_Capture1_CATCAAGTCGGTGTCG,0.997703561157712,0.977197030461608,0.9592659006536368,0.946238449286814
Hepatocyte_Chow_Animal5_Capture1_CCACTACTCATCATTC,1.05123500922034,1.0353767240624416,1.0210064593388104,1.0110101616662206
Hepatocyte_Chow_Animal5_Capture1_CCGTTCAAGCTTCGCG,0.936349493234098,0.9243865129435463,0.9136067753624746,0.9068157002385832
Hepatocyte_Chow_Animal5_Capture1_CCTTCCCGTTCGTCTC,0.978028407701357,0.9640100081444684,0.9497898378377128,0.939265547925568
Hepatocyte_Chow_Animal5_Capture1_CCTTTCTAGGCTCATT,1.03447258362184,1.0169229560689683,0.9983044241280906,0.9832263589500998
Hepatocyte_Chow_Animal5_Capture1_CGATGTAGTCGGCATC,1.04282081239101,1.022991512962109,1.004493923645852,0.9900014915456188
Hepatocyte_Chow_Animal5_Capture1_CGTCAGGAGGGTCTCC,1.01717333009709,1.000884165425299,0.9851983541889064,0.9736352658913058
Hepatocyte_Chow_Animal5_Capture1_CTACACCAGACCTTTG,1.05217855654129,1.0332559490025708,1.0164665604231231,1.0044891490021022
Hepatocyte_Chow_Animal5_Capture1_CTACGTCGTGAAAGAG,1.00975737611402,0.9915274265159114,0.9756901541574348,0.964654804446188
Hepatocyte_Chow_Animal5_Capture1_CTCTACGTCAGAAATG,1.0457074760513,1.0244879920826018,1.00547759654658,0.9913361808456064
Hepatocyte_Chow_Animal5_Capture1_CTGCGGAGTACATGTC,1.03118785370592,1.0074980353297271,0.9864936581638408,0.9705830032847398
Hepatocyte_Chow_Animal5_Capture1_GTAACGTGTTCACGGC,0.978474136364664,0.9629115503658016,0.9492564161557766,0.940027087604706
Hepatocyte_Chow_Animal5_Capture1_GTACGTATCGCACTCT,0.971478424578216,0.9543987177118242,0.9391048382523052,0.9280739884324196
Hepatocyte_Chow_Animal5_Capture1_GTTAAGCGTTACCAGT,1.04435269793307,1.021858681897103,1.002015340001156,0.9872949460049248
Hepatocyte_Chow_Animal5_Capture1_TCGGGACGTTAAAGAC,0.942623425679508,0.9278731170833944,0.9151154408514908,0.9066833263965738
Hepatocyte_Chow_Animal5_Capture1_TGAGCATGTAAGTGGC,1.01374745765549,0.998778866701197,0.984861405661411,0.9748167823983838
Hepatocyte_Chow_Animal5_Capture1_TGTATTCGTCGTCTTC,1.04332340339984,1.023555107298274,1.0056775877628548,0.992439455402396
Hepatocyte_Chow_Animal6_Capture1_AACTCAGCACACATGT,0.982412625044991,0.9657214542842872,0.9496933426229904,0.9377814510227332
Hepatocyte_Chow_Animal6_Capture1_AACTCTTTCCTCAACC,0.954572136901851,0.9444354176929756,0.9337044334325496,0.9249491792803628
Hepatocyte_Chow_Animal6_Capture1_AATCCAGCACCGAATT,0.881968371326141,0.8729389865268145,0.8649906181097329,0.8605965185211883
Hepatocyte_Chow_Animal6_Capture1_ATGTGTGTCATAACCG,0.985274709381953,0.974289805241836,0.9635685337449812,0.9563639532379248
Hepatocyte_Chow_Animal6_Capture1_CAGCTAAGTCTCTCTG,0.970203133823518,0.9644477517913748,0.9570097163259456,0.9516110284187456
Hepatocyte_Chow_Animal6_Capture1_CGTCTACTCCCAAGAT,1.01405969659061,0.9995687932231052,0.9849475510414164,0.973840933378623
Hepatocyte_Chow_Animal6_Capture1_CTAACTTGTGTGAATA,1.04082678365273,1.0227901580552157,1.0060760911438715,0.9937979482688828
Hepatocyte_Chow_Animal6_Capture1_GATGAAAAGGTGGGTT,0.954813748174538,0.943197312203456,0.9328594075365586,0.9264474930153618
Hepatocyte_Chow_Animal6_Capture1_GGACGTCGTGACGCCT,0.950940796250185,0.9643611137292684,0.9720341999619044,0.9766982908214564
Hepatocyte_Chow_Animal6_Capture1_GTAACTGCATGTTGAC,0.958651576103354,0.9517398677777686,0.9436316577584132,0.9381383679991052
Hepatocyte_Chow_Animal6_Capture1_GTTCGGGAGACAATAC,0.989408192783047,0.9778541169755812,0.9652235912998336,0.9557219854393012
Hepatocyte_Chow_Animal6_Capture1_TCATTTGTCTGCCCTA,0.941204171517059,0.9283602835372958,0.9171818064766728,0.910133739424764
Hepatocyte_Chow_Animal6_Capture1_TTGCCGTAGAGCTGGT,1.04455861941642,1.028390361710042,1.0121485818528544,0.9994759280236756
Hepatocyte_Chow_Animal6_Capture1_TTGGCAACATCCCACT,1.04554848105142,1.0230112176297967,1.0032627595043888,0.988721563452066
Hepatocyte_Chow_Animal6_Capture1_TTGTAGGAGAAACCTA,1.0457327494233,1.026858223634995,1.0099896384766929,0.9979415458885644
Hepatocyte_Chow_Animal4_Capture1_CTCGGGAAGACTAAGT,1.02905682942487,1.018511318446807,1.004702322069479,0.9910788245733484
Hepatocyte_Chow_Animal4_Capture1_CTTAGGACAGATGGCA,0.998408677130747,1.0018994963067585,0.9997166400508752,0.994689591347324
Hepatocyte_Chow_Animal5_Capture1_GAGCAGAGTTATCGGT,1.03796259335902,1.0298608309621144,1.018611387202443,1.00714528915099
Hepatocyte_Chow_Animal6_Capture1_GTCAAGTAGCTAGCCC,0.923044747405796,0.9465443822422916,0.9626342394348416,0.9735197808885548
Hepatocyte_Chow_Animal4_Capture1_ATCCACCTCTCCAACC,1.02931097164587,1.037031904767305,1.0414160454967438,1.0446256842977777
Hepatocyte_Chow_Animal4_Capture1_GAAGCAGGTTATCACG,1.03197755836421,1.03826292671079,1.0418676693162627,1.0450333131740623
Hepatocyte_Chow_Animal4_Capture1_GACAGAGGTTCATGGT,1.02840360300798,1.0401370356160908,1.0485923584219428,1.0559383068496906
Hepatocyte_Chow_Animal5_Capture1_AGAGTGGGTTCTGTTT,1.02942830498945,1.0454052381458898,1.057984095727895,1.069379009482466
Hepatocyte_Chow_Animal5_Capture1_AGGCCGTGTCGCCATG,1.03317994455888,1.042079059327847,1.0466369314697404,1.049077946322332
Hepatocyte_Chow_Animal5_Capture1_CATGCCTCACGAAATA,0.9491969539927,0.9777865676831348,1.0008031132785384,1.020402048487968
Hepatocyte_Chow_Animal5_Capture1_GACCTGGCAGCAGTTT,1.11928993050087,1.1391975852962302,1.152334644433092,1.1613747283968332
Hepatocyte_Chow_Animal5_Capture1_TCTTCGGGTCTCAACA,0.899439060127048,0.916143309927602,0.929707654286562,0.9420408073745398
Hepatocyte_Chow_Animal5_Capture1_TTGAACGCATGCGCAC,1.12787408461096,1.1530073437653343,1.171339407080734,1.1855285370867952
Hepatocyte_Chow_Animal6_Capture1_CGTCCATTCTGGTTCC,1.12299174497282,1.1376630663234046,1.1466541617341175,1.152619413251469
Hepatocyte_Chow_Animal6_Capture1_GCTTCCATCGAATCCA,1.0211343844566,1.0311665422541716,1.03871027926091,1.0460119028978958
Hepatocyte_Chow_Animal6_Capture1_GGCGACTGTTACCGAT,1.02586750434027,1.0467873308043711,1.0637396505086902,1.0788145276702497
Hepatocyte_Chow_Animal4_Capture1_CTCGGAGCATCCGCGA,0.903487719627194,0.9235697432444828,0.9361531156714428,0.9436326608428938
Hepatocyte_Chow_Animal5_Capture1_CGGTTAACACATCTTT,1.04742104444124,1.0649616367797363,1.0740396134109969,1.077527283512086
Hepatocyte_Chow_Animal5_Capture1_TAAACCGAGCTAAGAT,0.9655013174664,0.9793241915234636,0.9853938806903424,0.986397222413187
Hepatocyte_Chow_Animal6_Capture1_GCATGCGTCCGAGCCA,1.03682068501496,1.0295752545019574,1.0213046678545774,1.0148177553991211
Hepatocyte_Chow_Animal1_Capture1_AAACCTGTCACCTCGT,0.971962379318243,0.9507860513418124,0.927767259143548,0.9065343891188492
Hepatocyte_Chow_Animal1_Capture1_AAACGGGCATATACCG,0.956016802991706,0.9371833972163816,0.9172511953077862,0.8996770251263847
Hepatocyte_Chow_Animal1_Capture1_AACCGCGAGTCGTACT,0.961306300446356,0.951351111094364,0.9378850872219882,0.9239990240649552
Hepatocyte_Chow_Animal1_Capture1_AACTCAGCAAGAAGAG,0.96481669055736,0.9443999886547856,0.9242360174034022,0.9071723226848332
Hepatocyte_Chow_Animal1_Capture1_AACTCTTGTAGCTGCC,1.04568936664959,1.02126381262577,0.996056304289576,0.9743323769539572
Hepatocyte_Chow_Animal1_Capture1_AACTTTCCAATCTGCA,0.930808634725028,0.9193552951461332,0.9048271406651271,0.8900700427115408
Hepatocyte_Chow_Animal1_Capture1_AAGCCGCTCTACGAGT,1.01547859190732,0.9928287628039186,0.9698506427241268,0.9497710911576271
Hepatocyte_Chow_Animal1_Capture1_ACACTGACAGGGTTAG,0.986994757042525,0.963170534927298,0.940344744515549,0.9216096355792848
Hepatocyte_Chow_Animal1_Capture1_ACATACGCAGCCTTGG,0.944089413606455,0.9320301925533816,0.918349767805816,0.9061109543201434
Hepatocyte_Chow_Animal1_Capture1_ACCCACTTCAAGGCTT,1.03601412664997,1.01890120041004,0.9993096773270628,0.9803627893768282
Hepatocyte_Chow_Animal1_Capture1_ACCGTAATCCTGCTTG,1.04823981668763,1.0258726481174345,1.0039739270594668,0.985450542049994
Hepatocyte_Chow_Animal1_Capture1_ACCTTTACAGGAATCG,1.03976612940771,1.0198867853526876,0.9985205694631456,0.9786991044887092
Hepatocyte_Chow_Animal1_Capture1_ACCTTTATCGCATGGC,1.1157249434113,1.0850729887872943,1.054240106759094,1.0267531911335852
Hepatocyte_Chow_Animal1_Capture1_ACGAGCCTCACGAAGG,1.0389307280773,1.0143244535716909,0.9905616492078918,0.970945467849592
Hepatocyte_Chow_Animal1_Capture1_ACGATACTCCGAATGT,1.04278194620436,1.0107002884883631,0.9789260923207116,0.9509505981361884
Hepatocyte_Chow_Animal1_Capture1_ACGCAGCCACGTCTCT,0.948019717512542,0.9297212866185472,0.9100736531660794,0.8919097147524857
Hepatocyte_Chow_Animal1_Capture1_ACGGCCAGTACAAGTA,0.934795700682534,0.9161594852252816,0.896351834072297,0.8783251648768334
Hepatocyte_Chow_Animal1_Capture1_ACTTGTTCACATTTCT,1.04709448349072,1.015375978151272,0.9839164295682512,0.9561330473140802
Hepatocyte_Chow_Animal1_Capture1_AGAGTGGGTACGACCC,1.04756700443565,1.011560702148819,0.9771629262104904,0.947232821489519
Hepatocyte_Chow_Animal1_Capture1_AGAGTGGGTTCGTCTC,1.02801594113223,1.0092262812917598,0.9871703323912322,0.9649630311051324
Hepatocyte_Chow_Animal1_Capture1_AGATTGCAGAGCCTAG,1.04460352759582,1.0189404469528671,0.9926358087067002,0.9690138241209244
Hepatocyte_Chow_Animal1_Capture1_AGCGTCGCAGTGGAGT,0.969232213134807,0.9576339064131508,0.9414662678519232,0.9236559509108548
Hepatocyte_Chow_Animal1_Capture1_AGCGTCGTCACAATGC,0.982388526331093,0.9652457629314743,0.9464078554355424,0.9294871614474748
Hepatocyte_Chow_Animal1_Capture1_AGCTCTCAGTACGATA,1.0525578258387,1.0333445362679363,1.012009766880952,0.9923607225501124
Hepatocyte_Chow_Animal1_Capture1_AGGGAGTAGAAACCTA,1.03843571220618,1.0216437636189544,1.0021891305155393,0.9827994768285409
Hepatocyte_Chow_Animal1_Capture1_AGGGTGATCTTGCATT,1.04464382227609,1.020323449823776,0.99496424890323,0.9722634350237276
Hepatocyte_Chow_Animal1_Capture1_AGTGAGGCAATAGAGT,0.967569687065947,0.9412608174931754,0.916643681484986,0.8961040191981442
Hepatocyte_Chow_Animal1_Capture1_AGTGGGAAGCCCTAAT,1.04007539468813,1.0094995257094572,0.9795344663625764,0.9530726431507444
Hepatocyte_Chow_Animal1_Capture1_AGTGTCATCTGGAGCC,1.04865318111655,1.0341870026109756,1.0187074219036194,1.0054457310535598
Hepatocyte_Chow_Animal1_Capture1_ATAACGCAGTTAGGTA,0.911193082641441,0.901279039744318,0.8884627546380351,0.8756170891722396
Hepatocyte_Chow_Animal1_Capture1_ATAACGCTCGTTTGCC,0.984083393088902,0.9570624742015582,0.9312211778539848,0.9094403985566744
Hepatocyte_Chow_Animal1_Capture1_ATCCGAATCTTAACCT,0.963068036522974,0.949144665992505,0.933038068963478,0.9187875667889588
Hepatocyte_Chow_Animal1_Capture1_ATCTGCCAGCTAACAA,1.03503041109106,1.0223965588854604,1.005800945427363,0.9880338267479132
Hepatocyte_Chow_Animal1_Capture1_ATCTGCCCAGAGCCAA,1.04149956557038,1.0210975687973778,1.0009423087603568,0.9839954034040692
Hepatocyte_Chow_Animal1_Capture1_ATGAGGGGTGGGTCAA,0.933030568371753,0.9254671480725164,0.9148828216563673,0.9039732523576536
Hepatocyte_Chow_Animal1_Capture1_ATGCGATGTAGCGCTC,0.938564230949762,0.9257096261824488,0.9099632568316438,0.8941908049649113
Hepatocyte_Chow_Animal1_Capture1_CAAGAAACATCCCATC,1.04703063823453,1.0180302717812528,0.9904452993332312,0.9670222922484172
Hepatocyte_Chow_Animal1_Capture1_CACAAACCAAGCCATT,0.940403345109504,0.9213089965201036,0.9020333883821882,0.8857176251338577
Hepatocyte_Chow_Animal1_Capture1_CACACAATCAGGTTCA,1.05607023333803,1.024723437712711,0.9935653490836114,0.9660547946524944
Hepatocyte_Chow_Animal1_Capture1_CACACAATCCGCGGTA,1.0350732780451,1.0175913554862186,0.99818746038406,0.9797914325452234
Hepatocyte_Chow_Animal1_Capture1_CACATAGCACAAGTAA,0.985120414569301,0.9627155096765988,0.9408805998677464,0.9225500118229402
Hepatocyte_Chow_Animal1_Capture1_CACATAGGTAGAAAGG,1.0342053292494,1.0127300482147048,0.990710518833335,0.9705568211028972
Hepatocyte_Chow_Animal1_Capture1_CACATTTGTCCAGTAT,1.03744755370668,1.0214947945022117,1.00206489743495,0.9821513913680372
Hepatocyte_Chow_Animal1_Capture1_CAGAATCGTATCAGTC,0.950711518208803,0.9351635386755816,0.9175009065403036,0.9004491095839678
Hepatocyte_Chow_Animal1_Capture1_CAGCAGCCAGCGAACA,1.06371220321827,1.0341372668380635,1.0058478778426103,0.9817572746355409
Hepatocyte_Chow_Animal1_Capture1_CAGCAGCTCCGCAGTG,1.02907716022416,1.0037222440911495,0.976868996839028,0.9533105070805344
Hepatocyte_Chow_Animal1_Capture1_CAGCATAAGCGTCTAT,1.05083862223743,1.027050324631965,1.001959395182731,0.9792780341327232
Hepatocyte_Chow_Animal1_Capture1_CAGTAACAGGAACTGC,1.05499903050657,1.025162044992218,0.9955781503788432,0.969473594760613
Hepatocyte_Chow_Animal1_Capture1_CAGTCCTAGGGATACC,1.05465776880983,1.0307167179801484,1.006797936143784,0.9863222877408536
Hepatocyte_Chow_Animal1_Capture1_CATATGGAGGTAAACT,1.03923354712671,1.01273147257579,0.9872992160395274,0.9657309610980694
Hepatocyte_Chow_Animal1_Capture1_CATATTCCAAGTTCTG,1.02985375988624,1.0061237794809093,0.9823890760812276,0.9617704846434688
Hepatocyte_Chow_Animal1_Capture1_CATGACACATGCCTAA,1.03408794175975,1.0198527008446254,1.0030746277071407,0.9865580114431126
Hepatocyte_Chow_Animal1_Capture1_CCACCTAAGTCGATAA,1.00412914377619,0.9859398759857576,0.9651849696331336,0.9460286077680848
Hepatocyte_Chow_Animal1_Capture1_CCATGTCAGGGTTTCT,0.926945128159502,0.9077161068661748,0.8882539083409222,0.871792794642631
Hepatocyte_Chow_Animal1_Capture1_CCATGTCGTACCGAGA,1.04858541725405,1.0239351770299403,0.9995880305128244,0.9785534177285156
Hepatocyte_Chow_Animal1_Capture1_CCATGTCGTAGGCATG,1.04317321132719,1.019312192781619,0.9949551963809772,0.9730225216092928
Hepatocyte_Chow_Animal1_Capture1_CCCAATCGTCCAACTA,0.860056441128607,0.8439043804778386,0.8269589273360867,0.8117954586947217
Hepatocyte_Chow_Animal1_Capture1_CCCAGTTCAGACAGGT,1.04556390811355,1.025335299563692,1.0020304799423705,0.979097616902302
Hepatocyte_Chow_Animal1_Capture1_CCCAGTTTCACGATGT,1.04752181207413,1.0237269663394897,0.9981914380671592,0.9748680287379492
Hepatocyte_Chow_Animal1_Capture1_CCCTCCTCAGTAAGAT,1.13251922905671,1.097632238538475,1.0633535257081903,1.0331653559543112
Hepatocyte_Chow_Animal1_Capture1_CCTACACAGGTAGCCA,1.03828872973113,1.0083428075584957,0.979048789569506,0.9535534039811464
Hepatocyte_Chow_Animal1_Capture1_CCTCTGACAGGAATCG,1.04677833166451,1.0180732806172386,0.9899419866835656,0.965414589365004
Hepatocyte_Chow_Animal1_Capture1_CCTCTGAGTCCAGTAT,0.912191044298929,0.9054382204527492,0.8947267419011209,0.8826356347045289
Hepatocyte_Chow_Animal1_Capture1_CGACCTTAGCGATGAC,1.05199156598257,1.0307583844889447,1.009425336595091,0.9911621165967112
Hepatocyte_Chow_Animal1_Capture1_CGAGAAGTCAGCACAT,1.05493263077848,1.0294220866179704,1.0030061988909706,0.9795113904698476
Hepatocyte_Chow_Animal1_Capture1_CGATCGGAGGCGACAT,1.04378240906981,1.013946253391402,0.984479074953358,0.9584958414670544
Hepatocyte_Chow_Animal1_Capture1_CGCCAAGAGATCTGCT,1.03330015711182,1.0128661626634805,0.990531805859629,0.969139498391127
Hepatocyte_Chow_Animal1_Capture1_CGGACTGAGACGCAAC,1.01207793478578,0.9877191359241788,0.962898165357539,0.9406854696474553
Hepatocyte_Chow_Animal1_Capture1_CGGAGCTCAGTAAGCG,0.99043327051593,0.969881975127152,0.9496407866202384,0.9325273462465092
Hepatocyte_Chow_Animal1_Capture1_CGGAGCTGTAAATGAC,0.914446068803019,0.9021125992968828,0.8881000391733693,0.8754352315417656
Hepatocyte_Chow_Animal1_Capture1_CGTGAGCTCGGATGGA,0.978923342106032,0.9522698384792702,0.9268410147138928,0.9053488105017284
Hepatocyte_Chow_Animal1_Capture1_CGTTGGGCAGTGACAG,1.04476385914047,1.0159306872448923,0.9874987429299004,0.9630215570226104
Hepatocyte_Chow_Animal1_Capture1_CTAACTTGTACAGCAG,0.962990442030761,0.9474731094407174,0.9297684410578936,0.9133966685238248
Hepatocyte_Chow_Animal1_Capture1_CTAACTTTCCTAAGTG,0.974240750796275,0.9623065438480076,0.9482967679558308,0.9347889058292956
Hepatocyte_Chow_Animal1_Capture1_CTACGTCAGACACGAC,0.983106384420072,0.9609312608110188,0.9390540448916166,0.9203058703604938
Hepatocyte_Chow_Animal1_Capture1_CTCGGAGCACCGTTGG,1.04454339150372,1.0184663517594967,0.9942871164560282,0.9750277014923934
Hepatocyte_Chow_Animal1_Capture1_CTCTAATTCGGAATCT,1.13930315476548,1.105756595259603,1.0729020211833378,1.04392985176412
Hepatocyte_Chow_Animal1_Capture1_CTCTACGGTCGCATAT,0.928646007097657,0.911742391655198,0.8935201061401062,0.87792914203257
Hepatocyte_Chow_Animal1_Capture1_CTGAAGTAGCTACCTA,1.03932873083474,1.0171292462643908,0.9931962831015836,0.9714069846679372
Hepatocyte_Chow_Animal1_Capture1_CTGCGGACATGTAAGA,1.03311908926669,1.0153171356880122,0.9940662856473232,0.972398281642512
Hepatocyte_Chow_Animal1_Capture1_CTGCTGTAGCGGCTTC,1.37725391888379,1.336506053414007,1.293413788908797,1.2526366246880012
Hepatocyte_Chow_Animal1_Capture1_CTGGTCTAGCTGAAAT,0.885832711111582,0.8701084176030865,0.8533086679228393,0.8381805353997117
Hepatocyte_Chow_Animal1_Capture1_CTGGTCTAGTACGCGA,1.03980408187295,1.0180548764159811,0.995532897711892,0.9755689141683408
Hepatocyte_Chow_Animal1_Capture1_CTTACCGCAGTTAACC,1.03616864953483,1.0185154373782024,0.9990933055613356,0.981001066741352
Hepatocyte_Chow_Animal1_Capture1_CTTCTCTCACTCAGGC,0.977869435958583,0.9671160630764456,0.9529632593402912,0.9379580374523792
Hepatocyte_Chow_Animal1_Capture1_GAACCTATCCTATTCA,0.991528139795045,0.9699514156695264,0.9472067813736712,0.9270969692117244
Hepatocyte_Chow_Animal1_Capture1_GATCAGTGTCATTAGC,0.966585018880709,0.9419653415577606,0.9176834461248656,0.8970578694872229
Hepatocyte_Chow_Animal1_Capture1_GATCGATTCCGTTGCT,1.05527959681857,1.0440803792397313,1.0288458767419928,1.0126761124758237
Hepatocyte_Chow_Animal1_Capture1_GATCGTAGTAAAGTCA,0.972457918516958,0.94647109815724,0.9216680179895084,0.9006655692381575
Hepatocyte_Chow_Animal1_Capture1_GATGCTAGTCTAGAGG,1.04861307627228,1.030634528868606,1.009898701970898,0.99034855435395
Hepatocyte_Chow_Animal1_Capture1_GCAATCATCCATGAGT,1.03352818685929,1.0093122680606814,0.9853604560120868,0.9648643418973184
Hepatocyte_Chow_Animal1_Capture1_GCATGATTCCGAAGAG,1.01858331005099,0.9918481963580014,0.965172725891761,0.9416785806300844
Hepatocyte_Chow_Animal1_Capture1_GCATGCGCAATCACAC,0.969977450635603,0.9516923047047734,0.932501371034521,0.9153581240304336
Hepatocyte_Chow_Animal1_Capture1_GCATGTATCGGCCGAT,0.972801631703439,0.9448029566777126,0.9172936749379612,0.8933969127825381
Hepatocyte_Chow_Animal1_Capture1_GCCAAATTCCGTCATC,0.984352502327695,0.9634501648666038,0.9421195454169622,0.9232865593257388
Hepatocyte_Chow_Animal1_Capture1_GCCTCTATCGGATGTT,1.02505997394229,1.0126430526449202,0.9963995751059442,0.9790980304556616
Hepatocyte_Chow_Animal1_Capture1_GCGAGAAAGGTGTGGT,1.04669851012207,1.027326547938374,1.0049813170201751,0.9832717516773866
Hepatocyte_Chow_Animal1_Capture1_GCGCAGTCACCTTGTC,1.03777218293453,1.0107752413609634,0.9831227781577228,0.958514729084448
Hepatocyte_Chow_Animal1_Capture1_GCTCTGTAGAAGGACA,1.03223871995405,1.0158803362680924,0.9984468310202064,0.982573450462702
Hepatocyte_Chow_Animal1_Capture1_GCTGCAGGTAGCTAAA,1.04580797278684,1.0219810042668798,0.9973346355820114,0.9758417579872084
Hepatocyte_Chow_Animal1_Capture1_GCTTCCATCCGTACAA,0.981470713515945,0.9599755746007091,0.939312986891842,0.9221243991115832
Hepatocyte_Chow_Animal1_Capture1_GGAACTTCACATTTCT,0.950078649113339,0.9317891466673558,0.9133877766670075,0.8981579838142251
Hepatocyte_Chow_Animal1_Capture1_GGACAAGCATTGGGCC,0.978351986417852,0.9533425706128972,0.92879497792598,0.9076854784935876
Hepatocyte_Chow_Animal1_Capture1_GGACAGAGTGTGCGTC,0.978285167194238,0.9620030850816232,0.9432332091649164,0.9255715973316356
Hepatocyte_Chow_Animal1_Capture1_GGACGTCGTCTTCGTC,1.03974454912713,1.0129098298153492,0.9852176783421932,0.9601451483063208
Hepatocyte_Chow_Animal1_Capture1_GGCCGATAGCCCAGCT,0.850687852264342,0.8366475288895217,0.8217468532396058,0.8087655096449307
Hepatocyte_Chow_Animal1_Capture1_GGCTCGATCATGCATG,1.03286495112579,1.006118205693704,0.9787572135026952,0.9547577157931076
Hepatocyte_Chow_Animal1_Capture1_GGCTGGTGTACAGTTC,0.992560015200475,0.9664472857713406,0.941608579803243,0.9209612855068614
Hepatocyte_Chow_Animal1_Capture1_GGGCACTCACTCGACG,1.05088734720671,1.0208316396289232,0.9910614631633547,0.964943433696
Hepatocyte_Chow_Animal1_Capture1_GGGTTGCCAGACGCTC,1.04443624215434,1.022101570468767,0.9987653613618316,0.9775148889947356
Hepatocyte_Chow_Animal1_Capture1_GGGTTGCTCTCGCTTG,1.0239348688254,1.0096089092255447,0.9919175080902488,0.9738552741378464
Hepatocyte_Chow_Animal1_Capture1_GGTGCGTCAATTGCTG,0.96602603662024,0.945900337095568,0.926638145810614,0.911411471934457
Hepatocyte_Chow_Animal1_Capture1_GTACTCCCAATACGCT,1.0019218345725,0.9821702275139944,0.9622786740734668,0.9453531200157774
Hepatocyte_Chow_Animal1_Capture1_GTCGGGTAGACCCACC,0.934509014851592,0.9173017791113104,0.8978168758273747,0.8802915142168198
Hepatocyte_Chow_Animal1_Capture1_GTGAAGGGTCTAGTCA,0.971543717032673,0.9551739912987344,0.9370836234289454,0.920565039296792
Hepatocyte_Chow_Animal1_Capture1_GTGAAGGGTTCAGTAC,1.03717790562668,1.025426002514756,1.0108024916278016,0.996394440691262
Hepatocyte_Chow_Animal1_Capture1_GTGAAGGTCTGCGACG,1.02980652818901,1.0060750901367697,0.9813153224499296,0.9586029697159396
Hepatocyte_Chow_Animal1_Capture1_GTGGGTCAGTTCCACA,1.14054610684887,1.1068942950655414,1.0741949205718329,1.045699768048519
Hepatocyte_Chow_Animal1_Capture1_GTTTCTAAGCCAGTAG,0.965259614629605,0.9418112520738208,0.9188473630676682,0.899356978137197
Hepatocyte_Chow_Animal1_Capture1_TAAACCGGTCCAACTA,0.91298093349523,0.895435133714913,0.8773324132671377,0.8618264276529544
Hepatocyte_Chow_Animal1_Capture1_TAAGTGCGTAGAGGAA,1.05049328308696,1.0227034983790384,0.9966027249898154,0.975017170522666
Hepatocyte_Chow_Animal1_Capture1_TAAGTGCTCTTGTCAT,1.0259937118504,1.0112100234100545,0.9937097073009632,0.9764758823394069
Hepatocyte_Chow_Animal1_Capture1_TACACGAAGTGAACGC,1.04818790378704,1.0271048721315912,1.0044978640061402,0.9840110583460326
Hepatocyte_Chow_Animal1_Capture1_TACAGTGTCCAACCAA,0.974748883631457,0.95262624367886,0.9299606795073052,0.909888018647676
Hepatocyte_Chow_Animal1_Capture1_TACTTGTTCTGCGGCA,0.9654551456092,0.9534441806035022,0.9384523342861042,0.923633322186715
Hepatocyte_Chow_Animal1_Capture1_TAGAGCTAGGAGTCTG,1.12077617490427,1.0889558862642743,1.057408768787693,1.029105004505016
Hepatocyte_Chow_Animal1_Capture1_TAGTTGGAGAGTACCG,1.04289691026145,1.021987629223838,0.9991715169469926,0.9780164067080812
Hepatocyte_Chow_Animal1_Capture1_TATCTCACATCCTAGA,0.919115716760541,0.8978923852450926,0.8775512912296145,0.8609146758763524
Hepatocyte_Chow_Animal1_Capture1_TATCTCATCTAACTGG,0.964848832948193,0.9431046267743222,0.9213561135049008,0.9026030330890064
Hepatocyte_Chow_Animal1_Capture1_TCAACGATCGTGGTCG,1.04470104317689,1.016410975291127,0.9889527769934512,0.9652851960572288
Hepatocyte_Chow_Animal1_Capture1_TCACGAACACATTTCT,1.05265955790212,1.0250234817848702,0.9980042439426636,0.9749097458569544
Hepatocyte_Chow_Animal1_Capture1_TCAGGATGTCACACGC,0.888279862411492,0.8761137953042181,0.8627389570354935,0.8509022645274714
Hepatocyte_Chow_Animal1_Capture1_TCATTACCAAGTTCTG,1.04572912264141,1.016154606044171,0.988088415247932,0.9642495624618456
Hepatocyte_Chow_Animal1_Capture1_TCGCGAGAGACACGAC,0.995484078368282,0.9796911875401616,0.9620506561498872,0.9455221934994268
Hepatocyte_Chow_Animal1_Capture1_TCGCGTTAGGGCTCTC,0.981166099792077,0.9708090100189692,0.958519108947626,0.9479965251303916
Hepatocyte_Chow_Animal1_Capture1_TCGCGTTCACCTGGTG,1.04827322691917,1.0202009107191756,0.993701224537201,0.9713038793560924
Hepatocyte_Chow_Animal1_Capture1_TCGCGTTTCCTTTACA,0.949416019382243,0.9299414288582252,0.9105237960855226,0.8942083043090613
Hepatocyte_Chow_Animal1_Capture1_TCGCGTTTCGCGTTTC,0.952197729561978,0.933033457795479,0.9134081782132152,0.8963142638441763
Hepatocyte_Chow_Animal1_Capture1_TCGGGACAGTGGCACA,1.04393362018255,1.0151421715627014,0.9848447855033928,0.9562411962206032
Hepatocyte_Chow_Animal1_Capture1_TGACAACAGCAGCGTA,1.0442821224008,1.022008231458995,0.997991619144491,0.9748663632078076
Hepatocyte_Chow_Animal1_Capture1_TGACTTTCAGTATAAG,1.04989973295982,1.0225618162916328,0.9959128771481502,0.9730281496282293
Hepatocyte_Chow_Animal1_Capture1_TGAGCCGGTTCATGGT,0.928509073768522,0.911787146034454,0.8947267388609196,0.8800795944420906
Hepatocyte_Chow_Animal1_Capture1_TGCACCTAGTGGGCTA,1.03809093746846,1.01344861714749,0.9867557647058892,0.961438333393386
Hepatocyte_Chow_Animal1_Capture1_TGCCCTATCTTAGAGC,1.03301488556586,1.0028125064102118,0.9724897328353992,0.944590145892842
Hepatocyte_Chow_Animal1_Capture1_TGCGTGGGTAAATGAC,1.01409167201019,0.990001371384888,0.965187065050238,0.9428571957091972
Hepatocyte_Chow_Animal1_Capture1_TGCTACCGTCTAAAGA,1.03910133093287,1.0217303805686526,1.0014793414533678,0.982019264290026
Hepatocyte_Chow_Animal1_Capture1_TGCTGCTCAAGCGTAG,0.979791676964389,0.9556390843199504,0.9324201128306724,0.9129317471668582
Hepatocyte_Chow_Animal1_Capture1_TGGACGCTCAGTGTTG,1.0560417519231,1.0292454035682108,1.0013773239336874,0.9765295465165064
Hepatocyte_Chow_Animal1_Capture1_TGTATTCTCCTCAATT,1.03933114946892,1.0195160418518927,0.9967670604445362,0.9747943411774076
Hepatocyte_Chow_Animal1_Capture1_TGTGGTAGTCGCTTTC,1.13100957993075,1.101924387324559,1.0730277429492905,1.047866939775471
Hepatocyte_Chow_Animal1_Capture1_TGTGTTTCACGAAAGC,0.977902810756745,0.9582136828003422,0.9381491622616712,0.920879660562189
Hepatocyte_Chow_Animal1_Capture1_TGTTCCGAGTGTACCT,1.04188858723316,1.0166338445150027,0.9913707832353869,0.9687089159862788
Hepatocyte_Chow_Animal1_Capture1_TTATGCTCAGCGTAAG,0.948198883507397,0.9293053498148628,0.9089050626482744,0.8906173082305584
Hepatocyte_Chow_Animal1_Capture1_TTCGGTCTCGCGTTTC,0.967108337946612,0.9394202541943786,0.9124438433437088,0.8891311641609884
Hepatocyte_Chow_Animal1_Capture1_TTCTACATCGCCATAA,0.977837655070735,0.9542824636523418,0.9315579756262544,0.9125209048574896
Hepatocyte_Chow_Animal1_Capture1_TTCTCCTCATCCGGGT,1.03456637507418,1.016334897728489,0.995439622444132,0.9750892473521884
Hepatocyte_Chow_Animal1_Capture1_TTCTCCTGTACACCGC,0.975429318279644,0.956182130520674,0.9364389295453244,0.9193307502031725
Hepatocyte_Chow_Animal3_Capture1_ATGCGATTCAGGATCT,0.959669723606325,0.9429846936223816,0.9265830965144088,0.9136501665704132
Hepatocyte_Chow_Animal1_Capture1_AAAGCAACAATGACCT,1.02350745768783,1.0020298438488016,0.980934499355521,0.9629470437756964
Hepatocyte_Chow_Animal1_Capture1_AAAGTAGCACAGACTT,0.947017685772109,0.9310669045066158,0.9150208091415262,0.9015557479586253
Hepatocyte_Chow_Animal1_Capture1_AACCATGCACACCGCA,0.947787804314622,0.9291175726139128,0.9105111737095009,0.8949102054088734
Hepatocyte_Chow_Animal1_Capture1_AACGTTGCAGCTGCAC,1.04806388672832,1.0218024323124797,0.996977563829262,0.9762166463619296
Hepatocyte_Chow_Animal1_Capture1_AACTCAGAGGTGATAT,1.04779818683034,1.028641402044317,1.0076082855441342,0.9882332230954696
Hepatocyte_Chow_Animal1_Capture1_AACTCAGTCCTTAATC,0.973052179310524,0.9551836599514844,0.9379670181210924,0.9240168759563177
Hepatocyte_Chow_Animal1_Capture1_AACTCCCAGTCCATAC,0.916941154151559,0.914876387565902,0.9078730939868545,0.8988661514018108
Hepatocyte_Chow_Animal1_Capture1_AACTGGTGTAGCGATG,1.03372477428985,1.0111063495311627,0.9884260346447508,0.9688777193492534
Hepatocyte_Chow_Animal1_Capture1_AACTTTCCATAGGATA,0.916497896045064,0.9039856047817004,0.8915379340836522,0.8818062347081476
Hepatocyte_Chow_Animal1_Capture1_AACTTTCTCTTATCTG,1.02353235068332,1.0064607807695016,0.987234678296244,0.9690559507355948
Hepatocyte_Chow_Animal1_Capture1_AAGACCTCACTTGGAT,0.98190533277812,0.9561894139796774,0.9308997540201496,0.9090572372099502
Hepatocyte_Chow_Animal1_Capture1_AAGGCAGCAGCATGAG,1.03020042323151,1.0013030156420724,0.9730989376075247,0.948335279003984
Hepatocyte_Chow_Animal1_Capture1_AAGGTTCTCATCGATG,1.0427404072478,1.0185260133073932,0.9944787911761248,0.9737164482528344
Hepatocyte_Chow_Animal1_Capture1_AAGTCTGCAGGATCGA,1.04468971453199,1.0234385013549578,1.0026217548973269,0.98506912400136
Hepatocyte_Chow_Animal1_Capture1_ACATGGTAGGAGCGTT,1.05195860143935,1.026948678535356,1.00328675568391,0.98362013197406
Hepatocyte_Chow_Animal1_Capture1_ACCCACTTCCACGTTC,1.04529485083949,1.0258534943155413,1.0044568917233765,0.98439171518845
Hepatocyte_Chow_Animal1_Capture1_ACGAGCCGTTGGTGGA,1.03657984175183,1.010145799700063,0.9847741173348388,0.9631913808100924
Hepatocyte_Chow_Animal1_Capture1_ACGAGGATCTGCTGCT,1.03509031581872,1.015344548538236,0.994298459364117,0.9745908435096724
Hepatocyte_Chow_Animal1_Capture1_ACGATACAGATAGCAT,1.0399089060413,1.0160377164347782,0.9907179036507372,0.9675561328541864
Hepatocyte_Chow_Animal1_Capture1_ACGCAGCCATTCGACA,1.01967388739297,0.9974504276754363,0.9747949327271088,0.9551422162338576
Hepatocyte_Chow_Animal1_Capture1_ACGCCAGAGAAGAAGC,1.03538165896535,1.0185992040377876,1.0017379814491465,0.9876659086982724
Hepatocyte_Chow_Animal1_Capture1_ACGCCGAGTACACCGC,0.975040599804043,0.9518860273081008,0.9299554949318136,0.9117694711332884
Hepatocyte_Chow_Animal1_Capture1_ACGGCCAGTCTTTCAT,0.878938169719111,0.8687396419560784,0.8571772033459705,0.8469757597751392
Hepatocyte_Chow_Animal1_Capture1_ACGGGCTTCTTAGAGC,1.04718922165806,1.0267845214997156,1.0051598771026606,0.985481052100276
Hepatocyte_Chow_Animal1_Capture1_ACGGGTCTCTAACTGG,1.03400302727779,1.0175649915886098,0.9985209455243172,0.9804374405894648
Hepatocyte_Chow_Animal1_Capture1_ACGTCAAGTGCGCTTG,1.05421400298393,1.0285512777326589,1.0036323085650187,0.9825847999702276
Hepatocyte_Chow_Animal1_Capture1_ACTATCTAGGTGGGTT,1.04179316619279,1.0212211062604504,0.9990573557110034,0.9789812157913388
Hepatocyte_Chow_Animal1_Capture1_ACTGAGTAGCTACCTA,0.935825724017664,0.9360251482814732,0.9317114976240048,0.9253037690212532
Hepatocyte_Chow_Animal1_Capture1_ACTGATGGTATGCTTG,1.00489692852502,0.9928048573527868,0.9802351252722414,0.9701881628772724
Hepatocyte_Chow_Animal1_Capture1_ACTGCTCAGCTTTGGT,1.03973128050707,1.019458233273017,0.9983209816068864,0.9795317092821793
Hepatocyte_Chow_Animal1_Capture1_ACTGCTCTCAGCAACT,1.03760829808928,1.0171815397759862,0.9952184877843592,0.9747229292622012
Hepatocyte_Chow_Animal1_Capture1_ACTTACTAGCTTATCG,1.02957108599736,1.0073169659028245,0.9835835015434684,0.9618455115130498
Hepatocyte_Chow_Animal1_Capture1_ACTTGTTAGATGGCGT,0.956253472611949,0.937645903476318,0.918158066012826,0.9006390720236531
Hepatocyte_Chow_Animal1_Capture1_ACTTTCAAGGGATGGG,1.11823035806776,1.091801524573103,1.0662919959533763,1.0447142266052238
Hepatocyte_Chow_Animal1_Capture1_AGACGTTGTAGCTGCC,1.04362519564102,1.0224436753428428,1.0012149760868676,0.9831859245993216
Hepatocyte_Chow_Animal1_Capture1_AGACGTTGTGCCTGTG,0.960416588375027,0.9388619423527396,0.9180221158345838,0.9004894582578661
Hepatocyte_Chow_Animal1_Capture1_AGATCTGCATTATCTC,1.00138448910652,0.9846112656235172,0.9665909246449488,0.9506097369042882
Hepatocyte_Chow_Animal1_Capture1_AGATTGCAGTGCGATG,1.03874432730008,1.0228699262898266,1.0057116252574962,0.990093954297392
Hepatocyte_Chow_Animal1_Capture1_AGATTGCTCGGTCCGA,0.945225756112437,0.9220165054184186,0.8997682052603435,0.8809567362469347
Hepatocyte_Chow_Animal1_Capture1_AGCATACTCAAACCAC,1.03711011282169,1.018111916424557,0.999448587653856,0.98393543964447
Hepatocyte_Chow_Animal1_Capture1_AGCCTAAGTCCGTTAA,1.13218004508394,1.0991808042037876,1.066020833438443,1.0363846494188085
Hepatocyte_Chow_Animal1_Capture1_AGCTCTCAGTTAAGTG,1.04588332213484,1.02052777770569,0.9955067724962776,0.9739551575526192
Hepatocyte_Chow_Animal1_Capture1_AGCTCTCTCAGTGCAT,1.03386653375887,1.0179762542841022,1.0010927500591893,0.9862711625223186
Hepatocyte_Chow_Animal1_Capture1_AGGGAGTGTGCACGAA,1.04865393326107,1.0268800455445628,1.0061342173353964,0.9891317527334634
Hepatocyte_Chow_Animal1_Capture1_AGGGATGTCATTCACT,1.04600220136887,1.015255808290306,0.9858859694260608,0.9607516895735606
Hepatocyte_Chow_Animal1_Capture1_AGGGTGACAAGGCTCC,1.04289956561741,1.025285189321925,1.004654784241288,0.984449348519825
Hepatocyte_Chow_Animal1_Capture1_AGGTCATGTCAGTGGA,0.975170751488429,0.9605935343383334,0.9441622548243108,0.9293851981783466
Hepatocyte_Chow_Animal1_Capture1_AGGTCATGTCCATCCT,1.03464796156438,1.015958269574726,0.9954492909610648,0.9772535846447752
Hepatocyte_Chow_Animal1_Capture1_AGGTCCGCAGCTGTAT,1.04271889356919,1.022153192296311,0.9991691573939409,0.9769767014954218
Hepatocyte_Chow_Animal1_Capture1_AGTGAGGAGTGAACGC,1.03746438778274,1.018270020615194,0.9993170374830588,0.983607333481758
Hepatocyte_Chow_Animal1_Capture1_AGTGGGACAGCATGAG,0.980340400517178,0.9618747400575272,0.943808409458063,0.928951811326644
Hepatocyte_Chow_Animal1_Capture1_AGTGTCATCTTGAGGT,0.872888650615466,0.8617016560158797,0.8493104860461957,0.8387696785034199
Hepatocyte_Chow_Animal1_Capture1_ATAACGCAGGCAAAGA,1.05197269580959,1.0358914555122556,1.01887821511903,1.003978890204786
Hepatocyte_Chow_Animal1_Capture1_ATAAGAGCATCGGAAG,1.03167259653658,1.0132152727981705,0.9930538795142716,0.9738730352287718
Hepatocyte_Chow_Animal1_Capture1_ATAGACCTCAGAGACG,1.03897037687979,1.0213573541374226,1.000650006426851,0.9809575330096174
Hepatocyte_Chow_Animal1_Capture1_ATCATCTCATGGGACA,0.989569104336375,0.9662727966885613,0.9434737624725388,0.9239773572219973
Hepatocyte_Chow_Animal1_Capture1_ATCGAGTAGTACGTTC,0.916401661377809,0.9018752804953464,0.8867427316936689,0.8737947874056389
Hepatocyte_Chow_Animal1_Capture1_ATCTACTAGCATCATC,0.873883534143566,0.8558791339681481,0.8385579954824572,0.824279442855926
Hepatocyte_Chow_Animal1_Capture1_ATCTACTCAAACTGTC,1.05111531553155,1.0244700374412743,0.9986029989501736,0.976486228598426
Hepatocyte_Chow_Animal1_Capture1_ATCTGCCTCTCACATT,1.03394081281529,1.0094463857271148,0.985415495479617,0.9647731459118186
Hepatocyte_Chow_Animal1_Capture1_ATGCGATGTCGGGTCT,1.05301543468211,1.032327839444752,1.0108506413631706,0.991795066855918
Hepatocyte_Chow_Animal1_Capture1_ATGCGATGTTGGAGGT,1.04203340249164,1.0163955409141758,0.9915408676056408,0.970500742486258
Hepatocyte_Chow_Animal1_Capture1_ATGCGATTCACCTCGT,1.02606850553269,1.0099840947370613,0.9928942795753076,0.9774967896453286
Hepatocyte_Chow_Animal1_Capture1_ATGTGTGGTCCGCTGA,1.03013361303891,1.0099457098689806,0.987737306556711,0.9660781141473688
Hepatocyte_Chow_Animal1_Capture1_ATTCTACGTCTTGATG,1.03708922831979,1.0136965019206858,0.9903319794458076,0.9700576783399804
Hepatocyte_Chow_Animal1_Capture1_ATTGGACAGCGTGAGT,0.929701386385728,0.9182941802228808,0.9052870137705572,0.8934001347704683
Hepatocyte_Chow_Animal1_Capture1_ATTTCTGGTCCGTTAA,1.04537244085034,1.019368326814288,0.9941742398371934,0.9725855270671878
Hepatocyte_Chow_Animal1_Capture1_CAACCAAAGAATCTCC,1.04466571487733,1.023895637545716,1.0017133046665505,0.9815882199548492
Hepatocyte_Chow_Animal1_Capture1_CAACCAACATATACCG,1.03840801757678,1.0178266391131507,0.9979476030663584,0.9815842178861536
Hepatocyte_Chow_Animal1_Capture1_CAACCAACATGTCCTC,1.04315674765796,1.0165098326233044,0.9902417607005712,0.967330234044431
Hepatocyte_Chow_Animal1_Capture1_CAACCAATCAGCTCTC,1.04295962014333,1.0206573031633257,0.9983666803726878,0.9791339160578724
Hepatocyte_Chow_Animal1_Capture1_CAACCTCGTGGTTTCA,0.966743074051482,0.9447724945902908,0.9224753476303196,0.9027540953914698
Hepatocyte_Chow_Animal1_Capture1_CAACCTCTCGCTTGTC,1.04366435654056,1.0225364966581794,1.0026067309768727,0.9865280071090048
Hepatocyte_Chow_Animal1_Capture1_CAAGATCAGCTCCTTC,1.04483536287158,1.0216740449692092,0.9990735448022248,0.9800014999197956
Hepatocyte_Chow_Animal1_Capture1_CACACAACAAACCTAC,1.03197397715695,1.0029474253145545,0.9760220117002166,0.9536168981885972
Hepatocyte_Chow_Animal1_Capture1_CACACAAGTTACGCGC,0.983114358457937,0.9613119949015134,0.9402687230741426,0.9225572312500632
Hepatocyte_Chow_Animal1_Capture1_CACACCTAGACTAAGT,1.03730025694483,1.0167009584219424,0.9933560959137336,0.9707989560964184
Hepatocyte_Chow_Animal1_Capture1_CACAGGCGTAGCTCCG,1.02979629649435,1.0013995047114956,0.973919604669685,0.9503844499519126
Hepatocyte_Chow_Animal1_Capture1_CACATAGGTGGGTATG,1.1191938803128,1.094878334512478,1.068929262293966,1.045483302636855
Hepatocyte_Chow_Animal1_Capture1_CACCACTAGACAAAGG,1.11385326330296,1.0874717668565557,1.0610923207552456,1.0380114600786214
Hepatocyte_Chow_Animal1_Capture1_CACCTTGGTTGCCTCT,1.03186710583227,1.009253487937256,0.9875052960152176,0.9694242557283436
Hepatocyte_Chow_Animal1_Capture1_CAGAATCCACCTGGTG,0.966573074755385,0.958682788779106,0.9481617833751956,0.9382438237586695
Hepatocyte_Chow_Animal1_Capture1_CAGCGACTCGGCATCG,1.06541302114024,1.0385762661033555,1.0132016945492448,0.9920358920970184
Hepatocyte_Chow_Animal1_Capture1_CAGTAACAGGTGCTAG,0.995889922735476,0.9729563020212958,0.9501405260418492,0.9305404598306288
Hepatocyte_Chow_Animal1_Capture1_CAGTCCTTCCAAACTG,1.02975954513039,1.0082854681401394,0.9857805489347492,0.9654098506235732
Hepatocyte_Chow_Animal1_Capture1_CATCAAGAGCTGAACG,1.04703143034377,1.019440955801345,0.9927411446101724,0.9699149441739148
Hepatocyte_Chow_Animal1_Capture1_CATCGAAAGTTACGGG,1.04880958339162,1.0277737043377906,1.0054113644072835,0.9851941117711264
Hepatocyte_Chow_Animal1_Capture1_CATCGGGCAGATCGGA,1.04229241201601,1.012354339152799,0.9843317827034984,0.9607538044270036
Hepatocyte_Chow_Animal1_Capture1_CATGGCGCAGTATCTG,0.978330436292074,0.957390021252926,0.9367203056989416,0.9191077011228652
Hepatocyte_Chow_Animal1_Capture1_CCACGGAGTTATGTGC,1.04012707715571,1.0145269285739962,0.9895012349746792,0.9676367315871786
Hepatocyte_Chow_Animal1_Capture1_CCATTCGTCCATGAAC,0.93921541600347,0.9229664805808864,0.906129520257082,0.8918580872531855
Hepatocyte_Chow_Animal1_Capture1_CCGTACTCACCAGATT,1.03908435494954,1.0110294577502263,0.983538187310798,0.9596191692000728
Hepatocyte_Chow_Animal1_Capture1_CCTAGCTCACCGTTGG,0.961550481149585,0.9390827138927962,0.9178760334077836,0.9003465319334051
Hepatocyte_Chow_Animal1_Capture1_CCTCAGTAGGATTCGG,0.930838706421563,0.9174520877122888,0.9033974746401996,0.8912682530316388
Hepatocyte_Chow_Animal1_Capture1_CCTCAGTCATACAGCT,0.954032163244465,0.9419028209214058,0.9290613627940748,0.9185370607924992
Hepatocyte_Chow_Animal1_Capture1_CCTTTCTGTACAGTGG,0.94188507893562,0.9301289576266308,0.9169076886407028,0.9051649817432847
Hepatocyte_Chow_Animal1_Capture1_CGAACATCACGGCGTT,1.05541419291943,1.0368503116150465,1.0181008310492137,1.0022402521889338
Hepatocyte_Chow_Animal1_Capture1_CGAATGTAGCACAGGT,0.973562343970451,0.952062707818761,0.9311856152027612,0.9138043702646308
Hepatocyte_Chow_Animal1_Capture1_CGAATGTTCCTGCTTG,1.04481140890562,1.0242017783876851,1.0034355355245927,0.9857322929364932
Hepatocyte_Chow_Animal1_Capture1_CGACTTCAGAGGTAGA,1.04241482119699,1.020079632656729,0.9965885492636634,0.9754787578388244
Hepatocyte_Chow_Animal1_Capture1_CGAGCCACACCGAATT,0.874698096873384,0.8616900078856427,0.8480853647594627,0.836461027183311
Hepatocyte_Chow_Animal1_Capture1_CGATTGAAGGATTCGG,1.03980226199013,1.016096162038587,0.9921730145319954,0.9712130259457116
Hepatocyte_Chow_Animal1_Capture1_CGATTGATCAGGCGAA,1.04709457827993,1.0245021908053351,1.001423026740124,0.9813831997536936
Hepatocyte_Chow_Animal1_Capture1_CGCGGTACATCGGTTA,1.04507088667029,1.0190706653801411,0.9943825358351122,0.9737382142422668
Hepatocyte_Chow_Animal1_Capture1_CGCTTCAGTGTTTGTG,1.0436116717467,1.022017554954206,1.000272405961396,0.9814553889467929
Hepatocyte_Chow_Animal1_Capture1_CGGACGTCACCACGTG,1.05991972138565,1.036038910014197,1.0129024242377864,0.9933556716273232
Hepatocyte_Chow_Animal1_Capture1_CGGACGTGTTGTTTGG,1.04767215984813,1.027649160395749,1.007646774978628,0.9908974374927664
Hepatocyte_Chow_Animal1_Capture1_CGGAGCTCAGGATTGG,1.04539384659383,1.0212990225549248,0.9981541724634322,0.9787931705890937
Hepatocyte_Chow_Animal1_Capture1_CGGAGCTCATAACCTG,1.05192167133383,1.0372702959335516,1.019701479646653,1.0024401631225606
Hepatocyte_Chow_Animal1_Capture1_CGGCTAGTCTATCCTA,0.968141091115416,0.949211875794079,0.9299680077266624,0.913178866358796
Hepatocyte_Chow_Animal1_Capture1_CGGTTAACACCAGCAC,1.03531401107448,1.0084314828028416,0.9821835260700996,0.9594311733606126
Hepatocyte_Chow_Animal1_Capture1_CGGTTAATCAACGGGA,0.988830831980459,0.9664060353595232,0.9448718289322832,0.9269102210185184
Hepatocyte_Chow_Animal1_Capture1_CGGTTAATCCGCATAA,0.980214792589524,0.9605901122857592,0.9411127876962112,0.9246754586678656
Hepatocyte_Chow_Animal1_Capture1_CGGTTAATCTAAGCCA,0.988680400861998,0.9648053649696589,0.9417310428073952,0.922317228105426
Hepatocyte_Chow_Animal1_Capture1_CGTAGCGTCTGGGCCA,1.03729324449742,1.016761284673661,0.9959868112671582,0.9780800563679728
Hepatocyte_Chow_Animal1_Capture1_CGTCCATTCCGAAGAG,0.882026047085909,0.8688078713593544,0.8547555582380119,0.8427222983741262
Hepatocyte_Chow_Animal1_Capture1_CGTCTACAGGCATGGT,1.03057914991678,1.009075150513639,0.986305100202326,0.9658952995837056
Hepatocyte_Chow_Animal1_Capture1_CGTCTACTCTGATACG,1.04745674281929,1.0373504495858772,1.0264646818417646,1.0179360316615085
Hepatocyte_Chow_Animal1_Capture1_CGTGTAAGTAAATGAC,0.970011763977967,0.9526961009592392,0.935566737326846,0.9213399271842144
Hepatocyte_Chow_Animal1_Capture1_CGTGTCTCAATAACGA,0.973885411717231,0.95435661219925,0.934746111871362,0.917956527187854
Hepatocyte_Chow_Animal1_Capture1_CGTGTCTGTCGTCTTC,0.983566172537849,0.9680820374994134,0.9511243734394867,0.9357937404734802
Hepatocyte_Chow_Animal1_Capture1_CGTTCTGTCTTACCTA,1.05365993314706,1.0297671042201757,1.0060890412008785,0.98555298924116
Hepatocyte_Chow_Animal1_Capture1_CTAACTTTCAGCAACT,1.11748850581333,1.0947761524869153,1.0717991156724622,1.05157733646664
Hepatocyte_Chow_Animal1_Capture1_CTAATGGTCCGTCATC,1.0436247820703,1.0261974283993025,1.0063589156112376,0.9875319464138512
Hepatocyte_Chow_Animal1_Capture1_CTACACCAGGCCATAG,0.971867524117648,0.952675937883815,0.9335212968002534,0.9173622302502636
Hepatocyte_Chow_Animal1_Capture1_CTACCCACAGACAAAT,1.04671140764128,1.025242257198864,1.0024190316699666,0.981507874917306
Hepatocyte_Chow_Animal1_Capture1_CTCATTACACCAGGCT,1.05592591529233,1.0281047461246564,1.001758681943099,0.9795564190889762
Hepatocyte_Chow_Animal1_Capture1_CTCCTAGCAACGCACC,1.0438295393805,1.0201612774504225,0.9966211319712784,0.9762041871079532
Hepatocyte_Chow_Animal1_Capture1_CTCCTAGGTGCACGAA,1.03755199779902,1.0116214015518237,0.9868001665222998,0.965793825959928
Hepatocyte_Chow_Animal1_Capture1_CTCGAGGTCCTCATTA,0.984030773859422,0.963715711280374,0.9439709769286964,0.927591494244095
Hepatocyte_Chow_Animal1_Capture1_CTCGTACAGTCAATAG,1.04260276781231,1.0250104432785874,1.0055636712680622,0.9875034222059684
Hepatocyte_Chow_Animal1_Capture1_CTCTAATGTAAGGGAA,0.897177455057379,0.8863146668560489,0.8737291305365646,0.8626837858628792
Hepatocyte_Chow_Animal1_Capture1_CTCTACGAGTAGTGCG,1.040546761861,1.016519877705402,0.9934998463037296,0.9742568542108015
Hepatocyte_Chow_Animal1_Capture1_CTCTACGCAAGTCTAC,1.05890377505283,1.0310252583384276,1.0045713055401189,0.9822426603206266
Hepatocyte_Chow_Animal1_Capture1_CTCTACGCACGAGGTA,1.05093390085061,1.031923323670488,1.0133268627599066,0.9980551321296128
Hepatocyte_Chow_Animal1_Capture1_CTGAAACGTACGCTGC,0.979969866142277,0.9544134619299992,0.9294937949270304,0.9078113959248896
Hepatocyte_Chow_Animal1_Capture1_CTGAAGTTCCATGAAC,0.98939865602376,0.969678608789152,0.9503872067212822,0.9342027539286454
Hepatocyte_Chow_Animal1_Capture1_CTGATAGCAGTTAACC,1.03996654786331,1.0152088117706686,0.9907038846633404,0.9696299627609436
Hepatocyte_Chow_Animal1_Capture1_CTGATCCCAGCAGTTT,0.981095832401137,0.9662937829394872,0.9502639825433762,0.936524469165352
Hepatocyte_Chow_Animal1_Capture1_CTGCGGACACCACCAG,0.953168897438454,0.9410972489230878,0.9274689044086212,0.9148050358699008
Hepatocyte_Chow_Animal1_Capture1_CTGCGGATCTGTCCGT,0.975992948359394,0.9573180343385664,0.9392682322269384,0.924413521506074
Hepatocyte_Chow_Animal1_Capture1_CTGGTCTTCTGCTTGC,1.041705577768,1.0197521031647112,0.997838276934086,0.9791145949712672
Hepatocyte_Chow_Animal1_Capture1_CTGTTTATCTTGACGA,0.987874012733628,0.9679435644629732,0.948777298293957,0.9330058883872896
Hepatocyte_Chow_Animal1_Capture1_GAAATGATCTCAAGTG,1.03690512174772,1.020917127761812,1.0034329446147514,0.9877316107045332
Hepatocyte_Chow_Animal1_Capture1_GAACATCTCCAAAGTC,1.03382128323203,1.015174056279723,0.9947605887757264,0.975334698775088
Hepatocyte_Chow_Animal1_Capture1_GACACGCCAAGTTGTC,1.04077759733041,1.0122459746411503,0.9846961433650738,0.9610058364669052
Hepatocyte_Chow_Animal1_Capture1_GACACGCCAGCTGCAC,1.03783652250218,1.017388242906034,0.997684109994116,0.9814762824226608
Hepatocyte_Chow_Animal1_Capture1_GACACGCTCTGTTGAG,1.04239952119176,1.0205836465236364,0.998052401363868,0.9779892430552738
Hepatocyte_Chow_Animal1_Capture1_GACAGAGAGTAGATGT,1.03056119203149,1.0054184790854912,0.9792697591722224,0.9552480432711676
Hepatocyte_Chow_Animal1_Capture1_GACGCGTGTAACGCGA,1.0491918693333,1.025225491878839,1.0006715639965873,0.9788071835830856
Hepatocyte_Chow_Animal1_Capture1_GACTACACACTAAGTC,0.993004245318042,0.9684797428037752,0.945088683001376,0.9254993977203354
Hepatocyte_Chow_Animal1_Capture1_GAGCAGATCCAATGGT,1.03375018995324,1.0117675884253063,0.9904547830792264,0.9725177171869712
Hepatocyte_Chow_Animal1_Capture1_GAGGTGAGTCAGCTAT,0.957717930628096,0.9432084560200684,0.9280676312904028,0.9153390232915108
Hepatocyte_Chow_Animal1_Capture1_GAGTCCGCATTGGGCC,1.04931466571426,1.0280408857107923,1.0069143290125604,0.9890113106575776
Hepatocyte_Chow_Animal1_Capture1_GATCTAGGTCAATACC,1.04962966038707,1.0299671852755312,1.010321700712636,0.9936463230240156
Hepatocyte_Chow_Animal1_Capture1_GATCTAGTCTTGGGTA,0.988259652360632,0.9722688795352518,0.9565041065553757,0.9436564199796644
Hepatocyte_Chow_Animal1_Capture1_GATGAAATCTCTTATG,0.968405695388591,0.9471677939481226,0.926554962740582,0.9092650142180344
Hepatocyte_Chow_Animal1_Capture1_GATGAGGAGGCGACAT,1.00138364382213,0.986644312242112,0.9721895896089864,0.9607184570506776
Hepatocyte_Chow_Animal1_Capture1_GATGAGGTCACAGGCC,0.976597643223101,0.955275120082494,0.9345037790050116,0.9171232820381224
Hepatocyte_Chow_Animal1_Capture1_GATGCTATCAAACCGT,0.938925846589879,0.9218307062822956,0.9049828376296004,0.8909248552475619
Hepatocyte_Chow_Animal1_Capture1_GATTCAGAGTGTCTCA,0.985729969060188,0.9621783903480364,0.9397783368879844,0.9210698662911384
Hepatocyte_Chow_Animal1_Capture1_GCAAACTTCATAACCG,1.03371446410467,1.019551041324191,1.0035155097526458,0.9888969432841036
Hepatocyte_Chow_Animal1_Capture1_GCACATAGTAGGCATG,1.04416450201479,1.020032754713541,0.995331551418752,0.9733880018208292
Hepatocyte_Chow_Animal1_Capture1_GCAGCCAGTCCCGACA,1.15005701243956,1.1146623079688556,1.079858509479936,1.0492804851208537
Hepatocyte_Chow_Animal1_Capture1_GCAGCCATCCTAAGTG,1.03774458717558,1.0161934922858928,0.993844624291625,0.9742320086928552
Hepatocyte_Chow_Animal1_Capture1_GCAGTTAGTGAGTATA,0.888455509730413,0.8769618848555983,0.8633347448559174,0.8503024737917355
Hepatocyte_Chow_Animal1_Capture1_GCATGATAGATCCCGC,0.947156769591821,0.9447241491038127,0.9394524928480112,0.933699670149775
Hepatocyte_Chow_Animal1_Capture1_GCATGATGTACTTGAC,0.957277303169872,0.9363126079279408,0.9160481472538782,0.8991485561486664
Hepatocyte_Chow_Animal1_Capture1_GCATGCGAGACGCTTT,1.05057504239037,1.0196118865283874,0.9900263957373298,0.9646826030258048
Hepatocyte_Chow_Animal1_Capture1_GCCTCTAGTGCTCTTC,1.03687780440942,1.0164716724561058,0.9949022965977624,0.9753440083082262
Hepatocyte_Chow_Animal1_Capture1_GCGCAGTAGGAGTTTA,1.10903019191269,1.0814434397962656,1.054465070894611,1.0313170500001887
Hepatocyte_Chow_Animal1_Capture1_GCGCAGTCAATGGAGC,1.12194190279084,1.0965272519471836,1.071211518227862,1.0491505038471278
Hepatocyte_Chow_Animal1_Capture1_GCGCCAAAGCGATGAC,0.992368924439695,0.9689163888730448,0.946587874783636,0.9279592740465232
Hepatocyte_Chow_Animal1_Capture1_GCGCGATCAGACGCAA,1.04160901389788,1.018045595931711,0.995424202985408,0.9766141663467754
Hepatocyte_Chow_Animal1_Capture1_GCGGGTTTCTAACGGT,0.994937151154104,0.9751733280898798,0.9554603443573368,0.9388444773254208
Hepatocyte_Chow_Animal1_Capture1_GCTCCTACACAGACAG,1.03728790470209,1.018846811122289,0.999011822175464,0.9812155355500344
Hepatocyte_Chow_Animal1_Capture1_GCTCTGTCATTATCTC,1.05302194891461,1.0355137775647314,1.0163285482092403,0.9993594090331028
Hepatocyte_Chow_Animal1_Capture1_GCTCTGTGTTCCGGCA,1.04941790147109,1.029796886207523,1.009516303878415,0.9917841519368574
Hepatocyte_Chow_Animal1_Capture1_GCTGCAGGTAAATACG,1.04931008500674,1.0234072987919882,0.998820244986058,0.9782530571445772
Hepatocyte_Chow_Animal1_Capture1_GCTGCAGGTGATGCCC,1.03349614082274,1.0109360923130593,0.9884283740562808,0.9689175349307582
Hepatocyte_Chow_Animal1_Capture1_GCTGGGTCAGACGCAA,1.03506667440818,1.0121486848571484,0.9892978469169628,0.9696254647594592
Hepatocyte_Chow_Animal1_Capture1_GCTGGGTCATGGATGG,1.04872114695962,1.0234510896781928,0.9979534628257998,0.9756388986855083
Hepatocyte_Chow_Animal1_Capture1_GGAAAGCCACGGCCAT,1.04791213632384,1.0187123960265816,0.9913083992896028,0.9682628136571024
Hepatocyte_Chow_Animal1_Capture1_GGAACTTCAGCCAGAA,1.04852015004293,1.0250248916088482,1.0023992459645534,0.9834927268419572
Hepatocyte_Chow_Animal1_Capture1_GGAATAACATGGTTGT,1.05068085065023,1.0213448956116644,0.993651347863626,0.970269745739567
Hepatocyte_Chow_Animal1_Capture1_GGCTCGAAGACCCACC,0.962966489845965,0.944968407710958,0.9269782347275088,0.9119009303332938
Hepatocyte_Chow_Animal1_Capture1_GGCTCGAAGCGACGTA,0.960050328658849,0.9424973107828614,0.923830465537432,0.9073848390997862
Hepatocyte_Chow_Animal1_Capture1_GGCTCGAAGTCAAGGC,0.970000634543344,0.9514219937434658,0.9335411209018768,0.919007124332294
Hepatocyte_Chow_Animal1_Capture1_GGCTGGTGTGAGTATA,1.03999298888996,1.016890629351824,0.9930436182660336,0.9717848381142238
Hepatocyte_Chow_Animal1_Capture1_GGGACCTGTCTAGCGC,1.02834650070502,1.005738666267104,0.9816316631911384,0.9600887364758616
Hepatocyte_Chow_Animal1_Capture1_GGGACCTTCCTCTAGC,0.899403280998179,0.8798991971015808,0.8611432880613037,0.8455477710090005
Hepatocyte_Chow_Animal1_Capture1_GGGATGACAGTGGGAT,1.03122789497892,1.014929782134566,0.9974678740430782,0.9820431989018856
Hepatocyte_Chow_Animal1_Capture1_GGGTCTGGTCTCTTTA,1.03040968828041,1.0114366980806015,0.9905720946723297,0.9708923634429169
Hepatocyte_Chow_Animal1_Capture1_GGTATTGAGTGAACAT,0.968368443962643,0.9514032874794311,0.932430332827754,0.9147656120679076
Hepatocyte_Chow_Animal1_Capture1_GGTATTGTCGAGCCCA,0.966649550388542,0.9542726024574348,0.9414955882615192,0.9312009426035126
Hepatocyte_Chow_Animal1_Capture1_GGTGCGTAGCCGGTAA,0.973236808788276,0.9584698141946956,0.9439032562607508,0.9322284802154682
Hepatocyte_Chow_Animal1_Capture1_GGTGTTAGTTTGGCGC,1.04810674087789,1.0282018318829846,1.0074743313658918,0.9893445630273232
Hepatocyte_Chow_Animal1_Capture1_GTAACGTGTCCGAATT,0.955299944390575,0.9343361449706752,0.9145284044453832,0.8983280180095976
Hepatocyte_Chow_Animal1_Capture1_GTATTCTAGTACATGA,1.04372331638428,1.019386870331205,0.9954201596310372,0.9748500506150776
Hepatocyte_Chow_Animal1_Capture1_GTATTCTAGTCACGCC,1.0358184268993,1.014086158079072,0.9915689339716506,0.9715712638784176
Hepatocyte_Chow_Animal1_Capture1_GTCAAGTCAATGACCT,1.0454939379122,1.0167311836456536,0.9890784317666924,0.965440489036114
Hepatocyte_Chow_Animal1_Capture1_GTCAAGTCACCATCCT,1.00436089610223,0.9826161975628136,0.9619404417719168,0.9449646337567016
Hepatocyte_Chow_Animal1_Capture1_GTCACAAAGCTCCTTC,1.04267474479203,1.0186341298493338,0.9955264122506342,0.9761636828655582
Hepatocyte_Chow_Animal1_Capture1_GTCACAATCACTTACT,1.04432090494668,1.0260152288904334,1.0054386155359554,0.9858123219772632
Hepatocyte_Chow_Animal1_Capture1_GTCATTTAGCTAGTTC,1.04996596025613,1.0289467742523213,1.0058168086758492,0.983911295277919
Hepatocyte_Chow_Animal1_Capture1_GTCATTTCATCCAACA,0.948905095542988,0.9299881914009068,0.910419781081938,0.8931514463606626
Hepatocyte_Chow_Animal1_Capture1_GTCCTCAAGACGACGT,1.0394760117488,1.0183273439663882,0.99736510616787,0.9796503783258624
Hepatocyte_Chow_Animal1_Capture1_GTCCTCACATCCGGGT,1.03057794357239,1.0077584493748812,0.984961393826532,0.9652658857281012
Hepatocyte_Chow_Animal1_Capture1_GTCTTCGAGAGTGAGA,0.920918556711087,0.90846988319763,0.896235345310854,0.8867603616702338
Hepatocyte_Chow_Animal1_Capture1_GTGCGGTGTCAAAGAT,1.03812841999549,1.0209999941672214,1.0021234962423735,0.9840688569925862
Hepatocyte_Chow_Animal1_Capture1_GTGCTTCTCAGAGGTG,0.989959652556694,0.9718187449197936,0.9546640546359296,0.9410682066477776
Hepatocyte_Chow_Animal1_Capture1_GTGGGTCTCAGGCGAA,0.984493580137367,0.9636767160794296,0.942348630106442,0.9236812224959356
Hepatocyte_Chow_Animal1_Capture1_GTTACAGAGCTCAACT,1.13907052131801,1.1118417071942446,1.0831360010081152,1.05630208963461
Hepatocyte_Chow_Animal1_Capture1_GTTCATTAGGTGACCA,1.05590510602964,1.0334539004791554,1.0096877258809798,0.9879247678265812
Hepatocyte_Chow_Animal1_Capture1_GTTCATTCATATACCG,1.0332202667567,1.0053110100887566,0.9784093889919436,0.955401031597404
Hepatocyte_Chow_Animal1_Capture1_TAAGCGTGTTGCGCAC,1.04730560034362,1.0205114640587138,0.9948328280526914,0.972945499057738
Hepatocyte_Chow_Animal1_Capture1_TAAGTGCAGGAATTAC,1.04223685915004,1.0160852169680887,0.9915142925300264,0.971080096168752
Hepatocyte_Chow_Animal1_Capture1_TACACGACATGCTAGT,1.04222310189938,1.0253611352789826,1.008238990911049,0.9938172580051444
Hepatocyte_Chow_Animal1_Capture1_TACACGAGTAATCACC,1.03484502225707,1.017399455396548,0.9974310667473344,0.977707347321892
Hepatocyte_Chow_Animal1_Capture1_TACAGTGAGTAGGCCA,0.987025877448009,0.96455690398847,0.9420005374437396,0.9223976709438384
Hepatocyte_Chow_Animal1_Capture1_TACAGTGGTCTACCTC,1.0455171265373,1.0371628507352677,1.0252837410141278,1.0133792222490476
Hepatocyte_Chow_Animal1_Capture1_TACCTTACACTAGTAC,1.04501164165004,1.0218330690626416,0.9981738350847774,0.9776024805148096
Hepatocyte_Chow_Animal1_Capture1_TACGGGCAGCCGTCGT,1.04058459072715,1.0181951523129589,0.995806088081468,0.9765512822245104
Hepatocyte_Chow_Animal1_Capture1_TACTCATAGTTCCACA,0.964081443892549,0.9473381913105008,0.928661008367972,0.9116071555449768
Hepatocyte_Chow_Animal1_Capture1_TACTCATTCACGCATA,1.0357170514685,1.0038396532216534,0.9739272405848388,0.9484935756110088
Hepatocyte_Chow_Animal1_Capture1_TACTTGTGTTATGCGT,0.962351406854046,0.9473386126749074,0.9298798476606656,0.9130454953439674
Hepatocyte_Chow_Animal1_Capture1_TACTTGTGTTGCCTCT,1.04564358395486,1.024162761133252,1.001567381256146,0.9814292975360256
Hepatocyte_Chow_Animal1_Capture1_TAGTTGGAGATAGCAT,1.02994670318935,1.0079348670403254,0.9846325841434044,0.9635090423965114
Hepatocyte_Chow_Animal1_Capture1_TATCTCACATGCAACT,1.03632835135016,1.0095899192355489,0.9831570527577012,0.960212377524832
Hepatocyte_Chow_Animal1_Capture1_TATGCCCAGCCATCGC,1.03749899055177,1.0220657427982915,1.0040457953492896,0.9868025007004436
Hepatocyte_Chow_Animal1_Capture1_TATGCCCTCACATGCA,1.04522009294533,1.0237684969670242,1.0032963335331,0.9865097291075098
Hepatocyte_Chow_Animal1_Capture1_TATTACCAGAGGGCTT,1.04784111976603,1.0209480764030552,0.9935266650280598,0.9695556217485144
Hepatocyte_Chow_Animal1_Capture1_TATTACCTCAACGAAA,0.947387942236129,0.9341566528228858,0.9209999311971788,0.9105489290584714
Hepatocyte_Chow_Animal1_Capture1_TCAATCTGTCCAGTGC,1.03732182580187,1.012268979814266,0.9880852855472096,0.9675432333797628
Hepatocyte_Chow_Animal1_Capture1_TCAATCTGTCCGCTGA,0.913484084504036,0.8991080422935116,0.8844521043952217,0.8722261077257876
Hepatocyte_Chow_Animal1_Capture1_TCAATCTGTTGGAGGT,1.02591156475225,1.0108361652721152,0.9948327922734624,0.9810852626482608
Hepatocyte_Chow_Animal1_Capture1_TCAATCTTCTATCGCC,1.04339709456229,1.026251951673114,1.008305514773837,0.9921589798474338
Hepatocyte_Chow_Animal1_Capture1_TCATTACCACCTGGTG,1.03976610598287,1.0204478539465478,0.9995986223719372,0.9804513555629925
Hepatocyte_Chow_Animal1_Capture1_TCATTACGTCAGTGGA,0.978147504077228,0.9541166391128229,0.9309221619096392,0.9113552228591448
Hepatocyte_Chow_Animal1_Capture1_TCATTACTCGAATGGG,1.05184397232511,1.022365932968068,0.9943003051348952,0.9705094681391369
Hepatocyte_Chow_Animal1_Capture1_TCGCGTTCAGGTGCCT,1.03488202733755,1.012639972105592,0.9890988255032268,0.9672488978215296
Hepatocyte_Chow_Animal1_Capture1_TCGGGACTCGGAGGTA,1.05188311538469,1.033355376910369,1.0146302087474044,0.9984948518683244
Hepatocyte_Chow_Animal1_Capture1_TCGGTAACAGATTGCT,1.0312888918765,1.0074868329033546,0.9833281051711746,0.962162118757762
Hepatocyte_Chow_Animal1_Capture1_TCGGTAAGTAATCACC,1.03385036000551,1.014314043813701,0.99456592609287,0.9772973546982884
Hepatocyte_Chow_Animal1_Capture1_TCGGTAAGTTTAGCTG,0.94749855713853,0.9372115907441756,0.9249730293946208,0.9131565303502104
Hepatocyte_Chow_Animal1_Capture1_TCTATTGAGAAGGTTT,1.05570366761777,1.03758021811032,1.019353936456057,1.0041945499264415
Hepatocyte_Chow_Animal1_Capture1_TCTATTGCACGAGAGT,1.04157212215451,1.0153597918029131,0.9894655039305198,0.9666636144001424
Hepatocyte_Chow_Animal1_Capture1_TCTCATAGTGTGGCTC,0.841491633640298,0.8269817824955555,0.812256739896575,0.8000251362335753
Hepatocyte_Chow_Animal1_Capture1_TCTTTCCGTTATGCGT,0.924903687778661,0.9129875752580088,0.8995234578054646,0.8873205463723353
Hepatocyte_Chow_Animal1_Capture1_TGACGGCAGACCTAGG,1.00092835745181,0.9935489701417782,0.9846083177371808,0.9772822314202984
Hepatocyte_Chow_Animal1_Capture1_TGAGCATTCCACGCAG,1.04064221814195,1.0202008412877157,1.0000790365182934,0.9830940162917162
Hepatocyte_Chow_Animal1_Capture1_TGATTTCTCGTTGCCT,0.95353839209399,0.93772407499379,0.9212982463264676,0.9069635118975466
Hepatocyte_Chow_Animal1_Capture1_TGCCAAACAAGTAGTA,0.978507360745953,0.9701437790014426,0.958504838698307,0.9464701341066656
Hepatocyte_Chow_Animal1_Capture1_TGCCCATTCACGCATA,0.920656931398077,0.9020020120654186,0.8837940054284577,0.8687261412347971
Hepatocyte_Chow_Animal1_Capture1_TGCTGCTCATAGTAAG,0.994807492978586,0.9737039968654888,0.952819801735488,0.934929424256668
Hepatocyte_Chow_Animal1_Capture1_TGGACGCAGGACTGGT,1.03844249632628,1.008582357150111,0.9806800568414394,0.957283587271094
Hepatocyte_Chow_Animal1_Capture1_TGGACGCCACCGCTAG,1.04908849661945,1.0324483420134605,1.0150409866590744,1.000210944558128
Hepatocyte_Chow_Animal1_Capture1_TGGACGCCAGCCTGTG,1.03701232734025,1.0249247458022528,1.0092491440541127,0.9933715654834911
Hepatocyte_Chow_Animal1_Capture1_TGGACGCGTAGAGTGC,0.917501454060305,0.9050126985482132,0.892035657592724,0.8813424892293872
Hepatocyte_Chow_Animal1_Capture1_TGGACGCGTCTACCTC,0.985924842565741,0.9654504839834124,0.9450602535078284,0.9277920328328624
Hepatocyte_Chow_Animal1_Capture1_TGGCCAGCACCAGGCT,1.0308812349016,1.01280875306539,0.994433020350478,0.9787964305718816
Hepatocyte_Chow_Animal1_Capture1_TGGCTGGAGCTTATCG,0.975678421046506,0.9560855214975674,0.9366222920880302,0.9201881597652004
Hepatocyte_Chow_Animal1_Capture1_TGGCTGGCAGGGCATA,0.98763907629154,0.9678808376092262,0.9489820088535086,0.9335003475451876
Hepatocyte_Chow_Animal1_Capture1_TGGCTGGTCAGTCCCT,1.04931448310538,1.020898514456509,0.9937866072560944,0.9708358325230216
Hepatocyte_Chow_Animal1_Capture1_TGGGAAGGTGTGGTTT,1.05160525367009,1.0255864158310484,1.0009648539806053,0.9804387430191442
Hepatocyte_Chow_Animal1_Capture1_TGGGAAGGTTTCGCTC,1.0402726866245,1.0192608169079749,0.9967679948454796,0.9760109692756108
Hepatocyte_Chow_Animal1_Capture1_TGGGAAGTCGGCTTGG,1.0451408640888,1.0282343511203875,1.0103256271655123,0.9945628310331384
Hepatocyte_Chow_Animal1_Capture1_TGGGAAGTCTTTCCTC,1.04089452532932,1.020275454019305,0.999181751676548,0.9809651914751304
Hepatocyte_Chow_Animal1_Capture1_TGGTTAGGTGTCAATC,1.03178037217222,1.0249357574846332,1.0137764461531702,1.001259757149987
Hepatocyte_Chow_Animal1_Capture1_TGGTTCCAGCTAAGAT,1.05027858117538,1.0260424213689086,1.0018578847374096,0.9809393423385387
Hepatocyte_Chow_Animal1_Capture1_TGGTTCCCATCGTCGG,1.04548468915192,1.028697696523844,1.0118833076416809,0.9976784064796108
Hepatocyte_Chow_Animal1_Capture1_TGGTTCCTCCACGTTC,0.926285255460201,0.9169927587466532,0.9048934741920804,0.8926683197993129
Hepatocyte_Chow_Animal1_Capture1_TGTATTCTCGGTGTTA,0.971251232959001,0.9517384239648272,0.9318516085728854,0.9147974698438588
Hepatocyte_Chow_Animal1_Capture1_TGTTCCGTCATACGGT,0.932872574735142,0.9118720392824728,0.8915769941401736,0.8746040719927197
Hepatocyte_Chow_Animal1_Capture1_TTAACTCAGCTGTTCA,1.03394061790714,1.0097110865210588,0.9858696492934812,0.965501266230933
Hepatocyte_Chow_Animal1_Capture1_TTATGCTCACTCAGGC,1.02604604099683,1.0006444457285788,0.9758020093556826,0.9544166195974196
Hepatocyte_Chow_Animal1_Capture1_TTATGCTTCAACCATG,1.04312282800681,1.022029455732177,1.0006217995835422,0.9819012647920776
Hepatocyte_Chow_Animal1_Capture1_TTCGAAGCACTGAAGG,1.04152425706661,1.015255738993985,0.9898252137321708,0.9680140002990404
Hepatocyte_Chow_Animal1_Capture1_TTCTCAACAGTTCCCT,1.00048947337175,0.9800480857302776,0.9604213113116415,0.9442089472310308
Hepatocyte_Chow_Animal1_Capture1_TTCTCAATCCTTTCGG,1.04075589798884,1.0200696264136164,0.998903222564131,0.9805102527494022
Hepatocyte_Chow_Animal1_Capture1_TTCTCCTTCGACAGCC,1.04098523028419,1.016672212247824,0.9933538082034212,0.973807674429408
Hepatocyte_Chow_Animal1_Capture1_TTCTTAGAGAATAGGG,1.13380984439051,1.1052812556730518,1.0745953703761173,1.0459847692683963
Hepatocyte_Chow_Animal1_Capture1_TTCTTAGCAAGCCATT,1.04265664968509,1.0203371695742187,0.9988743529218832,0.9811035161895748
Hepatocyte_Chow_Animal1_Capture1_TTGACTTAGTGTTTGC,1.02637468972814,1.0207811928595436,1.010858270632658,0.9993090986920812
Hepatocyte_Chow_Animal1_Capture1_TTGCGTCCATGTCGAT,1.03863385830113,1.0311326084247618,1.0208339717726358,1.0105135932892009
Hepatocyte_Chow_Animal1_Capture1_TTGGCAACAACACCCG,1.04527407879878,1.017669487267818,0.9913671416715754,0.9689955719998576
Hepatocyte_Chow_Animal1_Capture1_TTTGCGCTCCGAACGC,1.05436157229015,1.0287532809274813,1.0033783013511617,0.9815468502210016
Hepatocyte_Chow_Animal1_Capture1_TTTGGTTCACATCCAA,1.04526868047534,1.0311755731813166,1.016457939828757,1.0043494871505336
Hepatocyte_Chow_Animal1_Capture1_TTTGGTTGTTTGTGTG,1.10936407619773,1.0953403847898626,1.0788192150878588,1.0636941467927126
Hepatocyte_Chow_Animal2_Capture1_AAATGCCTCCGCAGTG,1.03213518522851,1.016505652725019,0.9989486813320853,0.9833264605868148
Hepatocyte_Chow_Animal2_Capture1_AGGGAGTGTGTGACCC,1.04992178813175,1.0315099951161626,1.0139605665758036,0.9999795829696884
Hepatocyte_Chow_Animal2_Capture1_AGGTCATAGCGTGAGT,1.03898763254151,1.0179313533985046,0.99803467077359,0.9819528064665324
Hepatocyte_Chow_Animal2_Capture1_ATCATGGCATGTCTCC,1.05748877222061,1.0337059454198398,1.011405906581788,0.9932069297606028
Hepatocyte_Chow_Animal2_Capture1_CAAGATCCAATGGAGC,1.04560116265392,1.0226175629652252,1.0007531897459812,0.9827058153276872
Hepatocyte_Chow_Animal2_Capture1_CGACTTCGTTTGTTTC,0.945489294625809,0.9302233704519798,0.9154985816318492,0.9038641908064264
Hepatocyte_Chow_Animal2_Capture1_CTGTGCTCATTACGAC,1.04806557330643,1.029832270012924,1.012086488530064,0.9976300137960395
Hepatocyte_Chow_Animal2_Capture1_TCGCGTTTCTAAGCCA,0.938922385000549,0.9259200344593153,0.9135029934843406,0.9041476694842304
Hepatocyte_Chow_Animal2_Capture1_TCGTACCAGGACCACA,1.01177225030402,0.9921771638784816,0.9735997843401882,0.9586304625112744
Hepatocyte_Chow_Animal2_Capture1_TTGTAGGAGAGCCCAA,1.04931809376285,1.0268620044906978,1.0053755813164096,0.9876551510639864
Hepatocyte_Chow_Animal3_Capture1_ACATCAGAGCTAGTTC,1.06273444483264,1.045972377325198,1.0290916829078045,1.0150713798066575
Hepatocyte_Chow_Animal3_Capture1_ACCTTTAAGCAGATCG,0.997318126283212,0.9766675966156864,0.9570692844576144,0.9411196565447112
Hepatocyte_Chow_Animal3_Capture1_ATTGGTGCATGCCACG,1.04470806734896,1.022968782518428,1.001781069779781,0.9842369354130476
Hepatocyte_Chow_Animal3_Capture1_CAACTAGGTCTGATCA,1.05122866771582,1.0353520919381825,1.0202057048899842,1.0085193054606016
Hepatocyte_Chow_Animal3_Capture1_CAAGAAAGTCGGCTCA,1.04603419336812,1.02386984268313,1.00295576626033,0.9859307203887364
Hepatocyte_Chow_Animal3_Capture1_CCACTACTCTTCCTTC,1.04713212580362,1.0227343643166331,0.9998602782683376,0.9811159992289096
Hepatocyte_Chow_Animal3_Capture1_CTTAACTTCCTTGCCA,0.970082797073091,0.9567536248993508,0.9442034961225496,0.9349279695690406
Hepatocyte_Chow_Animal3_Capture1_GATCTAGGTGATAAGT,1.03564072383768,1.021003544357635,1.0072569256923891,0.9970425567603574
Hepatocyte_Chow_Animal3_Capture1_GTTCGGGGTGACGCCT,0.968492416860619,0.9557873056176164,0.9436835835620818,0.9347159633210044
Hepatocyte_Chow_Animal3_Capture1_TTCGGTCTCTAACTCT,1.04433282185361,1.0235563651296562,1.0040650103848128,0.9884643820835844
Hepatocyte_Chow_Animal1_Capture1_AAAGATGAGGACAGAA,0.964513856293847,0.969888271434775,0.9719848261426394,0.9730659614183684
Hepatocyte_Chow_Animal1_Capture1_AAGACCTAGACGACGT,1.00778739898761,1.001910216117482,0.992360629354094,0.9817614398491606
Hepatocyte_Chow_Animal1_Capture1_ACACCGGAGAGACTTA,0.958165892485255,0.9807772094721958,0.9969151907188688,1.0086186197074984
Hepatocyte_Chow_Animal1_Capture1_ACGAGGAAGATACACA,1.03540921826913,1.058149792654956,1.0718490411814745,1.0793464892495963
Hepatocyte_Chow_Animal1_Capture1_ACGAGGAGTATCAGTC,1.03925508128767,1.058873027918014,1.0691550818623132,1.0731802028779471
Hepatocyte_Chow_Animal1_Capture1_ACGAGGAGTGCTAGCC,1.01444861805114,1.0295840410093062,1.0394836639515992,1.0463901122573598
Hepatocyte_Chow_Animal1_Capture1_ACTATCTCAGACTCGC,1.02893368031551,1.0510492885836158,1.0662207232688197,1.0767080035985097
Hepatocyte_Chow_Animal1_Capture1_AGAGCTTTCGGTGTTA,0.853865929444889,0.877551369213222,0.8941464608746816,0.9057436969313428
Hepatocyte_Chow_Animal1_Capture1_AGATCTGAGAACTCGG,1.03294854342671,1.0579974457934789,1.0733660287182805,1.0821437677346213
Hepatocyte_Chow_Animal1_Capture1_AGATCTGGTCGATTGT,0.964945555792954,0.9838990508723634,0.994489396335008,0.999387479214644
Hepatocyte_Chow_Animal1_Capture1_AGCGGTCGTCGATTGT,1.02383204353264,1.047386870077181,1.063587907656932,1.0746584222731992
Hepatocyte_Chow_Animal1_Capture1_AGCGTATGTACCCAAT,1.03215670706951,1.0535344523831696,1.0655587607037096,1.0712668018496696
Hepatocyte_Chow_Animal1_Capture1_AGCGTATGTTGTGGAG,1.02610276974458,1.0460065241186838,1.058907663702744,1.067064591818251
Hepatocyte_Chow_Animal1_Capture1_AGCGTCGCAATCGGTT,0.914942256591925,0.9392709735963494,0.9562187321210082,0.9679564077036712
Hepatocyte_Chow_Animal1_Capture1_AGGCCGTCATGCCTTC,0.804823788042725,0.8305055289051567,0.8490336146852855,0.8624826661031781
Hepatocyte_Chow_Animal1_Capture1_ATAGACCGTAGCTAAA,1.02224120847972,1.0442886553503528,1.0575354003230726,1.0647579705284993
Hepatocyte_Chow_Animal1_Capture1_ATCCACCAGTCTCGGC,1.01986991598563,1.0399009925431848,1.0506833659182435,1.0552313450531907
Hepatocyte_Chow_Animal1_Capture1_CAACCTCGTATCACCA,1.02645097459652,1.0424927041640712,1.0513931827162692,1.0555576864272849
Hepatocyte_Chow_Animal1_Capture1_CCACCTATCCCAACGG,1.02296101486561,1.0393327269116637,1.0479840524444584,1.051345521394469
Hepatocyte_Chow_Animal1_Capture1_CCATGTCTCTTGGGTA,0.946695783399196,0.9695803841156851,0.98620906433818,0.9986345348472824
Hepatocyte_Chow_Animal1_Capture1_CCTAGCTGTGTGGTTT,0.964181110783923,0.9859730753855902,0.9993577556557952,1.0069632572817502
Hepatocyte_Chow_Animal1_Capture1_CGAGAAGGTTACGTCA,1.02317192140476,1.0450647261681625,1.0587589976424303,1.0668116906124412
Hepatocyte_Chow_Animal1_Capture1_CGCTGGAGTATCGCAT,1.0347734542853,1.0577734261194165,1.0717585886927754,1.0795305358173657
Hepatocyte_Chow_Animal1_Capture1_CGGACACCAGCAGTTT,0.915483038631801,0.9369751539862076,0.9511122685392104,0.9601493331696628
Hepatocyte_Chow_Animal1_Capture1_CGGACTGTCTACCAGA,1.01844346568404,1.040316214237867,1.053699884317326,1.0612198561155062
Hepatocyte_Chow_Animal1_Capture1_CGGAGCTAGAGACTAT,0.925260699344043,0.9484644991828254,0.9634067302663916,0.972643814645045
Hepatocyte_Chow_Animal1_Capture1_CGGAGCTAGCCGATTT,0.935149917357534,0.9600984073835032,0.9768986984718944,0.9879644494605692
Hepatocyte_Chow_Animal1_Capture1_CGGAGTCAGCGTGTCC,0.92789061690535,0.9540926013075772,0.9723532611548932,0.9849671584835462
Hepatocyte_Chow_Animal1_Capture1_CGTAGGCTCTCGAGTA,0.952582712039079,0.975564190902091,0.9899619743756054,0.9984745876676456
Hepatocyte_Chow_Animal1_Capture1_CGTTGGGGTTAGTGGG,0.934503767759407,0.961684588159061,0.980706396274522,0.9939653282874366
Hepatocyte_Chow_Animal1_Capture1_CTAAGACTCCCTCTTT,0.931281089648837,0.9504893250184198,0.963668997143766,0.9728319686564052
Hepatocyte_Chow_Animal1_Capture1_CTAGTGAGTAGGACAC,1.00599998192733,1.0205755225278164,1.0274024772823014,1.0291660125927478
Hepatocyte_Chow_Animal1_Capture1_CTCCTAGCATTCACTT,1.02591258486593,1.0446288203893266,1.0544386159411567,1.0582478989579798
Hepatocyte_Chow_Animal1_Capture1_CTCGTACAGGCATGGT,1.02143284058491,1.0417940029702932,1.053536372116633,1.0593634044281384
Hepatocyte_Chow_Animal1_Capture1_CTGCTGTAGAAGGTTT,0.940686551180538,0.956829429133596,0.9665887264904328,0.9721600282620472
Hepatocyte_Chow_Animal1_Capture1_CTGCTGTCATGGTAGG,0.995885486661301,1.019168981471564,1.033627877464664,1.042030651821606
Hepatocyte_Chow_Animal1_Capture1_GAATAAGAGTCGAGTG,0.957344384541153,0.964113517625791,0.9685989680668948,0.97292294788929
Hepatocyte_Chow_Animal1_Capture1_GAATGAATCCAGGGCT,0.94656050886807,0.9695459814553652,0.9859390337474182,0.9978383990973044
Hepatocyte_Chow_Animal1_Capture1_GAGTCCGCAACGATCT,1.02326625555268,1.0513559902944616,1.0712238373853484,1.0851951680121308
Hepatocyte_Chow_Animal1_Capture1_GCAATCACACATGGGA,0.912633110350564,0.9377100795372444,0.9550393557540532,0.9668839181122184
Hepatocyte_Chow_Animal1_Capture1_GCAGTTATCGATCCCT,0.930078306797681,0.9568893313904476,0.975631619308694,0.9886890494414042
Hepatocyte_Chow_Animal1_Capture1_GCGCAACCAAGCCGTC,0.920182282934315,0.9449692636414738,0.961665802336859,0.9726992127778944
Hepatocyte_Chow_Animal1_Capture1_GGAACTTAGCTAGGCA,1.02686647372353,1.0471163171551876,1.0583708659158102,1.063509814036874
Hepatocyte_Chow_Animal1_Capture1_GGCGACTAGATACACA,1.02532659537329,1.0421612292897862,1.052891713691682,1.059763518406204
Hepatocyte_Chow_Animal1_Capture1_GGCGTGTTCAACGGGA,1.02400635136603,1.0406321285987403,1.050592077594959,1.0561858835368765
Hepatocyte_Chow_Animal1_Capture1_GGGATGAAGTCGTTTG,0.931734137100093,0.957007572403016,0.9739199522496832,0.9849996808680972
Hepatocyte_Chow_Animal1_Capture1_GTATCTTTCGAATCCA,0.934831764572317,0.958584350923168,0.9757562326420144,0.9883574913716991
Hepatocyte_Chow_Animal1_Capture1_GTCACAATCTTATCTG,0.976691128529746,0.9741074546551896,0.9696802370368562,0.9655569156926148
Hepatocyte_Chow_Animal1_Capture1_GTTTCTATCAGGCCCA,1.02018649870772,1.0382251258777755,1.0474648858138744,1.0507492536454472
Hepatocyte_Chow_Animal1_Capture1_TACGGTACAGCTGGCT,0.966294752855667,0.9918438990373746,1.0089475252558326,1.0201583867585162
Hepatocyte_Chow_Animal1_Capture1_TACTCATAGCTCCTCT,0.983082395440584,1.002538075650585,1.0137702885344333,1.0194093796821353
Hepatocyte_Chow_Animal1_Capture1_TATCAGGTCGAATGCT,0.946775604696261,0.9725996960315012,0.9899206972778148,1.0013151697047082
Hepatocyte_Chow_Animal1_Capture1_TCGAGGCCACGAAGCA,0.940966183893198,0.9631496417095516,0.9768508287494588,0.984729792022186
Hepatocyte_Chow_Animal1_Capture1_TGACAACTCAACACCA,1.01140370861006,1.035754993398129,1.05105801037273,1.0601252679996087
Hepatocyte_Chow_Animal1_Capture1_TGCGCAGCATGCCACG,1.02077826323038,1.0379065281584794,1.0480135779016395,1.0533775127014324
Hepatocyte_Chow_Animal1_Capture1_TGGCTGGTCAGCTCTC,1.0317293841057,1.0526405593434152,1.0643125727198148,1.0697265876591586
Hepatocyte_Chow_Animal1_Capture1_TGTCCCACAGCTGCAC,1.01976171217138,1.035939721156063,1.0442729031134084,1.0472557232690611
Hepatocyte_Chow_Animal1_Capture1_TTCTCAACAAGTCATC,0.887409870542871,0.9117011466745304,0.9280631428770264,0.9388917880548592
Hepatocyte_Chow_Animal1_Capture1_TTTCCTCGTTACGACT,1.02800130390818,1.052236638667667,1.06693258628703,1.0751216822522534
Hepatocyte_Chow_Animal2_Capture1_AAAGATGCAAGGTTTC,1.03650522470247,1.0611631982162195,1.0762420520874236,1.0847824554688392
Hepatocyte_Chow_Animal2_Capture1_AACACGTGTGGTTTCA,0.993931939690017,1.0172521666562222,1.0319224132406102,1.0406295281627949
Hepatocyte_Chow_Animal2_Capture1_ACAGCTATCACATGCA,0.935380240086524,0.9597901235794336,0.9759168288364394,0.9862888660747152
Hepatocyte_Chow_Animal2_Capture1_ACATGGTCAGGGATTG,1.0206476847891,1.041844862845398,1.0544371268823758,1.0610631328572313
Hepatocyte_Chow_Animal2_Capture1_AGATCTGGTCCAGTTA,1.03400428872938,1.046053665330771,1.0519446720390755,1.0542556402249272
Hepatocyte_Chow_Animal2_Capture1_AGCTCCTGTCTAAACC,0.942690888048632,0.9687064487587528,0.987105575420268,1.000104807901328
Hepatocyte_Chow_Animal2_Capture1_ATAGACCAGCTGAAAT,1.0289132289642,1.0528903336565745,1.0682382148853329,1.0775953565095946
Hepatocyte_Chow_Animal2_Capture1_ATCATGGAGTACGACG,0.919707762210299,0.9442374076763772,0.9612723665771292,0.9730884846489796
Hepatocyte_Chow_Animal2_Capture1_ATCTACTGTGGCTCCA,1.03170914610726,1.0554153888737683,1.0698716785550313,1.0779799050609509
Hepatocyte_Chow_Animal2_Capture1_CACACCTAGACACTAA,1.01634951859088,1.0411857026913205,1.0579003782480567,1.0689555499449357
Hepatocyte_Chow_Animal2_Capture1_CACAGTAGTGAAAGAG,0.901406328702683,0.9279074169808724,0.9471032973495755,0.961076269319492
Hepatocyte_Chow_Animal2_Capture1_CATCAAGGTCTCTTAT,1.04163602820445,1.0584916083823508,1.0695692234655827,1.077208188910791
Hepatocyte_Chow_Animal2_Capture1_CATGCCTAGGGTCTCC,1.03506259153125,1.047804900543345,1.0522852860712355,1.0513694001787288
Hepatocyte_Chow_Animal2_Capture1_CCCTCCTGTAGCCTAT,0.963648034007804,0.9883134377211754,1.004645429218446,1.0151767728645191
Hepatocyte_Chow_Animal2_Capture1_CGAGAAGGTGTGCGTC,0.9131871936159,0.9414306496561772,0.9622605613226524,0.9777828691768392
Hepatocyte_Chow_Animal2_Capture1_CGCTTCACAGCCAATT,1.10114113048259,1.1197307222321975,1.1287841226798747,1.1314436007356647
Hepatocyte_Chow_Animal2_Capture1_CTCACACAGCCACGTC,1.11872779696341,1.1222798690588298,1.1216710983126297,1.1194668014542124
Hepatocyte_Chow_Animal2_Capture1_CTCTGGTGTGAGTGAC,1.03520183475395,1.0560341833232565,1.0686933290662315,1.0757664658388195
Hepatocyte_Chow_Animal2_Capture1_CTGATCCAGTACGTTC,1.03232459996202,1.0526073435215677,1.0638561507330084,1.068983941555551
Hepatocyte_Chow_Animal2_Capture1_GACCAATGTACTCTCC,0.940571996442843,0.9670333529992536,0.984807612298974,0.9965491730161112
Hepatocyte_Chow_Animal2_Capture1_GCTCTGTGTGCCTGTG,1.13682919534927,1.146402414939394,1.1488457342055347,1.1467616491996393
Hepatocyte_Chow_Animal2_Capture1_GGCTCGAAGTGTGGCA,0.904734406713259,0.9383937453619908,0.9640305984495128,0.9838500990333487
Hepatocyte_Chow_Animal2_Capture1_GGTGAAGCAGCCAGAA,1.02505034589831,1.0496719832408885,1.0654089757775385,1.075009525836908
Hepatocyte_Chow_Animal2_Capture1_GTCTCGTGTTTGACAC,1.01063804908336,1.0398184121929874,1.0609790366982057,1.0763326737637753
Hepatocyte_Chow_Animal2_Capture1_GTGCGGTTCTTTAGTC,0.996353441496533,1.019459286574482,1.033649550966706,1.041741780376992
Hepatocyte_Chow_Animal2_Capture1_GTGTTAGCAGCTATTG,1.0416780302845,1.0617347563193256,1.0733126431889322,1.0791253350179248
Hepatocyte_Chow_Animal2_Capture1_TCGGTAAAGGTTACCT,1.02839234517396,1.0522928442205282,1.067122633553555,1.075705511022106
Hepatocyte_Chow_Animal2_Capture1_TCTATTGCAGGTCCAC,0.853020909339006,0.8773059636114636,0.8940884986524834,0.9055906382381086
Hepatocyte_Chow_Animal2_Capture1_TGCCCTACAGCGTCCA,1.02733697356489,1.0488167240267752,1.0613703959580765,1.067799196228039
Hepatocyte_Chow_Animal2_Capture1_TGGACGCGTACCGAGA,0.937400484435213,0.9605688685681328,0.9754139896148664,0.9845136128513414
Hepatocyte_Chow_Animal2_Capture1_TGGGCGTCAGTCACTA,0.926494474004861,0.9558395136020912,0.9770285804838456,0.9923918871851036
Hepatocyte_Chow_Animal2_Capture1_TGTTCCGAGCGCTTAT,1.01930493681905,1.0403762825190834,1.053188056863041,1.060330152850956
Hepatocyte_Chow_Animal2_Capture1_TTAACTCGTTCAGACT,1.02973360446146,1.055462843532317,1.071888889024837,1.0818926736057952
Hepatocyte_Chow_Animal2_Capture1_TTCCCAGCAATGAAAC,1.01974600795789,1.042839209079056,1.0582257900846488,1.0682488715272624
Hepatocyte_Chow_Animal2_Capture1_TTTCCTCCAGCTCCGA,0.960808090898192,0.96755966082162,0.9712114340236536,0.973938564055556
Hepatocyte_Chow_Animal2_Capture1_TTTGGTTCAAATACAG,1.04143101790179,1.052959647694414,1.058957289404911,1.0618593426388092
Hepatocyte_Chow_Animal3_Capture1_AAGACCTAGTTGTAGA,0.946024972982061,0.9675418589177288,0.9808236678173252,0.9884459727893314
Hepatocyte_Chow_Animal3_Capture1_AAGACCTGTTGAGTTC,1.02465029342656,1.0455244690532586,1.0592297023033623,1.0681372753806984
Hepatocyte_Chow_Animal3_Capture1_ACACCGGAGTGTGGCA,1.03081671034657,1.0501371162958095,1.0620819923193408,1.0690841925346268
Hepatocyte_Chow_Animal3_Capture1_ACATGGTTCTGGAGCC,1.04143369738776,1.0452851110724095,1.0456696385023498,1.0448335770061414
Hepatocyte_Chow_Animal3_Capture1_ACCGTAAGTAGCGATG,1.0427960254429,1.05733795037659,1.0660430514005164,1.0712896412919044
Hepatocyte_Chow_Animal3_Capture1_ACGGAGACAAGAAAGG,1.03524810722878,1.0574834596876264,1.0708633306638191,1.0781783102244578
Hepatocyte_Chow_Animal3_Capture1_AGAATAGAGAAACGAG,0.955181803205719,0.9714384480193804,0.9822984713669728,0.989852904214654
Hepatocyte_Chow_Animal3_Capture1_AGAGCTTTCTTCGAGA,0.901196412051746,0.9201375658501,0.933269362064816,0.9426510193220984
Hepatocyte_Chow_Animal3_Capture1_AGATTGCAGGACAGAA,0.920818532391776,0.9428358248155012,0.9566360930488086,0.9648105243855052
Hepatocyte_Chow_Animal3_Capture1_AGCGTCGAGTGGACGT,0.947131550747081,0.9739341470616556,0.9919807601347737,1.0039604264986834
Hepatocyte_Chow_Animal3_Capture1_AGCTTGATCCGGGTGT,0.94656312726777,0.969181662774324,0.983337568356786,0.9916919454307238
Hepatocyte_Chow_Animal3_Capture1_AGGGAGTTCCTACAGA,0.968467897758299,0.9946201134040864,1.0125276062870283,1.024699967214944
Hepatocyte_Chow_Animal3_Capture1_ATCTACTGTACAGTGG,0.955546044928188,0.9769367150407474,0.992064966388659,1.0030062562074666
Hepatocyte_Chow_Animal3_Capture1_ATTCTACAGCACCGCT,0.889022478629883,0.9172321281466514,0.9380835204792608,0.9537222236164272
Hepatocyte_Chow_Animal3_Capture1_CAAGATCGTGAGGGAG,0.949724857027428,0.9744943891646394,0.9911512452506296,1.0021450321268692
Hepatocyte_Chow_Animal3_Capture1_CACAAACCAGTATGCT,1.01931206509434,1.0392998788030694,1.0527647175434174,1.0619493249511864
Hepatocyte_Chow_Animal3_Capture1_CACAGTATCTTGGGTA,1.02890825586081,1.0432591796652588,1.053643181945488,1.0622490035929455
Hepatocyte_Chow_Animal3_Capture1_CACCACTAGATCCCAT,0.938186576828239,0.9604645844628724,0.9746576538043222,0.9832979061337228
Hepatocyte_Chow_Animal3_Capture1_CAGAATCTCTGGAGCC,1.02802689366468,1.0504214105107317,1.0655797034907444,1.0757987496203485
Hepatocyte_Chow_Animal3_Capture1_CAGCATACAGTATGCT,0.953937625938719,0.9787587940456822,0.9947562724365888,1.0046833659579122
Hepatocyte_Chow_Animal3_Capture1_CAGCTAATCTGCTGTC,1.0187829395789,1.0357617178416934,1.0467168112315748,1.0538722660810016
Hepatocyte_Chow_Animal3_Capture1_CAGTAACCACGAAATA,0.951232612003603,0.9751959379827178,0.9909974185046228,1.001142806988755
Hepatocyte_Chow_Animal3_Capture1_CAGTCCTTCCGCGGTA,0.956365977617249,0.9763924234732232,0.988069633482945,0.9940615879401248
Hepatocyte_Chow_Animal3_Capture1_CCCAGTTTCGGTGTCG,1.04151149089547,1.0584341238623716,1.0693614269449954,1.0765962121468449
Hepatocyte_Chow_Animal3_Capture1_CCGTGGATCCTCATTA,1.02049356451527,1.0395955660750766,1.0529528639151189,1.062769642439045
Hepatocyte_Chow_Animal3_Capture1_CCTAGCTCATCACGAT,0.994159835668865,1.0152198545661015,1.027525115810953,1.0338751093247611
Hepatocyte_Chow_Animal3_Capture1_CTAGTGAGTGTTGAGG,0.983082437180956,1.0097988946405358,1.027255299110379,1.038338423712328
Hepatocyte_Chow_Animal3_Capture1_CTCGAAATCATAGCAC,0.921791499043844,0.945905329038664,0.961944034009242,0.9724085963740275
Hepatocyte_Chow_Animal3_Capture1_GAAACTCCAGGACGTA,0.973045982148234,0.9922709982882736,1.0051198869935971,1.013817386544596
Hepatocyte_Chow_Animal3_Capture1_GACGCGTTCCTGTAGA,1.01325187952007,1.0384348400097114,1.0544865933552403,1.0642674271421029
Hepatocyte_Chow_Animal3_Capture1_GACGTTATCTCTGTCG,1.03165022479882,1.0585088845954602,1.076964131822425,1.0895116528033295
Hepatocyte_Chow_Animal3_Capture1_GATCGCGTCAAGATCC,0.9750493027802,0.9934064337158136,1.005286979532553,1.0129938850219704
Hepatocyte_Chow_Animal3_Capture1_GCGCCAATCATGGTCA,0.95944921798408,0.9804478260261285,0.9951777449056526,1.0058102568788785
Hepatocyte_Chow_Animal3_Capture1_GCGGGTTTCTTGACGA,0.938881661188424,0.9651964887951916,0.983228408684886,0.9954813005290862
Hepatocyte_Chow_Animal3_Capture1_GCTGCGAGTGCAACTT,1.0413603647856,1.0646703911304507,1.078590428056352,1.0861328414348863
Hepatocyte_Chow_Animal3_Capture1_GCTGCGATCTGATACG,1.03491485747878,1.0526152659256245,1.0613433807673058,1.064076945152449
Hepatocyte_Chow_Animal3_Capture1_GCTGGGTGTGGAAAGA,1.05061261167934,1.0713165824843065,1.0826996608534267,1.0877947296880626
Hepatocyte_Chow_Animal3_Capture1_GGAAAGCAGGACGAAA,0.948937590823859,0.9702274283978428,0.9859297849555316,0.9981252129082164
Hepatocyte_Chow_Animal3_Capture1_GGCTCGACACCAACCG,1.00337905467199,1.0232899256225787,1.0343178917087508,1.0393526817201375
Hepatocyte_Chow_Animal3_Capture1_GTCAAGTAGTAGCGGT,0.968175807374937,0.9925334147857788,1.0084745882766435,1.0185816934368492
Hepatocyte_Chow_Animal3_Capture1_GTGCATAGTATATGGA,1.02452417985422,1.0366263979170782,1.0445814865691347,1.0504575192754515
Hepatocyte_Chow_Animal3_Capture1_GTTCTCGTCGCACTCT,1.00006049299225,1.02129105470518,1.0334866561883151,1.0395613596368598
Hepatocyte_Chow_Animal3_Capture1_TAAGCGTGTACTTCTT,1.02878624554053,1.0506488949792614,1.0649870970716828,1.0741354427750012
Hepatocyte_Chow_Animal3_Capture1_TAAGTGCCAAGAGTCG,1.02400408273912,1.0411039099479729,1.051492770551821,1.0575073141776203
Hepatocyte_Chow_Animal3_Capture1_TACAGTGTCCAATGGT,1.02778444620691,1.0554149550074978,1.07425567987922,1.0869564530651428
Hepatocyte_Chow_Animal3_Capture1_TACGGTAGTCCTCCAT,0.924593817386785,0.951143848261475,0.9708076114479957,0.985574700189432
Hepatocyte_Chow_Animal3_Capture1_TACTTGTAGAAGGGTA,1.03294422703097,1.050560772746499,1.0606673143581062,1.0657766533930275
Hepatocyte_Chow_Animal3_Capture1_TAGCCGGAGCTGAAAT,0.987450232501462,1.0104958071243089,1.0247985787407905,1.033110970663077
Hepatocyte_Chow_Animal3_Capture1_TCAACGACAATGTTGC,1.03002774086268,1.0475650960297067,1.0562777008390405,1.0590439829859273
Hepatocyte_Chow_Animal3_Capture1_TCAGGATTCTACTTAC,0.973410966966688,0.994093151017262,1.0058617981883835,1.0116201190747924
Hepatocyte_Chow_Animal3_Capture1_TCGGGACGTATGAAAC,1.02025297495802,1.0389614125313704,1.0505558305566771,1.0573390700600198
Hepatocyte_Chow_Animal3_Capture1_TGCGCAGGTACCGTAT,0.98645843977557,1.0091040753185467,1.0225888270354777,1.029866993467707
Hepatocyte_Chow_Animal3_Capture1_TGGTTAGCACCAACCG,1.02060469211958,1.0496923163580032,1.0703322545786953,1.085037033858532
Hepatocyte_Chow_Animal3_Capture1_TGTCCCATCCCTAATT,0.970073645665803,0.990769762531296,1.0040480368605038,1.012237289279846
Hepatocyte_Chow_Animal3_Capture1_TTATGCTGTTATGTGC,1.04116215841294,1.061094214839789,1.0724910113998456,1.0780797733604162
Hepatocyte_Chow_Animal1_Capture1_AAAGTAGAGGGCTTGA,0.988613155309257,0.9732909230696172,0.9552374439090184,0.9378506779760686
Hepatocyte_Chow_Animal1_Capture1_AAGGAGCAGGAGTACC,1.04313612372768,1.0342416622508477,1.0211180620770293,1.007261006410433
Hepatocyte_Chow_Animal1_Capture1_CATCCACCAGATGGGT,0.890828365782785,0.8811944434761585,0.8706821465236869,0.8619449796259172
Hepatocyte_Chow_Animal1_Capture1_CCACCTAGTTTGGCGC,1.04876424602206,1.027593754684924,1.006688659576526,0.9889600533590064
Hepatocyte_Chow_Animal1_Capture1_CCGTTCAGTTCCACAA,1.04714839018878,1.0267234457947028,1.0069418559020682,0.99065338763221
Hepatocyte_Chow_Animal1_Capture1_CGGACACTCACTATTC,0.952689449123114,0.94325293838797,0.931908741041552,0.9219142291425688
Hepatocyte_Chow_Animal1_Capture1_CGGACGTGTCACCTAA,0.942196565918378,0.9271706046357436,0.9115370909243564,0.8985177336957275
Hepatocyte_Chow_Animal1_Capture1_CGGAGTCTCAATCACG,0.904066726652256,0.8959424656296645,0.8864353424205876,0.8785756101678673
Hepatocyte_Chow_Animal1_Capture1_CTAGCCTCAAGTCTGT,0.90944963673416,0.8959519727121296,0.8820657610503901,0.8705530069739
Hepatocyte_Chow_Animal1_Capture1_CTCACACCAGTCACTA,1.04606087305864,1.024318793249527,1.0016423705031594,0.9815447008980672
Hepatocyte_Chow_Animal1_Capture1_CTCTAATGTAAGGGCT,1.03593123429798,1.016945338948347,0.9968470827045935,0.9786283183449304
Hepatocyte_Chow_Animal1_Capture1_GAATAAGCAGATCGGA,1.0346306309318,1.0332045344145753,1.0264381424844895,1.0169223810341883
Hepatocyte_Chow_Animal1_Capture1_GACTAACGTCTACCTC,0.955308435119659,0.9361934822584492,0.9171066207521664,0.900914505912202
Hepatocyte_Chow_Animal1_Capture1_GCTCTGTAGGGAAACA,1.04941902220046,1.0266121764775005,1.003057345207813,0.9821193624043778
Hepatocyte_Chow_Animal1_Capture1_GGACAAGCAAAGCAAT,1.04105622370388,1.0146567719633826,0.988986243694122,0.9670130086809504
Hepatocyte_Chow_Animal1_Capture1_GTGTTAGGTGAGGGAG,0.98318970335964,0.9675100066927682,0.9486029251332208,0.9297855640262102
Hepatocyte_Chow_Animal1_Capture1_GTTCATTAGATACACA,0.994180660747432,0.970886443173357,0.9473917769487168,0.9270632816863952
Hepatocyte_Chow_Animal1_Capture1_GTTTCTAAGAGGTAGA,0.953633905998363,0.9377679771273104,0.9212757859188426,0.9074085083075328
Hepatocyte_Chow_Animal1_Capture1_TCATTACTCACTTACT,1.04565830542752,1.022544246592234,0.9997856740582574,0.980407849242444
Hepatocyte_Chow_Animal1_Capture1_TCGTACCGTGATGCCC,1.05005119662583,1.0245733382670392,0.9988849047872884,0.9765751446857472
Hepatocyte_Chow_Animal1_Capture1_TCTCATATCCGTTGTC,1.03908609192512,1.0120475137022196,0.985830920878736,0.9635296628082628
Hepatocyte_Chow_Animal1_Capture1_TTTACTGAGACGCAAC,1.05821589458988,1.034778260482048,1.011518801553264,0.991513537842066
Hepatocyte_Chow_Animal1_Capture1_AAAGTAGGTCTGGAGA,1.13922787933706,1.1155183773232404,1.0880641362213297,1.0622069799055132
Hepatocyte_Chow_Animal1_Capture1_AAATGCCGTCCGAAGA,0.947164182628338,0.9273855939132892,0.9089516132096542,0.8946945580177017
Hepatocyte_Chow_Animal1_Capture1_AAGGAGCGTCCAGTGC,1.051039514573,1.026078978483281,1.0041812016847549,0.987705511363672
Hepatocyte_Chow_Animal1_Capture1_ACCGTAATCTGAGTGT,1.04886682812462,1.0237527417097825,1.0003801853660272,0.9820852434727652
Hepatocyte_Chow_Animal1_Capture1_ACTATCTTCCATGAAC,1.03536575805249,1.0077106285466384,0.9832588550371812,0.9643322626078544
Hepatocyte_Chow_Animal1_Capture1_AGATCTGCACTACAGT,0.960590722068667,0.9427318722186118,0.9243272883257456,0.9094137223123956
Hepatocyte_Chow_Animal1_Capture1_AGTCTTTGTTAAGGGC,1.02807085126017,1.0158432741239392,0.9997921588169576,0.9846906751568568
Hepatocyte_Chow_Animal1_Capture1_AGTGGGATCCGTTGTC,1.0367104100127,1.012353641627323,0.9906027475278416,0.9740140369770022
Hepatocyte_Chow_Animal1_Capture1_ATCATCTAGAAGGTGA,1.00451127640708,0.9799075187721528,0.957627049571374,0.9401825457944442
Hepatocyte_Chow_Animal1_Capture1_ATCTGCCAGCTCCCAG,1.04522724451388,1.0267226004122008,1.0073326908834983,0.9915179892436896
Hepatocyte_Chow_Animal1_Capture1_ATCTGCCAGGCTAGCA,1.0501866597992,1.026829023132239,1.0054588514087754,0.9891337623080432
Hepatocyte_Chow_Animal1_Capture1_CACCTTGAGCACAGGT,1.02876750139441,1.0041039743513904,0.9816428001369416,0.96430805280137
Hepatocyte_Chow_Animal1_Capture1_CAGTCCTGTGCCTGCA,0.876278734633206,0.8636932586573695,0.8526415432301949,0.8454183592019023
Hepatocyte_Chow_Animal1_Capture1_CCACCTAGTTGACGTT,1.04414912808967,1.0226956915827583,1.003649796215659,0.9896372202974192
Hepatocyte_Chow_Animal1_Capture1_CCATTCGGTACAGACG,1.04336909903423,1.020494284461739,0.9981769778038376,0.9802637730731788
Hepatocyte_Chow_Animal1_Capture1_CCGTTCATCTCATTCA,0.982864958572315,0.9608862003917532,0.9408004613589012,0.9253141468892156
Hepatocyte_Chow_Animal1_Capture1_CTACGTCGTACGCACC,0.787259728773736,0.777987394853309,0.769302958040424,0.7636073154121912
Hepatocyte_Chow_Animal1_Capture1_CTAGCCTTCTTCGGTC,1.10728505574959,1.095887140250127,1.0804547996815093,1.0647883497776989
Hepatocyte_Chow_Animal1_Capture1_CTCGGAGCAGACAGGT,1.0453761185877,1.0194357072501252,0.9932118900742324,0.9708968923879052
Hepatocyte_Chow_Animal1_Capture1_CTTACCGAGTCCCACG,1.11769310704473,1.0879253855510829,1.0610740607178166,1.0399925910906396
Hepatocyte_Chow_Animal1_Capture1_GAAGCAGTCTGGTTCC,1.04079775777779,1.0152430079016637,0.9921543975671626,0.9742912648049185
Hepatocyte_Chow_Animal1_Capture1_GAATGAACACACAGAG,1.05350374977747,1.0280543038335734,1.0053358376541572,0.9879883876635076
Hepatocyte_Chow_Animal1_Capture1_GACGGCTAGATCCTGT,0.957134121522971,0.936175710818336,0.9167239841815052,0.9015757918215106
Hepatocyte_Chow_Animal1_Capture1_GCCTCTACATAGAAAC,1.04657708870231,1.0162625109221668,0.9865358483802728,0.9614627900308608
Hepatocyte_Chow_Animal1_Capture1_GCGCCAAGTAGATTAG,1.0027813361399,0.9836878036147584,0.9651019959303117,0.9509291937803876
Hepatocyte_Chow_Animal1_Capture1_GCTCCTAGTTCCGTCT,1.04403109624038,1.0187099105348385,0.995482967817519,0.9774584336964408
Hepatocyte_Chow_Animal1_Capture1_GGGAATGAGTCCGTAT,0.971432889071559,0.95435892025398,0.938450758097439,0.9267061986825036
Hepatocyte_Chow_Animal1_Capture1_GGGACCTGTGTTAAGA,0.874585276729009,0.8583957620154699,0.8423217142105254,0.8299721843124002
Hepatocyte_Chow_Animal1_Capture1_GGTGCGTTCAATCTCT,1.04395182432265,1.023266163388853,1.0029861154519315,0.9869142802040302
Hepatocyte_Chow_Animal1_Capture1_GGTGCGTTCTATGTGG,1.03481367861529,1.0078193463944412,0.9808519565933932,0.9585249826093966
Hepatocyte_Chow_Animal1_Capture1_GTAACGTAGTGGTAGC,1.04827744964028,1.0220622193738775,0.9982657233701172,0.9798402365564826
Hepatocyte_Chow_Animal1_Capture1_GTCGGGTAGGATGTAT,1.03262027774795,1.0229358862523676,1.0091936269611586,0.9944803257967494
Hepatocyte_Chow_Animal1_Capture1_GTCTCGTTCTATGTGG,0.951460368580623,0.9392324052638528,0.9267186827768374,0.9177590238158174
Hepatocyte_Chow_Animal1_Capture1_TCTTCGGCATCAGTCA,1.03058210616902,1.005441456323225,0.9831564555744324,0.9662083919642098
Hepatocyte_Chow_Animal1_Capture1_TGCCAAAGTCAGAGGT,1.03665788264005,1.0171931519367623,0.999692184862116,0.98701261725452
Hepatocyte_Chow_Animal1_Capture1_TGCCCATTCCAAAGTC,0.976526899079057,0.9597556410383382,0.9445508528169276,0.9337490014440168
Hepatocyte_Chow_Animal1_Capture1_TGGGAAGTCGAGGTAG,1.04981942677946,1.0305172922659955,1.0117741892758518,0.997546942179267
Hepatocyte_Chow_Animal1_Capture1_TGTGGTAGTACCTACA,1.052765820181,1.029432917215479,1.0079900378775806,0.9915850479267806
Hepatocyte_Chow_Animal1_Capture1_TTGACTTTCACTCTTA,1.03665551987721,1.016368067414466,0.997618404120205,0.9835618524571408
Hepatocyte_Chow_Animal1_Capture1_TTTCCTCTCAGCCTAA,0.994223381477687,0.9819299893030704,0.9674977942955416,0.9558599514671025
Hepatocyte_Chow_Animal2_Capture1_AACTCCCGTAGGACAC,1.05059291721177,1.0302899541325117,1.0125126812191616,0.9997677170120152
Hepatocyte_Chow_Animal2_Capture1_CAACCTCTCGGCGCAT,1.01849999932461,0.9997815546164452,0.983366407831983,0.9717745426408764
Hepatocyte_Chow_Animal2_Capture1_CAACTAGTCTGGCGAC,1.04732242096256,1.0295090531678035,1.0137374106259327,1.0027840331652589
Hepatocyte_Chow_Animal2_Capture1_CGGACACCAACGCACC,0.994386262487727,0.9779622571150016,0.9636781260349008,0.9540046271848976
Hepatocyte_Chow_Animal2_Capture1_GCTTCCAGTTGGAGGT,1.04238153057691,1.020712625435726,1.0014430099709388,0.9871765319776016
Hepatocyte_Chow_Animal3_Capture1_CAGCATATCCTTCAAT,0.978529751966002,0.9647078040814532,0.9509612666491616,0.94107299750544
Hepatocyte_Chow_Animal3_Capture1_CGCTTCAAGGTAAACT,0.999524801018158,0.9824933827292944,0.9677328035261028,0.957649804081578
Hepatocyte_Chow_Animal3_Capture1_TCATTACGTTATCCGA,1.05110310367634,1.030013206210113,1.0114550140315364,0.9979590026173968
Hepatocyte_Chow_Animal1_Capture1_AAATGCCCATCGGTTA,1.04256624931318,1.019538180353207,0.996234010059024,0.975239183985183
Hepatocyte_Chow_Animal1_Capture1_AACTTTCTCTAACGGT,0.949086175908061,0.9428744317922504,0.9340745275888844,0.9251925855905256
Hepatocyte_Chow_Animal1_Capture1_ACATACGTCCGCAGTG,0.996914675015793,0.9792864531421368,0.9606394612257266,0.9443719222921768
Hepatocyte_Chow_Animal1_Capture1_ACATGGTTCTTCGAGA,1.10898840897911,1.0809447939966408,1.0518028279349392,1.0252689370738195
Hepatocyte_Chow_Animal1_Capture1_ACGCAGCCAGTAGAGC,1.04835013953195,1.0308206810914662,1.0111742657811098,0.9925298721515798
Hepatocyte_Chow_Animal1_Capture1_ACTGATGTCCGTCATC,1.04735705725383,1.0218753528327382,0.9962510322132252,0.9737037210981112
Hepatocyte_Chow_Animal1_Capture1_ACTGATGTCTCAAACG,0.943181305112156,0.9276335402906718,0.9119499512614464,0.8990000669504995
Hepatocyte_Chow_Animal1_Capture1_AGATCTGCACAGATTC,1.03801927628108,1.0280069834831098,1.0147453046122856,1.0015369995278574
Hepatocyte_Chow_Animal1_Capture1_AGCCTAAAGACGCACA,1.04056411125893,1.0212444047989175,1.0004848119984997,0.981600219314931
Hepatocyte_Chow_Animal1_Capture1_AGCGTATCATGTCGAT,0.937792730544345,0.9222621151683854,0.9062918252124792,0.8927449416553354
Hepatocyte_Chow_Animal1_Capture1_AGGCCACAGGTGATTA,0.987541952581179,0.9689482610110222,0.950069042600602,0.934092927713487
Hepatocyte_Chow_Animal1_Capture1_ATGAGGGCAGTTCATG,0.984351049566901,0.9688224480975228,0.9516492411418682,0.9360165896402328
Hepatocyte_Chow_Animal1_Capture1_ATGGGAGCAGGTGCCT,0.99149459997943,0.9815125252970716,0.968864475953478,0.9567122979452728
Hepatocyte_Chow_Animal1_Capture1_ATGTGTGCACGACGAA,1.0481799026942,1.0280657693730386,1.0055869047019637,0.9845740511753102
Hepatocyte_Chow_Animal1_Capture1_ATTATCCCATCGATGT,1.04328076575591,1.0193016792494058,0.9949723771229574,0.9733744525155806
Hepatocyte_Chow_Animal1_Capture1_CAGATCATCTGTCCGT,1.04335835452664,1.0260849868448592,1.00615569137956,0.9869264786750132
Hepatocyte_Chow_Animal1_Capture1_CATCGGGAGCCAGTAG,0.981527497536482,0.964048939185482,0.9454543465760312,0.9291575095699772
Hepatocyte_Chow_Animal1_Capture1_CCACTACCATCACGTA,1.0018904817441,0.9810962780269524,0.9610635092808064,0.944456302694835
Hepatocyte_Chow_Animal1_Capture1_CCTACACCAAAGTCAA,1.0031186711004,0.9855897956855474,0.965991142173608,0.9477714658374292
Hepatocyte_Chow_Animal1_Capture1_CCTAGCTAGGATATAC,1.04501549135185,1.022392392070537,0.99781260905751,0.9750896740437656
Hepatocyte_Chow_Animal1_Capture1_CCTCTGAAGAAACCGC,1.11402309189309,1.0895574042172294,1.06341113460937,1.0388378671977612
Hepatocyte_Chow_Animal1_Capture1_CCTCTGAAGTACGCCC,1.0677933509075,1.0471779485360952,1.0248975104192055,1.004777419817079
Hepatocyte_Chow_Animal1_Capture1_CCTTCCCCACTTGGAT,1.05075926918037,1.0263580679402573,1.0017031551656226,0.9800823756793832
Hepatocyte_Chow_Animal1_Capture1_CGAACATTCGTTACGA,1.1116465326974,1.0836916411339994,1.0546507314927658,1.0282575254042912
Hepatocyte_Chow_Animal1_Capture1_CGAGCCATCTTGGGTA,1.04954773020534,1.0299409985625665,1.0079183365698985,0.9873042285392803
Hepatocyte_Chow_Animal1_Capture1_CGCTATCTCATGCTCC,1.04710512335157,1.017963212075352,0.9900046948178448,0.9660625654871904
Hepatocyte_Chow_Animal1_Capture1_CGCTGGAAGCAGGTCA,0.987379686107451,0.9688741888199351,0.9501870808515924,0.9341741282116738
Hepatocyte_Chow_Animal1_Capture1_CGGACGTAGCATGGCA,0.991829395922834,0.9762361890512028,0.9586252702199184,0.9422918351825332
Hepatocyte_Chow_Animal1_Capture1_CTAAGACGTATTCGTG,1.04196203657361,1.0280471381701373,1.0116234417384424,0.9955658694007152
Hepatocyte_Chow_Animal1_Capture1_CTACCCACAGTGGGAT,1.02696371184249,1.0166298419771542,1.0022624055935836,0.9864570537270432
Hepatocyte_Chow_Animal1_Capture1_CTACGTCCATCGACGC,1.04457035092589,1.0206081415016517,0.997003168002484,0.976781402473042
Hepatocyte_Chow_Animal1_Capture1_CTACGTCTCCAAGTAC,1.04681887473102,1.0230633605947907,0.9984553402617994,0.9763016496823028
Hepatocyte_Chow_Animal1_Capture1_CTCATTAGTTGAGTTC,0.972415670182662,0.953992534871088,0.9353815875150208,0.9194872537915212
Hepatocyte_Chow_Animal1_Capture1_CTCGAAAAGCCGATTT,1.03772496393966,1.0225986719497968,1.0064421103999437,0.9915425398118872
Hepatocyte_Chow_Animal1_Capture1_CTCTGGTTCACTCCTG,0.954596631666617,0.9410128403608128,0.9271466995557428,0.9159938217210636
Hepatocyte_Chow_Animal1_Capture1_CTGAAACTCAACGGCC,0.992086531785562,0.978166210267258,0.9627417080020236,0.9490651806413186
Hepatocyte_Chow_Animal1_Capture1_CTGCGGAGTAGCCTCG,1.04744510151319,1.0229070622939915,0.9980507535296096,0.9761842054009352
Hepatocyte_Chow_Animal1_Capture1_GACACGCCACGTTGGC,1.03791333470171,1.0209098929534224,1.001062074736361,0.9820910762922878
Hepatocyte_Chow_Animal1_Capture1_GACAGAGCAAGTACCT,0.862061439168762,0.8498123096667458,0.8366336699745179,0.8251030797546287
Hepatocyte_Chow_Animal1_Capture1_GACGGCTCAAAGCGGT,1.05492060871271,1.0288539136522334,1.0034942983308994,0.9818004333577908
Hepatocyte_Chow_Animal1_Capture1_GCAATCAGTCGGATCC,1.03836551190826,1.0184976958220873,0.9979049569785216,0.9799641257628277
Hepatocyte_Chow_Animal1_Capture1_GCAGTTAGTCGTGGCT,0.996257141036743,0.9674662582106413,0.9397292197085788,0.9159659028666364
Hepatocyte_Chow_Animal1_Capture1_GCATGATGTTAGGGTG,0.987542951274392,0.9992690915979464,1.0029442508124542,1.0013573362719628
Hepatocyte_Chow_Animal1_Capture1_GCATGATTCTTGACGA,0.981823166305523,0.9664059159947738,0.9495935288464435,0.9346707763551148
Hepatocyte_Chow_Animal1_Capture1_GCTGCAGGTCCAACTA,1.04284040711907,1.0317956339054335,1.017593012078508,1.003837767315796
Hepatocyte_Chow_Animal1_Capture1_GGCCGATCACATCTTT,0.960678741020888,0.945382569360436,0.9283048110070764,0.912446797408573
Hepatocyte_Chow_Animal1_Capture1_GGCTCGACAACACCCG,1.0422764054732,1.0173865432024374,0.9926427550709366,0.9710964481892326
Hepatocyte_Chow_Animal1_Capture1_GTAGGCCTCGGGAGTA,1.04928158509129,1.0289705424189814,1.0072618555743509,0.9875910429155554
Hepatocyte_Chow_Animal1_Capture1_GTATCTTGTGATGTGG,1.05750739177424,1.0546834898882032,1.049013272952995,1.0439886258261504
Hepatocyte_Chow_Animal1_Capture1_GTGTGCGTCGCATGAT,0.980483622470066,0.9643804611657948,0.9462195796643408,0.9289851614656308
Hepatocyte_Chow_Animal1_Capture1_GTGTGCGTCGCGTTTC,1.0412514592007,1.0307140345093382,1.01662470221155,1.001779540827462
Hepatocyte_Chow_Animal1_Capture1_TAAGAGAGTAGTGAAT,0.948778613149383,0.9319744335047304,0.914079886474444,0.898321799584878
Hepatocyte_Chow_Animal1_Capture1_TAAGCGTTCCGAACGC,1.04501908539705,1.024381398953024,1.0022158577842848,0.9818094892270508
Hepatocyte_Chow_Animal1_Capture1_TACCTATCAGTAGAGC,0.945657253018027,0.9293787304104716,0.9112323800169858,0.8946503218764476
Hepatocyte_Chow_Animal1_Capture1_TACCTATGTTGCGTTA,1.03576058155077,1.0076487950656343,0.9809354606941296,0.9583928001037804
Hepatocyte_Chow_Animal1_Capture1_TCAATCTAGTACGTTC,0.917305035507358,0.9066951564301116,0.8945490146044335,0.8838716270603904
Hepatocyte_Chow_Animal1_Capture1_TCAGGATAGCCACGTC,1.04965936559795,1.0314615119340549,1.0126838260028572,0.9968070848492564
Hepatocyte_Chow_Animal1_Capture1_TGAAAGACACCACGTG,0.941385176736824,0.9303037286986284,0.918435389554301,0.9087943034529896
Hepatocyte_Chow_Animal1_Capture1_TGTGTTTTCTGTGCAA,0.922995232635616,0.9087260026796596,0.8936180317901952,0.8808194468131308
Hepatocyte_Chow_Animal1_Capture1_TTCTCCTAGTAGCCGA,1.05111071911464,1.023851575893211,0.9973989134409,0.974823649585042
Hepatocyte_Chow_Animal1_Capture1_TTTCCTCCAGTCGTGC,1.05070491023318,1.0292715856157204,1.006853030332284,0.9869015804921232
Hepatocyte_Chow_Animal2_Capture1_GCACTCTTCGATGAGG,1.01255246463387,1.0421237682833475,1.062866785242097,1.0773427069403143
Hepatocyte_Chow_Animal3_Capture1_ACACCAACATGCGCAC,0.95003980544991,0.939808823585452,0.928910595538988,0.9203741054233712
Hepatocyte_Chow_Animal1_Capture1_AACCGCGCAGATGGCA,0.937540340328939,0.9305215207915748,0.920477443562901,0.9107977307218194
Hepatocyte_Chow_Animal1_Capture1_AAGTCTGCAGTATGCT,0.918911472357499,0.9064489766795024,0.8919292514268943,0.8789667839380044
Hepatocyte_Chow_Animal1_Capture1_AATCCAGAGCCACTAT,1.02212226416532,1.0469665618039987,1.0668594520170314,1.083921983983214
Hepatocyte_Chow_Animal1_Capture1_CCTTTCTTCCTTCAAT,1.04117700533777,1.0221644509537116,1.0019269460918565,0.9838209293355492
Hepatocyte_Chow_Animal1_Capture1_CGAGCCATCTCGCATC,0.917047405393703,0.9166160393039796,0.9130572378113502,0.9085751488483502
Hepatocyte_Chow_Animal1_Capture1_CGTGTAAAGCTTTGGT,1.02965011219996,1.0098566958392603,0.9898270847743392,0.9722801014216412
Hepatocyte_Chow_Animal1_Capture1_CTCGAAAAGACTGGGT,0.980614262061481,0.9647547739299868,0.9473431032240996,0.9311538349578148
Hepatocyte_Chow_Animal1_Capture1_CTCGGGACACTCAGGC,1.04340849709909,1.0177666075691445,0.9920191677071448,0.9690284235466916
Hepatocyte_Chow_Animal1_Capture1_CTCGTCACACATGACT,1.02124531265566,1.0532014065587,1.079739203060391,1.1029310588519703
Hepatocyte_Chow_Animal1_Capture1_CTTACCGCACGGTAAG,1.02873638383386,1.0090403229846148,0.9896006010883592,0.973276931478664
Hepatocyte_Chow_Animal1_Capture1_GCAGTTAGTTACGCGC,1.03915129541533,1.0211667726246068,1.0019985042620314,0.984447522449502
Hepatocyte_Chow_Animal1_Capture1_GCGCAACAGAATGTTG,0.946863400303098,0.9737438651749106,0.9957447992721524,1.0147538334550106
Hepatocyte_Chow_Animal1_Capture1_GGACATTCATGCAACT,1.01451801355939,1.0242377566109246,1.0312784089961684,1.0377713055537612
Hepatocyte_Chow_Animal1_Capture1_GTCACAAGTTTAGCTG,1.03213511808478,1.026215199118364,1.019282784965965,1.013399633426144
Hepatocyte_Chow_Animal1_Capture1_GTTACAGAGTGACTCT,0.976775631517672,0.9617099939518748,0.9464714278732388,0.933827933825422
Hepatocyte_Chow_Animal1_Capture1_TAGCCGGTCCGCGCAA,0.896796968977414,0.8781495641982312,0.8589641179990738,0.8419947171539848
Hepatocyte_Chow_Animal1_Capture1_TAGTGGTCATCCCACT,1.02251991401119,1.0557224478466989,1.0829211660681757,1.1063297802373246
Hepatocyte_Chow_Animal1_Capture1_TTCGGTCCAATCGAAA,1.0356312141675,1.0696892435510303,1.0982779655189616,1.1235752709897435
Hepatocyte_Chow_Animal1_Capture1_TTGGCAACATACAGCT,1.02656037791244,1.0395129479912766,1.050419879158866,1.061397010971688
Hepatocyte_Chow_Animal1_Capture1_TTTATGCGTGTGAATA,0.960035247428279,0.9430803186200164,0.925285923671169,0.9095543260027016
Hepatocyte_Chow_Animal2_Capture1_ATCCACCTCGAATGCT,1.01133758252166,1.0297964726888942,1.0424388339188504,1.051504609379052
Hepatocyte_Chow_Animal2_Capture1_ATTGGTGTCCCGACTT,0.991809582036356,0.9830820469434184,0.9735412399481914,0.9651779628872352
Hepatocyte_Chow_Animal2_Capture1_CTCTAATAGTTAACGA,0.979397374208077,0.978667055462551,0.9762049512336788,0.9741787592879656
Hepatocyte_Chow_Animal3_Capture1_CTGAAGTCAGTCCTTC,0.924748831763692,0.9558775478896808,0.983278579749093,1.0086378295527645
Hepatocyte_Chow_Animal3_Capture1_GTGCAGCAGTAGCCGA,1.03005406123515,1.0597229883574726,1.084518430727951,1.106600742156114
Hepatocyte_Chow_Animal3_Capture1_TTTGTCATCGGTGTTA,1.03873802470897,1.017339033878294,0.9964516077958688,0.978081336240708
Hepatocyte_Chow_Animal1_Capture1_AAGGTTCCACTCTGTC,1.03642066465512,1.0283813389617975,1.015303589115201,1.0000736571944364
Hepatocyte_Chow_Animal1_Capture1_ACGCCAGGTAAGTTCC,0.996573572866613,0.9837757863971276,0.9689135921558224,0.9551290604384892
Hepatocyte_Chow_Animal1_Capture1_ACGCCAGTCATCTGTT,0.928508959072783,0.9115863213561344,0.8930160672683704,0.8752321847588744
Hepatocyte_Chow_Animal1_Capture1_ACTTACTTCACGACTA,1.03236059331453,1.0169284020732636,0.9990735833886736,0.9820429064474232
Hepatocyte_Chow_Animal1_Capture1_AGTCTTTCAATTGCTG,1.05018910170783,1.0309508714875268,1.0112472044042775,0.9941099209682608
Hepatocyte_Chow_Animal1_Capture1_AGTGAGGCAAGTCATC,0.98761290286217,0.9786244827802604,0.9668378015163672,0.9553676941733442
Hepatocyte_Chow_Animal1_Capture1_CAACTAGTCTTAGAGC,1.03808326479192,1.0336404249313342,1.0251984101978402,1.0152070957480146
Hepatocyte_Chow_Animal1_Capture1_CAAGATCAGGGTCTCC,1.00983154287001,0.9911507336748764,0.9702488578046666,0.9507786327967428
Hepatocyte_Chow_Animal1_Capture1_CAAGATCTCGCAGGCT,1.03320536412712,1.0323753741617905,1.0274420001118667,1.020911644835092
Hepatocyte_Chow_Animal1_Capture1_CACACAAAGATTACCC,1.04599078940375,1.0233555487401935,1.0006014197256468,0.98093570261234
Hepatocyte_Chow_Animal1_Capture1_CACAGTATCGGCTTGG,1.00748615620018,0.9934473760607796,0.9785448952267832,0.9659417982233516
Hepatocyte_Chow_Animal1_Capture1_CACATTTAGCGTAGTG,1.01876191442847,1.0071655209911257,0.9943493486852172,0.9835176439109066
Hepatocyte_Chow_Animal1_Capture1_CAGCAGCTCTGGCGAC,0.973768489466499,0.9628367410052692,0.9492828562070248,0.9366705425812056
Hepatocyte_Chow_Animal1_Capture1_CAGTAACTCTTGCCGT,1.02540294679772,1.0109220547213256,0.993839298597808,0.9773598483154275
Hepatocyte_Chow_Animal1_Capture1_CCACTACGTCTTCTCG,1.02204733444997,1.01852732012355,1.0105071033632491,1.000488892892629
Hepatocyte_Chow_Animal1_Capture1_CCTATTAGTACAGCAG,1.00674946637502,1.0052621741860144,0.9999054188429336,0.9935035336264176
Hepatocyte_Chow_Animal1_Capture1_CCTTCGAAGTTCGCAT,1.0354993127026,1.0240609996204877,1.009776493710642,0.9952321690332252
Hepatocyte_Chow_Animal1_Capture1_CCTTCGACACCGAATT,0.995234977104794,0.9879564584521392,0.9773024788829096,0.9661797267555924
Hepatocyte_Chow_Animal1_Capture1_CCTTCGATCCGAGCCA,1.05310566459028,1.0311518246092046,1.0081915116359583,0.9875245524978212
Hepatocyte_Chow_Animal1_Capture1_CCTTTCTTCAACACTG,1.04538202884015,1.0330277785620536,1.0163325856841618,0.9985632845875728
Hepatocyte_Chow_Animal1_Capture1_CGGGTCATCGTCTGCT,1.03657485196375,1.0177045528595303,0.99597196472813,0.9742443111706308
Hepatocyte_Chow_Animal1_Capture1_CGTCTACTCATGTGGT,1.02279677220291,1.0109266478521022,0.9957112886534448,0.9795689844856642
Hepatocyte_Chow_Animal1_Capture1_CGTTAGAAGAGGTACC,0.910876887969544,0.9044206056715192,0.8951905349588529,0.8861988832279719
Hepatocyte_Chow_Animal1_Capture1_CTAAGACTCAACACCA,1.02079373867534,1.018169392358614,1.010377322996972,1.0000429772731665
Hepatocyte_Chow_Animal1_Capture1_CTACCCATCCGAGCCA,1.00397161240276,0.9868341164046291,0.9678091001438788,0.9498888566293509
Hepatocyte_Chow_Animal1_Capture1_CTAGTGAGTCACCCAG,1.01823854994731,1.0019038655234094,0.9828756321528772,0.9648353571953818
Hepatocyte_Chow_Animal1_Capture1_CTCACACCATAGACTC,1.00265073987468,0.9901082580880806,0.975239364360814,0.9609390925602216
Hepatocyte_Chow_Animal1_Capture1_CTCGAAAAGCCCAGCT,1.03695321517225,1.0173540059066093,0.9979760811234843,0.9816873291360394
Hepatocyte_Chow_Animal1_Capture1_CTCTAATTCATAAAGG,1.0493083046863,1.0287881512940562,1.0066185837253,0.9861244000653512
Hepatocyte_Chow_Animal1_Capture1_CTCTGGTCAGCCTTTC,1.05234710461855,1.0267163463119746,1.0012520654695327,0.979158108765424
Hepatocyte_Chow_Animal1_Capture1_CTCTGGTTCAGCTCTC,1.04947580596447,1.02824165380677,1.0073913190829176,0.9899094959524352
Hepatocyte_Chow_Animal1_Capture1_GATGAAACAAACGCGA,1.00532949840529,0.9896186192029688,0.9722327368382764,0.9566448043415016
Hepatocyte_Chow_Animal1_Capture1_GATGAGGCACTTAAGC,1.15752759893603,1.1479961509566503,1.1339631084861954,1.1184272579590908
Hepatocyte_Chow_Animal1_Capture1_GATGCTATCTGCTGCT,0.922210459922365,0.915992037230232,0.9063834126986724,0.8956316406504888
Hepatocyte_Chow_Animal1_Capture1_GCATGCGAGATCACGG,1.02785643378938,1.025772306335053,1.019254772705543,1.0108474918227164
Hepatocyte_Chow_Animal1_Capture1_GCGGGTTAGCGAGAAA,1.02114871946972,1.016388051925802,1.0083891310830306,0.9996935992475432
Hepatocyte_Chow_Animal1_Capture1_GGACAGATCCTAGTGA,0.962585263820931,0.9583063846744628,0.9505505604951624,0.9421489032374972
Hepatocyte_Chow_Animal1_Capture1_GTATTCTTCCTCCTAG,1.03430890867999,1.02259067171317,1.0079561381269333,0.9930382613573044
Hepatocyte_Chow_Animal1_Capture1_GTTCATTAGAAACCTA,1.11353629369411,1.085242775914654,1.0545064415356813,1.0255498302198902
Hepatocyte_Chow_Animal1_Capture1_TAAACCGTCACTTATC,0.960643829980244,0.938826718886634,0.917502986792339,0.8993314597351862
Hepatocyte_Chow_Animal1_Capture1_TACCTTATCTGGCGAC,1.02119127229506,1.017890254732032,1.0099274752929186,0.9998485965589422
Hepatocyte_Chow_Animal1_Capture1_TACTTGTGTGCGATAG,0.990302475171068,0.9783638101668656,0.9643747574270178,0.9511169854791076
Hepatocyte_Chow_Animal1_Capture1_TAGACCAAGAATCTCC,1.0522163021944,1.0250124785596066,0.9978072694390232,0.9739459232393368
Hepatocyte_Chow_Animal1_Capture1_TATCTCACAGCGAACA,0.965100969481604,0.9690018456077496,0.96879960608601,0.9677185449411616
Hepatocyte_Chow_Animal1_Capture1_TCAATCTGTCTAACGT,0.848928135292662,0.8436715815602556,0.8353838059026849,0.8270036740053345
Hepatocyte_Chow_Animal1_Capture1_TCACGAATCTTCAACT,0.964861468573519,0.955450749402476,0.9435568039614692,0.932090517203774
Hepatocyte_Chow_Animal1_Capture1_TCGTAGAGTTGGAGGT,1.02241038816327,1.0043076061060694,0.9848312150780608,0.9674775240933932
Hepatocyte_Chow_Animal1_Capture1_TCTATTGAGACAATAC,1.04261498368186,1.0122974779681415,0.9824641438386676,0.9562544986960282
Hepatocyte_Chow_Animal1_Capture1_TGAAAGAAGTCCTCCT,1.05611912796752,1.0400537845021771,1.020747122674306,1.0016718271822225
Hepatocyte_Chow_Animal1_Capture1_TGAGAGGGTTAAGATG,1.00055509398657,0.9882426545161952,0.9738646398498326,0.9604102379120246
Hepatocyte_Chow_Animal1_Capture1_TGCCCTAAGCCACGTC,1.03956603827431,1.0236439557085504,1.0049850819123378,0.9867400669648848
Hepatocyte_Chow_Animal1_Capture1_TTATGCTGTGTTGAGG,1.03559533936778,1.00965861403728,0.9828027526201346,0.9575062745433308
Hepatocyte_Chow_Animal1_Capture1_TTGGAACTCGCGATCG,1.02829370186374,1.014962008065494,0.9980078810979236,0.9799077204923616
Hepatocyte_Chow_Animal1_Capture1_TTGGCAAAGTAATCCC,0.981706598415519,0.9741241411413674,0.9635778144709836,0.9529453938784292
Hepatocyte_Chow_Animal1_Capture1_TTTACTGCAAATCCGT,1.03987975194786,1.0092956681753964,0.9787202175947564,0.9513356555132104
Hepatocyte_Chow_Animal3_Capture1_TTCTTAGCAATAGCAA,1.03406619919286,1.0312873046911202,1.0245277966891295,1.0163347666838982
Hepatocyte_Chow_Animal3_Capture1_TTGAACGTCCAAAGTC,1.03495245295172,1.0281103830800915,1.0176953604078618,1.0061883091725283
Hepatocyte_Chow_Animal1_Capture1_CGAGCCAGTCTCCATC,1.00046581042818,0.984410879362944,0.9669072983671784,0.951000951274996
Hepatocyte_Chow_Animal1_Capture1_CGATGGCGTCATTAGC,1.04469830907302,1.0196712798436305,0.9954474470072332,0.9749751849472892
Hepatocyte_Chow_Animal1_Capture1_CTACCCACAGCTCGCA,1.03635925972638,1.01706111808475,0.9961044868391574,0.9769435215003808
Hepatocyte_Chow_Animal1_Capture1_CTAGCCTAGGTGCTTT,1.03392436108101,1.0108729104157348,0.9886371081980282,0.9700060613391904
Hepatocyte_Chow_Animal1_Capture1_GCGCAGTTCCAGATCA,1.1148203239848,1.089839477917916,1.0651239779302877,1.044043240519858
Hepatocyte_Chow_Animal1_Capture1_TACTCGCCATGTCTCC,1.03953076354358,1.017300119383307,0.9947511671494252,0.975238057021966
Hepatocyte_Chow_Animal1_Capture1_TCAACGATCTGTACGA,1.11183346892883,1.0845009134112176,1.055970321386642,1.0300174850356212
Hepatocyte_Chow_Animal1_Capture1_TCATTACGTGTGAATA,1.04292131502133,1.0224714392166523,1.0002575749805676,0.9800328457583988
Hepatocyte_Chow_Animal1_Capture1_AGACGTTCAGGATCGA,1.04932000729332,1.0270003117539872,1.0055755603726464,0.9877890779392714
Hepatocyte_Chow_Animal1_Capture1_ATAGACCAGCCACTAT,1.04012727934921,1.0298832189345908,1.0191090874698927,1.0107066250020822
Hepatocyte_Chow_Animal1_Capture1_CATCGGGAGGGTGTTG,1.04147789866102,1.0172524245813157,0.9936013209146144,0.97346975158853
Hepatocyte_Chow_Animal1_Capture1_CCCATACCATCGATGT,1.06572805059686,1.0466896366953795,1.0269436426676568,1.0097040734171974
Hepatocyte_Chow_Animal1_Capture1_TAGGCATCAGGGTACA,1.04930757897845,1.0439191820712903,1.0363059206920635,1.0297155334387242
Hepatocyte_Chow_Animal1_Capture1_TTAGTTCTCAACGGGA,1.05847601803839,1.0429462692526643,1.0272108450752495,1.014211927148151
Hepatocyte_Chow_Animal1_Capture1_TTTGTCATCGCAAGCC,1.03605953102108,1.02959172766062,1.019609721781355,1.0085909808301496
Hepatocyte_Chow_Animal3_Capture1_TACCTTATCGGCTTGG,1.12374463715918,1.1012674195838177,1.0798679747355209,1.0624212473237646
Hepatocyte_15weeks_Animal2_Capture2_AAACCTGCAGCGTAAG,1.02047700286559,1.0199377449798708,1.0177646375785654,1.015337049474777
Hepatocyte_15weeks_Animal2_Capture2_AAACGGGCAGCTCGCA,1.02361225234846,1.0270390335801756,1.0293462622759475,1.031549848016714
Hepatocyte_15weeks_Animal2_Capture2_AAAGATGAGAAGGTTT,0.944853836873149,0.953478065079686,0.9606908807472292,0.9674562823223322
Hepatocyte_15weeks_Animal2_Capture2_AAAGATGCAGTTCATG,0.951038964618407,0.955776671286912,0.958597161325504,0.9607981280928204
Hepatocyte_15weeks_Animal2_Capture2_AAAGTAGGTTATTCTC,0.917575160828757,0.9235000677534062,0.928238398582408,0.9327186886751166
Hepatocyte_15weeks_Animal2_Capture2_AACACGTGTCTCCACT,1.01741859867087,1.0169698662638085,1.0153704135234798,1.0137048462310143
Hepatocyte_15weeks_Animal2_Capture2_AACACGTGTTCCACTC,1.0172735838129,1.0164165860874186,1.01369890610364,1.0106075223584077
Hepatocyte_15weeks_Animal2_Capture2_AACACGTTCGGTGTTA,0.981309861727673,0.9926834965876892,1.002598052063452,1.0120031147257955
Hepatocyte_15weeks_Animal2_Capture2_AACCGCGAGCTGCAAG,1.02801154485898,1.0322309957663396,1.0352779347936554,1.0381219559877577
Hepatocyte_15weeks_Animal2_Capture2_AACCGCGTCACGATGT,1.03538482295073,1.039155707575385,1.0417076807761405,1.0440602764675109
Hepatocyte_15weeks_Animal2_Capture2_AACCGCGTCGACAGCC,1.02307637651929,1.0240316081991645,1.0237829321636287,1.0234150221457483
Hepatocyte_15weeks_Animal2_Capture2_AACTCTTAGCCTATGT,0.94367307423219,0.9456410699022612,0.9460004346026226,0.9459657191071532
Hepatocyte_15weeks_Animal2_Capture2_AACTTTCAGAAGGACA,0.94662381864401,0.9514815451242324,0.9550729265451652,0.9583565237945948
Hepatocyte_15weeks_Animal2_Capture2_AACTTTCCATTATCTC,1.02693368568407,1.0248693657411068,1.0215662870870224,1.0182904995083044
Hepatocyte_15weeks_Animal2_Capture2_AAGACCTTCCTGCCAT,1.01914052255766,1.0149757603506977,1.009901903620306,1.0050045151073086
Hepatocyte_15weeks_Animal2_Capture2_AAGCCGCGTAACGTTC,1.02011787858413,1.0213486937934932,1.0217084390825828,1.022160610190392
Hepatocyte_15weeks_Animal2_Capture2_AAGGAGCGTTCAGACT,1.08574882660329,1.0946039791799231,1.1019370579350871,1.1088151363571703
Hepatocyte_15weeks_Animal2_Capture2_AAGGCAGAGCCCAATT,0.969155053415734,0.9713780193807504,0.9721262770053178,0.972595257801105
Hepatocyte_15weeks_Animal2_Capture2_AAGGCAGCATCCGGGT,1.03178193836002,1.0342120715967649,1.0355007719935465,1.0367019805021258
Hepatocyte_15weeks_Animal2_Capture2_AAGGTTCCACCAGGTC,1.01829356475201,1.02235347579808,1.025256472285513,1.027979101983496
Hepatocyte_15weeks_Animal2_Capture2_AAGTCTGCAATGAATG,1.01929728226654,1.0250699773464436,1.0296518656367502,1.0340448191221976
Hepatocyte_15weeks_Animal2_Capture2_AAGTCTGGTGAAGGCT,1.02502808729911,1.0246673248468323,1.0231508819577713,1.0215727683806186
Hepatocyte_15weeks_Animal2_Capture2_AATCGGTGTTTGTTTC,0.9459901575244,0.9484131041687508,0.9495925619671384,0.9505589173004312
Hepatocyte_15weeks_Animal2_Capture2_ACACCAAAGTGCAAGC,1.02262917084042,1.021860146197099,1.01999594475983,1.0181439665632042
Hepatocyte_15weeks_Animal2_Capture2_ACACCAACATGTAAGA,1.02522081406557,1.022748692711519,1.018321356307866,1.013473764806089
Hepatocyte_15weeks_Animal2_Capture2_ACACCAAGTCTCCATC,1.01873985762567,1.016992463720019,1.0126578402837334,1.0075185394334587
Hepatocyte_15weeks_Animal2_Capture2_ACACCCTCACTAAGTC,0.942858301046223,0.9491213801786572,0.9540735939677308,0.9586451744304554
Hepatocyte_15weeks_Animal2_Capture2_ACACCGGGTCGCGAAA,0.979000400269241,0.9856745312907674,0.9894443300314346,0.9919458092771778
Hepatocyte_15weeks_Animal2_Capture2_ACACCGGGTTCCCGAG,1.02027164541729,1.018127769952651,1.014046195187482,1.009528143132233
Hepatocyte_15weeks_Animal2_Capture2_ACAGCCGAGTGGTAGC,1.01370733909173,1.0113428143289445,1.0071925150614358,1.002743814621242
Hepatocyte_15weeks_Animal2_Capture2_ACATGGTCAATGCCAT,1.02127089772522,1.026303789468198,1.0301861255359328,1.0339000829845149
Hepatocyte_15weeks_Animal2_Capture2_ACCAGTATCAGAGCTT,1.02362051682494,1.019451824059074,1.0145228054660749,1.0098612406706913
Hepatocyte_15weeks_Animal2_Capture2_ACCCACTAGTGGGATC,1.03791736304878,1.0422109191053808,1.0451091476761043,1.047699463028914
Hepatocyte_15weeks_Animal2_Capture2_ACCCACTGTCTAAACC,0.911145060303153,0.911640009211286,0.9109784579710664,0.9102340299530264
Hepatocyte_15weeks_Animal2_Capture2_ACCTTTAAGAATGTTG,1.01704793090196,1.0119495946262564,1.0058258899865664,0.999886893838934
Hepatocyte_15weeks_Animal2_Capture2_ACCTTTACAAGGTTCT,1.01315715556372,1.010056857565616,1.0052264150297174,1.0001839102822092
Hepatocyte_15weeks_Animal2_Capture2_ACGAGCCTCGTCTGCT,0.942267420116987,0.9474546671380788,0.9512388227608884,0.9546576608515496
Hepatocyte_15weeks_Animal2_Capture2_ACGATACGTAAGAGAG,1.03020487532064,1.03454044899383,1.0375729982149644,1.0403228884111293
Hepatocyte_15weeks_Animal2_Capture2_ACGATGTTCACCCTCA,1.02690018651065,1.029889509258475,1.0316817125593278,1.0333214510658797
Hepatocyte_15weeks_Animal2_Capture2_ACGATGTTCACGGTTA,1.01538237651581,1.0172474551348696,1.015319851816271,1.011859209447923
Hepatocyte_15weeks_Animal2_Capture2_ACGCCAGAGTATTGGA,0.977787569624058,0.9875996284136628,0.9960590338455916,1.0041044564060904
Hepatocyte_15weeks_Animal2_Capture2_ACGCCAGTCCCTGACT,1.02038892680617,1.0168533940196527,1.012296305138726,1.0078272488996716
Hepatocyte_15weeks_Animal2_Capture2_ACGGAGACACAACGCC,0.992349991950022,1.0005180433175498,1.0073542505855098,1.0137843572283092
Hepatocyte_15weeks_Animal2_Capture2_ACGGAGAGTGTATGGG,0.914118793778998,0.927191785199826,0.9389046870793876,0.950086669280202
Hepatocyte_15weeks_Animal2_Capture2_ACGGCCACAAGGCTCC,1.01786301103806,1.014227933390885,1.0093369577855649,1.00453739471044
Hepatocyte_15weeks_Animal2_Capture2_ACGGCCACATCACGAT,1.00045533621668,1.006961681745974,1.0120796231793618,1.0168026637271246
Hepatocyte_15weeks_Animal2_Capture2_ACGGGCTCATGGTAGG,0.922044473172221,0.9263015928591278,0.9290605548877072,0.9314830554162258
Hepatocyte_15weeks_Animal2_Capture2_ACGGGCTTCGTCACGG,0.921148210803406,0.9271270803468408,0.9319962780806108,0.93666443396974
Hepatocyte_15weeks_Animal2_Capture2_ACGTCAATCCGCGCAA,0.93732511681986,0.9396872923571724,0.9410278506340698,0.9422749871893942
Hepatocyte_15weeks_Animal2_Capture2_ACTGAACAGGGCTCTC,1.01898861366306,1.0254800955294174,1.0307413994719403,1.0357501571428764
Hepatocyte_15weeks_Animal2_Capture2_ACTGATGTCTGCCAGG,1.01564689638781,1.0152029928020745,1.01288924014094,1.0102282354674292
Hepatocyte_15weeks_Animal2_Capture2_ACTTACTTCATTATCC,0.860578233397719,0.8694193490615085,0.8767326223306696,0.8835274985696902
Hepatocyte_15weeks_Animal2_Capture2_ACTTGTTTCCTGCCAT,1.02295537251617,1.0241440621287974,1.0231099719867525,1.0214494376915346
Hepatocyte_15weeks_Animal2_Capture2_ACTTTCACACTCGACG,0.988091128535765,0.9972852764542912,1.0050507568949656,1.0123615617494417
Hepatocyte_15weeks_Animal2_Capture2_AGAATAGTCACGACTA,0.853953649824947,0.8595767317855724,0.8640952254710482,0.8683547705218105
Hepatocyte_15weeks_Animal2_Capture2_AGAGCGATCTGTCTCG,0.826674617468904,0.8332979448314751,0.8378803522289627,0.8417234354686772
Hepatocyte_15weeks_Animal2_Capture2_AGAGCTTAGATCTGCT,0.91916159729713,0.9256311144269808,0.9309261381641308,0.9360510540424792
Hepatocyte_15weeks_Animal2_Capture2_AGATCTGCACCGATAT,1.02120608282932,1.0230897993364516,1.0236391568109486,1.0239522264091694
Hepatocyte_15weeks_Animal2_Capture2_AGATTGCTCCCAACGG,1.00635201383988,1.0149318595743566,1.0220283320032617,1.0286636549108523
Hepatocyte_15weeks_Animal2_Capture2_AGCATACTCCACGTTC,1.03165621073378,1.0360631461492882,1.0392956149564687,1.0422956369391572
Hepatocyte_15weeks_Animal2_Capture2_AGCGGTCAGATGTAAC,1.01900560249669,1.0187427497207358,1.0172369983747545,1.0156097855936352
Hepatocyte_15weeks_Animal2_Capture2_AGCGGTCAGCGATGAC,1.01927108668653,1.0245118736026733,1.0284414048886104,1.032077251523969
Hepatocyte_15weeks_Animal2_Capture2_AGCGGTCCAAGAGTCG,1.03658749230992,1.040452563605655,1.042994927000935,1.0452900508983518
Hepatocyte_15weeks_Animal2_Capture2_AGCGGTCCAAGCTGAG,1.05115058241199,1.0610063400207417,1.069373037998483,1.077277787195733
Hepatocyte_15weeks_Animal2_Capture2_AGCGTCGTCACTATTC,0.881097249182918,0.8953076745029612,0.9081786971705792,0.920552117432899
Hepatocyte_15weeks_Animal2_Capture2_AGCTCCTTCGCGCCAA,1.02181449055699,1.020000926037132,1.017210872339532,1.0145203399303828
Hepatocyte_15weeks_Animal2_Capture2_AGCTTGAAGTATCGAA,0.91203821047091,0.9137235426396482,0.9142137012531766,0.914543079956667
Hepatocyte_15weeks_Animal2_Capture2_AGCTTGACACGAAACG,1.03844553115451,0.9882740221379916,0.952202915796934,0.9332310219219077
Hepatocyte_15weeks_Animal2_Capture2_AGGCCACAGCTAACAA,1.02249121283814,1.0169349197593949,1.0096130195608364,1.0021690006249322
Hepatocyte_15weeks_Animal2_Capture2_AGGCCGTAGTAAGTAC,1.0260556907831,1.0328346736815404,1.0383530191339077,1.043590579878241
Hepatocyte_15weeks_Animal2_Capture2_AGGGAGTGTGCCTTGG,1.01385168282561,1.0117025453601995,1.008161644749086,1.0046101421816074
Hepatocyte_15weeks_Animal2_Capture2_AGGGAGTGTTTGGGCC,1.03228710538591,1.0315260860687414,1.02770785789718,1.0230463200688589
Hepatocyte_15weeks_Animal2_Capture2_AGGGATGAGACACTAA,1.02140067360991,1.0188062671089246,1.015486378284297,1.0124239339081564
Hepatocyte_15weeks_Animal2_Capture2_AGGGATGCAGATCGGA,1.01362389158699,1.0126307988789396,1.0106354722374706,1.0087639774444097
Hepatocyte_15weeks_Animal2_Capture2_AGGGTGATCAAGGCTT,1.01191604351919,1.009966666523624,1.0062886264362445,1.0022700300816645
Hepatocyte_15weeks_Animal2_Capture2_AGTGGGACATAACCTG,1.0328037587762,1.0332489559832243,1.0322548513215295,1.0310421130248828
Hepatocyte_15weeks_Animal2_Capture2_AGTGTCAGTCTCTTTA,0.941560475015268,0.943747505248816,0.943830372128681,0.9432988866831198
Hepatocyte_15weeks_Animal2_Capture2_ATAAGAGCAATGGATA,1.02823548988642,1.0310977300273023,1.0321243236816895,1.0326420670176235
Hepatocyte_15weeks_Animal2_Capture2_ATAAGAGCATGAACCT,1.01886284379705,1.020501961634767,1.0210032401364255,1.0214010963830884
Hepatocyte_15weeks_Animal2_Capture2_ATAGACCCACATTAGC,1.02056663539352,1.0230065839289784,1.0241953128366847,1.0251714478121732
Hepatocyte_15weeks_Animal2_Capture2_ATCACGAAGACTACAA,0.932576841894201,0.9407055278054042,0.9476270127915144,0.9542644595069624
Hepatocyte_15weeks_Animal2_Capture2_ATCACGACACGAAATA,0.956472326857582,0.9703617513292118,0.9827152904698332,0.9944669605078053
Hepatocyte_15weeks_Animal2_Capture2_ATCACGAGTAGCGTCC,0.870009468358301,0.8796333460444918,0.8879922159751235,0.8959845456970995
Hepatocyte_15weeks_Animal2_Capture2_ATCATCTAGCGACGTA,0.925305613933872,0.9327255492873734,0.9380914578548206,0.9426947402648728
Hepatocyte_15weeks_Animal2_Capture2_ATCCACCAGTAACCCT,1.02611105803329,1.0220042979614683,1.0162840283393373,1.0103539602638305
Hepatocyte_15weeks_Animal2_Capture2_ATCCACCTCAGTTCGA,1.0227934625618,1.0259574968573204,1.0279282971377066,1.0297365759217814
Hepatocyte_15weeks_Animal2_Capture2_ATCCACCTCTCTAAGG,0.95651730722072,0.9630912323555808,0.9681822112620436,0.9728668237283602
Hepatocyte_15weeks_Animal2_Capture2_ATCCGAATCCGTTGTC,1.02423902373513,1.022762620593358,1.0200886025953333,1.0173600345300329
Hepatocyte_15weeks_Animal2_Capture2_ATCTGCCAGGGTTTCT,1.02028921760284,1.0199048374164312,1.0152265412539412,1.0084177884070158
Hepatocyte_15weeks_Animal2_Capture2_ATCTGCCCATGCATGT,0.989856409334572,0.9997267475064352,1.0082282121109156,1.0163298191296024
Hepatocyte_15weeks_Animal2_Capture2_ATGAGGGGTTACGACT,1.04835093420911,1.0543490619406846,1.0588069944914495,1.0628539997969508
Hepatocyte_15weeks_Animal2_Capture2_ATGAGGGTCTCCTATA,0.96321951814369,0.974300092087242,0.9839067857311076,0.9929831713840536
Hepatocyte_15weeks_Animal2_Capture2_ATGGGAGCAGCCTTTC,0.917476954230988,0.9171505087618644,0.9155881283422864,0.9138926492079468
Hepatocyte_15weeks_Animal2_Capture2_ATGTGTGAGGCTACGA,0.951281906885393,0.9608401433625604,0.969116831277675,0.9769953175255656
Hepatocyte_15weeks_Animal2_Capture2_ATTACTCCAATTGCTG,0.846363833157268,0.8546010845514866,0.8616110439779555,0.8682658148935442
Hepatocyte_15weeks_Animal2_Capture2_ATTATCCCACGGACAA,1.03476736881142,1.036899956124644,1.0376216352061174,1.0381570816274328
Hepatocyte_15weeks_Animal2_Capture2_ATTCTACCAGTCGTGC,1.02351272509775,1.023072536666498,1.0203046730317664,1.016938845032148
Hepatocyte_15weeks_Animal2_Capture2_ATTGGACCAAAGTCAA,1.01874337041395,1.0184955654843804,1.0160531588447803,1.013144987553012
Hepatocyte_15weeks_Animal2_Capture2_ATTGGACCAGGTTTCA,1.0247547864246,1.0270767339715432,1.025724254977542,1.0224727689206663
Hepatocyte_15weeks_Animal2_Capture2_ATTGGACGTAATAGCA,0.939158484971073,0.9397164904886104,0.9388789727401587,0.9378246401479692
Hepatocyte_15weeks_Animal2_Capture2_ATTGGACGTTGCCTCT,1.03479701006706,1.0421639983536597,1.0474615414200568,1.052103987534461
Hepatocyte_15weeks_Animal2_Capture2_ATTTCTGTCACCAGGC,1.03678162372111,1.0404435752672794,1.0428293950322207,1.0449478569892048
Hepatocyte_15weeks_Animal2_Capture2_CAACCAAAGCTGATAA,0.964374697493586,0.9691831760001776,0.9718873201460496,0.9739467509776204
Hepatocyte_15weeks_Animal2_Capture2_CAACCAAGTATCAGTC,1.02511132872205,1.0248207302333392,1.0218212882802051,1.0179812565912474
Hepatocyte_15weeks_Animal2_Capture2_CAACCAAGTGTAATGA,0.907162589677664,0.916002892081417,0.9233676432986077,0.930153252390411
Hepatocyte_15weeks_Animal2_Capture2_CAACCTCCAAGAGTCG,0.895441593637167,0.9012208699488788,0.904703731788113,0.9073481511479156
Hepatocyte_15weeks_Animal2_Capture2_CAAGATCCATCATCCC,1.04095240735777,1.039808177145563,1.0375856067917273,1.035364108690069
Hepatocyte_15weeks_Animal2_Capture2_CAAGTTGAGTACGTTC,1.0224010914168,1.0196201965462743,1.015769731539801,1.0119913194797094
Hepatocyte_15weeks_Animal2_Capture2_CACACAAGTCGAGTTT,1.01982322490112,1.0228244525433792,1.0232035396149304,1.0226829728050115
Hepatocyte_15weeks_Animal2_Capture2_CACACCTAGAGTACCG,1.01787098691688,1.0172300478919665,1.0155038067181608,1.0138001551664713
Hepatocyte_15weeks_Animal2_Capture2_CACCACTTCAGTGCAT,0.943042252501392,0.9501072906410446,0.9559430096092176,0.9614721076486892
Hepatocyte_15weeks_Animal2_Capture2_CACCAGGTCGATGAGG,1.02609756804232,1.0195189713714157,1.0120623327106055,1.0049029966472338
Hepatocyte_15weeks_Animal2_Capture2_CACCTTGAGACTTGAA,0.969455069905055,0.978794895406986,0.9867792410970482,0.9943324043383924
Hepatocyte_15weeks_Animal2_Capture2_CACTCCAAGGTAGCTG,1.02218493884776,1.0237199078418011,1.0227547681009015,1.020973852571907
Hepatocyte_15weeks_Animal2_Capture2_CACTCCAAGGTGTTAA,1.02929364575525,1.028593966831838,1.027024739736004,1.0255704005187456
Hepatocyte_15weeks_Animal2_Capture2_CAGAGAGGTCTAAAGA,1.0277207593191,1.028548621683952,1.0283051596920143,1.0280217820570163
Hepatocyte_15weeks_Animal2_Capture2_CAGATCATCTGTTGAG,1.02154684718486,1.020819622569169,1.0178177587284485,1.0141116415829008
Hepatocyte_15weeks_Animal2_Capture2_CAGCATAGTAAGGATT,0.974992366025551,0.9785908443967852,0.9796217251596876,0.979883200997456
Hepatocyte_15weeks_Animal2_Capture2_CAGCATATCAACACTG,1.02293669047518,1.0174064355551835,1.0108231378613224,1.0043829642637156
Hepatocyte_15weeks_Animal2_Capture2_CAGCCGACACAACTGT,1.02082204350994,1.0156467351151768,1.009620086521005,1.0038913714363793
Hepatocyte_15weeks_Animal2_Capture2_CAGCGACCATTCCTCG,1.0261375356165,1.0212160760028195,1.0148950431091794,1.008653799062296
Hepatocyte_15weeks_Animal2_Capture2_CAGCTAAGTCCAACTA,0.912699807863776,0.9182906551275528,0.9225218774557448,0.9264143261715112
Hepatocyte_15weeks_Animal2_Capture2_CAGCTGGCAAACTGCT,0.847828097326358,0.8581206382184081,0.867108826462897,0.8756581200824309
Hepatocyte_15weeks_Animal2_Capture2_CAGCTGGGTAAATACG,1.02552513379724,1.0260565572950626,1.0244674002738308,1.0223119447169664
Hepatocyte_15weeks_Animal2_Capture2_CAGGTGCCACACATGT,1.01555155921557,1.0159618007017632,1.014334632526927,1.012243120877386
Hepatocyte_15weeks_Animal2_Capture2_CAGGTGCCATGAAGTA,1.03125731228234,1.0351549861457308,1.0378943200046165,1.0404885990895472
Hepatocyte_15weeks_Animal2_Capture2_CAGGTGCTCAGCTGGC,0.911623157653754,0.92009906659607,0.927389277712862,0.9343745308302996
Hepatocyte_15weeks_Animal2_Capture2_CAGGTGCTCATTTGGG,1.02851213665097,1.0329069366090124,1.0361790786153484,1.0392957030822565
Hepatocyte_15weeks_Animal2_Capture2_CATATGGTCCTCGCAT,0.958706276167968,0.969353965967902,0.9786715055913154,0.9875777437801182
Hepatocyte_15weeks_Animal2_Capture2_CATCAAGGTAGTAGTA,1.01790829092557,1.022358865578754,1.025632671917198,1.0286971582320028
Hepatocyte_15weeks_Animal2_Capture2_CATCGGGAGCCCGAAA,1.02155911572714,1.018919277929662,1.0143485571332875,1.0093979331774197
Hepatocyte_15weeks_Animal2_Capture2_CATCGGGCACGACGAA,1.01718547202308,1.0099660182555692,1.0021622990835946,0.9948259585525494
Hepatocyte_15weeks_Animal2_Capture2_CATCGGGTCAGCTGGC,0.974495039965019,0.983051821531194,0.990196372092924,0.996903724169528
Hepatocyte_15weeks_Animal2_Capture2_CATGACAAGCTGTCTA,1.02320977778164,1.0278403972946442,1.0308527379814931,1.0333942528435662
Hepatocyte_15weeks_Animal2_Capture2_CATGCCTCAGACGTAG,1.02374653389903,1.0209931444052132,1.016938882155536,1.0128039263844566
Hepatocyte_15weeks_Animal2_Capture2_CATGCCTTCTCTAGGA,1.01896296843978,1.0196280561373992,1.0176818028269383,1.014867211608664
Hepatocyte_15weeks_Animal2_Capture2_CCACCTATCTGGAGCC,1.02175395101976,1.0178617153081733,1.012072406031608,1.005973505233265
Hepatocyte_15weeks_Animal2_Capture2_CCCAGTTTCAGAGGTG,1.04430032577378,1.0525266303227907,1.0593703601898072,1.0658382773387998
Hepatocyte_15weeks_Animal2_Capture2_CCCATACCACCACCAG,0.903242889959702,0.9159839453436384,0.9273299340879269,0.9381640620330186
Hepatocyte_15weeks_Animal2_Capture2_CCCTCCTCAGGTGGAT,1.01712468058449,1.0169569472341913,1.0154105428236049,1.0136330394848088
Hepatocyte_15weeks_Animal2_Capture2_CCCTCCTGTCTTGCGG,1.02774334252495,1.0209183738217396,1.0127605313625374,1.0046590429194462
Hepatocyte_15weeks_Animal2_Capture2_CCGGTAGTCCTTCAAT,1.02086534980764,1.0213520659100486,1.0193798896507582,1.016688119743384
Hepatocyte_15weeks_Animal2_Capture2_CCGTACTAGGCATTGG,1.02465483181463,1.0230532953428788,1.0189995233142286,1.0141192373083994
Hepatocyte_15weeks_Animal2_Capture2_CCGTACTCAAAGAATC,0.920676033838903,0.9232100387438196,0.9236117205259544,0.9233840195616928
Hepatocyte_15weeks_Animal2_Capture2_CCGTTCACAGGGCATA,1.02151846386661,1.0184885919956534,1.0138055544627438,1.0089602850845765
Hepatocyte_15weeks_Animal2_Capture2_CCTAAAGCATTCTTAC,1.02161901755879,1.0193987647168172,1.0158864460875228,1.012323386468417
Hepatocyte_15weeks_Animal2_Capture2_CCTACCAGTCAATACC,1.01680427784136,1.0099370071375635,1.0018479565606642,0.9939059109759162
Hepatocyte_15weeks_Animal2_Capture2_CCTAGCTTCAACGAAA,1.02462349028967,1.0234140481108156,1.0209936235676322,1.0185323348072126
Hepatocyte_15weeks_Animal2_Capture2_CCTCAGTGTGCGATAG,1.01650412904078,1.0139745926454222,1.0103386739903923,1.0067567005006015
Hepatocyte_15weeks_Animal2_Capture2_CCTTACGCAGATGGGT,1.01487210635479,1.016623977956753,1.016167955860717,1.015030515852117
Hepatocyte_15weeks_Animal2_Capture2_CCTTACGCAGCCTTGG,1.02567390942552,1.0238888992305566,1.0200586783114125,1.0158175759548072
Hepatocyte_15weeks_Animal2_Capture2_CCTTCCCCATTGGTAC,1.02206392950221,1.0260628442183324,1.0260112308206413,1.0235588749485125
Hepatocyte_15weeks_Animal2_Capture2_CCTTCCCTCTGTTGAG,0.904717133657648,0.9066866061504312,0.9066343131858268,0.9060236558201544
Hepatocyte_15weeks_Animal2_Capture2_CCTTCGAAGAGAGCTC,0.990662926937632,1.0011510005898117,1.0102158002671688,1.018821339463594
Hepatocyte_15weeks_Animal2_Capture2_CGAACATAGTACGCCC,0.899754923964751,0.9111349335102163,0.9212251327698628,0.9309065093046378
Hepatocyte_15weeks_Animal2_Capture2_CGAACATAGTCCGGTC,1.03001006817033,1.0333371421808042,1.0355014579706008,1.0375132693621167
Hepatocyte_15weeks_Animal2_Capture2_CGACCTTGTCATTAGC,0.917884657596326,0.9235275464955548,0.9279853073011356,0.9321715375963132
Hepatocyte_15weeks_Animal2_Capture2_CGAGCACAGACTAAGT,1.04612201496032,1.0438152021421978,1.0404187163764402,1.0370246314386806
Hepatocyte_15weeks_Animal2_Capture2_CGAGCCACAGGTGGAT,0.947767786507557,0.9521762577838824,0.954721823873426,0.9567034009126676
Hepatocyte_15weeks_Animal2_Capture2_CGATGTATCCCAGGTG,0.903645597876036,0.9133891999231032,0.9217394026994942,0.929719642639478
Hepatocyte_15weeks_Animal2_Capture2_CGATTGAGTTGTGGAG,1.01896981966251,1.015676142094139,1.0110360328580958,1.0063397989698355
Hepatocyte_15weeks_Animal2_Capture2_CGCGGTATCCACGTTC,0.919434626725165,0.9186518020447436,0.9167004611282132,0.9146909125286512
Hepatocyte_15weeks_Animal2_Capture2_CGCTGGAAGCTTATCG,1.02039648586229,1.0225963353278835,1.023170444487087,1.0234397741696035
Hepatocyte_15weeks_Animal2_Capture2_CGCTTCATCACGCATA,1.0122049386666,1.011790702905884,1.009272976830391,1.006162122650415
Hepatocyte_15weeks_Animal2_Capture2_CGGACACAGCTAGTCT,1.03401578216164,1.0312179069615466,1.0274745510687464,1.0238664948213778
Hepatocyte_15weeks_Animal2_Capture2_CGGACACTCCGATATG,1.02481725977297,1.0262677234781283,1.0266377632608206,1.026933410152684
Hepatocyte_15weeks_Animal2_Capture2_CGGACGTCAATGGACG,1.03522050039592,1.0300694497578318,1.0232199862790998,1.016161926704929
Hepatocyte_15weeks_Animal2_Capture2_CGGAGTCAGATGCCTT,0.948880367527527,0.9571861217247348,0.9641558067540372,0.9707410585661664
Hepatocyte_15weeks_Animal2_Capture2_CGGGTCATCTCCAGGG,1.03123162963094,1.03283897599523,1.0333508032306935,1.0337864114321549
Hepatocyte_15weeks_Animal2_Capture2_CGGTTAATCATGGTCA,1.02618769466673,1.027134010515533,1.026473740408774,1.025489442567239
Hepatocyte_15weeks_Animal2_Capture2_CGTAGCGAGTACGTAA,1.02448569262403,1.023285086311538,1.0209695076050926,1.0186883397678117
Hepatocyte_15weeks_Animal2_Capture2_CGTAGCGGTAAGGATT,1.04198831400631,1.0468848468367218,1.050199171924686,1.053088565621206
Hepatocyte_15weeks_Animal2_Capture2_CGTAGCGGTATATGAG,0.943567066172851,0.9491443955845896,0.953541398421226,0.9577063549147502
Hepatocyte_15weeks_Animal2_Capture2_CGTCACTTCAGGTTCA,1.02989075526324,1.032585201585602,1.0316612225427113,1.029229169966119
Hepatocyte_15weeks_Animal2_Capture2_CGTCTACAGACCGGAT,0.915274121192263,0.9185369699231852,0.9202852145250494,0.9217563178059084
Hepatocyte_15weeks_Animal2_Capture2_CGTCTACAGCCACGTC,1.02959668331587,1.0284302063424549,1.0237687479591864,1.0178124736224028
Hepatocyte_15weeks_Animal2_Capture2_CGTCTACCATGGTAGG,1.13724133734279,1.1298344151517408,1.1208151443652767,1.111742222075441
Hepatocyte_15weeks_Animal2_Capture2_CGTGAGCAGGGATCTG,1.0198124107693,1.021903845880744,1.0204145970394491,1.0174473554261838
Hepatocyte_15weeks_Animal2_Capture2_CGTGTAATCAGGCGAA,0.941047875050997,0.9467628726715976,0.9513075457476076,0.9556282072086288
Hepatocyte_15weeks_Animal2_Capture2_CGTTCTGGTCAACTGT,1.02395494755333,1.019482992539837,1.013672017403518,1.0079484443929032
Hepatocyte_15weeks_Animal2_Capture2_CGTTGGGGTCGGCACT,1.01809920666663,1.0216143740228856,1.0230889948231798,1.0240254799877484
Hepatocyte_15weeks_Animal2_Capture2_CGTTGGGTCCTGCCAT,0.937622135501769,0.9404680250712012,0.9421034069976684,0.9435436629583408
Hepatocyte_15weeks_Animal2_Capture2_CGTTGGGTCCTTGACC,1.02883897590498,1.0342385012430737,1.0383743396150134,1.0422663464877504
Hepatocyte_15weeks_Animal2_Capture2_CTAATGGCATATGCTG,0.962499994361247,0.9712187878059644,0.9783080081477192,0.9848654496759244
Hepatocyte_15weeks_Animal2_Capture2_CTACACCTCAGCTTAG,1.02621302563959,1.0278114956553135,1.0283622887588355,1.0288644714680213
Hepatocyte_15weeks_Animal2_Capture2_CTACCCACATCGGAAG,0.923272682154855,0.9230773182334392,0.922077551830786,0.9210932688442244
Hepatocyte_15weeks_Animal2_Capture2_CTACGTCTCCCTTGCA,0.967474909503716,0.9774000944953006,0.9858436227249372,0.9938078490791884
Hepatocyte_15weeks_Animal2_Capture2_CTAGAGTAGCTCCTTC,0.916961779846074,0.9173369711093802,0.9166065381681378,0.9157853767341094
Hepatocyte_15weeks_Animal2_Capture2_CTAGCCTAGCGGCTTC,1.02844542514193,1.0261925331910444,1.0223238482356425,1.0182973308139505
Hepatocyte_15weeks_Animal2_Capture2_CTAGTGACAATCACAC,1.023314221966,1.0214760541571632,1.0180269036640286,1.0143432300078177
Hepatocyte_15weeks_Animal2_Capture2_CTCGAAAAGGAGTAGA,1.02882629682899,1.0315971268346364,1.0333471103228962,1.0350588140604295
Hepatocyte_15weeks_Animal2_Capture2_CTCGAAACAGTATAAG,0.935355460636501,0.941965209095512,0.9473297216227856,0.9523808731031292
Hepatocyte_15weeks_Animal2_Capture2_CTCGAAATCCAGTAGT,1.01339019635358,1.016860725784952,1.0174950191813457,1.017114781268277
Hepatocyte_15weeks_Animal2_Capture2_CTCGGAGGTCCTCTTG,1.03628971931922,1.0410670535624806,1.0444118351016316,1.0474156508502672
Hepatocyte_15weeks_Animal2_Capture2_CTCGGAGTCGCTTAGA,1.02717651537505,1.027982213005826,1.0277380062772374,1.0274630097131767
Hepatocyte_15weeks_Animal2_Capture2_CTCGTCAAGGTTCCTA,1.01570065134999,1.0159637540856905,1.0148205875197505,1.0134276601864023
Hepatocyte_15weeks_Animal2_Capture2_CTCTACGCAGTCGATT,0.929655597537978,0.9339674666457056,0.9367211582314098,0.9390928848745594
Hepatocyte_15weeks_Animal2_Capture2_CTCTACGTCGGTCCGA,0.920553234475756,0.9243761650235316,0.9270332427184478,0.9294876165117396
Hepatocyte_15weeks_Animal2_Capture2_CTCTGGTAGTAACCCT,1.01978611774087,1.019476215159515,1.0172037724015126,1.0145389512424616
Hepatocyte_15weeks_Animal2_Capture2_CTCTGGTCAGCTCGCA,0.983987014393557,0.9914877168956602,0.9976871324112672,1.003549909292564
Hepatocyte_15weeks_Animal2_Capture2_CTGAAACGTAGTACCT,1.02438480719812,1.024575314657524,1.0234222921711194,1.0221388961240303
Hepatocyte_15weeks_Animal2_Capture2_CTGAAGTCACCACCAG,1.03762810605402,1.0380237258690808,1.037331488255418,1.0365824539014563
Hepatocyte_15weeks_Animal2_Capture2_CTGAAGTCAGACGCTC,1.03312264062877,1.0306027247082088,1.026185225965066,1.0214086494826602
Hepatocyte_15weeks_Animal2_Capture2_CTGATAGTCAGTACGT,1.02155989449551,1.0174537888484227,1.0101028734344253,1.001657859062286
Hepatocyte_15weeks_Animal2_Capture2_CTGATAGTCGCCATAA,1.12817090872778,1.129086374706679,1.1288855969931222,1.1286520049786497
Hepatocyte_15weeks_Animal2_Capture2_CTGCCTAGTAAATGTG,1.02051262827765,1.019824773344574,1.01816040966807,1.0165583609191609
Hepatocyte_15weeks_Animal2_Capture2_CTGCCTAGTACCGAGA,0.945229848614581,0.951065367616501,0.955549269621526,0.9596932284766972
Hepatocyte_15weeks_Animal2_Capture2_CTGCGGAAGATAGGAG,1.01037759770175,1.009513142788534,1.0067790541558208,1.0036930236486727
Hepatocyte_15weeks_Animal2_Capture2_CTGCTGTCAGATTGCT,1.0224219649823,1.027948485274688,1.0321108618783177,1.035938843807814
Hepatocyte_15weeks_Animal2_Capture2_CTGCTGTCATCCCACT,1.02193092709866,1.020016612070761,1.0168714932932703,1.013728507257534
Hepatocyte_15weeks_Animal2_Capture2_CTGTTTAAGAGGTTAT,1.01752146453289,1.0163756125978305,1.0124104179135411,1.0075253617567794
Hepatocyte_15weeks_Animal2_Capture2_CTGTTTATCGGATGGA,1.01719954244654,1.0158883670226857,1.0130416722146072,1.009991972288505
Hepatocyte_15weeks_Animal2_Capture2_CTTAACTAGGGTCTCC,1.0231416511096,1.0203384733106462,1.0162651220945575,1.012182942345759
Hepatocyte_15weeks_Animal2_Capture2_CTTACCGCACCAACCG,0.843756525086352,0.8553395338009545,0.8640324162728856,0.8713557095403155
Hepatocyte_15weeks_Animal2_Capture2_CTTAGGAAGACCTTTG,0.963095738360234,0.9680265098647648,0.9716356130356704,0.9749563671957616
Hepatocyte_15weeks_Animal2_Capture2_CTTAGGAAGGGCATGT,1.01774842495888,1.0195670550808889,1.020414033850969,1.02129817004014
Hepatocyte_15weeks_Animal2_Capture2_CTTAGGACAAGTTGTC,0.907061535451926,0.9118380100453828,0.9153587331052302,0.918628676857752
Hepatocyte_15weeks_Animal2_Capture2_CTTCTCTAGCCTTGAT,1.02304637533407,1.0297093114854885,1.0350825252500917,1.0401681802731506
Hepatocyte_15weeks_Animal2_Capture2_CTTTGCGCACCGTTGG,1.03664362253576,1.0328605556112465,1.0265544128097686,1.0194655118121758
Hepatocyte_15weeks_Animal2_Capture2_CTTTGCGTCTGTTTGT,0.930860260045888,0.9399861653165584,0.9477308466571712,0.9550378864483332
Hepatocyte_15weeks_Animal2_Capture2_CTTTGCGTCTTGTTTG,0.926942613659148,0.9271872610103136,0.9252142929112842,0.922642199582763
Hepatocyte_15weeks_Animal2_Capture2_GAAACTCTCTGTTTGT,1.03820205071897,1.0462018248153635,1.0507521305080063,1.0535704452647867
Hepatocyte_15weeks_Animal2_Capture2_GAAATGAAGCGATGAC,1.01728372153939,1.0205830834192264,1.021513628521462,1.0216312435038704
Hepatocyte_15weeks_Animal2_Capture2_GAACATCAGTCCAGGA,1.03417059907463,1.0356101754061713,1.0346257683564564,1.0329583831763955
Hepatocyte_15weeks_Animal2_Capture2_GAACATCCAGTAACGG,1.02670381418705,1.0218878345678162,1.0144419014499138,1.0064859094678118
Hepatocyte_15weeks_Animal2_Capture2_GAACATCGTACGCTGC,1.02903684843405,1.0295833737172992,1.02786830762778,1.0255360277615002
Hepatocyte_15weeks_Animal2_Capture2_GAAGCAGAGCTCCTCT,1.02141669609564,1.0191387477165494,1.0147903764141126,1.0100772338043682
Hepatocyte_15weeks_Animal2_Capture2_GAAGCAGCACGGCGTT,1.01556508774495,1.0086407702242282,0.9997907463161508,0.9906520443453128
Hepatocyte_15weeks_Animal2_Capture2_GAATAAGCAAAGAATC,1.0190774569966,1.0131279586652595,1.0049047585878534,0.9963525967759548
Hepatocyte_15weeks_Animal2_Capture2_GAATAAGCATCCCATC,1.01964790936232,1.0211350537824833,1.0212751731135006,1.0213287991657678
Hepatocyte_15weeks_Animal2_Capture2_GAATGAACACGGCCAT,1.02167460598006,1.0221413080435409,1.0214202843975455,1.0206152748223247
Hepatocyte_15weeks_Animal2_Capture2_GAATGAAGTGTGACGA,0.913193973743243,0.9184307812926054,0.9213210249236842,0.9233309156592524
Hepatocyte_15weeks_Animal2_Capture2_GAATGAATCCGTCAAA,1.02234077962844,1.022754070084107,1.0221693621522727,1.0215946119375436
Hepatocyte_15weeks_Animal2_Capture2_GACAGAGGTTATGTGC,1.03940900987337,1.0431312789533231,1.045737599776482,1.048212354938315
Hepatocyte_15weeks_Animal2_Capture2_GACAGAGTCTTGTACT,1.01907637904331,1.0137217442396689,1.0076467849435176,1.0018990374705756
Hepatocyte_15weeks_Animal2_Capture2_GACCAATAGAATTGTG,1.02017107978272,1.0150700492796985,1.009201317648078,1.003611074815237
Hepatocyte_15weeks_Animal2_Capture2_GACGCGTTCGTGGGAA,0.916030046328524,0.901855568488688,0.8836324100317008,0.8663955550979722
Hepatocyte_15weeks_Animal2_Capture2_GACGGCTTCCCATTTA,1.02204407308224,1.019315093976693,1.0156713027210944,1.0122038006677927
Hepatocyte_15weeks_Animal2_Capture2_GACGGCTTCTGCTGTC,1.01867661610313,1.02071229527948,1.02104659257235,1.021063394060315
Hepatocyte_15weeks_Animal2_Capture2_GACTGCGTCCAGTAGT,1.0324646171066,1.0375194558643936,1.041309385388481,1.0448259871031809
Hepatocyte_15weeks_Animal2_Capture2_GAGGTGAGTCACCCAG,0.966020686532597,0.968755777839127,0.969770028972358,0.970360889312235
Hepatocyte_15weeks_Animal2_Capture2_GAGTCCGAGAGTCGGT,1.03099429211075,1.033485856500713,1.0346414389789185,1.035567247409632
Hepatocyte_15weeks_Animal2_Capture2_GATCAGTAGTGGCACA,1.02506861482216,1.0234006494758852,1.0192123366860104,1.0141772234323865
Hepatocyte_15weeks_Animal2_Capture2_GATCGATGTGACGCCT,1.0199255000755,1.0170307201103514,1.0125408532721485,1.0078279798582512
Hepatocyte_15weeks_Animal2_Capture2_GATCGCGTCTATCCCG,1.01788433753512,1.0204901982254573,1.021947330880766,1.0233029502319424
Hepatocyte_15weeks_Animal2_Capture2_GATCGTACAACCGCCA,1.05168940726029,1.0539498259727378,1.0547436103268764,1.055260435283838
Hepatocyte_15weeks_Animal2_Capture2_GATCGTAGTATGGTTC,1.03318791957217,1.0343320735624373,1.0339158597247142,1.0332019084927333
Hepatocyte_15weeks_Animal2_Capture2_GATCTAGTCGAGAGCA,1.01374328407047,1.0168114408436857,1.018838108411707,1.020787799157197
Hepatocyte_15weeks_Animal2_Capture2_GATCTAGTCTCGAGTA,1.02557257604552,1.025107229897697,1.0233160883833832,1.021451551590904
Hepatocyte_15weeks_Animal2_Capture2_GATGAAAAGCTAGCCC,1.0202988663854,1.0189328870688674,1.016565858391903,1.0143288567151194
Hepatocyte_15weeks_Animal2_Capture2_GATGAGGCACCTCGTT,1.0213550983905,1.0250648458871343,1.025995676172072,1.0258169870149068
Hepatocyte_15weeks_Animal2_Capture2_GATGAGGTCTCACATT,1.01921899983899,1.0170654512140564,1.013409232330292,1.009647153612354
Hepatocyte_15weeks_Animal2_Capture2_GATGCTAGTAAATGTG,0.936082945800121,0.9424296095955434,0.9475488044034084,0.952375336103056
Hepatocyte_15weeks_Animal2_Capture2_GATGCTAGTCATCCCT,1.04331534719407,1.0478910360704905,1.0510733836978992,1.0539450257184837
Hepatocyte_15weeks_Animal2_Capture2_GATGCTAGTTCAGGCC,0.970673487919017,0.9792632167085696,0.9864391019520864,0.9931662288372046
Hepatocyte_15weeks_Animal2_Capture2_GATGCTATCTCCCTGA,1.0321956030559,1.029558362546832,1.0254304920574355,1.021124713149162
Hepatocyte_15weeks_Animal2_Capture2_GATTCAGAGCTGATAA,1.02700896695094,1.033719570977866,1.039117512324127,1.044206623059448
Hepatocyte_15weeks_Animal2_Capture2_GATTCAGCAACGATGG,0.950061093573988,0.959720633605286,0.96808588955703,0.9760903763344236
Hepatocyte_15weeks_Animal2_Capture2_GCAAACTTCTTGCATT,0.944738451747462,0.9453645918016134,0.944165045939383,0.942606777119924
Hepatocyte_15weeks_Animal2_Capture2_GCACATATCTCGTATT,0.910949713977972,0.9226812123517832,0.9330000113933592,0.9427985958273324
Hepatocyte_15weeks_Animal2_Capture2_GCACTCTAGGGCACTA,0.937739563892785,0.9494171217909836,0.9596394396864136,0.9693360874126185
Hepatocyte_15weeks_Animal2_Capture2_GCAGCCATCTTTCCTC,0.936058657404505,0.9385149990495714,0.9397208903513204,0.9407379457779542
Hepatocyte_15weeks_Animal2_Capture2_GCATGCGGTTCGTGAT,0.95250293961457,0.9569281066320064,0.9602616929615996,0.9634506481612704
Hepatocyte_15weeks_Animal2_Capture2_GCATGCGGTTGGTAAA,1.02943065089427,1.0237519927620986,1.0162263357898669,1.0084606750200813
Hepatocyte_15weeks_Animal2_Capture2_GCATGTATCAACACCA,1.13655021872688,1.1387329705413078,1.13973868876744,1.1406160263735856
Hepatocyte_15weeks_Animal2_Capture2_GCCAAATTCGACCAGC,1.01707507697568,1.0152245887237286,1.010625438694263,1.005066554033439
Hepatocyte_15weeks_Animal2_Capture2_GCCTCTACACTTACGA,1.02250050133213,1.0239269038120615,1.0243930511462565,1.024893792420664
Hepatocyte_15weeks_Animal2_Capture2_GCGCAACTCTAACTCT,0.927415305003913,0.9306884413796076,0.9313118629070708,0.9310547684693938
Hepatocyte_15weeks_Animal2_Capture2_GCGCAACTCTCCCTGA,1.01952721186913,1.014464763116538,1.00831875173242,1.002336688981645
Hepatocyte_15weeks_Animal2_Capture2_GCGCGATAGAACTGTA,1.01822221846496,1.0177883846153573,1.0158396391012678,1.013726446844935
Hepatocyte_15weeks_Animal2_Capture2_GCTCCTACACCCATTC,1.04330219924672,1.048902893933637,1.053269571935808,1.057414795772292
Hepatocyte_15weeks_Animal2_Capture2_GCTCTGTCATGCAATC,1.02391952547263,1.0228533711124277,1.0209575032272953,1.0192365043240714
Hepatocyte_15weeks_Animal2_Capture2_GCTCTGTTCACGAAGG,0.908385153463601,0.9150903083041024,0.9198878827186988,0.9240562261871852
Hepatocyte_15weeks_Animal2_Capture2_GCTGCAGAGCCAGTTT,1.01395961095436,1.0161500367973555,1.0172058527486794,1.0181392082769387
Hepatocyte_15weeks_Animal2_Capture2_GCTGCAGCACATTCGA,1.02114012721253,1.0249373333207146,1.0263979938592234,1.027096469998669
Hepatocyte_15weeks_Animal2_Capture2_GCTGCAGCACCAGTTA,1.02624898276041,1.0244541321610092,1.0206297327494973,1.0163734405236
Hepatocyte_15weeks_Animal2_Capture2_GCTGCTTGTCTCTCTG,0.933003193453141,0.9387148327139856,0.9412728536957852,0.9424929263322424
Hepatocyte_15weeks_Animal2_Capture2_GCTGGGTCATCCTAGA,0.965934369835038,0.9753292811501432,0.9833301815635046,0.9908873135263834
Hepatocyte_15weeks_Animal2_Capture2_GCTGGGTGTACACCGC,1.02019666229871,1.0252510319065986,1.0291438590206845,1.0328300618904742
Hepatocyte_15weeks_Animal2_Capture2_GCTTCCATCATTCACT,0.854680077739341,0.8625294353547748,0.8691764927394185,0.8754955524898583
Hepatocyte_15weeks_Animal2_Capture2_GCTTCCATCGCCTGTT,1.01926345766731,1.0181689447778213,1.0157558828372202,1.0132689162757993
Hepatocyte_15weeks_Animal2_Capture2_GCTTCCATCTGTCTAT,1.01615936505248,1.0211398625801094,1.0249618142504648,1.0286321667723266
Hepatocyte_15weeks_Animal2_Capture2_GCTTGAACACCATCCT,1.01631919454923,1.0198029514464355,1.021875119075517,1.0236333261811694
Hepatocyte_15weeks_Animal2_Capture2_GCTTGAATCTTTAGGG,1.03478331200018,1.0411961446104157,1.0450104512545615,1.0478237154179462
Hepatocyte_15weeks_Animal2_Capture2_GGACAAGTCCGATATG,1.02068719699273,1.0175531337019668,1.0132510904520968,1.0089741721520746
Hepatocyte_15weeks_Animal2_Capture2_GGACATTCACATGGGA,1.02409627015435,1.0223989161984246,1.0194852423058216,1.0166119345926383
Hepatocyte_15weeks_Animal2_Capture2_GGACGTCTCCTAGAAC,1.03787357226999,1.043200432358257,1.0472201385136517,1.0509869784280013
Hepatocyte_15weeks_Animal2_Capture2_GGATGTTAGCTAGTTC,1.02922374584485,1.0403587629861886,1.0460161311724376,1.048008755093402
Hepatocyte_15weeks_Animal2_Capture2_GGATTACGTCTTTCAT,1.13288536677104,1.1253827769934075,1.115707717824668,1.1056797084891687
Hepatocyte_15weeks_Animal2_Capture2_GGCCGATCAGGTGGAT,1.00102975109162,1.0077214784311628,1.0130513704661444,1.018022849065811
Hepatocyte_15weeks_Animal2_Capture2_GGCCGATGTAATCACC,1.02422305224199,1.0208507724732616,1.0164060025548831,1.0120554122839192
Hepatocyte_15weeks_Animal2_Capture2_GGCGTGTGTTGGTGGA,0.957271803884174,0.9619790188652626,0.9654022072928176,0.9685398839183068
Hepatocyte_15weeks_Animal2_Capture2_GGCTCGAGTCGTGGCT,0.90185347810289,0.910511313873672,0.9178526571830176,0.9247682188686154
Hepatocyte_15weeks_Animal2_Capture2_GGCTCGATCGGCGCTA,1.0245337529973,1.0271603344557785,1.0285802186889388,1.0298412142560278
Hepatocyte_15weeks_Animal2_Capture2_GGCTGGTGTACAGACG,1.01381564115701,1.0129202366244383,1.0107798511905564,1.0085525893581868
Hepatocyte_15weeks_Animal2_Capture2_GGCTGGTGTTTCCACC,0.955456696308095,0.9577700004452456,0.9586535648486608,0.9592848206581948
Hepatocyte_15weeks_Animal2_Capture2_GGGAATGAGCAATATG,0.943469436856652,0.955914073523783,0.966916025882224,0.9773949845270966
Hepatocyte_15weeks_Animal2_Capture2_GGGAGATCAGTCGATT,1.02504752414796,1.024705035360448,1.0225580169519033,1.0201178307044942
Hepatocyte_15weeks_Animal2_Capture2_GGGCACTGTTTGTTGG,1.0155969095335,1.0216218939732282,1.0233696580244702,1.0229426193638071
Hepatocyte_15weeks_Animal2_Capture2_GGGCACTTCCCTTGTG,1.02514215577825,1.0200444116390457,1.013377742141623,1.0065348316565363
Hepatocyte_15weeks_Animal2_Capture2_GGGTCTGCATACAGCT,1.020069014235,1.0237615979617158,1.0262610781259256,1.028507140898841
Hepatocyte_15weeks_Animal2_Capture2_GGTATTGGTGTGAAAT,0.936982843375304,0.944701210438914,0.9511378014232342,0.9572418188022128
Hepatocyte_15weeks_Animal2_Capture2_GGTGAAGCAGTGACAG,1.11094650260392,1.107995311413973,1.103822033064206,1.099667247303985
Hepatocyte_15weeks_Animal2_Capture2_GGTGAAGGTACAGACG,1.02360167420695,1.0254344629175605,1.0262751939977932,1.0270976784180827
Hepatocyte_15weeks_Animal2_Capture2_GGTGTTATCGGAATCT,1.02786096161812,1.0317314426118287,1.0344235988461727,1.0369724762859382
Hepatocyte_15weeks_Animal2_Capture2_GTACGTATCGCTGATA,1.01511016584169,1.0088165559239983,1.0014808588546262,0.9943111580359584
Hepatocyte_15weeks_Animal2_Capture2_GTACGTATCTCGCATC,1.01908076831138,1.018171658537523,1.0159417812646483,1.0136669901964104
Hepatocyte_15weeks_Animal2_Capture2_GTACTCCCACCAGGCT,1.02231634660064,1.0218778549683094,1.0195300311841078,1.0167366631525303
Hepatocyte_15weeks_Animal2_Capture2_GTACTCCGTAACGACG,0.827772359532654,0.8418676154324112,0.8547033711667426,0.867087502840561
Hepatocyte_15weeks_Animal2_Capture2_GTAGGCCGTAAGAGAG,1.02080805807907,1.0155370001794417,1.0095088293254069,1.003748894514862
Hepatocyte_15weeks_Animal2_Capture2_GTATCTTAGAGCTTCT,1.01964253797234,1.018585934353592,1.0164546399701289,1.01434487285201
Hepatocyte_15weeks_Animal2_Capture2_GTATCTTCAATCACAC,1.02492261409072,1.0289915957191902,1.0295444199378956,1.0286061349159732
Hepatocyte_15weeks_Animal2_Capture2_GTATCTTGTAGGCTGA,1.01663434052442,1.0121921697737537,1.0061605747889564,0.9999676888091804
Hepatocyte_15weeks_Animal2_Capture2_GTCACAACACTCAGGC,1.02379940075086,1.0262222217991537,1.0261769988764895,1.0254343903920051
Hepatocyte_15weeks_Animal2_Capture2_GTCATTTGTCCTCTTG,1.02817666277933,1.0303424163634105,1.0313927520594468,1.0323621035815835
Hepatocyte_15weeks_Animal2_Capture2_GTCATTTTCAGGCAAG,0.970028355864596,0.978464439420862,0.9856171873680428,0.9924132638791692
Hepatocyte_15weeks_Animal2_Capture2_GTCCTCACACCTATCC,0.820440166330607,0.831217180033428,0.8408856403812802,0.8502446536338506
Hepatocyte_15weeks_Animal2_Capture2_GTGCATATCTTACCTA,1.02364825869633,1.0210980053712966,1.0177132356110346,1.0144950880143195
Hepatocyte_15weeks_Animal2_Capture2_GTGCGGTGTTCCACGG,1.01520737187548,1.017742456413299,1.0190884008275285,1.0202892596921294
Hepatocyte_15weeks_Animal2_Capture2_GTGCTTCCACCATGTA,0.974835315146009,0.9834157673776602,0.9906319945371947,0.9974395250074356
Hepatocyte_15weeks_Animal2_Capture2_GTGGGTCGTCAACTGT,1.02100934366441,1.0249923677483417,1.0275506473096303,1.0298325122469043
Hepatocyte_15weeks_Animal2_Capture2_GTGGGTCTCAGCGACC,1.04351807615437,1.0446582176400845,1.040589309492251,1.0334961774874132
Hepatocyte_15weeks_Animal2_Capture2_GTGTGCGTCTCCCTGA,1.01632736489947,1.0144578805362077,1.0114281133442118,1.0084149332634291
Hepatocyte_15weeks_Animal2_Capture2_GTGTTAGTCTCAACTT,0.935451341063182,0.9457857099618916,0.9547196774972206,0.9631716753189276
Hepatocyte_15weeks_Animal2_Capture2_GTTACAGCACACTGCG,0.922246490849389,0.930304401797012,0.936578187797128,0.942256640801462
Hepatocyte_15weeks_Animal2_Capture2_GTTACAGCAGGACGTA,1.02031673237657,1.0198968157829371,1.018363096941404,1.0168467816130704
Hepatocyte_15weeks_Animal2_Capture2_GTTCGGGAGTGACTCT,1.02074798535622,1.022381118247855,1.022922090030718,1.0234210813722844
Hepatocyte_15weeks_Animal2_Capture2_GTTTCTACAGGGATTG,1.027067099844,1.029468467748184,1.0307889587015877,1.0320344108364563
Hepatocyte_15weeks_Animal2_Capture2_TAAACCGAGACTAAGT,1.0193643747183,1.0198871992126983,1.0190518037773748,1.0181040656028175
Hepatocyte_15weeks_Animal2_Capture2_TAAACCGAGGCCGAAT,1.14209014067146,1.1367837860967855,1.1306861099985417,1.1248818382340928
Hepatocyte_15weeks_Animal2_Capture2_TAAACCGGTGCCTGCA,1.01014087720704,1.0164087474548875,1.021313990432592,1.025861916306602
Hepatocyte_15weeks_Animal2_Capture2_TACACGAAGCACACAG,1.03087004104444,1.0377945456996378,1.041827036980007,1.0446310262465672
Hepatocyte_15weeks_Animal2_Capture2_TACAGTGGTCATATGC,0.87307145618459,0.8834401472746747,0.8922530326905495,0.9004976230935898
Hepatocyte_15weeks_Animal2_Capture2_TACAGTGTCTGCGTAA,0.923130888592026,0.9290775140677928,0.9339037101457176,0.9385376977614313
Hepatocyte_15weeks_Animal2_Capture2_TACAGTGTCTGTACGA,1.02445956530805,1.02513270338002,1.0247828304430215,1.024453294448464
Hepatocyte_15weeks_Animal2_Capture2_TACCTATTCAGCATGT,0.931560434700985,0.9413743659753624,0.9498171790859732,0.9578029594177664
Hepatocyte_15weeks_Animal2_Capture2_TACCTTAAGGCAGTCA,0.917912318201717,0.92201496593134,0.9248641546569942,0.9274614690172884
Hepatocyte_15weeks_Animal2_Capture2_TACCTTAGTCCAGTAT,1.03055684314357,1.0242036682729243,1.0132467496123312,0.998465260897063
Hepatocyte_15weeks_Animal2_Capture2_TACGGATAGGACGAAA,1.02650162413982,1.0321338066222212,1.036530473995529,1.0406955870497112
Hepatocyte_15weeks_Animal2_Capture2_TACGGATTCTTACCGC,1.04010080160361,1.0402824328578697,1.0393781240997404,1.0384580700511377
Hepatocyte_15weeks_Animal2_Capture2_TACGGGCCACCCATGG,1.02418106050615,1.0231853067748302,1.0207241406097691,1.0181708676857566
Hepatocyte_15weeks_Animal2_Capture2_TACGGTAGTTCAGCGC,1.02441169710817,1.021738454372341,1.0182524501727497,1.0149831987326932
Hepatocyte_15weeks_Animal2_Capture2_TACTCGCCAAGTACCT,1.02445081418977,1.0209279706714154,1.0162331453161688,1.011588762446017
Hepatocyte_15weeks_Animal2_Capture2_TACTCGCCATAAGACA,1.02625703436607,1.0232011133289662,1.019276301292164,1.0154932793352225
Hepatocyte_15weeks_Animal2_Capture2_TACTTACAGGTAGCTG,0.911089571552027,0.9214929566107318,0.930503525668514,0.9390293973104198
Hepatocyte_15weeks_Animal2_Capture2_TACTTACCATCTGGTA,0.907498037043622,0.9065106167159164,0.9039090758279538,0.9011982523684132
Hepatocyte_15weeks_Animal2_Capture2_TACTTACTCTCTGAGA,0.959491287016147,0.9681618312775572,0.9755367155699404,0.98254143446475
Hepatocyte_15weeks_Animal2_Capture2_TACTTGTTCTCCGGTT,1.13968082731239,1.1354226460442045,1.1302602809855662,1.1253231176151812
Hepatocyte_15weeks_Animal2_Capture2_TAGACCAGTAGCTTGT,1.01707459722576,1.015332307263953,1.0114701550967558,1.007125334931544
Hepatocyte_15weeks_Animal2_Capture2_TAGCCGGGTTTGACTG,1.04456821384203,1.0502045445015271,1.054500256385273,1.058471684908371
Hepatocyte_15weeks_Animal2_Capture2_TAGGCATTCTCACATT,0.909417779536275,0.9106285021917488,0.9103394011486928,0.909878732108235
Hepatocyte_15weeks_Animal2_Capture2_TAGTGGTGTACGCTGC,1.02215801360695,1.0228960885463865,1.022093594116751,1.0210917907201762
Hepatocyte_15weeks_Animal2_Capture2_TAGTGGTGTGCCTGCA,1.02034184305256,1.013542174221277,1.005684014426436,0.9980548926988771
Hepatocyte_15weeks_Animal2_Capture2_TAGTTGGAGTCTCGGC,1.04321253064539,1.046073209669989,1.047698889504474,1.049135265061537
Hepatocyte_15weeks_Animal2_Capture2_TATCAGGAGATAGCAT,0.889412374002753,0.8966091765155697,0.9025638425701984,0.9081417759180236
Hepatocyte_15weeks_Animal2_Capture2_TATCAGGAGATCGGGT,1.0413056907268,1.041642547289083,1.040788118305058,1.0398230129470485
Hepatocyte_15weeks_Animal2_Capture2_TATCAGGAGGCGCTCT,1.01845030148455,1.0167626158445056,1.01275497890568,1.00797310937395
Hepatocyte_15weeks_Animal2_Capture2_TATCAGGCAGTCACTA,1.01931300843831,1.018318534046499,1.0162422567470146,1.0142000540806857
Hepatocyte_15weeks_Animal2_Capture2_TATTACCTCTCTGAGA,0.943395390222021,0.9538229850252524,0.9630049845706364,0.9718190974261912
Hepatocyte_15weeks_Animal2_Capture2_TCACGAAAGCTGAAAT,1.02814751130965,1.0263005297891703,1.0231788808707405,1.0199696610305842
Hepatocyte_15weeks_Animal2_Capture2_TCACGAACACCTCGGA,1.01312448357087,1.0140166347164106,1.0123277426632515,1.0098166175943832
Hepatocyte_15weeks_Animal2_Capture2_TCACGAATCTGCCAGG,1.02841843317498,1.0330235352017745,1.0360222739345468,1.0386699037778222
Hepatocyte_15weeks_Animal2_Capture2_TCAGATGCACCCAGTG,1.02316618062037,1.0251649724295515,1.0254572329295246,1.0253394563081557
Hepatocyte_15weeks_Animal2_Capture2_TCAGCAATCTAACCGA,0.912771942389288,0.9119795141034788,0.9102931521804994,0.908669236885206
Hepatocyte_15weeks_Animal2_Capture2_TCAGCAATCTGGAGCC,1.01700265252836,1.0191818839766835,1.0198329651868732,1.0202106884031048
Hepatocyte_15weeks_Animal2_Capture2_TCAGCTCTCACGGTTA,0.965745986665095,0.968750833977851,0.9693788112665618,0.9692665306270332
Hepatocyte_15weeks_Animal2_Capture2_TCAGGATAGCGTGAGT,0.929130091644125,0.9373799497595328,0.9444150326989706,0.9511447675331494
Hepatocyte_15weeks_Animal2_Capture2_TCAGGATGTTAGATGA,1.01669589333315,1.014188308480587,1.0104754897481134,1.0067453735503034
Hepatocyte_15weeks_Animal2_Capture2_TCATTACCAGTCCTTC,1.01980569555585,1.0248779808982362,1.024883881258693,1.0218620488115302
Hepatocyte_15weeks_Animal2_Capture2_TCCACACAGGAGTACC,1.02755254326163,1.0241752741554626,1.018624179868424,1.0125135192174082
Hepatocyte_15weeks_Animal2_Capture2_TCCACACTCGTGTAGT,1.02715974996475,1.0303970139740577,1.0323675416145106,1.0341209936331617
Hepatocyte_15weeks_Animal2_Capture2_TCCCGATAGAAACGCC,1.01669188436579,1.0181833948156749,1.017904321740332,1.0172492344434825
Hepatocyte_15weeks_Animal2_Capture2_TCCCGATAGACGCACA,0.847574632802963,0.8598854559473426,0.870921327323346,0.8815201657242833
Hepatocyte_15weeks_Animal2_Capture2_TCCCGATAGGCACATG,1.04078183814621,1.037997416610316,1.0337216717678028,1.0292672463438486
Hepatocyte_15weeks_Animal2_Capture2_TCCCGATCAAATTGCC,1.03149799831388,1.0295160884178327,1.0267067613803702,1.024062637715909
Hepatocyte_15weeks_Animal2_Capture2_TCCCGATGTACTCTCC,1.0143611267722,1.01680374871234,1.0162675515809352,1.0146599115878527
Hepatocyte_15weeks_Animal2_Capture2_TCGCGAGCATAAGACA,1.1427498483075,1.1361196836487972,1.1275739067878414,1.1188733716609145
Hepatocyte_15weeks_Animal2_Capture2_TCGCGTTCACCTCGGA,0.929359784122074,0.9337004506580836,0.936659444710217,0.9393049196277088
Hepatocyte_15weeks_Animal2_Capture2_TCGGGACTCTCCCTGA,0.996056110132879,1.0031258772774296,1.0088936145168292,1.0143500545440165
Hepatocyte_15weeks_Animal2_Capture2_TCGGTAAGTCGGATCC,1.02468954419498,1.0303850621324044,1.0347972349903194,1.0389331071369652
Hepatocyte_15weeks_Animal2_Capture2_TCGTAGAGTATTACCG,0.955686330954008,0.963982972732605,0.9709823038792152,0.9776372574876514
Hepatocyte_15weeks_Animal2_Capture2_TCGTAGATCCTTGGTC,1.02047030746692,1.020200309420435,1.0187198407710152,1.0172328536002182
Hepatocyte_15weeks_Animal2_Capture2_TGAAAGAAGCTGCCCA,1.01985066574977,1.012349793311172,1.003007044550352,0.9935212722576274
Hepatocyte_15weeks_Animal2_Capture2_TGACAACAGAAACCAT,0.971789138263784,0.9769399832897524,0.9787027887524374,0.978605576346996
Hepatocyte_15weeks_Animal2_Capture2_TGACAACAGACCACGA,1.0246681151366,1.0248521503650552,1.0229632206601025,1.020501255099728
Hepatocyte_15weeks_Animal2_Capture2_TGACTAGTCGTAGGTT,0.962332435838772,0.9707561948153364,0.9778387099596164,0.984547378734487
Hepatocyte_15weeks_Animal2_Capture2_TGAGAGGGTCTGGAGA,1.03036467319698,1.0254344486932705,1.0149415693649508,1.0004826346799185
Hepatocyte_15weeks_Animal2_Capture2_TGAGCCGCAAGCCCAC,1.0287817943188,0.9855689308743032,0.9472848644359054,0.9251793768307862
Hepatocyte_15weeks_Animal2_Capture2_TGAGCCGCACGGTTTA,1.02491027896392,1.0231050170583882,1.020161064674088,1.0172132580536273
Hepatocyte_15weeks_Animal2_Capture2_TGAGGGACAGATGAGC,1.03209358278309,1.0372844468184788,1.041206633340276,1.0449014305363122
Hepatocyte_15weeks_Animal2_Capture2_TGATTTCAGATGCCTT,1.01923248952113,1.0268314211477911,1.033161977971777,1.0391907547447607
Hepatocyte_15weeks_Animal2_Capture2_TGCCCATAGCCCAACC,1.03097358404724,1.0307019125971455,1.0291724678274323,1.0275314855912834
Hepatocyte_15weeks_Animal2_Capture2_TGCCCTACAGGACCCT,1.02802894321106,1.0257110747132625,1.0215939304935917,1.0171574759563389
Hepatocyte_15weeks_Animal2_Capture2_TGCCCTATCACAATGC,0.963876600876362,0.9685793026445338,0.9719540899782754,0.9750227110412626
Hepatocyte_15weeks_Animal2_Capture2_TGCGCAGAGTTGAGTA,1.01820504428988,1.016999819303636,1.0148533410673832,1.0127894185818078
Hepatocyte_15weeks_Animal2_Capture2_TGCGCAGGTTCTCATT,1.0309900547435,1.0379334049534956,1.043631889167688,1.049055826833509
Hepatocyte_15weeks_Animal2_Capture2_TGCGTGGGTGGCTCCA,0.935268146273368,0.9374874886333812,0.9386249683196172,0.939637256300102
Hepatocyte_15weeks_Animal2_Capture2_TGGACGCTCCGCGGTA,1.02570836241394,1.024970506781303,1.023324450008093,1.021788115250407
Hepatocyte_15weeks_Animal2_Capture2_TGGACGCTCTGGAGCC,0.886188255023494,0.8936538686964492,0.8999427102270078,0.9059098601675164
Hepatocyte_15weeks_Animal2_Capture2_TGGCCAGAGACAGAGA,1.00970134993681,1.0054442339530698,0.9991976054152766,0.992615061498498
Hepatocyte_15weeks_Animal2_Capture2_TGGCTGGGTTTGACAC,1.01733473708127,1.017620105768959,1.0163988247308329,1.0149627973591988
Hepatocyte_15weeks_Animal2_Capture2_TGGCTGGTCACGCATA,0.927405494873754,0.939110700116344,0.949444285204511,0.9593104547800044
Hepatocyte_15weeks_Animal2_Capture2_TGGCTGGTCATATCGG,1.03173285498076,1.0297098319715343,1.0267820782694543,1.0239511047423988
Hepatocyte_15weeks_Animal2_Capture2_TGGTTAGAGCCAACAG,1.02809202102079,1.0319771543547531,1.034619117490222,1.037025440022256
Hepatocyte_15weeks_Animal2_Capture2_TGGTTAGCATTTGCCC,1.03089015341398,1.035757753701657,1.039341943196953,1.042663314785755
Hepatocyte_15weeks_Animal2_Capture2_TGTGGTAGTCGAGTTT,0.994767547174659,1.0040573068059322,1.0119471339960149,1.0194147531872526
Hepatocyte_15weeks_Animal2_Capture2_TGTTCCGAGAAGGCCT,0.96851740305676,0.9718311011831616,0.973900275015045,0.9757628445644834
Hepatocyte_15weeks_Animal2_Capture2_TGTTCCGCAATCGAAA,1.02888806669996,1.0328204919059292,1.033094771461137,1.0316795660339917
Hepatocyte_15weeks_Animal2_Capture2_TTAACTCAGCCGGTAA,1.03888167062314,1.045843065302287,1.051490620662057,1.056848169521576
Hepatocyte_15weeks_Animal2_Capture2_TTAGGACCACCCATTC,1.01904633938182,1.0203636499557796,1.018510505900141,1.0154320091179736
Hepatocyte_15weeks_Animal2_Capture2_TTAGGCACACCTTGTC,1.02042920272091,1.0207217618577171,1.0192988940128522,1.0175179765819324
Hepatocyte_15weeks_Animal2_Capture2_TTAGTTCAGTTCGATC,1.02584447731439,1.0255721671856732,1.0238237731179054,1.021840469453578
Hepatocyte_15weeks_Animal2_Capture2_TTATGCTCACATCCAA,0.989200837603503,0.9962068977926126,1.0018299151918144,1.0070521190214932
Hepatocyte_15weeks_Animal2_Capture2_TTCGAAGAGGATGGAA,1.01139862570985,1.013815866718131,1.015047869816593,1.0161512053077069
Hepatocyte_15weeks_Animal2_Capture2_TTCGAAGAGGTGCACA,1.01932318553001,1.02510493903874,1.0261802963136726,1.024544733336722
Hepatocyte_15weeks_Animal2_Capture2_TTCTACATCATCGGAT,1.01599698795043,1.0127673605879737,1.0080563928490238,1.003192676650347
Hepatocyte_15weeks_Animal2_Capture2_TTCTTAGTCCTATGTT,0.929290012324128,0.9410155606328396,0.9513276985098053,0.961139450995918
Hepatocyte_15weeks_Animal2_Capture2_TTGAACGAGGGTATCG,1.01872933209771,1.0220966636481008,1.0244125206750516,1.0267067590490258
Hepatocyte_15weeks_Animal2_Capture2_TTGGCAAAGGGCTTGA,1.02126506986455,1.0148691135912669,1.0068824228469064,0.9988283683691792
Hepatocyte_15weeks_Animal2_Capture2_TTGGCAAAGTGTCTCA,1.11590101178055,1.1167976222321232,1.116511161209351,1.1161358459066468
Hepatocyte_15weeks_Animal2_Capture2_TTGGCAAAGTTGTCGT,1.0398320957401,1.0425640405314591,1.041719825883998,1.0391779759748816
Hepatocyte_15weeks_Animal2_Capture2_TTGTAGGCATGGTCAT,1.02334426233329,1.0212476428301949,1.0183402895764158,1.0156107303264468
Hepatocyte_15weeks_Animal2_Capture2_TTTACTGTCTACTCAT,1.02895713228708,1.0318087340836075,1.0334930116023302,1.035036322715326
Hepatocyte_15weeks_Animal2_Capture2_TTTATGCTCTGTCTCG,1.01013906965113,1.0185449472617707,1.0255048392648476,1.0320165807417676
Hepatocyte_15weeks_Animal2_Capture2_TTTATGCTCTTCTGGC,0.979100708656015,0.986823750401722,0.9930645045834404,0.9988626877515392
Hepatocyte_15weeks_Animal2_Capture2_TTTGCGCTCACGATGT,0.922341419637109,0.920155139916614,0.9163206765478128,0.9122203879582316
Hepatocyte_15weeks_Animal2_Capture1_AAAGCAAGTTTGGCGC,1.02752105406202,1.0338801948181635,1.0353335222353257,1.033733779806208
Hepatocyte_15weeks_Animal2_Capture1_AAAGTAGTCGTCTGAA,0.967794678522089,0.9753199061878494,0.981587890366638,0.987543709007188
Hepatocyte_15weeks_Animal2_Capture1_AAATGCCCACGAAATA,0.922863169886738,0.9300049042204164,0.9359186014284202,0.9415325037851856
Hepatocyte_15weeks_Animal2_Capture1_AAATGCCTCTAGCACA,1.02769750541729,1.0273512416362156,1.0260032501901932,1.0247014494546989
Hepatocyte_15weeks_Animal2_Capture1_AACACGTTCGTGGTCG,1.03099662119523,1.0370103978568386,1.0417173231178702,1.0461249269453914
Hepatocyte_15weeks_Animal2_Capture1_AACTCTTTCCAAACAC,1.0314375883533,1.038653507004801,1.044548952211069,1.0501495480585403
Hepatocyte_15weeks_Animal2_Capture1_AACTTTCCATGCCTAA,1.0352536965615,1.0413237533336337,1.0458564137157529,1.0499971681869769
Hepatocyte_15weeks_Animal2_Capture1_AACTTTCGTTGGTAAA,0.951164129999386,0.9582096135311235,0.9639084981659476,0.9692329842075056
Hepatocyte_15weeks_Animal2_Capture1_AAGGAGCGTTAGAACA,1.09809100913474,1.103615646122277,1.1078083552355449,1.1117086555373017
Hepatocyte_15weeks_Animal2_Capture1_AAGGCAGAGTGCGATG,1.01391083879563,1.015322780433819,1.0157429031903464,1.0161583416364932
Hepatocyte_15weeks_Animal2_Capture1_AAGGCAGGTAGGCATG,0.927011701593518,0.9285704157135488,0.9287332152502972,0.9286414170887592
Hepatocyte_15weeks_Animal2_Capture1_AATCGGTAGTTACCCA,1.0305604748263,1.0344191708872426,1.0371093295352396,1.0396417850752164
Hepatocyte_15weeks_Animal2_Capture1_ACACCGGAGTGAAGAG,0.978031645499925,0.9814641839716928,0.983741044473392,0.985857573030158
Hepatocyte_15weeks_Animal2_Capture1_ACACTGATCATAGCAC,1.04855502271506,1.0536145536270871,1.0574249310702646,1.0609387122387828
Hepatocyte_15weeks_Animal2_Capture1_ACAGCCGGTCTCTCTG,0.886351006952947,0.8951135337975205,0.900028067970579,0.9027520690027436
Hepatocyte_15weeks_Animal2_Capture1_ACAGCTACACGACGAA,1.03195864544248,1.0349648469729626,1.0367841829357085,1.038433414657106
Hepatocyte_15weeks_Animal2_Capture1_ACATCAGCAAAGGTGC,1.03819749190141,1.0427297361588532,1.0460406972762273,1.0491296232443887
Hepatocyte_15weeks_Animal2_Capture1_ACATCAGCAGTCGATT,1.04719581973268,1.045929284478371,1.0424116837105717,1.0383700357585692
Hepatocyte_15weeks_Animal2_Capture1_ACCTTTAGTAAACGCG,1.02575904378288,1.0245379531574157,1.020936955419237,1.016732614843664
Hepatocyte_15weeks_Animal2_Capture1_ACGAGCCAGTGCGATG,0.924699726561801,0.9276409751741066,0.9291716242176646,0.930454167772126
Hepatocyte_15weeks_Animal2_Capture1_ACGATACCATGCCTTC,1.02560824066265,1.0228979848448243,1.0186189251545903,1.0141794628380607
Hepatocyte_15weeks_Animal2_Capture1_ACGCAGCAGCACACAG,0.918572702315906,0.9221067717501776,0.9238363373216716,0.9250912180636972
Hepatocyte_15weeks_Animal2_Capture1_ACGCCAGGTGAGTATA,1.04845105046775,1.0517226367243124,1.0537117471779789,1.0554831581518982
Hepatocyte_15weeks_Animal2_Capture1_ACGGCCAAGTAGGCCA,0.976619779810802,0.9866366687959256,0.9952316884710238,1.0033732021634096
Hepatocyte_15weeks_Animal2_Capture1_ACGGGCTCAGCGATCC,1.01736043980302,1.0205785979229367,1.0219457262071197,1.0228446469402568
Hepatocyte_15weeks_Animal2_Capture1_ACGGGCTTCAACACGT,1.0193270005627,1.0149316068696117,1.0087241885878362,1.002264914685071
Hepatocyte_15weeks_Animal2_Capture1_ACGGGTCAGCGCCTCA,1.01325832259794,1.0204864740631396,1.0263680008406093,1.0318785627376912
Hepatocyte_15weeks_Animal2_Capture1_ACTATCTAGAGAACAG,0.949257523037581,0.958313336400916,0.9657843625855994,0.9727026882820974
Hepatocyte_15weeks_Animal2_Capture1_ACTGCTCGTTAAAGTG,0.934088936637118,0.9400831502698784,0.94468034889309,0.9489369441935244
Hepatocyte_15weeks_Animal2_Capture1_ACTGTCCCATCAGTCA,1.01996277146865,1.014330600773509,1.00777115055585,1.001450137100069
Hepatocyte_15weeks_Animal2_Capture1_ACTTTCATCTGAGGGA,0.987913849447592,0.9938125403179716,0.9980751650916594,1.0018658068893982
Hepatocyte_15weeks_Animal2_Capture1_AGAATAGGTAGAGGAA,1.02702024024767,1.029535644663015,1.0306800395368982,1.0315127793697445
Hepatocyte_15weeks_Animal2_Capture1_AGACGTTTCGGTGTTA,0.990919120503994,0.9958638821061998,0.9963834238585768,0.9939030064932106
Hepatocyte_15weeks_Animal2_Capture1_AGAGCGAAGATCTGCT,0.919108585323665,0.929976456082208,0.9361058655990184,0.9392628527097404
Hepatocyte_15weeks_Animal2_Capture1_AGAGTGGAGCGTGTCC,1.01444663681802,1.0125050800416246,1.0095337390929535,1.0066000584284829
Hepatocyte_15weeks_Animal2_Capture1_AGAGTGGGTCACACGC,0.957629416953763,0.9827031584466436,1.0020276457747572,1.0165559014205503
Hepatocyte_15weeks_Animal2_Capture1_AGATTGCGTATCTGCA,1.02053793418689,1.024731194176986,1.0277200948287255,1.030503864494867
Hepatocyte_15weeks_Animal2_Capture1_AGCAGCCCAGCTGGCT,1.04971762874188,1.048932576102235,1.0455234141589054,1.0415697588584063
Hepatocyte_15weeks_Animal2_Capture1_AGCCTAACATATACCG,1.0232551588371,1.0188824519056097,1.013414777491013,1.0080458064092268
Hepatocyte_15weeks_Animal2_Capture1_AGCGTATAGCGAAGGG,1.02800368691392,1.030972208782347,1.0314068609769051,1.0310491161045865
Hepatocyte_15weeks_Animal2_Capture1_AGCGTCGCAATCTACG,1.02846669530416,1.0260671861196198,1.0218983448909778,1.0174054709491651
Hepatocyte_15weeks_Animal2_Capture1_AGCTCTCGTGTGACGA,1.01385453485787,1.0219518457620476,1.0285978684626136,1.03480390765093
Hepatocyte_15weeks_Animal2_Capture1_AGCTTGATCATTCACT,0.911822570114814,0.923331085690013,0.9333965311400296,0.9429698590431366
Hepatocyte_15weeks_Animal2_Capture1_AGGCCGTCACACCGCA,1.02165652280278,1.024728486504509,1.026677993537553,1.0285068765007896
Hepatocyte_15weeks_Animal2_Capture1_AGGGAGTTCTTGAGAC,1.02216688877976,1.0278941810987294,1.0303575271596204,1.0314445027842265
Hepatocyte_15weeks_Animal2_Capture1_AGGTCATTCTAGCACA,1.02451520077518,1.0267758769653696,1.0279119725763222,1.02896448579259
Hepatocyte_15weeks_Animal2_Capture1_AGGTCCGAGCTACCTA,0.936687616051524,0.9447822045049242,0.9513029021573828,0.9573737716938874
Hepatocyte_15weeks_Animal2_Capture1_AGGTCCGCAAACCCAT,1.0259307480718,1.029819725219374,1.03257983581211,1.0351888800975817
Hepatocyte_15weeks_Animal2_Capture1_AGTAGTCAGCAGATCG,0.897760238600608,0.9046335453940744,0.9090447553655489,0.9125398034873438
Hepatocyte_15weeks_Animal2_Capture1_AGTAGTCTCTACTATC,0.946668262380959,0.9549667087019728,0.9620354877142602,0.9687908652832988
Hepatocyte_15weeks_Animal2_Capture1_AGTCTTTCAAGCCCAC,1.03728950942736,1.0375620343585437,1.035951686800479,1.0339532795023731
Hepatocyte_15weeks_Animal2_Capture1_AGTTGGTAGGTGTTAA,1.01682108021219,1.0121167764156764,1.0064448186389152,1.000930193844368
Hepatocyte_15weeks_Animal2_Capture1_AGTTGGTGTGGCGAAT,1.02123259414102,1.0210671686434811,1.0177485460031113,1.013324589955997
Hepatocyte_15weeks_Animal2_Capture1_ATAACGCAGGCTATCT,0.926103069018996,0.933577692264966,0.939906556936379,0.9460107374593476
Hepatocyte_15weeks_Animal2_Capture1_ATAGACCGTGGTACAG,1.02070556680414,1.0198271337857647,1.0178450270862145,1.0158347377699888
Hepatocyte_15weeks_Animal2_Capture1_ATCATCTCAGCTCGAC,1.0310105495616,1.0342801226166751,1.0352902344332091,1.035684466070534
Hepatocyte_15weeks_Animal2_Capture1_ATCATGGGTTCCGTCT,1.02715764616085,1.0221263641766771,1.0145605706087522,1.0062746192655925
Hepatocyte_15weeks_Animal2_Capture1_ATCCACCAGTCGTACT,0.843488419762399,0.8506094481393357,0.8564781394400802,0.8619870601926118
Hepatocyte_15weeks_Animal2_Capture1_ATCCACCCAGTATGCT,0.982458133082751,0.9938886197573948,1.0038447829071475,1.013283184222776
Hepatocyte_15weeks_Animal2_Capture1_ATCCGAATCGTGACAT,1.01673906496753,1.0156526818343874,1.013224274020692,1.0106674410163683
Hepatocyte_15weeks_Animal2_Capture1_ATCTGCCAGACTAAGT,1.04352998217405,1.0462336141823032,1.0477400650186393,1.0490913191685185
Hepatocyte_15weeks_Animal2_Capture1_ATGCGATAGGCGACAT,1.0185930716021,1.0205759000197228,1.0215458103764932,1.0225029622703128
Hepatocyte_15weeks_Animal2_Capture1_ATGCGATTCCTATTCA,1.12795260121343,1.125601327570566,1.122071630879234,1.118578389460133
Hepatocyte_15weeks_Animal2_Capture1_ATGGGAGAGGCGTACA,0.979869558382085,0.9877204349419356,0.9940860972104084,1.0000041895130238
Hepatocyte_15weeks_Animal2_Capture1_ATTACTCCATATGCTG,1.01971437794278,1.016823610133917,1.0126124297346082,1.0083366812714785
Hepatocyte_15weeks_Animal2_Capture1_ATTATCCCACGACGAA,0.991038773432449,0.9995373686061968,1.006675542315283,1.0134284908708844
Hepatocyte_15weeks_Animal2_Capture1_ATTGGACAGCTAAGAT,1.0367647331184,1.0364158274655866,1.0351310769678814,1.0338759301101683
Hepatocyte_15weeks_Animal2_Capture1_ATTGGTGTCAGGCCCA,0.985103493447098,0.9910741888880232,0.9957257408131612,1.000053421525386
Hepatocyte_15weeks_Animal2_Capture1_CAACCAATCGGATGGA,0.958930613423509,0.9659523284244632,0.9714336129288134,0.9764525201996131
Hepatocyte_15weeks_Animal2_Capture1_CAACCTCAGAGTTGGC,1.03031878107523,1.0359862050416706,1.0403035652146535,1.044308510246186
Hepatocyte_15weeks_Animal2_Capture1_CAAGATCCAAGTTGTC,1.02170938129431,1.02449738915623,1.0247336213372338,1.0238465456662182
Hepatocyte_15weeks_Animal2_Capture1_CAAGGCCAGCACCGCT,0.943643617552077,0.9511694486022948,0.957440765755425,0.963384883129412
Hepatocyte_15weeks_Animal2_Capture1_CAAGGCCCAGCTTAAC,0.897818482834471,0.9076498386719976,0.916147560166101,0.9242139530826008
Hepatocyte_15weeks_Animal2_Capture1_CACAAACAGCTAAACA,0.984717550920296,0.990150090001444,0.9917228625021772,0.9917895431662458
Hepatocyte_15weeks_Animal2_Capture1_CACACAAGTTCACGGC,1.02930876131294,1.0324562883856316,1.034362089047727,1.036062517143468
Hepatocyte_15weeks_Animal2_Capture1_CACACAATCACCACCT,1.01984575210748,1.0208426042827228,1.0190315743674168,1.0163229956554307
Hepatocyte_15weeks_Animal2_Capture1_CACACTCCAGGCGATA,1.0227981591311,1.0198048071168129,1.0143991794747316,1.0083711230656631
Hepatocyte_15weeks_Animal2_Capture1_CACAGGCCATCATCCC,1.02256215478792,1.0276529959504517,1.031547174969237,1.035240844520919
Hepatocyte_15weeks_Animal2_Capture1_CACATAGCAGTTCCCT,0.912330558468402,0.9138627224289748,0.9129492407202796,0.91118889204126
Hepatocyte_15weeks_Animal2_Capture1_CACATTTAGAAGAAGC,1.02303207055916,1.0159294000387762,1.0076750674890385,0.9995244470102208
Hepatocyte_15weeks_Animal2_Capture1_CACCACTTCTCTGCTG,0.932923966450313,0.9406566213860814,0.9472012233382272,0.953431076339608
Hepatocyte_15weeks_Animal2_Capture1_CACCAGGAGTACGCGA,0.924220408735744,0.9297075976935534,0.9341065863622688,0.938337438669006
Hepatocyte_15weeks_Animal2_Capture1_CACCAGGCAGTTCCCT,0.853602510150621,0.8669580717912098,0.876887197186737,0.8848976106834826
Hepatocyte_15weeks_Animal2_Capture1_CACTCCAGTCCAGTAT,1.03309636124497,1.0329946813622723,1.0316950024247975,1.0302880327978274
Hepatocyte_15weeks_Animal2_Capture1_CAGAATCAGTGGTAAT,0.912817757992174,0.9186853961334988,0.9221313353813416,0.9246900665225116
Hepatocyte_15weeks_Animal2_Capture1_CAGCAGCAGCTAGGCA,1.02583709764239,1.030279115836355,1.0335307771232791,1.0366229560920892
Hepatocyte_15weeks_Animal2_Capture1_CAGCCGACATTGGCGC,1.02689661842781,1.0291101128387723,1.0302671391384246,1.03136148284276
Hepatocyte_15weeks_Animal2_Capture1_CAGCGACGTAGCGCAA,1.02930245208921,1.0350466956960651,1.0395564941087414,1.043782429561048
Hepatocyte_15weeks_Animal2_Capture1_CAGCGACGTCTAGTCA,1.02935445752841,1.0308812662763658,1.0292578866560624,1.0264865774709222
Hepatocyte_15weeks_Animal2_Capture1_CAGCTAAAGAGGTACC,1.02236752701481,1.0207376223499978,1.016035388055978,1.0103775821995684
Hepatocyte_15weeks_Animal2_Capture1_CAGCTAACAGTGAGTG,1.02881123389489,1.0305415061831995,1.0311831924474937,1.0317794533176574
Hepatocyte_15weeks_Animal2_Capture1_CAGCTGGTCAGAGACG,0.988503629522485,0.9935927076027332,0.9973117555334712,1.000698998268843
Hepatocyte_15weeks_Animal2_Capture1_CAGGTGCTCCATGCTC,1.00531276964691,1.0127070319781215,1.0186892883686922,1.0242882958030417
Hepatocyte_15weeks_Animal2_Capture1_CAGTCCTAGAAGAAGC,1.01207691239883,1.0161643857408271,1.018509896969831,1.0203814930896118
Hepatocyte_15weeks_Animal2_Capture1_CATATTCCAATGTAAG,0.95442821768664,0.961178370540714,0.9666654581030136,0.9718243276695632
Hepatocyte_15weeks_Animal2_Capture1_CATCAAGGTGTGTGCC,0.935152164449942,0.9415420844061042,0.9464947615776632,0.9510138572603788
Hepatocyte_15weeks_Animal2_Capture1_CATCAGATCGATGAGG,1.02398673793261,1.0260079200845076,1.0265819774079656,1.0269569834306522
Hepatocyte_15weeks_Animal2_Capture1_CATCGGGCAGCCTTTC,1.00279894603453,1.012611814458826,1.020982415021443,1.0288966666217043
Hepatocyte_15weeks_Animal2_Capture1_CATCGGGTCTCAAGTG,1.02081283996857,1.02145029915719,1.0209581740506846,1.0204302111759542
Hepatocyte_15weeks_Animal2_Capture1_CATGACAGTATCACCA,1.02123470608498,1.043760888999846,1.0600798356437022,1.0714399956556453
Hepatocyte_15weeks_Animal2_Capture1_CATGACATCGCGATCG,0.955617382811842,0.9592372520933004,0.9612355682867922,0.9628306151595832
Hepatocyte_15weeks_Animal2_Capture1_CATGCCTCAATGCCAT,1.01472224346797,1.0172415318666306,1.0173823757731306,1.0168834752975415
Hepatocyte_15weeks_Animal2_Capture1_CATTATCTCCACGACG,1.02663270969954,1.0266712789484551,1.0232193001069625,1.0181525885178928
Hepatocyte_15weeks_Animal2_Capture1_CCACCTAGTGTCGCTG,0.84791513200476,0.85727442530865,0.8654875092180605,0.8733455974864055
Hepatocyte_15weeks_Animal2_Capture1_CCATGTCTCCAAACAC,0.889506432726068,0.9039501472438164,0.9142954149751576,0.9218990698329496
Hepatocyte_15weeks_Animal2_Capture1_CCATGTCTCCAACCAA,1.02290767054532,1.014731119006559,1.00486537639028,0.994837613868073
Hepatocyte_15weeks_Animal2_Capture1_CCCAATCGTGAACCTT,0.992876566082063,1.0018113200923264,1.0093313613695545,1.0164280261970362
Hepatocyte_15weeks_Animal2_Capture1_CCCAGTTAGTGGGCTA,0.929811841347608,0.9350076730411058,0.9389338654674556,0.9425779409162248
Hepatocyte_15weeks_Animal2_Capture1_CCGGTAGCATGGGAAC,1.023206210196,1.0252077266408122,1.026185573840508,1.027146043842594
Hepatocyte_15weeks_Animal2_Capture1_CCGGTAGGTGCACTTA,1.0435822681296,1.0521330942871443,1.0592106627566424,1.0658425169597796
Hepatocyte_15weeks_Animal2_Capture1_CCGGTAGTCAATAAGG,1.02146754010664,1.0161530888472905,1.0097127611968024,1.003361822754802
Hepatocyte_15weeks_Animal2_Capture1_CGAACATGTTTGTTTC,0.918110111142424,0.9252757541437056,0.931173979899828,0.9367330956540842
Hepatocyte_15weeks_Animal2_Capture1_CGAACATTCTGCCCTA,1.0201252496928,1.0229391255969742,1.0244555474750283,1.0257477335732563
Hepatocyte_15weeks_Animal2_Capture1_CGAATGTTCTTCCTTC,0.897067954279397,0.9074350984730866,0.9164027888711496,0.924878129220063
Hepatocyte_15weeks_Animal2_Capture1_CGACCTTCAGGCGATA,0.941780994569826,0.950668008448084,0.9571477022709228,0.9626578501705524
Hepatocyte_15weeks_Animal2_Capture1_CGACCTTTCAACGGGA,0.959166341829136,0.9701505702566142,0.9757600581444194,0.9778767836810444
Hepatocyte_15weeks_Animal2_Capture1_CGAGCCAAGGCAGTCA,1.02285865074167,1.0176280523806251,1.011439325442998,1.0055168836597732
Hepatocyte_15weeks_Animal2_Capture1_CGAGCCACACGCGAAA,0.944856032396207,0.9528065397836368,0.9594368824526456,0.9657189763978584
Hepatocyte_15weeks_Animal2_Capture1_CGAGCCAGTGACCAAG,1.01626748186733,1.0140849237781142,1.010556780771365,1.0069390000177836
Hepatocyte_15weeks_Animal2_Capture1_CGATCGGAGCGACGTA,0.932677451100137,0.9438079226002508,0.9535246561037494,0.9627387348232234
Hepatocyte_15weeks_Animal2_Capture1_CGATCGGGTTACAGAA,1.039956871811,1.0437973180266722,1.046437753235332,1.0488938604209133
Hepatocyte_15weeks_Animal2_Capture1_CGATGGCAGTTAGGTA,0.958794135487452,0.963107455704426,0.9662552354277126,0.9691878286852432
Hepatocyte_15weeks_Animal2_Capture1_CGATGGCGTCAGAATA,1.01848585181534,1.0143372406884086,1.0089997915370212,1.003655947833076
Hepatocyte_15weeks_Animal2_Capture1_CGCGTTTGTGATGCCC,1.02938466218008,1.027424425056371,1.0241316432645151,1.0207671565604963
Hepatocyte_15weeks_Animal2_Capture1_CGGACGTAGTCCAGGA,0.963586301173795,0.9759024313860056,0.986798302028988,0.9972048032719896
Hepatocyte_15weeks_Animal2_Capture1_CGGACTGGTTCCATGA,0.963066395401184,0.970922495553642,0.97748861731904,0.9837113910891492
Hepatocyte_15weeks_Animal2_Capture1_CGGAGCTTCTGTGCAA,1.02967290676968,1.0250210570418783,1.019214933967869,1.0135170488445415
Hepatocyte_15weeks_Animal2_Capture1_CGGGTCAGTGTTGAGG,1.01735206806873,1.0127110395463257,1.0064012626389962,0.9998344350084676
Hepatocyte_15weeks_Animal2_Capture1_CGTAGCGAGGCTCAGA,1.02528043838982,1.0256163160929124,1.0238320255318591,1.0215426428202563
Hepatocyte_15weeks_Animal2_Capture1_CGTAGCGTCAATCACG,1.01952567850168,1.0222416077455796,1.0233338327413837,1.0241330860931843
Hepatocyte_15weeks_Animal2_Capture1_CGTCTACAGGACACCA,0.959148285992113,0.9704893494207576,0.9803297729291776,0.9896325244574862
Hepatocyte_15weeks_Animal2_Capture1_CGTGTAAGTTTGTTGG,1.0298015856236,1.030003893502505,1.0281140826783952,1.025592724407941
Hepatocyte_15weeks_Animal2_Capture1_CGTGTAATCTGCGGCA,1.01835144141112,1.021730835718655,1.0226042329802236,1.0225836185416286
Hepatocyte_15weeks_Animal2_Capture1_CGTTAGACACTAGTAC,1.04940645032914,1.0537558477963838,1.056752651000792,1.059460102280051
Hepatocyte_15weeks_Animal2_Capture1_CGTTCTGCATAAGACA,0.946129693576312,0.952508234295704,0.9576655479989992,0.9625111215705654
Hepatocyte_15weeks_Animal2_Capture1_CTAACTTTCTACCAGA,1.01761829525109,1.012130446705356,1.0051736941942055,0.9982273139228962
Hepatocyte_15weeks_Animal2_Capture1_CTAAGACTCGCCTGTT,1.01880496438438,0.9725569336670892,0.9354796048087708,0.9145720761788528
Hepatocyte_15weeks_Animal2_Capture1_CTAATGGGTATAGTAG,0.94385692382283,0.9515476458891984,0.9579070591415814,0.96386993395589
Hepatocyte_15weeks_Animal2_Capture1_CTACACCAGGCAATTA,1.02499615033811,1.0169400310727277,1.0080217667031968,0.9994853976124718
Hepatocyte_15weeks_Animal2_Capture1_CTACGTCGTATCGCAT,0.82698822514608,0.83409239462401,0.8393734709586199,0.8440924349657098
Hepatocyte_15weeks_Animal2_Capture1_CTAGAGTAGAGCAATT,1.0351889435145,1.041723537216383,1.046952576650349,1.0518763133033269
Hepatocyte_15weeks_Animal2_Capture1_CTAGCCTTCATAACCG,0.966395125117783,0.9727383371970876,0.9777768987028904,0.9824827475557184
Hepatocyte_15weeks_Animal2_Capture1_CTAGTGAGTTGTTTGG,0.979659271516388,0.9905558839840616,1.0001014747224852,1.0092292031929675
Hepatocyte_15weeks_Animal2_Capture1_CTCCTAGAGTTACGGG,1.02956045263952,1.0308650998769604,1.0311579996563005,1.0314370210910082
Hepatocyte_15weeks_Animal2_Capture1_CTCCTAGGTTCGTCTC,1.02820422101743,1.030691741615398,1.0319928418960749,1.0331689637710315
Hepatocyte_15weeks_Animal2_Capture1_CTCGAAAGTCGGCACT,0.840820444271554,0.853216182641087,0.8644057568641442,0.8752080102301739
Hepatocyte_15weeks_Animal2_Capture1_CTCGAGGTCCGCATCT,1.02848339319955,1.0314739514299407,1.0333024963099524,1.0349734552182646
Hepatocyte_15weeks_Animal2_Capture1_CTCGGGAAGTAGTGCG,0.97767779813491,0.983840020675412,0.9886620105653796,0.9931531988636062
Hepatocyte_15weeks_Animal2_Capture1_CTCGGGAAGTGATCGG,1.02731415118382,1.0321491288706357,1.0332292431674823,1.0325095059039235
Hepatocyte_15weeks_Animal2_Capture1_CTCGGGATCTGCTGCT,1.03222961195275,1.0319519663394872,1.030474466659044,1.0289174727743948
Hepatocyte_15weeks_Animal2_Capture1_CTCGTACTCAGTCAGT,1.02647382254037,1.0296877353657423,1.0314860488671669,1.0330187981161636
Hepatocyte_15weeks_Animal2_Capture1_CTGAAACAGCGAGAAA,0.955284452885055,0.9651453654303528,0.9736816346148308,0.981828338608552
Hepatocyte_15weeks_Animal2_Capture1_CTGATAGAGTTAACGA,1.0314368478703,1.0322217601191876,1.0304936547655024,1.027841225206935
Hepatocyte_15weeks_Animal2_Capture1_CTGATAGCAAGACGTG,0.92372973583662,0.9259595335377914,0.9260826425740342,0.9258276383155546
Hepatocyte_15weeks_Animal2_Capture1_CTGATCCGTCGGGTCT,0.934348142516501,0.9352770579223464,0.9349864174510716,0.9345712476399928
Hepatocyte_15weeks_Animal2_Capture1_CTGATCCTCTACTCAT,1.0235295522775,1.0214060461773138,1.0176078898710708,1.013527583736347
Hepatocyte_15weeks_Animal2_Capture1_CTGCCTATCGCCTGAG,1.02286902373917,1.0342822251898256,1.0403399912101094,1.04249057844369
Hepatocyte_15weeks_Animal2_Capture1_CTGCTGTTCCTGCAGG,1.04049099746017,1.039489406807958,1.0371920601735825,1.0348748318200545
Hepatocyte_15weeks_Animal2_Capture1_CTGTTTAAGCTTTGGT,0.987891742848804,0.99474692570111,1.000251538884984,1.0054121478152434
Hepatocyte_15weeks_Animal2_Capture1_CTTAACTCACCTTGTC,1.1334592040985,1.12894586784824,1.1219411162797894,1.1141849268619073
Hepatocyte_15weeks_Animal2_Capture1_GAAACTCAGGTTACCT,0.90884704521572,0.9148794565721964,0.918179675432543,0.9203706696314332
Hepatocyte_15weeks_Animal2_Capture1_GAACGGAGTCTCCCTA,0.946638210313821,0.9543254640511208,0.9605689754806483,0.9664165319585208
Hepatocyte_15weeks_Animal2_Capture1_GAAGCAGCAATCGGTT,0.935435954893261,0.9407579208929115,0.9444994063336816,0.9478298909231052
Hepatocyte_15weeks_Animal2_Capture1_GAAGCAGGTTGGTTTG,0.93718558451748,0.9471731205709524,0.955725449893552,0.9637725252363736
Hepatocyte_15weeks_Animal2_Capture1_GAATAAGTCGTATCAG,0.911899723107235,0.916237471951026,0.9195679072931456,0.9228010226024088
Hepatocyte_15weeks_Animal2_Capture1_GACAGAGTCGGCGCTA,1.027676345245,1.0328384881435182,1.0363278990614595,1.0393628596359847
Hepatocyte_15weeks_Animal2_Capture1_GACCAATTCGGTGTCG,0.927412524382846,0.9346649437791744,0.9383823936513298,0.94055016080206
Hepatocyte_15weeks_Animal2_Capture1_GACGCGTTCTCCAACC,1.03275027632478,1.03242814903484,1.0307149970068965,1.028888229434001
Hepatocyte_15weeks_Animal2_Capture1_GACGGCTCATCGTCGG,0.949854545959407,0.9587279373215832,0.9663108661980784,0.973515485823661
Hepatocyte_15weeks_Animal2_Capture1_GACGTGCAGCGTGAGT,0.91762086641053,0.9312254874256746,0.943414237902888,0.9550752057941894
Hepatocyte_15weeks_Animal2_Capture1_GACGTGCCATCACGAT,1.02881880411838,1.0349579336132648,1.0375241194138811,1.038556882471183
Hepatocyte_15weeks_Animal2_Capture1_GACTACATCATAACCG,1.02054214867294,1.0196926770343149,1.0178909685607591,1.0161438585902736
Hepatocyte_15weeks_Animal2_Capture1_GACTGCGGTTCGTTGA,1.02639329817654,1.0312315008243855,1.0341287404705242,1.0364766971481614
Hepatocyte_15weeks_Animal2_Capture1_GAGCAGAGTTGTCGCG,1.03026962137605,1.0312572924571797,1.0310952436840868,1.030832122993961
Hepatocyte_15weeks_Animal2_Capture1_GAGCAGATCTAGCACA,1.04009690277871,1.0431091280544509,1.0449652263860625,1.0466764409588856
Hepatocyte_15weeks_Animal2_Capture1_GATCGTATCCTCAATT,1.02549358700559,1.0236087392235318,1.0194572582740058,1.01473284014488
Hepatocyte_15weeks_Animal2_Capture1_GATGCTACACTCTGTC,1.02036315656841,1.019440483962659,1.0167737250405866,1.0138005658062406
Hepatocyte_15weeks_Animal2_Capture1_GATTCAGAGCGTTCCG,0.867382496651905,0.8795206968995964,0.8903130305276926,0.9006086987042173
Hepatocyte_15weeks_Animal2_Capture1_GCAATCACATGGGACA,1.03014207710391,1.0305717853219556,1.0299018629247512,1.0291832666317209
Hepatocyte_15weeks_Animal2_Capture1_GCAATCAGTAGCTCCG,0.903071732938017,0.9106042147341218,0.9156417155045288,0.9197113661355472
Hepatocyte_15weeks_Animal2_Capture1_GCAATCAGTAGGGTAC,1.03055791817987,1.038544267493033,1.045127622459483,1.051319824664222
Hepatocyte_15weeks_Animal2_Capture1_GCACATAAGAGGGATA,0.909667094505967,0.9203066703164512,0.9284932542980674,0.935677523473168
Hepatocyte_15weeks_Animal2_Capture1_GCACATAGTTGGAGGT,1.01568637362441,1.0166226166546115,1.0146669878281065,1.0117382970627389
Hepatocyte_15weeks_Animal2_Capture1_GCACTCTCATCAGTAC,1.03000919070189,1.0303433257309762,1.0286084779331175,1.0263465659950648
Hepatocyte_15weeks_Animal2_Capture1_GCAGCCACATCTACGA,0.951181692031172,0.9588841777053088,0.9630853426826056,0.9653206262021476
Hepatocyte_15weeks_Animal2_Capture1_GCAGTTACATGCTAGT,1.0151160772153,1.014477462447304,1.0116772331956183,1.0084271979354078
Hepatocyte_15weeks_Animal2_Capture1_GCATACAGTGGTGTAG,1.02117559422379,1.017830998977778,1.0134292593390677,1.0091759593562688
Hepatocyte_15weeks_Animal2_Capture1_GCATGCGAGTGCCATT,1.02814134650515,1.0251493624152572,1.0211715963787067,1.0173608802669427
Hepatocyte_15weeks_Animal2_Capture1_GCCAAATAGACGACGT,1.01489797781783,1.014334812096805,1.0121392406468837,1.0096567636212894
Hepatocyte_15weeks_Animal2_Capture1_GCCTCTAAGCGTTTAC,1.01767412135634,1.021103107169162,1.0233175626757491,1.0253608642327643
Hepatocyte_15weeks_Animal2_Capture1_GCGACCAAGGCCGAAT,0.967125175583972,0.976829704595726,0.9850922145400224,0.992869012968342
Hepatocyte_15weeks_Animal2_Capture1_GCGAGAATCTAGAGTC,0.90346638836642,0.9143303440852436,0.9238508835110536,0.9329591942151992
Hepatocyte_15weeks_Animal2_Capture1_GCGCAACAGCGACGTA,1.02072564762812,1.0182900230419385,1.0146856323942754,1.0111745280324655
Hepatocyte_15weeks_Animal2_Capture1_GCGCAACTCACCCGAG,1.03433336239974,1.0434765687607537,1.0512317491182137,1.058609894476538
Hepatocyte_15weeks_Animal2_Capture1_GCGCCAACAAACCCAT,1.0404095512005,1.0427333103820182,1.0438085852329095,1.0447204565368509
Hepatocyte_15weeks_Animal2_Capture1_GCGCCAACATGGAATA,1.01838333320945,1.0177422460623848,1.015309478232557,1.0125501641831087
Hepatocyte_15weeks_Animal2_Capture1_GCGCGATGTAGAGTGC,1.02772226153184,1.0317668256599837,1.033129774984222,1.033619891000168
Hepatocyte_15weeks_Animal2_Capture1_GCTCTGTGTTACCGAT,0.914941897425375,0.9193857671978496,0.922423419461567,0.9250883688641652
Hepatocyte_15weeks_Animal2_Capture1_GCTGCAGTCAAACGGG,1.02550485490112,1.0238873059224745,1.0205205119660397,1.0168691893320132
Hepatocyte_15weeks_Animal2_Capture1_GCTGCGAAGCTCTCGG,1.09914065486892,1.098427409936218,1.09653811806844,1.094614573060803
Hepatocyte_15weeks_Animal2_Capture1_GCTGGGTTCAGGTAAA,0.844292785405767,0.854911826754813,0.8637251756998008,0.8718595608984266
Hepatocyte_15weeks_Animal2_Capture1_GCTTCCAAGGACACCA,1.03014569695802,1.0331438135876487,1.0350073352608524,1.0367425522639313
Hepatocyte_15weeks_Animal2_Capture1_GCTTGAAAGTAGGCCA,1.02917246754103,1.0310338833436108,1.0308105287045084,1.0300416559175056
Hepatocyte_15weeks_Animal2_Capture1_GGAACTTAGTCTCCTC,0.878331929592268,0.8872848541766413,0.894914673676252,0.9021132269750411
Hepatocyte_15weeks_Animal2_Capture1_GGAATAACATTCCTCG,0.919804773161452,0.9210040515147524,0.9212731399421992,0.9215469607180038
Hepatocyte_15weeks_Animal2_Capture1_GGAATAAGTCCATCCT,1.02905676037944,1.036177277537856,1.0418749090443755,1.0471984910382148
Hepatocyte_15weeks_Animal2_Capture1_GGACAGAAGTGTACGG,0.894545920454412,0.9062166149381288,0.9165969250966418,0.926558484641899
Hepatocyte_15weeks_Animal2_Capture1_GGACATTAGCGTTGCC,1.00930913770577,1.0059078164802588,0.9994284912623572,0.991884944703714
Hepatocyte_15weeks_Animal2_Capture1_GGACATTAGCTCAACT,1.03014848827316,1.0378166536935118,1.040773509841792,1.0407588128288885
Hepatocyte_15weeks_Animal2_Capture1_GGATGTTAGACTTGAA,0.925693937033582,0.931365568713955,0.9357946067422996,0.9399367694203196
Hepatocyte_15weeks_Animal2_Capture1_GGATGTTAGCGTCTAT,1.02511566149965,1.026654241193202,1.0262363694165062,1.0254189183709466
Hepatocyte_15weeks_Animal2_Capture1_GGATGTTCATTAACCG,0.919091648454531,0.927492192920277,0.934581412047148,0.9412788020034512
Hepatocyte_15weeks_Animal2_Capture1_GGATTACCACGTGAGA,0.922205952850158,0.9229076226296709,0.92249019182351,0.9220051721908364
Hepatocyte_15weeks_Animal2_Capture1_GGCAATTAGCCGCCTA,1.02339396677007,1.022635980034147,1.0208146861337706,1.019018080029968
Hepatocyte_15weeks_Animal2_Capture1_GGCGTGTGTCTAGTCA,0.911868621412438,0.914506970989251,0.915472047334472,0.9160264194536388
Hepatocyte_15weeks_Animal2_Capture1_GGCTCGATCAGCTGGC,1.02991113986463,1.033700575657496,1.0358604888689733,1.0376643656978417
Hepatocyte_15weeks_Animal2_Capture1_GGCTGGTGTAGAGTGC,1.02679181303861,1.031708793206893,1.0352390565905127,1.0385111242243372
Hepatocyte_15weeks_Animal2_Capture1_GGGAATGTCGTTACGA,1.01966895155875,1.0238382455336563,1.0267968030334005,1.0295402875072592
Hepatocyte_15weeks_Animal2_Capture1_GGGCACTCAATGGACG,0.96352980694329,0.972396849350553,0.9799770157647116,0.9872151691841312
Hepatocyte_15weeks_Animal2_Capture1_GGGCACTCAGTTCATG,1.01759622491899,1.0211126370683934,1.02053666961858,1.0179657113179463
Hepatocyte_15weeks_Animal2_Capture1_GGGCATCTCACATGCA,1.03015881505744,1.0352170244467631,1.0390957925139226,1.0427965940635284
Hepatocyte_15weeks_Animal2_Capture1_GGGTCTGAGAGTAATC,1.04029979667709,1.0451675567338583,1.0484611651054756,1.051357450237955
Hepatocyte_15weeks_Animal2_Capture1_GGGTCTGCATCACGAT,1.02560268577656,1.023786616685889,1.0202169953759288,1.0163474735250908
Hepatocyte_15weeks_Animal2_Capture1_GGTGAAGGTATAAACG,0.909924500599618,0.9143733935183356,0.9176167205781296,0.920604502160122
Hepatocyte_15weeks_Animal2_Capture1_GGTGTTAAGGCGTACA,0.92689719712995,0.93401069921417,0.9393960428484605,0.9442298079312575
Hepatocyte_15weeks_Animal2_Capture1_GTACGTAAGCTGGAAC,0.941919999651505,0.9524983722105684,0.9617307690706308,0.9705400371829828
Hepatocyte_15weeks_Animal2_Capture1_GTACGTAGTCAGAGGT,0.916721489040322,0.9219364361237924,0.9260219019608722,0.9299007842543572
Hepatocyte_15weeks_Animal2_Capture1_GTAGGCCGTACAGCAG,1.01125368450679,1.0121642343290769,1.0121217288113211,1.012118429568173
Hepatocyte_15weeks_Animal2_Capture1_GTATCTTTCGGAAACG,1.0214473520781,1.0211573601584654,1.0194759192678031,1.017666687338693
Hepatocyte_15weeks_Animal2_Capture1_GTATTCTTCTATCGCC,1.02559111806584,1.028186225280455,1.028297591159536,1.0277247234987243
Hepatocyte_15weeks_Animal2_Capture1_GTCACGGGTTCCTCCA,1.01707411606921,1.01686839740811,1.014425691872693,1.011400790004034
Hepatocyte_15weeks_Animal2_Capture1_GTCCTCAAGATCGATA,0.949606966020272,0.955278973230236,0.9597613400291908,0.9639688522637386
Hepatocyte_15weeks_Animal2_Capture1_GTCCTCACAGCTGGCT,0.97591305513797,0.9812686203898638,0.985324931495056,0.9890557556215251
Hepatocyte_15weeks_Animal2_Capture1_GTCGGGTTCGGAGGTA,0.922222127826828,0.9325600970193024,0.9387962748361396,0.9432156314418632
Hepatocyte_15weeks_Animal2_Capture1_GTCGTAAAGAATGTTG,1.0208373769277,1.0243554271055444,1.026641705275097,1.0287564560061588
Hepatocyte_15weeks_Animal2_Capture1_GTGCGGTCACGCCAGT,0.878259404833721,0.8882460854319754,0.897001647551784,0.9053876954499618
Hepatocyte_15weeks_Animal2_Capture1_GTGCTTCCATGGATGG,1.02675997307948,1.032845928943371,1.0376559648862238,1.0422021003104376
Hepatocyte_15weeks_Animal2_Capture1_GTTCATTTCACGACTA,1.03277617660827,1.034470429460646,1.03427794670911,1.0336136380114205
Hepatocyte_15weeks_Animal2_Capture1_GTTCGGGCACAGAGGT,0.912927535403974,0.9155270016213916,0.9170438034489056,0.9184088673179518
Hepatocyte_15weeks_Animal2_Capture1_GTTCTCGAGGTAGCCA,0.936970803034698,0.9438944298203488,0.94952910082672,0.9548561411186228
Hepatocyte_15weeks_Animal2_Capture1_TAAGAGAAGACTGTAA,1.01428494425973,1.0131082598033214,1.010417577943919,1.0075319414330433
Hepatocyte_15weeks_Animal2_Capture1_TAAGAGAGTCTGATCA,1.02613647217365,1.0305057258065726,1.0336653152034831,1.036607674051142
Hepatocyte_15weeks_Animal2_Capture1_TACAGTGGTCAACATC,0.925082027988045,0.9338896150566184,0.9411257491472896,0.9478490675675292
Hepatocyte_15weeks_Animal2_Capture1_TACCTATGTATCTGCA,1.03056131342933,1.031780693179909,1.0315501225153283,1.0311184166944505
Hepatocyte_15weeks_Animal2_Capture1_TACCTTAGTTCGCTAA,1.03509680670325,1.036270165478068,1.035491379665251,1.0342409356607214
Hepatocyte_15weeks_Animal2_Capture1_TACGGTATCAGCGACC,0.912665908459523,0.9192834640714298,0.9223628776691964,0.9239620308728302
Hepatocyte_15weeks_Animal2_Capture1_TACGGTATCTAACCGA,1.02212706487263,1.0177230056858588,1.0124219986807628,1.0072676674401968
Hepatocyte_15weeks_Animal2_Capture1_TACTCGCGTCCCTACT,1.03822735122141,1.043205010486463,1.046872565260675,1.050298484222413
Hepatocyte_15weeks_Animal2_Capture1_TACTTACAGCACACAG,0.920553609196118,0.9274285212789536,0.9322826327367072,0.9363357567758636
Hepatocyte_15weeks_Animal2_Capture1_TACTTACTCTTCCTTC,0.924894968179872,0.9333020645316294,0.9405093160891708,0.9474160106645751
Hepatocyte_15weeks_Animal2_Capture1_TAGCCGGCATCATCCC,0.955277552060662,0.9738083786435008,0.9868811515838992,0.995483353323343
Hepatocyte_15weeks_Animal2_Capture1_TAGCCGGGTACTTGAC,0.912780989619339,0.9153730100151148,0.916490710815252,0.9173032097013084
Hepatocyte_15weeks_Animal2_Capture1_TAGTGGTTCGGATGTT,1.01745425941885,1.015856986586126,1.0127050210092257,1.0093413114283791
Hepatocyte_15weeks_Animal2_Capture1_TAGTTGGAGTACGTAA,0.953589701663388,0.959851741702493,0.9648873671461652,0.969645748756029
Hepatocyte_15weeks_Animal2_Capture1_TATCTCAGTTCGTGAT,0.943098883823285,0.9542996745417331,0.9642361620607496,0.973781929694288
Hepatocyte_15weeks_Animal2_Capture1_TATTACCGTCCGAACC,0.915551164480385,0.9208154296322244,0.923749570342262,0.9259604689900264
Hepatocyte_15weeks_Animal2_Capture1_TCAACGATCACGAAGG,0.916431501004112,0.9207064455628649,0.923541864946794,0.9260145693741788
Hepatocyte_15weeks_Animal2_Capture1_TCACAAGCAAGTTCTG,1.03220197850204,1.03631264044564,1.036414665149908,1.0346816884707857
Hepatocyte_15weeks_Animal2_Capture1_TCACGAATCACGATGT,0.966907990927483,0.9786437857833122,0.9889032912837964,0.9986345935268816
Hepatocyte_15weeks_Animal2_Capture1_TCAGGATAGACATAAC,1.13556385043249,1.1276268953121156,1.1187079173084489,1.1100207577290928
Hepatocyte_15weeks_Animal2_Capture1_TCAGGTACATGACGGA,1.01672327643632,1.022311905917284,1.0267128959333922,1.0309138680078591
Hepatocyte_15weeks_Animal2_Capture1_TCCCGATCACATTTCT,0.954972670453151,0.965046552064842,0.9737027401824728,0.9818633172584168
Hepatocyte_15weeks_Animal2_Capture1_TCCCGATGTCGTTGTA,1.02748490361006,1.0210208418783469,1.0095105539857496,0.994289349697858
Hepatocyte_15weeks_Animal2_Capture1_TCGCGAGGTCTTTCAT,1.01842101239538,1.0153901087199064,1.0102284811868958,1.004613272605971
Hepatocyte_15weeks_Animal2_Capture1_TCGCGTTTCCTGTAGA,0.940051758157194,0.945466303938421,0.949735138649162,0.9537854262809784
Hepatocyte_15weeks_Animal2_Capture1_TCTATTGCATACGCCG,1.01274619848502,1.0089896200805892,1.003570065185361,0.9979931039461876
Hepatocyte_15weeks_Animal2_Capture1_TCTGAGATCGGTGTTA,0.85532262900303,0.8658670016092138,0.8748561269373587,0.8832817688054112
Hepatocyte_15weeks_Animal2_Capture1_TCTGAGATCTGCAGTA,0.836773195393921,0.8515955416089668,0.8650374112050032,0.8779079771151646
Hepatocyte_15weeks_Animal2_Capture1_TCTGGAATCCCTTGCA,1.01492200009819,1.0230944845422811,1.0298232131066374,1.036108538713424
Hepatocyte_15weeks_Animal2_Capture1_TCTTCGGCACTTCTGC,1.03439126782873,1.041016983377515,1.046263472266443,1.0511323477704215
Hepatocyte_15weeks_Animal2_Capture1_TCTTTCCCAGATTGCT,1.02813791291903,1.030630948745478,1.0320008597877792,1.0332494395636802
Hepatocyte_15weeks_Animal2_Capture1_TCTTTCCCATAGTAAG,1.01625151376486,1.0173358284076532,1.017383701482952,1.0174064403437637
Hepatocyte_15weeks_Animal2_Capture1_TGACGGCCATTCGACA,1.01905162993022,1.024271270207017,1.028334743840488,1.03223450113925
Hepatocyte_15weeks_Animal2_Capture1_TGACTAGTCAGTTGAC,1.0372122078828,1.0426187267908331,1.046544897639785,1.0501240732576786
Hepatocyte_15weeks_Animal2_Capture1_TGACTTTGTTACGGAG,1.02265610039172,1.0251172666746131,1.0252805084916463,1.0248049865836442
Hepatocyte_15weeks_Animal2_Capture1_TGAGCATAGGTGACCA,1.03536558684158,1.035392200310261,1.0327468651310496,1.029280308710258
Hepatocyte_15weeks_Animal2_Capture1_TGCCCATCAAGGTTTC,1.02305867179395,1.026041425567182,1.0259846228655132,1.0248881345127518
Hepatocyte_15weeks_Animal2_Capture1_TGCCCATTCATGGTCA,0.913576228698637,0.9147849706479384,0.9144123774505668,0.9138066110246368
Hepatocyte_15weeks_Animal2_Capture1_TGCCCTACACCAGCAC,0.965038582215647,0.9740060296928208,0.9816887224282056,0.9890173259383408
Hepatocyte_15weeks_Animal2_Capture1_TGCCCTAGTTAGAACA,1.02464311694492,0.989899531947228,0.9560549098728496,0.9362538316340064
Hepatocyte_15weeks_Animal2_Capture1_TGCGCAGAGCTGCCCA,0.93612916368716,0.9473246904152924,0.9571349190132264,0.966482711926964
Hepatocyte_15weeks_Animal2_Capture1_TGCGGGTCAAAGGAAG,0.938494089777225,0.947674208281436,0.9553810044808904,0.9626022383643912
Hepatocyte_15weeks_Animal2_Capture1_TGGACGCCAGCCTTTC,1.01376225163734,1.0159657612417,1.0169921787788592,1.0178882448328754
Hepatocyte_15weeks_Animal2_Capture1_TGGCGCAAGCGACGTA,1.02152864970572,1.0261430610951292,1.02778218300553,1.028364817240869
Hepatocyte_15weeks_Animal2_Capture1_TGGTTCCCATACTACG,1.0239721194253,1.0242763529557783,1.0235885342146702,1.022908600385434
Hepatocyte_15weeks_Animal2_Capture1_TGTCCCATCCTTCAAT,1.03418568578958,1.038381918281738,1.0413634809653969,1.0441352511533897
Hepatocyte_15weeks_Animal2_Capture1_TGTGGTACATGTCCTC,1.02522904958014,1.0313826595449784,1.0363368904391808,1.0410943364856755
Hepatocyte_15weeks_Animal2_Capture1_TGTGGTAGTCTTTCAT,0.907612421285295,0.9157903517539416,0.9226948274698786,0.929219790607648
Hepatocyte_15weeks_Animal2_Capture1_TTAACTCCATTCCTCG,1.04105226600591,1.044221692335293,1.0449357924396037,1.0448019224153713
Hepatocyte_15weeks_Animal2_Capture1_TTAGTTCTCACCTTAT,1.03757515528856,1.0384247454573583,1.0380095068067257,1.0374938119205697
Hepatocyte_15weeks_Animal2_Capture1_TTCCCAGAGACAAAGG,1.02643163401368,1.0239708543626913,1.0205957636894785,1.0173219360767176
Hepatocyte_15weeks_Animal2_Capture1_TTCGAAGAGTCCAGGA,1.02666768086038,1.019680712016391,1.0104793220025956,1.000739885167696
Hepatocyte_15weeks_Animal2_Capture1_TTCGGTCTCGGAAATA,1.03015910976329,1.0339963152948992,1.036660258359234,1.0391269810743162
Hepatocyte_15weeks_Animal2_Capture1_TTCTCAATCCGAACGC,1.02632229999104,1.027984566052011,1.0274019096579643,1.026200721744499
Hepatocyte_15weeks_Animal2_Capture1_TTCTCCTTCTTATCTG,0.86347485000319,0.8742446125610608,0.8835803323998889,0.892425703867496
Hepatocyte_15weeks_Animal2_Capture1_TTGCGTCGTTACGCGC,0.932619521228945,0.9420699902704144,0.948654638342436,0.9540167161610084
Hepatocyte_15weeks_Animal2_Capture1_TTGGAACAGTGCTGCC,1.02692206630246,1.0256458627416527,1.0230117713668316,1.02013758705734
Hepatocyte_15weeks_Animal2_Capture1_TTGGAACCAGCTGTAT,0.869690296102913,0.87706822414074,0.8833031717154095,0.8892717084845894
Hepatocyte_15weeks_Animal2_Capture1_TTGTAGGAGGCAAAGA,1.03580414588645,1.041637967787878,1.0462850996210356,1.0507043980207824
Hepatocyte_15weeks_Animal2_Capture1_TTTATGCAGTGCTGCC,0.926580910209256,0.9380959290887656,0.9481282877223066,0.9576275603697136
Hepatocyte_15weeks_Animal2_Capture1_TTTATGCTCTATCCTA,0.950513456315146,0.9569295506389272,0.9597719035389688,0.9609623491078406
Hepatocyte_15weeks_Animal2_Capture1_TTTGCGCAGTAATCCC,1.02661292975435,1.022753948835931,1.0179336256989164,1.013233231250609
Hepatocyte_15weeks_Animal2_Capture1_TTTGGTTCAGACGCTC,1.01587643630467,1.0229820260860971,1.0281563238713705,1.0327132880382273
Hepatocyte_15weeks_Animal1_Capture1_AAACCTGGTGATGATA,1.0324737069722,1.0315653513635512,1.0292649277566142,1.0267736760608202
Hepatocyte_15weeks_Animal1_Capture1_AAACCTGTCAGAGGTG,1.03693586448827,1.0210976828300065,1.0049997729235585,0.9898532837027896
Hepatocyte_15weeks_Animal1_Capture1_AAACGGGCAGATCCAT,1.03379086698072,1.0340577464503375,1.0333605016293033,1.0326138403127394
Hepatocyte_15weeks_Animal1_Capture1_AAACGGGTCGACAGCC,0.9505842526506,0.9540873750911848,0.9565214310721928,0.9588209714088032
Hepatocyte_15weeks_Animal1_Capture1_AAAGATGTCGAGGTAG,0.920529646762791,0.92347648146242,0.9251599273194924,0.9265629895578886
Hepatocyte_15weeks_Animal1_Capture1_AAAGCAAAGCTTATCG,1.03704151258693,1.0387563197001033,1.0395175193282111,1.040225242842439
Hepatocyte_15weeks_Animal1_Capture1_AAAGCAACAAACCTAC,0.920409052033454,0.9272425520251728,0.9326951695478188,0.9377372461674844
Hepatocyte_15weeks_Animal1_Capture1_AAAGCAAGTGCTTCTC,0.986959026595061,0.9957932032002982,1.0033795863670028,1.010595802200219
Hepatocyte_15weeks_Animal1_Capture1_AAATGCCGTGCACGAA,1.02274266828248,1.0226177094988456,1.0194337731746834,1.0152696366553566
Hepatocyte_15weeks_Animal1_Capture1_AAATGCCTCACTCTTA,0.946719367879549,0.9496304904110516,0.9512109142116248,0.952503532872626
Hepatocyte_15weeks_Animal1_Capture1_AACACGTCACAGCCCA,0.957665217997983,0.9643643747804316,0.9699081797379482,0.975142658724105
Hepatocyte_15weeks_Animal1_Capture1_AACACGTTCGCTTGTC,1.02609405320203,1.027067118770512,1.0257887963137151,1.023734713641474
Hepatocyte_15weeks_Animal1_Capture1_AACCATGAGTTGAGAT,0.965066575271373,0.9744406362984492,0.9824549531235116,0.990030150523906
Hepatocyte_15weeks_Animal1_Capture1_AACCATGGTAATCGTC,0.914575824679004,0.922569226584058,0.9289789311213772,0.9348693715060674
Hepatocyte_15weeks_Animal1_Capture1_AACCATGGTGTGAATA,1.02202345159161,1.0288884710010289,1.0318965568579477,1.0326429635362024
Hepatocyte_15weeks_Animal1_Capture1_AACGTTGCAGGAACGT,1.03050274178062,1.031700451532774,1.0317268921146965,1.0316295562339397
Hepatocyte_15weeks_Animal1_Capture1_AACGTTGGTGGCCCTA,0.929760500565253,0.9390633101119992,0.9449250106592392,0.9493397555000128
Hepatocyte_15weeks_Animal1_Capture1_AACTCAGGTTCACGGC,0.942678098744067,0.951032517275318,0.958110130050391,0.964822504374442
Hepatocyte_15weeks_Animal1_Capture1_AACTCAGTCAGCTTAG,0.916040525458671,0.922388542712148,0.9275707542114704,0.9324645733820578
Hepatocyte_15weeks_Animal1_Capture1_AACTCCCCAGAGTGTG,0.883933385754337,0.90202847532125,0.9155560912577144,0.9255294764853244
Hepatocyte_15weeks_Animal1_Capture1_AACTCTTAGGAATTAC,0.758754856677016,0.7677829124866916,0.7757570429522294,0.7833899503352395
Hepatocyte_15weeks_Animal1_Capture1_AACTCTTCAAGCGATG,1.02609983904261,1.021444962725714,1.0159393107077626,1.0105958067718332
Hepatocyte_15weeks_Animal1_Capture1_AACTCTTGTTGTGGAG,0.924878879936159,0.9304786506644788,0.9334892352727204,0.9352742957100908
Hepatocyte_15weeks_Animal1_Capture1_AACTCTTTCTGCCCTA,0.927489779023052,0.9338947139369608,0.939193227930632,0.944226338504018
Hepatocyte_15weeks_Animal1_Capture1_AACTGGTAGAACTCGG,1.03610338478764,1.0306965942261808,1.024741304482194,1.0191035092072802
Hepatocyte_15weeks_Animal1_Capture1_AACTGGTCAACACCCG,0.930268752340118,0.9336992430901208,0.9358005885727022,0.9376103843878406
Hepatocyte_15weeks_Animal1_Capture1_AACTTTCTCTCGTTTA,1.03476073870535,1.0404438962947589,1.044738194699706,1.0486844298758622
Hepatocyte_15weeks_Animal1_Capture1_AAGACCTGTCTTGTCC,1.02419709183594,1.0262487167557328,1.0272613705714173,1.0281702244196609
Hepatocyte_15weeks_Animal1_Capture1_AAGCCGCGTTGCTCCT,1.02805227526515,1.0246335823246508,1.0204685467815384,1.016455148915963
Hepatocyte_15weeks_Animal1_Capture1_AAGGAGCCACGAAAGC,0.942361606727371,0.9459496442857092,0.9485182233798994,0.9509142670903512
Hepatocyte_15weeks_Animal1_Capture1_AAGGAGCCATTTGCTT,1.02827679857888,1.032190480771311,1.0350409254847903,1.03772112174123
Hepatocyte_15weeks_Animal1_Capture1_AAGGAGCGTAGCGTAG,0.9911676442396,1.00201522340199,1.0114978467614053,1.0205316256165484
Hepatocyte_15weeks_Animal1_Capture1_AAGGCAGAGTGGTAAT,0.984210046784337,0.9842245916348156,0.9834624584411152,0.9827111754997476
Hepatocyte_15weeks_Animal1_Capture1_AAGGCAGCATGCTGGC,0.954217077311734,0.9598260104786432,0.9640476351155128,0.9678945799739508
Hepatocyte_15weeks_Animal1_Capture1_AAGGCAGCATGGTTGT,0.991197292131756,0.9965515021761132,1.0007189498621896,1.0046245237472615
Hepatocyte_15weeks_Animal1_Capture1_AAGGCAGTCACATAGC,0.966051921325269,0.9717414354292192,0.9762905851538172,0.9805895767488956
Hepatocyte_15weeks_Animal1_Capture1_AAGGTTCAGATCCTGT,0.982208526832439,0.9880822541713,0.992771847307577,0.9971750009435556
Hepatocyte_15weeks_Animal1_Capture1_AAGGTTCTCCGTCAAA,1.02402934008549,1.0216012495205242,1.0183840268973916,1.0153040711118748
Hepatocyte_15weeks_Animal1_Capture1_AAGTCTGCACCAGGTC,0.923928108466165,0.9280829977206692,0.9307910154849052,0.9330396524589586
Hepatocyte_15weeks_Animal1_Capture1_AAGTCTGGTCCAGTAT,1.05372820476529,1.0578042632177194,1.060670038819785,1.0633111471055758
Hepatocyte_15weeks_Animal1_Capture1_AAGTCTGGTTACCAGT,0.958315084532121,0.967210195778648,0.9746899143002152,0.9817283494279896
Hepatocyte_15weeks_Animal1_Capture1_AATCCAGTCCTTGCCA,0.929967615700206,0.9364367608162324,0.9412427544085472,0.9454824641492598
Hepatocyte_15weeks_Animal1_Capture1_AATCGGTAGACTAGGC,0.789735134802167,0.8041791801409677,0.8174544120070362,0.8302635938551817
Hepatocyte_15weeks_Animal1_Capture1_AATCGGTGTCACTTCC,1.02139740334565,1.0214011267538492,1.020095526682337,1.0186185215515806
Hepatocyte_15weeks_Animal1_Capture1_ACACCAAGTCGGATCC,0.940677479203288,0.9417324385609196,0.9416650336570124,0.94146811129607
Hepatocyte_15weeks_Animal1_Capture1_ACACCCTCACGGTAGA,1.01793947217052,1.015515406091221,1.0120201744176751,1.0085390514591357
Hepatocyte_15weeks_Animal1_Capture1_ACACCCTCAGCTGTAT,1.03219816735122,1.0367514354069625,1.0399824864791976,1.0429044573671606
Hepatocyte_15weeks_Animal1_Capture1_ACACCCTTCTATCGCC,1.01673486744815,1.017617626561086,1.0171802169736353,1.0165175569939269
Hepatocyte_15weeks_Animal1_Capture1_ACACCGGAGGACGAAA,1.0324211827575,1.0350183750271127,1.0366228783521232,1.0381160518382615
Hepatocyte_15weeks_Animal1_Capture1_ACACTGATCCGATATG,1.03263678409717,1.0328257482977634,1.0320773012009108,1.0313322654875017
Hepatocyte_15weeks_Animal1_Capture1_ACAGCCGGTAGCTCCG,0.948959673449322,0.958501496534493,0.9667477622615496,0.9745847360460058
Hepatocyte_15weeks_Animal1_Capture1_ACAGCCGTCAGTACGT,1.01563683138362,1.018387118444657,1.0200588573391358,1.0215932194457866
Hepatocyte_15weeks_Animal1_Capture1_ACAGCTACAGCATACT,0.960229059428105,0.9644172235629516,0.9675582999970684,0.9705177432187816
Hepatocyte_15weeks_Animal1_Capture1_ACATACGCAGTGACAG,0.889647554513543,0.8991670657382533,0.9071564372326918,0.9145957270610724
Hepatocyte_15weeks_Animal1_Capture1_ACATACGGTCGGCACT,1.02815147784105,1.0281198685640662,1.027189615930395,1.0262744535391843
Hepatocyte_15weeks_Animal1_Capture1_ACCAGTAAGACAGAGA,1.02232154328669,1.0222088026309892,1.0211845976376528,1.020166493247664
Hepatocyte_15weeks_Animal1_Capture1_ACCAGTATCACGGTTA,0.916430855387374,0.9147045610553668,0.9120729341548472,0.9094556371104604
Hepatocyte_15weeks_Animal1_Capture1_ACCAGTATCCCTCAGT,1.00637118186663,1.0132409724098994,1.0187690564242309,1.023934697499323
Hepatocyte_15weeks_Animal1_Capture1_ACCGTAACAGATCGGA,1.02587889822237,1.0295523934300337,1.032093896419081,1.0344417216439643
Hepatocyte_15weeks_Animal1_Capture1_ACCTTTAAGTCCAGGA,1.03499616649227,1.0390174227575657,1.0419074548444207,1.0446023950321257
Hepatocyte_15weeks_Animal1_Capture1_ACCTTTACATATACCG,0.949461752423703,0.9521388403483396,0.9536175053927672,0.9548702661132182
Hepatocyte_15weeks_Animal1_Capture1_ACCTTTATCAACACTG,1.01965499258298,1.0182932452773452,1.0155797245804714,1.0126628740485588
Hepatocyte_15weeks_Animal1_Capture1_ACGAGCCAGGTGCAAC,0.958698644420136,0.9564969421451102,0.9535158585926324,0.9506442132207332
Hepatocyte_15weeks_Animal1_Capture1_ACGAGGAAGAATGTTG,0.948874290156206,0.9527982308024856,0.9555744518846052,0.9581386668346572
Hepatocyte_15weeks_Animal1_Capture1_ACGAGGAAGGGTATCG,1.11941438369537,1.116206928594793,1.111556561652199,1.106765657507369
Hepatocyte_15weeks_Animal1_Capture1_ACGAGGACAGTCGTGC,1.0393445783782,1.0346357429092443,1.0292498357096986,1.0241156596459238
Hepatocyte_15weeks_Animal1_Capture1_ACGAGGAGTTCGTGAT,0.830037810906749,0.8312408821167806,0.8315974391627148,0.8319138225454946
Hepatocyte_15weeks_Animal1_Capture1_ACGAGGATCGTTGACA,1.13747278076696,1.1281804993014124,1.1182427048654813,1.108739850020768
Hepatocyte_15weeks_Animal1_Capture1_ACGATACCATCCAACA,1.04620513480903,1.0471701974449554,1.047208039155821,1.0472191657943588
Hepatocyte_15weeks_Animal1_Capture1_ACGATACGTTACCAGT,1.02370499496073,1.024984639557886,1.0252266392058946,1.025363297783765
Hepatocyte_15weeks_Animal1_Capture1_ACGATACTCAGAAATG,0.855959908535548,0.8659023594488193,0.8746219924913331,0.8829203101178993
Hepatocyte_15weeks_Animal1_Capture1_ACGATGTCAAGCCGCT,0.965172082558214,0.9730641407304038,0.9785477730685916,0.9830846939854536
Hepatocyte_15weeks_Animal1_Capture1_ACGATGTCACGAAATA,1.02484875019993,1.0259482961484294,1.025764224096006,1.0253498496349376
Hepatocyte_15weeks_Animal1_Capture1_ACGATGTTCTCAAGTG,1.03129960854214,1.0314198072752958,1.0297487203080622,1.0276477633893766
Hepatocyte_15weeks_Animal1_Capture1_ACGGAGAGTGTGCCTG,1.02990612244587,1.0361295150857992,1.0400754085165218,1.0430493924492386
Hepatocyte_15weeks_Animal1_Capture1_ACGGCCACAGTAAGCG,1.03350472024431,1.029935060551573,1.0241051362667468,1.0176253443275391
Hepatocyte_15weeks_Animal1_Capture1_ACGGCCATCGGCTACG,0.979525318009019,0.978253536946009,0.9761701291283416,0.974123775763144
Hepatocyte_15weeks_Animal1_Capture1_ACGGGCTAGCGTAGTG,0.992449105731374,0.9993646800573462,1.0042792863198269,1.008493384958702
Hepatocyte_15weeks_Animal1_Capture1_ACGGGCTCAAGTTAAG,1.01603422842285,1.0214700467476967,1.0250811783998142,1.028090001417965
Hepatocyte_15weeks_Animal1_Capture1_ACGGGTCTCCAATGGT,1.03744942354784,1.0373274463462268,1.036298548826201,1.0352955503205528
Hepatocyte_15weeks_Animal1_Capture1_ACTATCTTCCATTCTA,0.99727236925642,1.0011971983965935,1.0026388673173066,1.0030557357315333
Hepatocyte_15weeks_Animal1_Capture1_ACTGAACCATAGACTC,0.99891403371613,1.0034683773445867,1.0056365533610243,1.006754469955562
Hepatocyte_15weeks_Animal1_Capture1_ACTGAGTTCACTCTTA,0.959760771151644,0.9640569310933274,0.9661979450665792,0.9675888240367092
Hepatocyte_15weeks_Animal1_Capture1_ACTGAGTTCATGCATG,0.942257761875364,0.9478521049807704,0.9523563045407862,0.956616695886906
Hepatocyte_15weeks_Animal1_Capture1_ACTGCTCCATCGACGC,1.16746306221732,1.1672704606970108,1.1636986188414051,1.1588721980225365
Hepatocyte_15weeks_Animal1_Capture1_ACTGTCCTCTTACCTA,0.951413943903635,0.9547428698978642,0.9570886445874238,0.9592966965218676
Hepatocyte_15weeks_Animal1_Capture1_ACTTACTAGGGTTCCC,1.01931783732608,1.017387781314289,1.014216277167432,1.0109502388539426
Hepatocyte_15weeks_Animal1_Capture1_ACTTACTGTCACACGC,1.02408649739344,1.027325751633634,1.0293070371484176,1.0310572875365256
Hepatocyte_15weeks_Animal1_Capture1_ACTTGTTAGAGCTGCA,0.824791946274423,0.836313052201307,0.8466831198252026,0.8566442264676761
Hepatocyte_15weeks_Animal1_Capture1_ACTTGTTAGGTGTTAA,0.903283360358619,0.9149955310006996,0.92551370321237,0.9356027060311092
Hepatocyte_15weeks_Animal1_Capture1_ACTTGTTAGTGAACGC,0.933047555326394,0.9405006870063228,0.9467307265575228,0.9525829692020908
Hepatocyte_15weeks_Animal1_Capture1_ACTTGTTCAAGTAGTA,0.96659239116048,0.9745652124169754,0.9813064929877772,0.9876934217171222
Hepatocyte_15weeks_Animal1_Capture1_ACTTTCACATCCTAGA,0.953725189703079,0.9610835567918392,0.9672689512677436,0.9731400442065612
Hepatocyte_15weeks_Animal1_Capture1_AGAGCGACAACTGCGC,0.922307764794388,0.9288376150725202,0.9341581241636684,0.9391429757731312
Hepatocyte_15weeks_Animal1_Capture1_AGAGCTTAGAACAACT,1.01561820593689,1.0222039993111234,1.0259626622346487,1.0285315307354266
Hepatocyte_15weeks_Animal1_Capture1_AGAGCTTAGTCTTGCA,0.914304444679704,0.9243274117732116,0.933133022114719,0.9415426031100776
Hepatocyte_15weeks_Animal1_Capture1_AGAGCTTCATTGGTAC,1.02091407375648,1.0233019906642276,1.024309194458696,1.025046763269886
Hepatocyte_15weeks_Animal1_Capture1_AGAGTGGGTGCAGACA,1.02829137305588,1.0332389326730371,1.0369747726894192,1.040470586675978
Hepatocyte_15weeks_Animal1_Capture1_AGAGTGGTCTCGTATT,0.950948730474672,0.9565415462238216,0.9608251293076752,0.9647031332862516
Hepatocyte_15weeks_Animal1_Capture1_AGATCTGCAAGGTGTG,0.946602943837318,0.950524758847803,0.95334382570528,0.9559320664845448
Hepatocyte_15weeks_Animal1_Capture1_AGATCTGCAGATCCAT,0.920647552860581,0.9246457459378896,0.9270905484231012,0.929089785400526
Hepatocyte_15weeks_Animal1_Capture1_AGATTGCCATGTCGAT,1.02301685776307,1.0219184571512914,1.0198496374127608,1.0178003488945653
Hepatocyte_15weeks_Animal1_Capture1_AGATTGCGTCGCATCG,1.11528791972032,1.1093016800808329,1.102291075638668,1.0954480170799978
Hepatocyte_15weeks_Animal1_Capture1_AGCAGCCAGGCAATTA,0.928326322493216,0.9330457587399388,0.9366668653011472,0.9400690266731218
Hepatocyte_15weeks_Animal1_Capture1_AGCAGCCTCAACACTG,0.979756152100874,0.9852505301005108,0.9896044383134036,0.9937081814108424
Hepatocyte_15weeks_Animal1_Capture1_AGCATACGTAACGACG,1.01051501773367,1.0043234170245563,0.9969474155817154,0.9896288490200472
Hepatocyte_15weeks_Animal1_Capture1_AGCCTAAAGAAGGTGA,1.03511736839043,1.0339494352143908,1.0318577118343657,1.0298092523836044
Hepatocyte_15weeks_Animal1_Capture1_AGCCTAAAGATACACA,1.01758620507678,1.016788134536773,1.014515141396093,1.0118650481871676
Hepatocyte_15weeks_Animal1_Capture1_AGCCTAACACGGCGTT,0.895617213158941,0.9057885358033628,0.914691040051279,0.9231775189170428
Hepatocyte_15weeks_Animal1_Capture1_AGCGGTCAGCTGTTCA,1.03622788961875,1.0393225401279198,1.0413597556995855,1.043261082400516
Hepatocyte_15weeks_Animal1_Capture1_AGCGTATCACAACTGT,1.01470697576021,1.0187025130080367,1.0216676183055902,1.0244665244450737
Hepatocyte_15weeks_Animal1_Capture1_AGCGTATGTACCATCA,0.945865492706433,0.9564844576092564,0.9657893279526556,0.9746504293812676
Hepatocyte_15weeks_Animal1_Capture1_AGCGTATGTTATGTGC,1.02579946936878,1.0263585309804484,1.0252572601840475,1.0237249597515383
Hepatocyte_15weeks_Animal1_Capture1_AGCGTATTCTCCCTGA,0.975009651973814,0.9819683983872644,0.9877358572776224,0.9931866251887248
Hepatocyte_15weeks_Animal1_Capture1_AGCTCCTCACGAAAGC,1.04488031375566,1.0471566788466211,1.048171736514852,1.0489618979699218
Hepatocyte_15weeks_Animal1_Capture1_AGCTCCTCATCTGGTA,1.01673678683725,1.0177231712449597,1.0177234622782871,1.0176926346256416
Hepatocyte_15weeks_Animal1_Capture1_AGCTCCTGTGGCTCCA,0.957942030462678,0.9603603816931016,0.9618030407752411,0.9631354411704796
Hepatocyte_15weeks_Animal1_Capture1_AGCTCCTTCCTGTAGA,0.980868713158481,0.9859595798919628,0.990030688617446,0.9938950411779706
Hepatocyte_15weeks_Animal1_Capture1_AGCTCTCAGACATAAC,1.01316695998553,1.016135026922439,1.0177455353784814,1.0190484806751232
Hepatocyte_15weeks_Animal1_Capture1_AGCTTGAGTTCCATGA,0.942034048990087,0.942029387354788,0.9411313790152194,0.9402198801670631
Hepatocyte_15weeks_Animal1_Capture1_AGCTTGATCCCTTGCA,1.02552343234082,1.0256830517328746,1.024760757487374,1.023772379114373
Hepatocyte_15weeks_Animal1_Capture1_AGCTTGATCTCCTATA,1.02729486654536,1.027842125897651,1.02725070697167,1.026553234710009
Hepatocyte_15weeks_Animal1_Capture1_AGGCCGTCAGGTCGTC,1.03728656734957,1.0444846628270252,1.0475909240285135,1.0487414555890164
Hepatocyte_15weeks_Animal1_Capture1_AGGGAGTTCTGCAAGT,0.963075808857457,0.964625466802602,0.9639767999182668,0.9626764375120688
Hepatocyte_15weeks_Animal1_Capture1_AGGGATGAGATCACGG,1.01445400408136,1.0116375454813429,1.0080546162960158,1.0046382505900393
Hepatocyte_15weeks_Animal1_Capture1_AGGTCATGTCGTCTTC,1.0297155536345,1.031465616987258,1.0319702375831366,1.032308134223748
Hepatocyte_15weeks_Animal1_Capture1_AGTGAGGCAAGGCTCC,0.87989485948768,0.8879101275572803,0.8935027936185665,0.8979466974566297
Hepatocyte_15weeks_Animal1_Capture1_AGTGAGGTCATCGATG,1.03077927303937,1.0391357520963411,1.0439083012346664,1.047043910555312
Hepatocyte_15weeks_Animal1_Capture1_AGTGTCAAGAACAACT,1.04052084229703,1.0436612521941475,1.0456964254450671,1.0475594687902516
Hepatocyte_15weeks_Animal1_Capture1_AGTGTCAAGCTGAACG,1.03832452303824,1.0389928228919654,1.0383204970277713,1.037443145860945
Hepatocyte_15weeks_Animal1_Capture1_ATAACGCCACTACAGT,0.888341807949195,0.899095374695954,0.90846713832302,0.91734396654245
Hepatocyte_15weeks_Animal1_Capture1_ATAACGCTCGACCAGC,1.03827510815906,1.0386978727289895,1.0373761952132452,1.0356614983189236
Hepatocyte_15weeks_Animal1_Capture1_ATAGACCGTGCACTTA,0.86090930523393,0.870047865521947,0.8781119980851656,0.8858297003666177
Hepatocyte_15weeks_Animal1_Capture1_ATAGACCTCCCGACTT,1.02208349980116,1.0222526323312533,1.021481514801659,1.0207162353331187
Hepatocyte_15weeks_Animal1_Capture1_ATCACGAAGCTAACTC,0.999452925421439,1.015066178733114,1.0249601640071342,1.0308792409311556
Hepatocyte_15weeks_Animal1_Capture1_ATCATCTAGTCCGTAT,0.966274316050015,0.9712126947995644,0.9750933509849882,0.978764571721464
Hepatocyte_15weeks_Animal1_Capture1_ATCATCTCAAATCCGT,0.966883128824111,0.9734277941116116,0.9787713878022788,0.98382570879519
Hepatocyte_15weeks_Animal1_Capture1_ATCATGGCAAGCTGGA,1.01925008233982,1.019977485094687,1.0197153921700384,1.0193985023404186
Hepatocyte_15weeks_Animal1_Capture1_ATCATGGGTCTAGAGG,1.09383247980862,1.0930322139645383,1.091348036859196,1.0896780711351133
Hepatocyte_15weeks_Animal1_Capture1_ATCATGGGTGACCAAG,1.01753780239477,1.024079949309584,1.0292015408142348,1.0339251659521247
Hepatocyte_15weeks_Animal1_Capture1_ATCCACCAGCCCAATT,1.11023603075537,1.1051897458071798,1.0993404081863771,1.093731671392018
Hepatocyte_15weeks_Animal1_Capture1_ATCCACCAGTGTTTGC,1.02263304411213,1.0264158099010954,1.0290808684396195,1.0315763760398275
Hepatocyte_15weeks_Animal1_Capture1_ATCCACCTCAAGATCC,0.912855289785068,0.9207077882357566,0.9264034024883232,0.931191775690912
Hepatocyte_15weeks_Animal1_Capture1_ATCCACCTCAGTTGAC,0.927362998173452,0.9333886064593256,0.9383200860723936,0.9429615209220495
Hepatocyte_15weeks_Animal1_Capture1_ATCCGAAAGCTGCCCA,1.02777706578077,1.0309005224438248,1.0328365728687905,1.0345680490818032
Hepatocyte_15weeks_Animal1_Capture1_ATCCGAAGTGCCTGGT,0.952177776640442,0.9587497268792023,0.9637587364544667,0.9682964107516634
Hepatocyte_15weeks_Animal1_Capture1_ATCGAGTAGATCCGAG,1.12044286361393,1.1212982805786929,1.1210603790263898,1.1207422820228516
Hepatocyte_15weeks_Animal1_Capture1_ATCTGCCTCCACGCAG,0.910425871475198,0.9181455609159486,0.9243236550951562,0.9299785754186842
Hepatocyte_15weeks_Animal1_Capture1_ATGAGGGGTCCAGTTA,1.03402787110977,1.035017116654423,1.0347822265426905,1.0344103596899374
Hepatocyte_15weeks_Animal1_Capture1_ATGAGGGTCATGGTCA,0.955590111721055,0.9622899660763068,0.96779842998692,0.973010273460599
Hepatocyte_15weeks_Animal1_Capture1_ATGCGATAGAAGAAGC,1.02858446381361,1.0302737986449884,1.0305053395965111,1.0304532779101556
Hepatocyte_15weeks_Animal1_Capture1_ATGCGATAGGGTATCG,1.15272881386217,1.148174425032491,1.142802717390224,1.1376393719116094
Hepatocyte_15weeks_Animal1_Capture1_ATGTGTGAGCCAGTAG,1.03142510372228,1.0330288949266353,1.03361105958393,1.0340953117827794
Hepatocyte_15weeks_Animal1_Capture1_ATGTGTGGTAACGCGA,0.951159218507877,0.9569728656907528,0.9611307653723512,0.96478220716604
Hepatocyte_15weeks_Animal1_Capture1_ATGTGTGTCATACGGT,0.924892527725257,0.9328726672243906,0.9395673770472414,0.9458919190506014
Hepatocyte_15weeks_Animal1_Capture1_ATTACTCAGGCAATTA,1.02052693163466,1.0260030827069633,1.0301683623383842,1.0340310756858355
Hepatocyte_15weeks_Animal1_Capture1_ATTATCCAGTGGGCTA,1.01552032954689,1.028248448942164,1.0369712154192352,1.0426054924399772
Hepatocyte_15weeks_Animal1_Capture1_ATTCTACGTCTTCGTC,1.02919702593004,1.028686014609352,1.0271566283452724,1.0256162948209526
Hepatocyte_15weeks_Animal1_Capture1_ATTGGACTCTACTATC,1.01111915647221,1.014005950778816,1.015376684064967,1.016386604723189
Hepatocyte_15weeks_Animal1_Capture1_ATTGGTGAGACGCACA,0.907340152679748,0.9199086072632318,0.9312157824724976,0.942054463722878
Hepatocyte_15weeks_Animal1_Capture1_ATTGGTGCATTGGGCC,1.02762164477291,1.0272982820834728,1.0258239605959232,1.0242577984661645
Hepatocyte_15weeks_Animal1_Capture1_CAACCAACATCATCCC,1.0311042184941,1.0344513493264236,1.0367818747101762,1.038969878331655
Hepatocyte_15weeks_Animal1_Capture1_CAACCAATCCGCGCAA,0.841523619302072,0.8491250845727598,0.8555993574423112,0.861753769684707
Hepatocyte_15weeks_Animal1_Capture1_CAACCTCAGCTGCAAG,0.993572941623246,0.9988240260898644,1.0029695974394557,1.0069051041790078
Hepatocyte_15weeks_Animal1_Capture1_CAACCTCCACGGCCAT,0.932909709964099,0.935462447072188,0.9364025843129802,0.9369237553138272
Hepatocyte_15weeks_Animal1_Capture1_CAACCTCGTATTAGCC,0.941068845302336,0.9501682961636811,0.9573039637326392,0.9636379185899252
Hepatocyte_15weeks_Animal1_Capture1_CAACCTCTCATTTGGG,0.90933717828257,0.9226230357921732,0.9308965347836252,0.9356258508261952
Hepatocyte_15weeks_Animal1_Capture1_CAACCTCTCGAGAACG,1.02939455912051,1.0313001766419083,1.0319438612969072,1.032386818563292
Hepatocyte_15weeks_Animal1_Capture1_CAACTAGAGTCATGCT,0.92096944403426,0.9268589907223256,0.9296885950794274,0.9310867583937016
Hepatocyte_15weeks_Animal1_Capture1_CAACTAGCATATGGTC,1.03026892486654,1.0325557096900788,1.0336563112173025,1.0345880067948894
Hepatocyte_15weeks_Animal1_Capture1_CAAGAAAAGCGATATA,0.950836113405226,0.9567081938796328,0.9611026899204014,0.965077494330053
Hepatocyte_15weeks_Animal1_Capture1_CAAGAAAGTACAAGTA,0.946650091897582,0.9509290765484364,0.9534804218649248,0.9554839609404752
Hepatocyte_15weeks_Animal1_Capture1_CAAGAAATCCTAGAAC,0.929280679892503,0.931851856518744,0.933394728447026,0.9348055929689548
Hepatocyte_15weeks_Animal1_Capture1_CAAGATCCACTTACGA,0.858992166391368,0.8723407659891705,0.8832716311181817,0.893023242713557
Hepatocyte_15weeks_Animal1_Capture1_CAAGATCGTGAGGCTA,1.04547874443252,1.0469322677233317,1.047364581599476,1.047716786801847
Hepatocyte_15weeks_Animal1_Capture1_CAAGATCTCTTGTATC,1.02554522389986,1.0234851738297692,1.0200897168796834,1.0165322681425468
Hepatocyte_15weeks_Animal1_Capture1_CAAGGCCAGGAATCGC,0.791514545547888,0.8022431633871493,0.8118646440639019,0.8210894882170413
Hepatocyte_15weeks_Animal1_Capture1_CAAGGCCAGTTACGGG,0.980754096009905,0.9861663713571917,0.9903479452363224,0.9942223114129688
Hepatocyte_15weeks_Animal1_Capture1_CAAGGCCGTCAAACTC,1.02923990696188,1.0300527543753384,1.0298774922625282,1.0296731046742282
Hepatocyte_15weeks_Animal1_Capture1_CAAGGCCGTGAAATCA,1.02446994748131,1.026467975424903,1.026246715204554,1.0252404000283537
Hepatocyte_15weeks_Animal1_Capture1_CAAGTTGGTCGTTGTA,1.03118478678207,1.0300049262740258,1.027383849477702,1.0244979643738332
Hepatocyte_15weeks_Animal1_Capture1_CAAGTTGTCTCTAGGA,1.02425638509186,1.029427356518789,1.0326765192956244,1.0352774326239094
Hepatocyte_15weeks_Animal1_Capture1_CACAAACAGCAATCTC,1.01536522374296,1.012955660595452,1.0088426281129514,1.0044111067389832
Hepatocyte_15weeks_Animal1_Capture1_CACAAACGTGTGAAAT,1.02489113372512,1.0237719837083727,1.0215201461566512,1.0191326431022234
Hepatocyte_15weeks_Animal1_Capture1_CACAAACGTTGTGGCC,0.886164246891648,0.8927252092165863,0.8978451361165084,0.9025532193614654
Hepatocyte_15weeks_Animal1_Capture1_CACAAACTCAATACCG,0.940805727752006,0.9455130637468476,0.9485131768885758,0.9509763123118964
Hepatocyte_15weeks_Animal1_Capture1_CACAAACTCCGTACAA,0.937640557925984,0.9436070906993816,0.9485292748194608,0.9532121591002664
Hepatocyte_15weeks_Animal1_Capture1_CACACAACAGATAATG,1.02337202897825,1.0252897021251135,1.0257444133563396,1.0258770279584504
Hepatocyte_15weeks_Animal1_Capture1_CACACAATCGGACAAG,1.03371299193142,1.03722398202338,1.0396063430386766,1.0418230984574364
Hepatocyte_15weeks_Animal1_Capture1_CACACCTCATGAAGTA,0.976480630744106,0.982298058076831,0.9868942618235054,0.9911748419908786
Hepatocyte_15weeks_Animal1_Capture1_CACAGGCTCAAGCCTA,0.956589479499716,0.9550970997683396,0.9529320542921248,0.9508521567971618
Hepatocyte_15weeks_Animal1_Capture1_CACAGGCTCACTGGGC,1.01740946005253,1.024156769038166,1.029623569795599,1.0347730157386763
Hepatocyte_15weeks_Animal1_Capture1_CACATAGGTAAGGGAA,1.03985863923583,1.0363004105496465,1.0318262467679606,1.0274307172774817
Hepatocyte_15weeks_Animal1_Capture1_CACATTTGTAAGCACG,1.01885201185772,1.0214432480319935,1.0227617688775574,1.0238677891924637
Hepatocyte_15weeks_Animal1_Capture1_CACATTTGTACGAAAT,0.85425501968099,0.860143740662188,0.8645765520978821,0.8685513599203193
Hepatocyte_15weeks_Animal1_Capture1_CACATTTGTTACCAGT,1.02871470613085,1.032933229147997,1.034486708878828,1.0349899105138074
Hepatocyte_15weeks_Animal1_Capture1_CACATTTTCTCCTATA,1.02984507340703,1.0320743035564446,1.0332089184980882,1.0342237560838172
Hepatocyte_15weeks_Animal1_Capture1_CACCACTCAACTGCGC,1.01080528277132,1.0070383514185974,1.0024941610833524,0.998157544664397
Hepatocyte_15weeks_Animal1_Capture1_CACCACTCAAGACACG,1.02390569050394,1.0188525264933217,1.013048541974424,1.007474273164725
Hepatocyte_15weeks_Animal1_Capture1_CACCACTCAGTGGGAT,1.02477775354636,1.025063629509471,1.0243490774144468,1.0236136482882547
Hepatocyte_15weeks_Animal1_Capture1_CACCACTGTCCATCCT,1.01169212851079,1.0135535982476056,1.01425766388445,1.0148200470375432
Hepatocyte_15weeks_Animal1_Capture1_CACCACTGTGGCCCTA,0.862813182271934,0.8659144430262193,0.8676971828366549,0.8691579479255511
Hepatocyte_15weeks_Animal1_Capture1_CACCACTTCTGGAGCC,1.03414903025671,1.0366397417649449,1.038058149527349,1.039352003199336
Hepatocyte_15weeks_Animal1_Capture1_CACCAGGTCAGAGCTT,1.10700838604812,1.1096658689020646,1.110496081852292,1.1108183654387496
Hepatocyte_15weeks_Animal1_Capture1_CACCTTGAGAGGGATA,0.950660586818088,0.9547537206161992,0.9576108373616564,0.9602049253446362
Hepatocyte_15weeks_Animal1_Capture1_CACTCCAGTCGGCTCA,1.03488925446089,1.0342998836372874,1.0327937228095043,1.0313048600158927
Hepatocyte_15weeks_Animal1_Capture1_CACTCCATCCTAGAAC,0.852385965744747,0.8621993710266125,0.8705729252730017,0.8784187280094823
Hepatocyte_15weeks_Animal1_Capture1_CAGAGAGAGACAGAGA,0.971103709159256,0.9795380216058932,0.9866087088885916,0.993277414480882
Hepatocyte_15weeks_Animal1_Capture1_CAGAGAGAGTGTTTGC,1.03410979936392,1.025069694803921,1.0154973695566294,1.006375564703797
Hepatocyte_15weeks_Animal1_Capture1_CAGAGAGGTATGCTTG,0.963246135836912,0.9687540181769254,0.9729388046014992,0.976784929041834
Hepatocyte_15weeks_Animal1_Capture1_CAGAGAGGTGGTGTAG,1.01695385751254,1.0190559543874755,1.0199474951736571,1.020660298051947
Hepatocyte_15weeks_Animal1_Capture1_CAGATCAGTCGCTTTC,1.02040444437795,1.0184011372598218,1.0149694229838628,1.011348364030666
Hepatocyte_15weeks_Animal1_Capture1_CAGATCATCCCTTGCA,1.03893485762722,1.040764729664857,1.0407697979748238,1.0402767715164178
Hepatocyte_15weeks_Animal1_Capture1_CAGCAGCGTTGTCGCG,1.02961195139528,1.031136485888147,1.0316349196020815,1.0320623740770096
Hepatocyte_15weeks_Animal1_Capture1_CAGCATAAGGGCTTGA,1.014631278008,1.0176482296457532,1.0195948833109183,1.0214051216210909
Hepatocyte_15weeks_Animal1_Capture1_CAGCATACAATGACCT,0.976430829634517,0.9807262994495256,0.9839974345370596,0.9871036565209068
Hepatocyte_15weeks_Animal1_Capture1_CAGCATATCTTGTTTG,1.03248081229279,1.0362073922180597,1.038505201554962,1.0404774706979938
Hepatocyte_15weeks_Animal1_Capture1_CAGCCGATCACCTCGT,1.0257371209105,1.0286054464079497,1.0302942788848108,1.0318043390335652
Hepatocyte_15weeks_Animal1_Capture1_CAGCGACCATTGAGCT,0.943954643874377,0.9499602365732648,0.9549076106877512,0.959604209465188
Hepatocyte_15weeks_Animal1_Capture1_CAGCGACGTAAAGTCA,0.91103716280784,0.9232632766864226,0.9341842092196146,0.944625995668316
Hepatocyte_15weeks_Animal1_Capture1_CAGCTAAAGCGTAATA,0.905562145256631,0.9159592808923386,0.9250531907229844,0.9337134577824552
Hepatocyte_15weeks_Animal1_Capture1_CAGCTAAGTATATGGA,1.13593392162944,1.1319701095321009,1.1271148367915975,1.1224268589601294
Hepatocyte_15weeks_Animal1_Capture1_CAGCTAATCTTTACAC,1.02832555452354,1.0288442131445308,1.028342325785303,1.0278141749352003
Hepatocyte_15weeks_Animal1_Capture1_CAGCTGGGTCTTCAAG,1.02718578530754,1.028494327346081,1.028585505440133,1.0285180118160178
Hepatocyte_15weeks_Animal1_Capture1_CAGTCCTGTTCCGTCT,1.0137676387063,1.017322485474862,1.019632725307784,1.021683738039274
Hepatocyte_15weeks_Animal1_Capture1_CAGTCCTTCAGTCAGT,0.955051825830222,0.9655490446510216,0.9746855883686192,0.983354900151068
Hepatocyte_15weeks_Animal1_Capture1_CATATGGAGCCACGTC,0.932606119411729,0.93664664902586,0.9395685477927396,0.942246415040128
Hepatocyte_15weeks_Animal1_Capture1_CATATTCTCTAAGCCA,0.915255718271093,0.918529062076544,0.9194831688721988,0.9192978112100888
Hepatocyte_15weeks_Animal1_Capture1_CATCAGAAGTGTGGCA,1.09524177426979,1.0858302097945114,1.0755298447346702,1.0655485674298872
Hepatocyte_15weeks_Animal1_Capture1_CATCCACCACCGTTGG,1.02050241621028,1.0228217982214314,1.023483231523384,1.02371862812035
Hepatocyte_15weeks_Animal1_Capture1_CATCCACGTTGTCGCG,1.03225468099269,1.026383786133728,1.01956459962686,1.0128846485682583
Hepatocyte_15weeks_Animal1_Capture1_CATCGAACAGTTTACG,1.02295593493393,1.02617507004247,1.0282477212598975,1.0301528329655192
Hepatocyte_15weeks_Animal1_Capture1_CATCGGGTCTGCAGTA,0.972070915316169,0.9779613644804878,0.9825809161082564,0.9868695824975872
Hepatocyte_15weeks_Animal1_Capture1_CATGACAAGCTCCTCT,1.02977473499557,1.030699399154792,1.03041650335643,1.0299486707555654
Hepatocyte_15weeks_Animal1_Capture1_CATGCCTAGACCCACC,1.01699018942055,1.0207043668152156,1.022766743904881,1.0243826842272117
Hepatocyte_15weeks_Animal1_Capture1_CATGCCTTCAACCAAC,0.972978082596679,0.9762302581220552,0.9779640508911026,0.9793178614661178
Hepatocyte_15weeks_Animal1_Capture1_CATGCCTTCTCGATGA,1.02403485841211,1.0275602396566077,1.029970510436727,1.0322162580226877
Hepatocyte_15weeks_Animal1_Capture1_CATGGCGGTGACGCCT,0.929803403667147,0.9349938985635694,0.9385579597065709,0.9416274115594816
Hepatocyte_15weeks_Animal1_Capture1_CATTATCCAAGCCGCT,1.03413669592174,1.034849073512564,1.034479659953477,1.0340258288358493
Hepatocyte_15weeks_Animal1_Capture1_CATTCGCCAATGGATA,1.03084423115747,1.0268140398997374,1.0220536049223443,1.0174644898595262
Hepatocyte_15weeks_Animal1_Capture1_CATTCGCCAGATTGCT,1.02418782467429,1.0233261125632154,1.0212521999967787,1.0190893207088465
Hepatocyte_15weeks_Animal1_Capture1_CATTCGCTCTGCGTAA,1.01988481994453,1.02056787714721,1.0199302128946102,1.019095150991061
Hepatocyte_15weeks_Animal1_Capture1_CCAATCCGTGCGGTAA,1.04554564483153,1.0461386559956771,1.0458234052068818,1.0454761732654654
Hepatocyte_15weeks_Animal1_Capture1_CCACCTACAGTTCATG,1.0332658191694,1.031917561116595,1.029504806288569,1.0269805722719558
Hepatocyte_15weeks_Animal1_Capture1_CCACCTACATCACCCT,1.0351300799579,1.03234192441812,1.0287462612751777,1.0252886672394947
Hepatocyte_15weeks_Animal1_Capture1_CCACCTAGTATTACCG,1.01741829701613,1.021865252491261,1.0248982601194463,1.02760351390773
Hepatocyte_15weeks_Animal1_Capture1_CCACCTAGTCTCATCC,0.894343659114165,0.8987854992757633,0.9014460222869672,0.9035144339387036
Hepatocyte_15weeks_Animal1_Capture1_CCACGGAAGACTTTCG,0.878850559576471,0.890110305960349,0.8990110474027091,0.9068532269348843
Hepatocyte_15weeks_Animal1_Capture1_CCACGGAGTCTGCGGT,1.0258460077692,1.028960421065235,1.0302320136660374,1.0309637918319587
Hepatocyte_15weeks_Animal1_Capture1_CCACTACGTATCTGCA,0.819556201711882,0.8268242765378396,0.8329890254105379,0.8388454872340356
Hepatocyte_15weeks_Animal1_Capture1_CCACTACTCGCTAGCG,1.02212075034286,1.0233756269014695,1.0230750873190724,1.022481171169203
Hepatocyte_15weeks_Animal1_Capture1_CCAGCGAAGGCAATTA,1.01827076051565,1.0158919168661094,1.0124892654675903,1.0091332619414748
Hepatocyte_15weeks_Animal1_Capture1_CCAGCGAGTCCAAGTT,1.0246437556074,1.0292753326445023,1.0325381634189876,1.0354872407485989
Hepatocyte_15weeks_Animal1_Capture1_CCAGCGAGTCTGGAGA,1.0254690249703,1.0202429970309668,1.0141415405314436,1.008227107246718
Hepatocyte_15weeks_Animal1_Capture1_CCATTCGGTCCAAGTT,0.958797719310501,0.9640162197593888,0.9680898021326908,0.9718974892180592
Hepatocyte_15weeks_Animal1_Capture1_CCCAATCTCAGTTTGG,1.10625468617381,1.1053177346406635,1.1031581680242175,1.1009226853006295
Hepatocyte_15weeks_Animal1_Capture1_CCCATACTCACCTTAT,0.931046968140237,0.9532921088635408,0.9695861354265504,0.981177161278062
Hepatocyte_15weeks_Animal1_Capture1_CCCATACTCCAAGCCG,0.958634633105548,0.9622499102667004,0.9647691415781068,0.9670878967288544
Hepatocyte_15weeks_Animal1_Capture1_CCCATACTCTCTAGGA,0.972055663694888,0.9811830750017974,0.9890736856852604,0.9965858461951876
Hepatocyte_15weeks_Animal1_Capture1_CCCATACTCTGACCTC,1.02629453425879,1.0274933840658431,1.0275591082305997,1.0275178377590044
Hepatocyte_15weeks_Animal1_Capture1_CCCTCCTAGGTTCCTA,0.958013701099976,0.9642478243980952,0.9681487327380252,0.9712101618641122
Hepatocyte_15weeks_Animal1_Capture1_CCCTCCTGTCAGGACA,1.02478806090593,1.028114085157962,1.0303446402147596,1.0324119754692245
Hepatocyte_15weeks_Animal1_Capture1_CCGGGATCAATGAATG,0.955073768008837,0.960224483111924,0.964285512221326,0.9681221670622884
Hepatocyte_15weeks_Animal1_Capture1_CCGGGATCATGAGCGA,0.928635184040516,0.9380048322736788,0.946076534662766,0.9537373414423208
Hepatocyte_15weeks_Animal1_Capture1_CCGGTAGAGCCACGCT,1.01737883450849,1.0169831675949408,1.0155974334589764,1.0141539782186595
Hepatocyte_15weeks_Animal1_Capture1_CCGGTAGCATTGGCGC,1.01101292814828,1.015822057367901,1.0191029991258258,1.021993994695807
Hepatocyte_15weeks_Animal1_Capture1_CCGGTAGGTCGAGTTT,0.836706456208541,0.845746630633111,0.8537891278168596,0.8615209724727514
Hepatocyte_15weeks_Animal1_Capture1_CCGTACTAGTTAACGA,0.926546535569509,0.9321482575859452,0.9364852583917712,0.9405166720897552
Hepatocyte_15weeks_Animal1_Capture1_CCGTACTCAAAGGTGC,1.0286291147757,1.027476919045631,1.0254114600126905,1.0233996828410712
Hepatocyte_15weeks_Animal1_Capture1_CCGTACTTCCAGAGGA,0.950145946351092,0.960701935788975,0.969805016103092,0.9784135885649632
Hepatocyte_15weeks_Animal1_Capture1_CCGTGGACACGGTTTA,0.932371304383226,0.9364352605875776,0.9394974310555888,0.942408229157475
Hepatocyte_15weeks_Animal1_Capture1_CCGTGGAGTAGCAAAT,0.873254409723938,0.8834478420283608,0.892174863407874,0.9003749368331789
Hepatocyte_15weeks_Animal1_Capture1_CCGTGGAGTTGTTTGG,1.04081263665523,1.04475180208202,1.0460768268261789,1.0464159417545345
Hepatocyte_15weeks_Animal1_Capture1_CCGTTCACACATCCGG,1.02909086036539,1.032805147812366,1.0353361419350389,1.0376627937534948
Hepatocyte_15weeks_Animal1_Capture1_CCTAAAGGTGTCCTCT,1.03890223007134,1.0327877645865808,1.026234637036076,1.0200851161807414
Hepatocyte_15weeks_Animal1_Capture1_CCTACCATCCCAAGTA,1.02162662536456,1.0257542993629882,1.0286072904216172,1.0311959116315652
Hepatocyte_15weeks_Animal1_Capture1_CCTATTACATGGGACA,0.909008347009922,0.9182827443914108,0.9253814746678388,0.9315301006545424
Hepatocyte_15weeks_Animal1_Capture1_CCTATTAGTTAAGGGC,0.807272323524373,0.8073663717949476,0.8067007935614335,0.8060181243848223
Hepatocyte_15weeks_Animal1_Capture1_CCTATTAGTTCCGTCT,0.913966212726657,0.9182348220162512,0.9199726177779614,0.9207828712346274
Hepatocyte_15weeks_Animal1_Capture1_CCTATTATCCTGCTTG,0.941831372720247,0.9534853916911016,0.9619821135819808,0.9689689021501494
Hepatocyte_15weeks_Animal1_Capture1_CCTCAGTGTAAGTTCC,0.857035690676518,0.8678513764752293,0.8765037786991154,0.8842141820696096
Hepatocyte_15weeks_Animal1_Capture1_CCTCTGAAGATACACA,1.02257250877269,1.0248576919567125,1.0260725977214955,1.0271887597575773
Hepatocyte_15weeks_Animal1_Capture1_CCTTACGAGCTAGTCT,1.01713650975653,1.0185698326837571,1.0187981674309343,1.0188508981519693
Hepatocyte_15weeks_Animal1_Capture1_CCTTACGGTGTGAATA,1.03944584301267,1.0379226890720994,1.0348764383974918,1.031571808907062
Hepatocyte_15weeks_Animal1_Capture1_CCTTCCCAGAGCTTCT,1.0218811896311,1.0239897244353298,1.0250697874101993,1.0260596825329031
Hepatocyte_15weeks_Animal1_Capture1_CCTTCCCCATATGCTG,0.926355102913549,0.9335124862758856,0.9394393971738326,0.945040466361114
Hepatocyte_15weeks_Animal1_Capture1_CCTTCCCTCTGCAAGT,0.870838711355918,0.8785848122959156,0.8850352110582398,0.8910945999552284
Hepatocyte_15weeks_Animal1_Capture1_CCTTCGAGTAATTGGA,0.95831624857875,0.960378825175435,0.960805583379236,0.9606390998343336
Hepatocyte_15weeks_Animal1_Capture1_CCTTCGAGTTCTCATT,1.03179821872808,1.0314908170459955,1.0303174068472696,1.0291507681227292
Hepatocyte_15weeks_Animal1_Capture1_CCTTTCTCAACAACCT,0.883154634866464,0.8935226337752261,0.9026712639415576,0.9114175851505746
Hepatocyte_15weeks_Animal1_Capture1_CCTTTCTTCACCCGAG,1.01787967069072,1.0218428012485965,1.0245824641258696,1.027091194925631
Hepatocyte_15weeks_Animal1_Capture1_CCTTTCTTCCGGCACA,1.01482854856146,1.01853648594722,1.0209965165600046,1.023249151598278
Hepatocyte_15weeks_Animal1_Capture1_CGAACATTCGCGTTTC,0.936930823883257,0.9441821842142006,0.9502785223639656,0.9560653570722618
Hepatocyte_15weeks_Animal1_Capture1_CGAATGTGTACCAGTT,0.953896135040044,0.9601785711992932,0.965316053066196,0.970168493005308
Hepatocyte_15weeks_Animal1_Capture1_CGACCTTTCACCTCGT,0.922312134019318,0.9136806662161876,0.9037922027278088,0.8942799820306733
Hepatocyte_15weeks_Animal1_Capture1_CGACCTTTCTAGCACA,0.975751048565222,0.9826236113747748,0.9878282917778112,0.9925105443777374
Hepatocyte_15weeks_Animal1_Capture1_CGAGAAGGTCGACTAT,0.932750566948281,0.942856738041152,0.9499509227754316,0.9557346861067731
Hepatocyte_15weeks_Animal1_Capture1_CGAGCACAGCTAGTGG,0.840581225771693,0.8534599425992051,0.8650922330349088,0.8762486659947794
Hepatocyte_15weeks_Animal1_Capture1_CGAGCACCATCACGTA,0.980643793456698,0.9854185936614892,0.9890020743495124,0.992312867874236
Hepatocyte_15weeks_Animal1_Capture1_CGAGCCAGTGCGATAG,1.01918867480223,1.019831624123082,1.0186092949432195,1.0169242310849715
Hepatocyte_15weeks_Animal1_Capture1_CGATCGGTCATACGGT,0.977513512847257,0.9806305724002083,0.982532253827488,0.9842294388697552
Hepatocyte_15weeks_Animal1_Capture1_CGATGGCCATTCCTGC,1.04525488184704,1.0448238795954998,1.0396962980992852,1.031926646049819
Hepatocyte_15weeks_Animal1_Capture1_CGATGGCGTGATGATA,1.10432928020497,1.1030743331932384,1.1010153499191315,1.099035045240452
Hepatocyte_15weeks_Animal1_Capture1_CGATGGCGTGCAGACA,1.15666262688155,1.147852475385606,1.1368965252796333,1.12562463184379
Hepatocyte_15weeks_Animal1_Capture1_CGATGTAGTGTGTGCC,1.03369165446338,1.0395493045209478,1.0423863020699018,1.0439462858436257
Hepatocyte_15weeks_Animal1_Capture1_CGATGTATCGCGCCAA,1.03409653001643,1.0326889973152324,1.0300572188597332,1.0273031555318135
Hepatocyte_15weeks_Animal1_Capture1_CGATTGACACTTCTGC,1.01626841950248,1.0186613439690937,1.0199881559644728,1.0211820727540677
Hepatocyte_15weeks_Animal1_Capture1_CGATTGAGTGTATGGG,0.890719831303385,0.900440799576045,0.9089199664037142,0.916985937901744
Hepatocyte_15weeks_Animal1_Capture1_CGATTGAGTTAAGTAG,1.03092016441949,1.0355495908999022,1.0385723730718583,1.041134799193263
Hepatocyte_15weeks_Animal1_Capture1_CGATTGATCTAACGGT,1.01278906813293,1.0198804776419226,1.0240073949814212,1.026807370476691
Hepatocyte_15weeks_Animal1_Capture1_CGCCAAGCATAGTAAG,0.945074343984652,0.953122799119177,0.9599477171078824,0.966437523873748
Hepatocyte_15weeks_Animal1_Capture1_CGCGGTAGTAGAAAGG,0.925565125407689,0.933882065224122,0.940702588039781,0.9470353886325727
Hepatocyte_15weeks_Animal1_Capture1_CGCGTTTAGGTGCTAG,1.0380588355766,1.055922609429377,1.0674205349345909,1.0739020001247042
Hepatocyte_15weeks_Animal1_Capture1_CGCTATCAGTACCGGA,1.02354977469347,1.0241605618906344,1.0237159653105226,1.0231935385726565
Hepatocyte_15weeks_Animal1_Capture1_CGCTGGAAGCTCTCGG,1.02955475953251,1.039953875044985,1.045478521611291,1.047803438670592
Hepatocyte_15weeks_Animal1_Capture1_CGCTTCACAAGGTTTC,1.03518174366408,1.0328185949871471,1.0296586441302884,1.0266075033773632
Hepatocyte_15weeks_Animal1_Capture1_CGCTTCATCTCTGAGA,0.895569324263323,0.9012527770998058,0.9048456496389208,0.9076556558986162
Hepatocyte_15weeks_Animal1_Capture1_CGCTTCATCTTTACGT,0.968020857016716,0.9753783748823048,0.981354710923598,0.986922940647232
Hepatocyte_15weeks_Animal1_Capture1_CGGACACCACCATGTA,0.997618852642323,1.000702379215138,1.0022306002663683,1.0033716977600444
Hepatocyte_15weeks_Animal1_Capture1_CGGACGTCACCAACCG,0.897083773648977,0.9132006124546684,0.9282615185336872,0.942826898804778
Hepatocyte_15weeks_Animal1_Capture1_CGGACGTGTTCTCATT,0.834126379165118,0.8416770041630741,0.84811238373372,0.8542011516292883
Hepatocyte_15weeks_Animal1_Capture1_CGGAGTCCACCTCGGA,0.759968635131025,0.7687307677287809,0.776493810003306,0.7839272076721641
Hepatocyte_15weeks_Animal1_Capture1_CGGAGTCCAGCAGTTT,1.04760826332236,1.0503414884211837,1.0520250040908266,1.053577571586705
Hepatocyte_15weeks_Animal1_Capture1_CGGCTAGAGAGGGATA,0.978246027900885,0.9835662682975514,0.987372362754916,0.9907394109966458
Hepatocyte_15weeks_Animal1_Capture1_CGGCTAGTCAACGCTA,1.02781856719449,1.0235484003854494,1.0185031884475957,1.013661186319612
Hepatocyte_15weeks_Animal1_Capture1_CGGCTAGTCCTGTAGA,1.01468575756364,1.0152456335532465,1.0145605000031686,1.013733302498517
Hepatocyte_15weeks_Animal1_Capture1_CGGGTCACACCTCGGA,1.01687470851196,1.0151796223190088,1.0123781156335054,1.0095586661796705
Hepatocyte_15weeks_Animal1_Capture1_CGGGTCAGTCTAGAGG,1.02287069138436,1.024574142491362,1.0238760574076788,1.0223660556316916
Hepatocyte_15weeks_Animal1_Capture1_CGGTTAAGTCAGTGGA,1.0187538868163,1.0201101350353945,1.0197929171886264,1.0190566199235598
Hepatocyte_15weeks_Animal1_Capture1_CGGTTAAGTGCACGAA,0.989262344285048,0.992900991333324,0.995583123686654,0.9981390419765244
Hepatocyte_15weeks_Animal1_Capture1_CGTAGCGAGCCCTAAT,0.774817584305356,0.7886112490286363,0.8012236743526867,0.8133701616445226
Hepatocyte_15weeks_Animal1_Capture1_CGTAGCGGTAGGGTAC,1.02885323839843,1.0299452854533635,1.0298710584521908,1.0296689096916856
Hepatocyte_15weeks_Animal1_Capture1_CGTCAGGAGGCGATAC,0.925443408146855,0.931400922788089,0.9362741652006176,0.9409084391630116
Hepatocyte_15weeks_Animal1_Capture1_CGTCAGGAGGGCACTA,1.02767419548184,1.0240630059735532,1.0199005694294647,1.0159986572414803
Hepatocyte_15weeks_Animal1_Capture1_CGTCCATAGCCCAACC,1.0246206590012,1.0247850910955163,1.0224574735849017,1.0192864109088318
Hepatocyte_15weeks_Animal1_Capture1_CGTCCATCAAGCGAGT,1.11346905888552,1.1153402550052784,1.1151449768998032,1.1142821922468285
Hepatocyte_15weeks_Animal1_Capture1_CGTCTACTCTGCAGTA,0.925141995157864,0.9294847337605738,0.9328241409581788,0.9359574915592302
Hepatocyte_15weeks_Animal1_Capture1_CGTGAGCCAAAGGTGC,1.02408995002451,1.028584005634186,1.031858400651798,1.0348918281982338
Hepatocyte_15weeks_Animal1_Capture1_CGTGAGCGTTCCACGG,1.11099479377394,1.1111324485198284,1.1095610198387609,1.1076366379979925
Hepatocyte_15weeks_Animal1_Capture1_CGTGAGCTCAAACGGG,0.957424578589892,0.9579751862639234,0.9559985358086872,0.9530918070714568
Hepatocyte_15weeks_Animal1_Capture1_CGTGAGCTCTGCGACG,1.03162790230767,1.0270372059188853,1.0214289844178133,1.0159185064781653
Hepatocyte_15weeks_Animal1_Capture1_CGTGTCTCAATAGCAA,0.929806636772093,0.9361734555971892,0.9414089909977896,0.946359701689967
Hepatocyte_15weeks_Animal1_Capture1_CGTGTCTGTTACCGAT,1.02248451437654,1.0221523261894894,1.0207653373037324,1.0193603891306575
Hepatocyte_15weeks_Animal1_Capture1_CGTTAGAAGAAGGCCT,0.949904260236416,0.9540015117393018,0.9562888276405974,0.9579408198070146
Hepatocyte_15weeks_Animal1_Capture1_CGTTAGATCTTTAGTC,0.967845223420595,0.970143797527568,0.9704001314827602,0.9700919684999852
Hepatocyte_15weeks_Animal1_Capture1_CGTTCTGAGACTAGGC,1.03101685796176,1.029125859365804,1.025881774866371,1.022491309239472
Hepatocyte_15weeks_Animal1_Capture1_CTAACTTAGCTGTTCA,1.0165256184857,1.018030506614315,1.0184098923612392,1.0186839724456629
Hepatocyte_15weeks_Animal1_Capture1_CTAACTTGTACCATCA,0.858045917256697,0.8654197641078363,0.8716217913595126,0.8774802588783522
Hepatocyte_15weeks_Animal1_Capture1_CTAACTTGTTGTCTTT,1.03330281687728,1.0359044397677846,1.0365247263107082,1.0365338958662775
Hepatocyte_15weeks_Animal1_Capture1_CTAAGACAGGTGATTA,1.04561874275599,1.0480350298951415,1.0493491890556506,1.0505232364451196
Hepatocyte_15weeks_Animal1_Capture1_CTAAGACCACTACAGT,0.932481210475404,0.9407770585553522,0.9474302648084028,0.9535024572465411
Hepatocyte_15weeks_Animal1_Capture1_CTAATGGGTATTACCG,0.935765001624853,0.940718887309278,0.944648630756928,0.9483939280033632
Hepatocyte_15weeks_Animal1_Capture1_CTAATGGTCCAAGCCG,0.989108862180115,0.9929264107541934,0.9955626128883802,0.9979688416619156
Hepatocyte_15weeks_Animal1_Capture1_CTAATGGTCCCTTGTG,1.02689438926211,1.0292321689564654,1.0300730547105157,1.0304537613986378
Hepatocyte_15weeks_Animal1_Capture1_CTACACCGTAACGTTC,1.03071424845709,1.0273065232681111,1.023102726188148,1.0190595592667324
Hepatocyte_15weeks_Animal1_Capture1_CTACACCGTTTCGCTC,1.01406053043736,1.012116947455955,1.0092529328678104,1.0063580133330756
Hepatocyte_15weeks_Animal1_Capture1_CTACACCTCTATCGCC,0.933243405382101,0.9384455497448446,0.9422961805011848,0.9458267571644328
Hepatocyte_15weeks_Animal1_Capture1_CTACATTGTCTCCCTA,1.03958502861007,1.042676766057003,1.0437804910871546,1.044301642691587
Hepatocyte_15weeks_Animal1_Capture1_CTACCCAGTCCGACGT,1.02150674464493,1.022636786023439,1.0225475047998445,1.0222775517470906
Hepatocyte_15weeks_Animal1_Capture1_CTAGAGTCACCTATCC,1.02580090761229,1.0228558109773993,1.0187916440660132,1.0146256225038568
Hepatocyte_15weeks_Animal1_Capture1_CTAGAGTCAGTATGCT,0.951014961750624,0.9575772505083364,0.962989861498479,0.9681310055686326
Hepatocyte_15weeks_Animal1_Capture1_CTAGTGACACTTACGA,0.94789617151935,0.9544166166542908,0.9598413149568816,0.9649801473215428
Hepatocyte_15weeks_Animal1_Capture1_CTAGTGAGTAGAAAGG,0.926315626845516,0.9289038966595022,0.9305540297997942,0.9321200229895986
Hepatocyte_15weeks_Animal1_Capture1_CTAGTGAGTCTCCCTA,1.10526547735324,1.1011546084693973,1.0962092056838433,1.0914429641469787
Hepatocyte_15weeks_Animal1_Capture1_CTAGTGATCATGCATG,1.01766947959303,1.020203955784855,1.0216377389273728,1.022921690054755
Hepatocyte_15weeks_Animal1_Capture1_CTCACACGTCCCTTGT,0.931285026744476,0.9356444999583936,0.9381927669687264,0.9402404785088372
Hepatocyte_15weeks_Animal1_Capture1_CTCACACTCTTCGGTC,1.04231879780195,1.0406757569324423,1.03760526135501,1.0343377775616382
Hepatocyte_15weeks_Animal1_Capture1_CTCAGAAGTCCGTGAC,0.918289543657574,0.9226245699719394,0.9256266257501918,0.9282891815587456
Hepatocyte_15weeks_Animal1_Capture1_CTCATTAGTTCAGCGC,0.890618404056724,0.9013694397008852,0.9108780093725026,0.9199282910820128
Hepatocyte_15weeks_Animal1_Capture1_CTCATTATCCAGTATG,0.992078195958117,0.9978610698263056,1.0024921906478776,1.0068679737409518
Hepatocyte_15weeks_Animal1_Capture1_CTCGAGGCAGATTGCT,1.0148793995236,1.0142076654227057,1.0125003144516491,1.0107762720522997
Hepatocyte_15weeks_Animal1_Capture1_CTCGGAGAGGACTGGT,1.02515127848053,1.0274581938382197,1.02745536386963,1.026655896115817
Hepatocyte_15weeks_Animal1_Capture1_CTCGGAGAGGGTGTTG,1.04207575539444,1.040807182494942,1.0346479342350372,1.0253248089142029
Hepatocyte_15weeks_Animal1_Capture1_CTCGGGACACCTTGTC,1.01042698429949,1.0175788785228068,1.0229955825032366,1.0278400374459076
Hepatocyte_15weeks_Animal1_Capture1_CTCGTACCACGCCAGT,1.02850809794217,1.034197298030492,1.0383114817415875,1.0419765110466452
Hepatocyte_15weeks_Animal1_Capture1_CTCGTACGTTGCGCAC,1.03346866090148,1.0428156458610676,1.0483037150191612,1.0517722121651714
Hepatocyte_15weeks_Animal1_Capture1_CTCGTACTCGTGACAT,1.03493493724895,1.036783042880648,1.0374644708298564,1.0379870562409852
Hepatocyte_15weeks_Animal1_Capture1_CTCGTACTCTCACATT,1.04276441003101,1.0415344447670258,1.0392441538224326,1.0369051562029383
Hepatocyte_15weeks_Animal1_Capture1_CTCTAATCACATTCGA,1.02729170320267,1.0278948679159232,1.0268580191096386,1.0254169980861154
Hepatocyte_15weeks_Animal1_Capture1_CTCTAATGTCACCCAG,0.922457576449954,0.9246490102732624,0.9257318119514192,0.926621710470332
Hepatocyte_15weeks_Animal1_Capture1_CTCTAATGTGGAAAGA,1.03545058251529,1.039533776933148,1.0423854351754562,1.044995126398427
Hepatocyte_15weeks_Animal1_Capture1_CTCTAATGTTACCAGT,1.02935442709661,1.0322440913713686,1.0339516082308875,1.0354975488385012
Hepatocyte_15weeks_Animal1_Capture1_CTCTAATTCATTCACT,0.930541275328607,0.9353872513462672,0.9391646586752505,0.942730361149599
Hepatocyte_15weeks_Animal1_Capture1_CTCTAATTCTGCTTGC,0.924598655459927,0.932402190567637,0.9389804494978524,0.9452201735737156
Hepatocyte_15weeks_Animal1_Capture1_CTCTACGAGTGTACTC,1.12468294652596,1.116283796394299,1.1028519339801826,1.086231439861478
Hepatocyte_15weeks_Animal1_Capture1_CTCTACGCAGCAGTTT,1.03288606284437,1.03556358922398,1.0371250264385716,1.0385464543257097
Hepatocyte_15weeks_Animal1_Capture1_CTGAAACGTGCAGTAG,0.972692787054975,0.978288409090554,0.9828078631613824,0.9870884017864142
Hepatocyte_15weeks_Animal1_Capture1_CTGAAGTCAATGGATA,0.954382951136156,0.9487976880912764,0.9418734727612624,0.934921182031167
Hepatocyte_15weeks_Animal1_Capture1_CTGATAGCAAACTGCT,0.961140826219629,0.9656437449458766,0.9690570169874932,0.9722414101349234
Hepatocyte_15weeks_Animal1_Capture1_CTGATCCAGAAACGCC,1.02024868312336,1.0209507807470022,1.020518952664393,1.0199831880674666
Hepatocyte_15weeks_Animal1_Capture1_CTGATCCTCTAACCGA,1.02716469310836,1.0284016745915672,1.0285884375158796,1.0287049408705906
Hepatocyte_15weeks_Animal1_Capture1_CTGCCTACATATGAGA,1.01486737529756,1.0020425604685117,0.9890382109824796,0.976773151034832
Hepatocyte_15weeks_Animal1_Capture1_CTGCGGATCCTACAGA,0.952258881417522,0.956550989640852,0.9594433724145937,0.9619777978111618
Hepatocyte_15weeks_Animal1_Capture1_CTGCTGTTCGGTTCGG,0.948543294911068,0.9553898190283884,0.9604551943109608,0.9648912003699202
Hepatocyte_15weeks_Animal1_Capture1_CTGGTCTAGCTCAACT,1.01867136153498,1.019071095116801,1.0185011251850078,1.017898407581865
Hepatocyte_15weeks_Animal1_Capture1_CTGGTCTAGTATTGGA,1.10325906155689,1.1016201250904871,1.0983288309028292,1.0946461782513823
Hepatocyte_15weeks_Animal1_Capture1_CTGTGCTTCGCACTCT,0.829151210746783,0.8437347532533258,0.8570317835194372,0.8698098388041675
Hepatocyte_15weeks_Animal1_Capture1_CTGTTTAAGAGCCTAG,1.02985567554286,1.0284841278705008,1.025848914098055,1.0229506359314249
Hepatocyte_15weeks_Animal1_Capture1_CTGTTTATCCCAAGTA,0.970526450681421,0.9677017417253866,0.9629128579219384,0.9577420027191078
Hepatocyte_15weeks_Animal1_Capture1_CTTACCGAGTCGTACT,1.0293526691876,1.0297035855083845,1.0290480668268362,1.0283428879893128
Hepatocyte_15weeks_Animal1_Capture1_CTTAGGAAGTGCTGCC,0.973636765336968,0.9773945290974366,0.9793579010479112,0.9807517975937632
Hepatocyte_15weeks_Animal1_Capture1_CTTCTCTAGAGAGCTC,1.02796317063054,1.027896912402703,1.0265249295709162,1.024980837880393
Hepatocyte_15weeks_Animal1_Capture1_CTTCTCTCAAGCTGGA,0.936079900191955,0.9442230220856356,0.9504947600737944,0.9560930750892108
Hepatocyte_15weeks_Animal1_Capture1_CTTCTCTGTAGGCATG,0.937623350068671,0.9345529178245204,0.930412733352095,0.9265214427079568
Hepatocyte_15weeks_Animal1_Capture1_CTTTGCGTCTGCAAGT,0.934312582528059,0.941458389442402,0.9462088465576476,0.94993842956149
Hepatocyte_15weeks_Animal1_Capture1_GAAACTCAGTGGGCTA,0.929574271049266,0.9337521173328202,0.9361001774780716,0.9379554222498632
Hepatocyte_15weeks_Animal1_Capture1_GAAACTCGTACGACCC,1.011539552052,1.0158419627923188,1.0185148070595489,1.0206389208758508
Hepatocyte_15weeks_Animal1_Capture1_GAAACTCGTCATGCAT,0.950438980747193,0.9566354801011284,0.9616642777812672,0.9664114339683278
Hepatocyte_15weeks_Animal1_Capture1_GAAACTCGTTAAGAAC,0.922225459376416,0.9270949628125588,0.9309106967194016,0.9344934369740489
Hepatocyte_15weeks_Animal1_Capture1_GAAACTCTCACATACG,0.925289306534966,0.9339130386407252,0.9413357702773932,0.9484045964175728
Hepatocyte_15weeks_Animal1_Capture1_GAACGGACATGGTCTA,1.02643831652971,1.0270054495529255,1.0265953165170822,1.0261437195668035
Hepatocyte_15weeks_Animal1_Capture1_GAAGCAGAGTCTTGCA,1.02385031501098,1.0233636134121298,1.0220167174755073,1.0207283188232483
Hepatocyte_15weeks_Animal1_Capture1_GAAGCAGGTATCGCAT,0.982978204866309,0.9863553314531548,0.988526853605974,0.9904539184121478
Hepatocyte_15weeks_Animal1_Capture1_GAATAAGAGTGTACCT,0.936977609902218,0.9426800941752224,0.947213100490808,0.9514617796954056
Hepatocyte_15weeks_Animal1_Capture1_GAATAAGTCGGAATCT,0.949025841211647,0.9663171215646648,0.9785613879113164,0.9868036437059592
Hepatocyte_15weeks_Animal1_Capture1_GAATAAGTCGGCATCG,0.898990303835704,0.9080147143060744,0.9157815662425686,0.923136580155212
Hepatocyte_15weeks_Animal1_Capture1_GAATAAGTCTTCTGGC,1.0193301899987,1.023537239680793,1.026296400252526,1.0287070679992945
Hepatocyte_15weeks_Animal1_Capture1_GAATGAAGTGGTAACG,1.02249776189544,1.0210302039500156,1.0185470983523257,1.0160690737189644
Hepatocyte_15weeks_Animal1_Capture1_GACACGCGTTCCTCCA,1.00090141132654,1.0072351314335262,1.012285578388252,1.0169642818758142
Hepatocyte_15weeks_Animal1_Capture1_GACCTGGTCCAGGGCT,0.959007361223111,0.9593525370089508,0.9585862328256644,0.9576518040094592
Hepatocyte_15weeks_Animal1_Capture1_GACGCGTAGAAACGCC,1.03062347395053,1.0379465180063487,1.0403565276005289,1.0401125704725076
Hepatocyte_15weeks_Animal1_Capture1_GACGCGTCAAGCTGTT,1.02633986484013,1.0282829811464238,1.02911974409953,1.029839945098617
Hepatocyte_15weeks_Animal1_Capture1_GACGCGTGTGGTACAG,1.01960325659323,1.0180363946951116,1.0155157106895774,1.0130077004914817
Hepatocyte_15weeks_Animal1_Capture1_GACGGCTGTCACAAGG,1.02525014347174,1.028458043832671,1.0305738938591522,1.032530605646503
Hepatocyte_15weeks_Animal1_Capture1_GACGGCTGTGCTTCTC,1.02767208326376,1.0270003994225705,1.0253761666047068,1.0237865523262808
Hepatocyte_15weeks_Animal1_Capture1_GACGGCTGTTCAGGCC,0.916545544747837,0.917038666643003,0.9165906751591658,0.9161001158911424
Hepatocyte_15weeks_Animal1_Capture1_GACTAACCACATGGGA,1.03099076161435,1.0289198753808262,1.0255952109973032,1.0221881745930097
Hepatocyte_15weeks_Animal1_Capture1_GACTACACAGACACTT,0.937541834880909,0.9450197802715448,0.951299041637383,0.9572462668310118
Hepatocyte_15weeks_Animal1_Capture1_GACTGCGAGACGCAAC,0.826866570152712,0.8385196329106851,0.8490226722561561,0.8591142492842921
Hepatocyte_15weeks_Animal1_Capture1_GACTGCGTCAGTTCGA,0.931541289238766,0.9355915344556928,0.9384700770617564,0.9411117724974302
Hepatocyte_15weeks_Animal1_Capture1_GAGCAGAGTTCCCTTG,1.01785314474653,1.0158373554107585,1.012978100283915,1.0101990440381354
Hepatocyte_15weeks_Animal1_Capture1_GAGTCCGGTTACGCGC,0.951488954470813,0.960949036314163,0.968970685883246,0.9765147519868752
Hepatocyte_15weeks_Animal1_Capture1_GAGTCCGTCAATAAGG,1.00857577079024,1.0080068839595837,1.0066330959372365,1.0052877268461464
Hepatocyte_15weeks_Animal1_Capture1_GATCAGTCAAGTTAAG,0.870060940034987,0.8823004576761941,0.8931657692082963,0.903495212295968
Hepatocyte_15weeks_Animal1_Capture1_GATCAGTCACGGATAG,0.931557691006313,0.9367489166158915,0.940855028190693,0.9447576927193202
Hepatocyte_15weeks_Animal1_Capture1_GATCGATGTATATGAG,1.02717079752238,1.0276290267910868,1.0253393415107883,1.022169023223232
Hepatocyte_15weeks_Animal1_Capture1_GATCGATTCAGTGCAT,0.952938741434885,0.958983676228057,0.9611973261758224,0.9610904011146696
Hepatocyte_15weeks_Animal1_Capture1_GATCGCGAGACGACGT,1.04572375148467,1.0496865377684197,1.052313258203183,1.0546492686594198
Hepatocyte_15weeks_Animal1_Capture1_GATCGCGCATTTCAGG,0.934356453641973,0.9411894093180346,0.9467454199751368,0.9519582288480822
Hepatocyte_15weeks_Animal1_Capture1_GATCGCGGTAAGAGGA,1.03456516209238,1.0373849369678512,1.0390172621054363,1.040449380669668
Hepatocyte_15weeks_Animal1_Capture1_GATCGCGGTCGCCATG,1.05699717768918,1.0513460333381477,1.0450918748458162,1.0391373945506834
Hepatocyte_15weeks_Animal1_Capture1_GATCGCGGTGAGCGAT,1.02363317617789,1.0272644017819574,1.02979624092328,1.0321553733967013
Hepatocyte_15weeks_Animal1_Capture1_GATCGCGTCAACACCA,1.02275441810905,1.021683922553688,1.0191174330726145,1.0162964998489594
Hepatocyte_15weeks_Animal1_Capture1_GATCGCGTCACCCGAG,1.05101459699788,1.0566426622694567,1.0610678113353815,1.0652042613027222
Hepatocyte_15weeks_Animal1_Capture1_GATCGTATCTTAGCCC,1.0422380985448,1.0510389738216648,1.0562780827007083,1.0594706578055813
Hepatocyte_15weeks_Animal1_Capture1_GATGAGGCATCTCGCT,1.01972748716864,1.0228089345686555,1.0245918178099376,1.0261336091990183
Hepatocyte_15weeks_Animal1_Capture1_GATGAGGGTTGTCGCG,1.04062442921138,1.0401009728196495,1.0383438083650722,1.0364689785715773
Hepatocyte_15weeks_Animal1_Capture1_GATGAGGTCTGTCAAG,1.02597007370325,1.0279257138118718,1.0287979270731993,1.0295565954491108
Hepatocyte_15weeks_Animal1_Capture1_GATGCTAGTGTCAATC,1.02803251590601,1.0263488727452947,1.0236410912542702,1.0209459929041655
Hepatocyte_15weeks_Animal1_Capture1_GATTCAGCATAGACTC,0.961645445036059,0.968691718736022,0.972208222060606,0.974187023005228
Hepatocyte_15weeks_Animal1_Capture1_GATTCAGGTAGCTGCC,1.01015539920415,1.0049887611684034,0.9989175276304936,0.9929351622681984
Hepatocyte_15weeks_Animal1_Capture1_GATTCAGGTCAGAATA,1.03777007632986,1.040384114053063,1.0418963334077354,1.043260730298663
Hepatocyte_15weeks_Animal1_Capture1_GCAATCAGTAAATGTG,1.11764700564974,1.1155020233383477,1.1123172253403646,1.109168181966788
Hepatocyte_15weeks_Animal1_Capture1_GCACATAGTCTTCAAG,1.03484175324195,1.0390024889911764,1.0420112732629796,1.0448062750352891
Hepatocyte_15weeks_Animal1_Capture1_GCACATAGTTCATGGT,0.924048098555393,0.9249220910477406,0.9248749435975796,0.92476120374629
Hepatocyte_15weeks_Animal1_Capture1_GCACATAGTTTCGCTC,0.977521279875715,0.9816622713005289,0.9842328388159124,0.9863699833698256
Hepatocyte_15weeks_Animal1_Capture1_GCACATATCGCAGGCT,1.0148185603405,1.011834426086211,1.0073306479234014,1.0025516733666742
Hepatocyte_15weeks_Animal1_Capture1_GCAGCCACAGGGTATG,1.01383369786779,1.0145929878672748,1.0135256048943808,1.0119557884595276
Hepatocyte_15weeks_Animal1_Capture1_GCATGCGTCAATCACG,0.948011430493488,0.9553178346676529,0.9614640390865304,0.967285320800062
Hepatocyte_15weeks_Animal1_Capture1_GCATGTAGTCAAAGCG,1.04012654561189,1.0405503525790905,1.0399698564181534,1.0393357314103386
Hepatocyte_15weeks_Animal1_Capture1_GCCAAATAGCGTAATA,1.12161234347028,1.1139018048754168,1.1050350551450063,1.0963209830681488
Hepatocyte_15weeks_Animal1_Capture1_GCCTCTAAGTTAAGTG,1.02433349271805,1.0176741571045391,1.010423630523945,1.003499705999786
Hepatocyte_15weeks_Animal1_Capture1_GCCTCTACAAAGAATC,1.02324604803245,1.0212468435858215,1.0182296029167723,1.0152260472592205
Hepatocyte_15weeks_Animal1_Capture1_GCCTCTAGTATCTGCA,0.975924973006106,0.9771225107577244,0.9764916492875512,0.9753164468148288
Hepatocyte_15weeks_Animal1_Capture1_GCCTCTAGTTCCGGCA,0.975747426985412,0.9849331796508272,0.9928695535463228,1.0004170962825358
Hepatocyte_15weeks_Animal1_Capture1_GCGACCAAGGACTGGT,0.955593677463969,0.9577769703251358,0.9590489732265562,0.9602349297957296
Hepatocyte_15weeks_Animal1_Capture1_GCGACCAGTAAATGTG,0.962233757228582,0.9666102065782236,0.969821370594928,0.9728050051023158
Hepatocyte_15weeks_Animal1_Capture1_GCGACCAGTGATGCCC,0.923474013809827,0.9275655965515912,0.93066349991891,0.9335845264983376
Hepatocyte_15weeks_Animal1_Capture1_GCGAGAACACAGACAG,0.914268339268722,0.924545633088462,0.933535371354254,0.9421185897810432
Hepatocyte_15weeks_Animal1_Capture1_GCGAGAAGTCCTGCTT,1.02213909005168,1.0185510718249178,1.01359250145467,1.0085108729483738
Hepatocyte_15weeks_Animal1_Capture1_GCGCAGTAGCCGTCGT,1.03365358506892,1.0373617299711455,1.039791770732844,1.0419819542442426
Hepatocyte_15weeks_Animal1_Capture1_GCGCCAAAGCTATGCT,1.02605643289809,1.0278125220199694,1.028445300288682,1.0289568710607386
Hepatocyte_15weeks_Animal1_Capture1_GCGCGATCACACTGCG,1.01912237675314,1.0230776558333918,1.0257916067112167,1.0282638710644856
Hepatocyte_15weeks_Animal1_Capture1_GCGCGATCATTCTCAT,1.01692319981269,1.0215330853008755,1.0242898616105414,1.0264659506435012
Hepatocyte_15weeks_Animal1_Capture1_GCGGGTTAGACTGGGT,0.950941246384632,0.9474342109034676,0.9428602391614406,0.9382663427455992
Hepatocyte_15weeks_Animal1_Capture1_GCGGGTTAGCACGCCT,1.01623214674512,1.0128631142391071,1.0085890430826543,1.0044448692627208
Hepatocyte_15weeks_Animal1_Capture1_GCGGGTTCACTAGTAC,1.01165184589412,1.0172769474108434,1.0199923394972796,1.0214206018180667
Hepatocyte_15weeks_Animal1_Capture1_GCGGGTTCAGTCTTCC,1.01172454499074,1.0154995980497523,1.0181009089665911,1.0205170527266227
Hepatocyte_15weeks_Animal1_Capture1_GCGGGTTGTATATGAG,0.940013613947792,0.9416151284470428,0.942394947646083,0.9431325370778744
Hepatocyte_15weeks_Animal1_Capture1_GCGGGTTGTCGCATCG,1.11199293674587,1.1072579430087963,1.101442474719896,1.0957130274567548
Hepatocyte_15weeks_Animal1_Capture1_GCGGGTTTCTTTAGTC,0.947474193567755,0.957452490511353,0.964645697413942,0.9705756084126994
Hepatocyte_15weeks_Animal1_Capture1_GCTCCTAGTCGCATAT,0.916926736213535,0.9254505659412006,0.9327679317599084,0.9397052708688106
Hepatocyte_15weeks_Animal1_Capture1_GCTCTGTGTCCGAGTC,0.959777552643101,0.965884907844623,0.9698879446627418,0.9731769049953392
Hepatocyte_15weeks_Animal1_Capture1_GCTGCAGTCGACAGCC,0.923088690424395,0.9222311806853996,0.9202674396363064,0.9182148898740418
Hepatocyte_15weeks_Animal1_Capture1_GCTGCAGTCTACTCAT,1.0016615866444,1.0070385128138577,1.0105329487802728,1.013402571679917
Hepatocyte_15weeks_Animal1_Capture1_GCTGCGACAAAGGTGC,1.13113801615291,1.1286958748636071,1.1245713681456309,1.120187004552352
Hepatocyte_15weeks_Animal1_Capture1_GCTGCGAGTATAGTAG,0.983016114425295,0.9878896304658455,0.991314523635768,0.9943658362459872
Hepatocyte_15weeks_Animal1_Capture1_GCTGCTTAGGAGTAGA,1.0295933543057,1.033263474448249,1.035678024598165,1.0378493120311798
Hepatocyte_15weeks_Animal1_Capture1_GCTGCTTAGTGCCATT,1.01483619992218,1.0181043210700171,1.0185480274294068,1.0178311191115594
Hepatocyte_15weeks_Animal1_Capture1_GCTGCTTTCACTCCTG,0.972897925815764,0.9748076396093864,0.975320768391271,0.9755039470479516
Hepatocyte_15weeks_Animal1_Capture1_GCTGGGTGTGTCGCTG,1.02562665536174,1.0284199397083915,1.0300951130373666,1.0316296264644276
Hepatocyte_15weeks_Animal1_Capture1_GCTGGGTGTTCCACGG,0.968340634797908,0.974907497691744,0.97886760163704,0.981626877645573
Hepatocyte_15weeks_Animal1_Capture1_GCTGGGTTCCTAGTGA,0.950838993643449,0.958798101749204,0.963921726363102,0.96782633905211
Hepatocyte_15weeks_Animal1_Capture1_GCTTCCAGTAGAGCTG,0.959256439155368,0.9639606565766596,0.9656260844520758,0.9660106778579716
Hepatocyte_15weeks_Animal1_Capture1_GCTTCCATCGGAGCAA,0.931599929930249,0.9488535795041632,0.9607296221113928,0.968787921639948
Hepatocyte_15weeks_Animal1_Capture1_GCTTCCATCGGTTAAC,0.954586498426131,0.9564399963064176,0.956341406145924,0.9556825079913082
Hepatocyte_15weeks_Animal1_Capture1_GCTTGAAGTCGACTAT,1.05239840090745,1.0534350012258868,1.053336757759385,1.0531032090231407
Hepatocyte_15weeks_Animal1_Capture1_GGAAAGCGTACAAGTA,0.917537153488827,0.934778050742669,0.9464397273544646,0.9539990345390076
Hepatocyte_15weeks_Animal1_Capture1_GGAACTTGTATAGGGC,0.959470461175296,0.9693503127969344,0.9780025590479944,0.9862665046826004
Hepatocyte_15weeks_Animal1_Capture1_GGAATAACATGGGAAC,0.922423699452104,0.9299930145287304,0.9358107505228505,0.9410049901405022
Hepatocyte_15weeks_Animal1_Capture1_GGACAAGCACAGTCGC,1.00319610574747,1.0088937622030505,1.0088859881522472,1.005051190053082
Hepatocyte_15weeks_Animal1_Capture1_GGACAAGTCAGTTAGC,0.920669832656729,0.927442437765448,0.9321383035983186,0.9360095169026306
Hepatocyte_15weeks_Animal1_Capture1_GGACAGAAGAGACTAT,1.02273981976037,1.024020736119214,1.0241970957789217,1.0242728128375476
Hepatocyte_15weeks_Animal1_Capture1_GGACAGACATGCCTAA,1.04122556584784,1.043111697577974,1.0438747393939518,1.0444869713323004
Hepatocyte_15weeks_Animal1_Capture1_GGACAGAGTCTTCGTC,1.02597100345614,1.026318936729827,1.025709355526555,1.0250491456169566
Hepatocyte_15weeks_Animal1_Capture1_GGACAGATCATTATCC,0.923765413105322,0.92740309980155,0.930014734498088,0.9324825488166726
Hepatocyte_15weeks_Animal1_Capture1_GGACAGATCCCATTAT,1.02053374649635,1.019383634539746,1.0173844672413492,1.015449114492908
Hepatocyte_15weeks_Animal1_Capture1_GGACAGATCGTTTAGG,0.949558233455735,0.9560433043138004,0.9612894600522788,0.9662338007745662
Hepatocyte_15weeks_Animal1_Capture1_GGACATTTCCTTTCTC,1.02183815802676,1.0203305296515046,1.0180267363527742,1.015826482751341
Hepatocyte_15weeks_Animal1_Capture1_GGACGTCGTATGGTTC,0.952585027175502,0.9553599783299512,0.9565550400090452,0.9573219949860612
Hepatocyte_15weeks_Animal1_Capture1_GGACGTCGTGATAAGT,0.941653163875844,0.9449249234572308,0.9462270457099154,0.9469761124316436
Hepatocyte_15weeks_Animal1_Capture1_GGATGTTCACAACGTT,0.931034517072122,0.9370950130834592,0.9420495311161624,0.94674717356992
Hepatocyte_15weeks_Animal1_Capture1_GGATGTTCATCACGAT,1.0183615285538,1.016937806968799,1.0145930915662482,1.012294073739865
Hepatocyte_15weeks_Animal1_Capture1_GGATGTTGTTCTCATT,1.04605092875259,1.0494146157818969,1.0517255182299527,1.0539003839549173
Hepatocyte_15weeks_Animal1_Capture1_GGATGTTTCATGTAGC,0.947684044616657,0.9485371305348436,0.9484776151595108,0.9483658724612464
Hepatocyte_15weeks_Animal1_Capture1_GGCAATTCATTTCACT,1.04756402074536,1.0503619936519957,1.0519188212561248,1.0532557517369407
Hepatocyte_15weeks_Animal1_Capture1_GGCCGATAGGAGCGTT,1.01407956956303,1.018234296855742,1.0205589770222885,1.0223416441480646
Hepatocyte_15weeks_Animal1_Capture1_GGCGACTCAATCGAAA,0.968395652390602,0.9748034323996309,0.9791154192961832,0.98268790151563
Hepatocyte_15weeks_Animal1_Capture1_GGCGACTCATCACCCT,0.982337874809038,0.9863037770180616,0.9890059017423952,0.991433427271908
Hepatocyte_15weeks_Animal1_Capture1_GGCGACTCATCCTAGA,0.943461407948723,0.9529921889858,0.961223959967761,0.969057858696007
Hepatocyte_15weeks_Animal1_Capture1_GGCGTGTAGAAGAAGC,0.91551877176295,0.9218931746475452,0.9271978819869966,0.932251970870012
Hepatocyte_15weeks_Animal1_Capture1_GGCGTGTAGTTAAGTG,0.975168729289708,0.98150146183402,0.9866945417170432,0.9916276189359844
Hepatocyte_15weeks_Animal1_Capture1_GGCGTGTTCACAACGT,1.0208175487187,1.0228716865743446,1.0234743195815328,1.023762074058899
Hepatocyte_15weeks_Animal1_Capture1_GGGACCTTCTCGCTTG,1.03299364157236,1.034601668617914,1.0351036167888352,1.0354795088886748
Hepatocyte_15weeks_Animal1_Capture1_GGGAGATTCAAACAAG,0.95124997837741,0.9533872068727958,0.9535969145208928,0.9531906985245444
Hepatocyte_15weeks_Animal1_Capture1_GGGATGAGTCAGAGGT,0.98565650596348,0.9888041811989694,0.9909532079686776,0.9929688499984012
Hepatocyte_15weeks_Animal1_Capture1_GGGATGAGTTTAAGCC,0.992786257552561,1.0079283732233828,1.0214917224357742,1.0343225403003111
Hepatocyte_15weeks_Animal1_Capture1_GGGCATCAGGCAGGTT,0.953666514589653,0.9610513745863932,0.9671176814432764,0.9728056425414696
Hepatocyte_15weeks_Animal1_Capture1_GGGCATCAGTGTGAAT,1.02361201411618,1.0286879687854875,1.0321956103044192,1.035294109804376
Hepatocyte_15weeks_Animal1_Capture1_GGGTCTGGTGAACCTT,1.01666954232413,1.014793303640033,1.0119035234964562,1.0089845403168287
Hepatocyte_15weeks_Animal1_Capture1_GGGTTGCCACCAGGCT,1.03768627349718,1.037213487959269,1.0348347222389307,1.0319863001752048
Hepatocyte_15weeks_Animal1_Capture1_GGTGCGTCATAGAAAC,1.020335875069,1.0185960986148204,1.015328208239701,1.0117735267771382
Hepatocyte_15weeks_Animal1_Capture1_GGTGCGTCATTCACTT,1.02607882884733,1.0213589104568406,1.0159391634065924,1.010746347260118
Hepatocyte_15weeks_Animal1_Capture1_GGTGCGTTCTTCGGTC,0.946769037993046,0.9498625565493558,0.9517435613827568,0.9533949894738102
Hepatocyte_15weeks_Animal1_Capture1_GGTGTTAGTCACTTCC,0.881384019458171,0.8842038091237223,0.8860621996726886,0.8877693980084221
Hepatocyte_15weeks_Animal1_Capture1_GGTGTTATCGGGAGTA,1.02747422917575,1.0238534830403114,1.0181710040338925,1.0115540633289417
Hepatocyte_15weeks_Animal1_Capture1_GTAACGTCACAAGTAA,1.02716688178306,1.028879141749265,1.0289166825827345,1.028572805403705
Hepatocyte_15weeks_Animal1_Capture1_GTAACGTTCCAACCAA,0.991175248023271,0.9980589537811884,1.0038020948521915,1.0092671976283616
Hepatocyte_15weeks_Animal1_Capture1_GTAACTGAGTATCTCG,0.950896171656215,0.9567029575970388,0.960582163429053,0.9637197003632678
Hepatocyte_15weeks_Animal1_Capture1_GTAACTGGTGCTGTAT,1.03750528699412,1.036419883517284,1.0344129416585424,1.0324394511367476
Hepatocyte_15weeks_Animal1_Capture1_GTACGTATCCATGCTC,0.949565554465199,0.9520891203012902,0.9535983420559084,0.9550019776119708
Hepatocyte_15weeks_Animal1_Capture1_GTACTCCCACTGTCGG,1.02391575638326,1.0277358702373551,1.0296489152544386,1.0309895622314358
Hepatocyte_15weeks_Animal1_Capture1_GTACTCCTCCGGGTGT,0.921385599421772,0.9270374819693964,0.93155301746223,0.9358130457239612
Hepatocyte_15weeks_Animal1_Capture1_GTACTTTGTTGGACCC,1.02797197838997,1.0340043018698473,1.03678522578234,1.0380006465746068
Hepatocyte_15weeks_Animal1_Capture1_GTAGGCCAGCTGATAA,1.02329659613871,1.0240506710162227,1.023562150659335,1.0229048710720463
Hepatocyte_15weeks_Animal1_Capture1_GTATTCTAGTAATCCC,0.908130262182567,0.9177207760098004,0.9261000364678098,0.934094539301652
Hepatocyte_15weeks_Animal1_Capture1_GTATTCTTCCGTACAA,0.795758254716928,0.807791485137263,0.8172707665574237,0.8254120263152526
Hepatocyte_15weeks_Animal1_Capture1_GTCAAGTAGCGTCAAG,0.916607445364795,0.9212555452381186,0.9247424702452632,0.92799414995591
Hepatocyte_15weeks_Animal1_Capture1_GTCAAGTAGTCCCACG,0.88159198324973,0.8896496431063866,0.896515013813552,0.9030244319992442
Hepatocyte_15weeks_Animal1_Capture1_GTCAAGTCAAGCTGTT,1.02639745454768,1.0324711550024002,1.0372073221608349,1.0415996225573625
Hepatocyte_15weeks_Animal1_Capture1_GTCAAGTTCCTGCAGG,1.02169028345655,1.0268810480458317,1.0274138847977436,1.0254073611475083
Hepatocyte_15weeks_Animal1_Capture1_GTCACAATCATTTGGG,1.0331655380469,1.034371770266724,1.033121216520928,1.0310566615843204
Hepatocyte_15weeks_Animal1_Capture1_GTCACGGAGCAGCCTC,1.04419434138066,1.0471060778099863,1.0488020514945575,1.050306956549844
Hepatocyte_15weeks_Animal1_Capture1_GTCATTTTCATGCATG,1.11029653457478,1.104352875622095,1.0971232940839064,1.0899171494712785
Hepatocyte_15weeks_Animal1_Capture1_GTCCTCAGTCAGAATA,1.02923707246708,1.0352927820966524,1.040073150167426,1.0445628517695733
Hepatocyte_15weeks_Animal1_Capture1_GTCCTCATCCTCGCAT,1.03103685864341,1.0295916480129996,1.027328703333904,1.0251378722838724
Hepatocyte_15weeks_Animal1_Capture1_GTCGGGTAGCTCCTCT,0.902060032054974,0.9088365211109491,0.9135110744457196,0.9174167230433328
Hepatocyte_15weeks_Animal1_Capture1_GTCGGGTTCCACGCAG,1.02458009064933,1.0255837911234615,1.022741949600348,1.0183284515375497
Hepatocyte_15weeks_Animal1_Capture1_GTCGTAAGTCTAGTGT,0.945765118645158,0.954219431742618,0.961402171320064,0.9682097599526488
Hepatocyte_15weeks_Animal1_Capture1_GTCGTAATCTGCGGCA,0.981304954097569,0.9877186950557268,0.993010088336225,0.998058716872617
Hepatocyte_15weeks_Animal1_Capture1_GTCTCGTCAGATCGGA,1.01559382200994,1.019158495364717,1.0209022068759177,1.022102003198733
Hepatocyte_15weeks_Animal1_Capture1_GTCTCGTTCCCTCAGT,1.04407937775257,1.0489182344956756,1.0524389331618256,1.0556550564883602
Hepatocyte_15weeks_Animal1_Capture1_GTCTTCGAGTTAGGTA,0.966145035967218,0.9671890972728324,0.967068200643966,0.966793608770706
Hepatocyte_15weeks_Animal1_Capture1_GTGAAGGGTATAAACG,0.948659371828438,0.9518292731755346,0.9535767138244744,0.9549712241251208
Hepatocyte_15weeks_Animal1_Capture1_GTGCAGCTCAGCTGGC,1.04419364160324,1.0503247776526323,1.0552512519211972,1.0598895998720472
Hepatocyte_15weeks_Animal1_Capture1_GTGCATAGTGCTAGCC,1.01581022113477,1.0208912679439135,1.0248564002453142,1.0286122761873724
Hepatocyte_15weeks_Animal1_Capture1_GTGCATAGTTGCGTTA,0.937888187674158,0.9459858160393028,0.9529229600323206,0.959541203278004
Hepatocyte_15weeks_Animal1_Capture1_GTGCGGTCAGCGTCCA,0.947775144632419,0.9503774673406044,0.9519470599587754,0.9533772293724352
Hepatocyte_15weeks_Animal1_Capture1_GTGCTTCCAGTGACAG,1.02834808343649,1.0275213741620954,1.0257929138786754,1.024114539701993
Hepatocyte_15weeks_Animal1_Capture1_GTGGGTCAGCTGCCCA,1.02811290966249,1.0313140135338053,1.0333557873397183,1.0352356668824596
Hepatocyte_15weeks_Animal1_Capture1_GTGTGCGAGATCTGCT,1.03217705697147,1.0319210266258152,1.0308090843934388,1.029715407448951
Hepatocyte_15weeks_Animal1_Capture1_GTGTGCGCATACTACG,0.928815810943514,0.9348784710260256,0.939116486190484,0.9427036401198264
Hepatocyte_15weeks_Animal1_Capture1_GTGTGCGTCGTCGTTC,1.12260541421641,1.1170926856655088,1.1106120530549095,1.1043030825750648
Hepatocyte_15weeks_Animal1_Capture1_GTGTTAGCATGCGCAC,0.941251111323863,0.95118707896217,0.9585013886864698,0.9645326506755512
Hepatocyte_15weeks_Animal1_Capture1_GTGTTAGGTCGGCACT,0.983653575239848,0.9869419110908944,0.9891672268450076,0.9912226690835324
Hepatocyte_15weeks_Animal1_Capture1_GTTACAGTCAATCTCT,1.03223755348796,1.0320098442704573,1.0302169650065167,1.0280747164179196
Hepatocyte_15weeks_Animal1_Capture1_GTTCATTGTAGCAAAT,1.02573754872869,1.029666027830204,1.0325285548637049,1.035234111482111
Hepatocyte_15weeks_Animal1_Capture1_GTTCGGGAGACCGGAT,0.925964665036991,0.931073776675248,0.934966543480832,0.9385644391234896
Hepatocyte_15weeks_Animal1_Capture1_GTTCGGGCAGGGCATA,1.02328038673516,1.026773139460246,1.027994745334621,1.0284462520377902
Hepatocyte_15weeks_Animal1_Capture1_GTTCGGGCATTGGGCC,1.11264500010369,1.1123880173255518,1.11104926252536,1.109677014608046
Hepatocyte_15weeks_Animal1_Capture1_GTTCGGGGTTGTCGCG,0.939224060823401,0.9481020247970016,0.953356265501576,0.9564426384573056
Hepatocyte_15weeks_Animal1_Capture1_GTTCTCGAGCCACTAT,0.872230878895185,0.8786449892830253,0.8837990895691897,0.8886143781465137
Hepatocyte_15weeks_Animal1_Capture1_GTTCTCGCAAGGACTG,0.994344179008447,0.9961289948031948,0.9934272979945163,0.9880246354181598
Hepatocyte_15weeks_Animal1_Capture1_TAAACCGGTCTAGGTT,0.990378804226182,0.9975207519229508,1.0018936928433697,1.0048685310777
Hepatocyte_15weeks_Animal1_Capture1_TAAACCGTCCAAACAC,0.951614756392403,0.9638956756186442,0.9702303654185483,0.9715406601357964
Hepatocyte_15weeks_Animal1_Capture1_TAAGCGTCATTTGCTT,1.03868767582711,1.0415953221539316,1.0425108367112772,1.0428610119251378
Hepatocyte_15weeks_Animal1_Capture1_TAAGCGTGTAAAGTCA,1.02451283969411,1.0265140886833013,1.0275356943132847,1.0285200317091618
Hepatocyte_15weeks_Animal1_Capture1_TAAGTGCCATCTCCCA,0.908612785555455,0.9123771783314086,0.9150077075532568,0.9173952014101928
Hepatocyte_15weeks_Animal1_Capture1_TAAGTGCTCGTCGTTC,0.937001961901223,0.9410272934372238,0.9439504509275896,0.9466505242295064
Hepatocyte_15weeks_Animal1_Capture1_TACACGAGTGTTGAGG,0.90481246824493,0.9090156314647464,0.9115206150107428,0.9134719529794016
Hepatocyte_15weeks_Animal1_Capture1_TACCTATGTCGGCATC,1.03498818267239,1.0325295874838614,1.0293270633629503,1.0262509431808484
Hepatocyte_15weeks_Animal1_Capture1_TACCTTAGTATCTGCA,0.926751356240349,0.93290394441804,0.9377541285573016,0.9422351619722038
Hepatocyte_15weeks_Animal1_Capture1_TACGGATAGGGTCGAT,0.939401598945649,0.9495048596899874,0.9581861931472634,0.9663793314646424
Hepatocyte_15weeks_Animal1_Capture1_TACGGGCCACTACAGT,1.01466261128173,1.0103800758705697,1.005168128167993,1.0000643556002893
Hepatocyte_15weeks_Animal1_Capture1_TACGGGCTCGGAGCAA,0.910839489920402,0.9208347775781078,0.929545332844114,0.9378183504944267
Hepatocyte_15weeks_Animal1_Capture1_TACGGTACAACACGCC,1.02761446312632,1.0294442882725974,1.030139656009026,1.030708191380954
Hepatocyte_15weeks_Animal1_Capture1_TACGGTATCTCTAAGG,1.01811823206855,1.013866477224553,1.0087417840931483,1.0037646609280224
Hepatocyte_15weeks_Animal1_Capture1_TACTCGCCATCCCATC,0.948542087433298,0.9550264913802616,0.9582067209848752,0.959800655005374
Hepatocyte_15weeks_Animal1_Capture1_TACTCGCTCGTTTATC,1.02627501313772,1.029308177755616,1.0311877799753786,1.032899926555073
Hepatocyte_15weeks_Animal1_Capture1_TACTTACGTCCAGTAT,0.94029197542637,0.943068682420828,0.94480981486631,0.9464095361400848
Hepatocyte_15weeks_Animal1_Capture1_TACTTACGTGGTGTAG,1.02013984089923,1.0182444126464716,1.0155321592367492,1.012947640915256
Hepatocyte_15weeks_Animal1_Capture1_TACTTGTAGCAACGGT,1.03316745779961,1.0384401933422454,1.0421450032667,1.045343056482644
Hepatocyte_15weeks_Animal1_Capture1_TAGACCATCGTATCAG,1.01896066910689,1.0170744648328425,1.0136014696995597,1.009836328959226
Hepatocyte_15weeks_Animal1_Capture1_TAGAGCTAGCCTCGTG,0.884524110570434,0.8959743570780377,0.9061388828286336,0.9158444990711864
Hepatocyte_15weeks_Animal1_Capture1_TAGAGCTAGTCCGGTC,0.838048520615219,0.8440128278548507,0.8489183316207488,0.8535626998713944
Hepatocyte_15weeks_Animal1_Capture1_TAGCCGGAGCGATAGC,1.03374614512875,1.0337957598049825,1.0326528503920145,1.0313851960158662
Hepatocyte_15weeks_Animal1_Capture1_TAGCCGGAGTGGACGT,0.911621002675404,0.9160316226639402,0.9194017391166828,0.9225917958771344
Hepatocyte_15weeks_Animal1_Capture1_TAGCCGGGTATCACCA,0.962546028694536,0.9672928150367012,0.970842699877842,0.9741218473133842
Hepatocyte_15weeks_Animal1_Capture1_TAGCCGGGTTCAGACT,0.886757170153812,0.8944969395386828,0.90117487040891,0.9075738995901442
Hepatocyte_15weeks_Animal1_Capture1_TAGGCATTCCTCTAGC,1.04302148279193,1.0465300186285005,1.0487524800542554,1.050735654039813
Hepatocyte_15weeks_Animal1_Capture1_TAGTGGTGTACTTCTT,1.0131906258734,1.0136445490396049,1.0127614236581302,1.01169135542982
Hepatocyte_15weeks_Animal1_Capture1_TAGTTGGCATTCCTCG,1.02436116671916,1.0239836489988248,1.022453223740596,1.02080892368738
Hepatocyte_15weeks_Animal1_Capture1_TATCTCAGTGACGGTA,1.02972184380584,1.0365013510588008,1.0363819529124885,1.0321064506726405
Hepatocyte_15weeks_Animal1_Capture1_TATGCCCAGTCATCCA,1.04197538753133,1.0478409917727851,1.0499884004681257,1.0504146871578095
Hepatocyte_15weeks_Animal1_Capture1_TATGCCCCACACGCTG,0.962538497582954,0.9669013395446158,0.9700091922526476,0.9728286362996302
Hepatocyte_15weeks_Animal1_Capture1_TATGCCCCAGCTGTGC,1.02612142685748,1.0329979957513815,1.0356008259061544,1.0360909889886334
Hepatocyte_15weeks_Animal1_Capture1_TATGCCCGTACATCCA,1.04652152352906,1.0501537217242007,1.052655339700779,1.0549711277142613
Hepatocyte_15weeks_Animal1_Capture1_TATGCCCGTCCGAATT,1.06213826309321,1.0648672129801684,1.0664599462960414,1.0679014391711412
Hepatocyte_15weeks_Animal1_Capture1_TCAACGACAAGCTGGA,1.02927064939357,1.0263555446877088,1.0226555636856238,1.0191066465460796
Hepatocyte_15weeks_Animal1_Capture1_TCACAAGAGTCTCCTC,1.01335081864775,1.012861925336485,1.0114417075404407,1.010040963768413
Hepatocyte_15weeks_Animal1_Capture1_TCACAAGCAGCCTTGG,1.12610020756857,1.1226544749089733,1.1183192538692608,1.1141333909903066
Hepatocyte_15weeks_Animal1_Capture1_TCACGAAAGCTACCTA,0.958708778676903,0.9682906574064848,0.976629857228294,0.9845777705763442
Hepatocyte_15weeks_Animal1_Capture1_TCACGAATCATCGGAT,0.986804065604215,0.9872411851345372,0.986659349329118,0.985983183371948
Hepatocyte_15weeks_Animal1_Capture1_TCAGCAACATACAGCT,1.02551976522152,1.033647826308262,1.0369518704675007,1.0372950447569989
Hepatocyte_15weeks_Animal1_Capture1_TCAGCAAGTATCGCAT,0.945832320217201,0.9501541297035718,0.953402496953317,0.95645653052643
Hepatocyte_15weeks_Animal1_Capture1_TCATTACAGTCTCAAC,0.878346315018147,0.8874231208724813,0.8953733274819088,0.9029619008270604
Hepatocyte_15weeks_Animal1_Capture1_TCATTTGGTAAGAGGA,1.02593304708114,1.0302468244530647,1.033433312497395,1.0364473782614547
Hepatocyte_15weeks_Animal1_Capture1_TCATTTGTCGAACTGT,0.970429671915666,0.974459110266794,0.9771924918937496,0.9796464509795132
Hepatocyte_15weeks_Animal1_Capture1_TCATTTGTCGGTTAAC,0.938524274415249,0.9467779646505348,0.9533858173457116,0.9594504075471284
Hepatocyte_15weeks_Animal1_Capture1_TCCACACCACCGAAAG,0.937393477645888,0.943436227715016,0.9483977528960796,0.9531125457303607
Hepatocyte_15weeks_Animal1_Capture1_TCCACACGTTGAACTC,1.01823348006777,1.0190132912171654,1.0188130213748303,1.018566322235595
Hepatocyte_15weeks_Animal1_Capture1_TCCACACTCGTACCGG,1.02673572640148,1.0225591285816087,1.0171109405449057,1.0116155675163752
Hepatocyte_15weeks_Animal1_Capture1_TCCCGATGTGCGGTAA,0.934670997082319,0.9407126551809728,0.9454830420371824,0.9499156122093974
Hepatocyte_15weeks_Animal1_Capture1_TCCCGATGTGTGAAAT,0.944345584745074,0.9457900550191402,0.9458602724885368,0.9456493093104684
Hepatocyte_15weeks_Animal1_Capture1_TCGAGGCTCCTTGCCA,0.956226643798662,0.96322037276844,0.9690860231072564,0.9746744151013604
Hepatocyte_15weeks_Animal1_Capture1_TCGCGAGAGATCTGCT,1.0302088694672,1.029106121249803,1.0265067863504536,1.0236949062905505
Hepatocyte_15weeks_Animal1_Capture1_TCGCGAGGTACGCACC,1.02986535451809,1.032361400376587,1.0338286325032222,1.035193610442286
Hepatocyte_15weeks_Animal1_Capture1_TCGGGACTCAACGCTA,0.965833666788228,0.9739494996733292,0.9800149932943268,0.9853145000981473
Hepatocyte_15weeks_Animal1_Capture1_TCGGTAATCTTCCTTC,1.10661318295283,1.1025146152411611,1.0975802083527622,1.0928230111535886
Hepatocyte_15weeks_Animal1_Capture1_TCGTACCAGCAGACTG,0.954302141571782,0.9569124250721072,0.9584064648498538,0.9596997335941366
Hepatocyte_15weeks_Animal1_Capture1_TCGTACCGTTGATTGC,0.917654895044913,0.9217360572437804,0.9245987654401012,0.927192272202639
Hepatocyte_15weeks_Animal1_Capture1_TCGTAGACACCTCGGA,0.967928900188876,0.972171203011164,0.9706769751480928,0.9648496002995428
Hepatocyte_15weeks_Animal1_Capture1_TCGTAGACATTTCACT,0.937209965292017,0.9418889308995632,0.9455054967750818,0.9489012201679946
Hepatocyte_15weeks_Animal1_Capture1_TCGTAGAGTTAGTGGG,1.03065952802609,1.0323816294520314,1.033099521426725,1.0337371855892672
Hepatocyte_15weeks_Animal1_Capture1_TCTATTGTCCTGCCAT,1.02243948481023,1.024743028535612,1.0252427665758377,1.0252559881500072
Hepatocyte_15weeks_Animal1_Capture1_TCTCATAAGATCCCGC,0.959558564469231,0.9711910037023348,0.979617838840183,0.9864779723267316
Hepatocyte_15weeks_Animal1_Capture1_TCTCATACACCCATGG,1.03132646557694,1.037295851613657,1.0420864133466772,1.0466166142257054
Hepatocyte_15weeks_Animal1_Capture1_TCTCTAACATTGAGCT,0.924483406949008,0.9312102504562164,0.936292985312686,0.9408641114292948
Hepatocyte_15weeks_Animal1_Capture1_TCTCTAAGTCTACCTC,1.03585812649201,1.0357171583782747,1.0344988542274496,1.0332092643951247
Hepatocyte_15weeks_Animal1_Capture1_TCTCTAAGTCTCCACT,1.01861021808776,1.0191455047401252,1.0187393533362907,1.0183024556860318
Hepatocyte_15weeks_Animal1_Capture1_TCTCTAATCCCTTGTG,0.862991064568145,0.8753132691602505,0.8862222863344345,0.8965916260542593
Hepatocyte_15weeks_Animal1_Capture1_TCTGAGAGTCTGGTCG,1.03934729062821,1.0459434398208869,1.0472360626467394,1.0455459067977046
Hepatocyte_15weeks_Animal1_Capture1_TCTGGAAAGGCAATTA,0.974664889558905,0.9809667626675516,0.985981204766514,0.9906384139314556
Hepatocyte_15weeks_Animal1_Capture1_TCTTCGGAGAAACGCC,0.757281375092995,0.7686382597206763,0.7787405770596506,0.7883496446784715
Hepatocyte_15weeks_Animal1_Capture1_TCTTCGGCACCGAAAG,1.02172262843329,1.019286609173686,1.0160768890825742,1.0130088205783547
Hepatocyte_15weeks_Animal1_Capture1_TCTTCGGCATGTCGAT,1.04435207197078,1.0416459181448352,1.0375555573581845,1.0333588327040657
Hepatocyte_15weeks_Animal1_Capture1_TCTTTCCAGGTGCTAG,0.845527899795443,0.8570172816075693,0.8672749473464771,0.8770360723500034
Hepatocyte_15weeks_Animal1_Capture1_TCTTTCCCAGACAAGC,0.875343193300534,0.884718861054719,0.8917389361011147,0.8977778915535582
Hepatocyte_15weeks_Animal1_Capture1_TCTTTCCTCTTAGAGC,1.01937350711228,1.0250068519569042,1.0294396913270556,1.033637245623422
Hepatocyte_15weeks_Animal1_Capture1_TGAAAGACAAGACACG,1.02966982206608,1.0359036630441834,1.0408578584946964,1.0455038019503269
Hepatocyte_15weeks_Animal1_Capture1_TGAAAGACATTTGCTT,1.02497428621443,1.020986848602891,1.0158720086819042,1.0107760395065817
Hepatocyte_15weeks_Animal1_Capture1_TGAAAGAGTAGCGATG,0.83236847386179,0.8420092349582698,0.8505420662822397,0.858707234405183
Hepatocyte_15weeks_Animal1_Capture1_TGAAAGATCCAGGGCT,0.950980138637244,0.9544836804069614,0.9569814622244356,0.9593171464083324
Hepatocyte_15weeks_Animal1_Capture1_TGAAAGATCGATCCCT,1.04405071498285,1.0585061963605322,1.0677602486621112,1.07262583382775
Hepatocyte_15weeks_Animal1_Capture1_TGACGGCCATATGGTC,1.04262951762616,1.043084876123187,1.0425186310656582,1.041875436115652
Hepatocyte_15weeks_Animal1_Capture1_TGACTAGTCCGGGTGT,1.01801927295669,1.0254266034667892,1.028754155741346,1.0297337827098976
Hepatocyte_15weeks_Animal1_Capture1_TGAGAGGAGGACGAAA,1.03210422958954,1.0305546853391083,1.0277548171085844,1.0248279668341629
Hepatocyte_15weeks_Animal1_Capture1_TGAGAGGCAAATACAG,0.962969552229979,0.9672277328108706,0.9703678101596528,0.9732969206464316
Hepatocyte_15weeks_Animal1_Capture1_TGAGAGGGTACAGCAG,0.936623486673594,0.94241618911125,0.946605146483424,0.9502545960522696
Hepatocyte_15weeks_Animal1_Capture1_TGAGCATTCCGAAGAG,0.948483050933148,0.9562298750800172,0.9628163731114632,0.9690973658116064
Hepatocyte_15weeks_Animal1_Capture1_TGAGCCGAGATGTAAC,1.02012117751906,1.0199860272438428,1.018898651483806,1.017787174922524
Hepatocyte_15weeks_Animal1_Capture1_TGAGGGAAGAATTGTG,0.965050030645815,0.9646151852444154,0.9630455397540196,0.9613824685555528
Hepatocyte_15weeks_Animal1_Capture1_TGAGGGAGTACTCTCC,1.02654291855099,1.0299668759699283,1.031938796824828,1.0335728107586712
Hepatocyte_15weeks_Animal1_Capture1_TGAGGGATCCACTCCA,1.01649554813951,1.0222768321761402,1.024713453759838,1.025697483148897
Hepatocyte_15weeks_Animal1_Capture1_TGAGGGATCGGCATCG,0.966474811777226,0.9730780951509352,0.9781770227903602,0.9828318695116312
Hepatocyte_15weeks_Animal1_Capture1_TGATTTCCACATGGGA,1.02551966441285,1.0261990463529216,1.0259113191969935,1.025564637561866
Hepatocyte_15weeks_Animal1_Capture1_TGATTTCTCATCTGCC,1.11051831167472,1.1122658766950808,1.112932396769546,1.1135127687566042
Hepatocyte_15weeks_Animal1_Capture1_TGCACCTTCAGCTTAG,0.943883552772881,0.9504348347278866,0.955689034359244,0.960602919109684
Hepatocyte_15weeks_Animal1_Capture1_TGCACCTTCGTCCAGG,1.03401301368321,1.0353818361105953,1.035041659699951,1.034262750466647
Hepatocyte_15weeks_Animal1_Capture1_TGCCCATAGCTTATCG,0.94771399190003,0.9548966852853888,0.9605608730909344,0.9657310934398694
Hepatocyte_15weeks_Animal1_Capture1_TGCCCATAGTTCGCGC,1.02442718108907,1.0276528778398395,1.029614885763236,1.0313211278952934
Hepatocyte_15weeks_Animal1_Capture1_TGCCCTACAGAGCCAA,0.937763096254723,0.942918852184318,0.9461346864792176,0.9487884837406616
Hepatocyte_15weeks_Animal1_Capture1_TGCCCTATCGTGTAGT,1.0228748536677,1.0262131344574466,1.027909759009198,1.0291772317865466
Hepatocyte_15weeks_Animal1_Capture1_TGCGCAGAGTACGATA,0.932857015589052,0.9373788953227392,0.9399585221025488,0.9418885803551016
Hepatocyte_15weeks_Animal1_Capture1_TGCGGGTAGGGTGTGT,0.921979107196219,0.9267147783934782,0.930107893459733,0.9331348388312743
Hepatocyte_15weeks_Animal1_Capture1_TGCGTGGCAAGCGCTC,0.969816649298148,0.977195797495955,0.9832754498642152,0.9889928475369764
Hepatocyte_15weeks_Animal1_Capture1_TGCTACCTCGCGATCG,1.0317594411669,1.0350784386727403,1.036740141568937,1.03795851059977
Hepatocyte_15weeks_Animal1_Capture1_TGCTGCTGTTTGTTTC,1.03940150299066,1.0413392256853082,1.0421933536513317,1.042930089406862
Hepatocyte_15weeks_Animal1_Capture1_TGCTGCTTCTTTCCTC,0.918768268063724,0.9221614756473951,0.9246097457952568,0.9269287361199204
Hepatocyte_15weeks_Animal1_Capture1_TGGACGCAGTATGACA,1.03451602859045,1.0394519939810942,1.043165387008523,1.046616739625619
Hepatocyte_15weeks_Animal1_Capture1_TGGACGCCATCACGTA,0.99234064199338,0.996706844335136,0.9991208147889804,1.0009259223684654
Hepatocyte_15weeks_Animal1_Capture1_TGGCCAGCAGCGTAAG,1.03403940916012,1.0302072377441716,1.0251170945200725,1.019969785254385
Hepatocyte_15weeks_Animal1_Capture1_TGGCTGGAGTAACCCT,1.03126820532509,1.03373538635992,1.035174724598821,1.0364876951152553
Hepatocyte_15weeks_Animal1_Capture1_TGGCTGGAGTCGATAA,0.959124915617654,0.9653396949433548,0.9701818704883132,0.9746495709255834
Hepatocyte_15weeks_Animal1_Capture1_TGGGAAGAGCTAGTTC,1.02103992319713,1.0207298247348675,1.0186107832371545,1.016029348869365
Hepatocyte_15weeks_Animal1_Capture1_TGGGAAGAGTACGATA,0.939800380099587,0.9441777464536614,0.9471718451349505,0.9498128161954504
Hepatocyte_15weeks_Animal1_Capture1_TGGGAAGCAGCTGTTA,0.955935672744222,0.9540675028095096,0.9514478320245356,0.9489371779553344
Hepatocyte_15weeks_Animal1_Capture1_TGGGAAGTCTCAACTT,0.861401959857002,0.8701951273312439,0.8777913236264054,0.8849981596805757
Hepatocyte_15weeks_Animal1_Capture1_TGGGCGTCAATCTGCA,1.03175658471655,1.038138455967261,1.0431696273796731,1.047863045221596
Hepatocyte_15weeks_Animal1_Capture1_TGGGCGTGTTTAAGCC,1.02014602158709,1.0304779583255583,1.0393642846155,1.0477093505408972
Hepatocyte_15weeks_Animal1_Capture1_TGGTTCCGTCTCCATC,0.965242372610796,0.971968409468624,0.9775156642324914,0.9827576377908036
Hepatocyte_15weeks_Animal1_Capture1_TGGTTCCTCTCGTTTA,0.83612032347628,0.8465302652641127,0.8558336821784095,0.8647866356918772
Hepatocyte_15weeks_Animal1_Capture1_TGTATTCAGATTACCC,1.03379798122941,1.0381204808307951,1.0412990414753216,1.0442639009293355
Hepatocyte_15weeks_Animal1_Capture1_TGTATTCCAAGAAGAG,0.907249026471703,0.908645423522458,0.9068536970909664,0.9039388336548544
Hepatocyte_15weeks_Animal1_Capture1_TGTCCCACACGGTAAG,0.955923453170331,0.9642329786583348,0.9713240745728212,0.9780541976023964
Hepatocyte_15weeks_Animal1_Capture1_TGTGTTTTCGCGTAGC,0.955334363113637,0.9600192147467628,0.9634928129695356,0.9666912682147722
Hepatocyte_15weeks_Animal1_Capture1_TGTTCCGAGGGTCGAT,0.942976994552454,0.948357252923656,0.9526429593007212,0.9566995399951896
Hepatocyte_15weeks_Animal1_Capture1_TGTTCCGCACAGATTC,1.03323171774231,1.0345439985355105,1.03273403355621,1.0298348623513327
Hepatocyte_15weeks_Animal1_Capture1_TGTTCCGCAGTGGGAT,1.03036623747189,1.028427920827195,1.0254128792298054,1.0223970660390362
Hepatocyte_15weeks_Animal1_Capture1_TTAACTCAGCGGATCA,0.973153709481938,0.9731719586780668,0.9723099602257576,0.9714474109562956
Hepatocyte_15weeks_Animal1_Capture1_TTAACTCTCGAGCCCA,1.02231294404156,1.0284508853790368,1.033410804821128,1.0381122973264822
Hepatocyte_15weeks_Animal1_Capture1_TTAACTCTCGGGAGTA,1.01352493369433,1.0134479086363566,1.0124189894687778,1.01139966696383
Hepatocyte_15weeks_Animal1_Capture1_TTAGGACCATCTACGA,0.830733917564827,0.8408618191005957,0.8498506023878437,0.8584842206072619
Hepatocyte_15weeks_Animal1_Capture1_TTAGGACGTCAGAATA,1.0195224103949,1.0163530396333815,1.0112232692989471,1.005369321490324
Hepatocyte_15weeks_Animal1_Capture1_TTAGGACTCATAACCG,1.02072545017818,1.0135302741713077,1.003540275515851,0.9929281126396996
Hepatocyte_15weeks_Animal1_Capture1_TTAGGCAGTACTTGAC,1.01701913553415,1.022118292283687,1.0260879829297287,1.0298208650753178
Hepatocyte_15weeks_Animal1_Capture1_TTAGGCAGTCTTTCAT,1.02945835623399,1.0330930381841248,1.0307549753242664,1.0243306167267658
Hepatocyte_15weeks_Animal1_Capture1_TTAGTTCAGCAGGCTA,1.03484706526661,1.0368291524044275,1.0375227691609354,1.0379718406364404
Hepatocyte_15weeks_Animal1_Capture1_TTAGTTCGTTGTGGCC,1.03129173122066,1.0340438016905196,1.035505575645908,1.036767763941798
Hepatocyte_15weeks_Animal1_Capture1_TTAGTTCTCTATCCTA,1.03342222639511,1.039995479029806,1.0452475618857795,1.0501741036354129
Hepatocyte_15weeks_Animal1_Capture1_TTATGCTGTTACCAGT,1.02267278672576,1.0233317798305164,1.0221360244842868,1.0204630836679074
Hepatocyte_15weeks_Animal1_Capture1_TTCCCAGCAATTCCTT,1.03750064159437,1.0372460191896309,1.0361852306038832,1.0351593393108132
Hepatocyte_15weeks_Animal1_Capture1_TTCCCAGGTTGGTGGA,0.977738781617458,0.9800779738808616,0.9812952005553484,0.9823801515445972
Hepatocyte_15weeks_Animal1_Capture1_TTCGAAGAGTGACTCT,1.02445713040354,1.0208914347204654,1.016542093726029,1.0123561768400389
Hepatocyte_15weeks_Animal1_Capture1_TTCGAAGTCCGTACAA,0.992745443277353,0.9933976263231457,0.9931747219051928,0.9929064503462904
Hepatocyte_15weeks_Animal1_Capture1_TTCGGTCTCCTAGGGC,1.02295816092737,1.0209960288475408,1.0176238681820855,1.0140698167501323
Hepatocyte_15weeks_Animal1_Capture1_TTCTACAAGAGGTTGC,1.04017672908618,1.051997026525534,1.0587845964297935,1.0619668933116786
Hepatocyte_15weeks_Animal1_Capture1_TTCTACAAGCTAACTC,1.01893544792935,1.0155171908236342,1.0113379512275475,1.0073180554727708
Hepatocyte_15weeks_Animal1_Capture1_TTCTACACACGAAATA,1.05116114432,1.0490415365376708,1.0449197555436522,1.040305796764808
Hepatocyte_15weeks_Animal1_Capture1_TTCTCCTCAGCCTGTG,0.953931468302284,0.961798106941043,0.9670653158805208,0.9710515496596048
Hepatocyte_15weeks_Animal1_Capture1_TTCTTAGGTTTGTTTC,1.10956822753749,1.109663311046629,1.1086729417815726,1.107645062225148
Hepatocyte_15weeks_Animal1_Capture1_TTGAACGTCGCTGATA,0.878646943084239,0.8886825062416527,0.8970854209033986,0.9048873161964488
Hepatocyte_15weeks_Animal1_Capture1_TTGACTTGTGCTCTTC,1.02891434535662,1.0320993911233087,1.0341457036970785,1.0360162460736229
Hepatocyte_15weeks_Animal1_Capture1_TTGACTTGTTGGAGGT,0.959692848263596,0.9634324736937891,0.9660249628956188,0.9684098682052348
Hepatocyte_15weeks_Animal1_Capture1_TTGACTTTCACCTTAT,1.02502510772225,1.0296889555992588,1.0332377233696055,1.0365654056141262
Hepatocyte_15weeks_Animal1_Capture1_TTGACTTTCATATCGG,0.944973269661098,0.9517743966680888,0.957304611569494,0.9624877205045982
Hepatocyte_15weeks_Animal1_Capture1_TTGCCGTAGAATGTGT,0.926042484618756,0.9345770970370568,0.9419413442504252,0.9489570985826292
Hepatocyte_15weeks_Animal1_Capture1_TTGCCGTAGCGTCAAG,1.034577579769,1.035486635527246,1.035237160682587,1.0348511650611525
Hepatocyte_15weeks_Animal1_Capture1_TTGCCGTCAATGACCT,0.931961639108047,0.941847187068064,0.9504339242082144,0.9585905359984748
Hepatocyte_15weeks_Animal1_Capture1_TTGGAACAGTTCGCGC,1.02707247895884,1.0286661291165116,1.0276840782780403,1.0257737901683512
Hepatocyte_15weeks_Animal1_Capture1_TTTATGCAGACAAGCC,0.930722656920369,0.9363777353933124,0.9403449426341188,0.9437529910269954
Hepatocyte_15weeks_Animal1_Capture1_TTTCCTCAGGATGTAT,0.799975317249896,0.8104285156827229,0.8196269774417104,0.8283677338334087
Hepatocyte_15weeks_Animal1_Capture1_TTTCCTCCAGTAAGCG,0.91914088882715,0.9206847807241164,0.9211993835231757,0.9215596419855212
Hepatocyte_15weeks_Animal1_Capture1_TTTGCGCAGCGATAGC,1.02790351847365,1.029513122065273,1.0299032910455417,1.030120048960621
Hepatocyte_15weeks_Animal1_Capture1_TTTGCGCTCAATCTCT,1.04569390632303,1.0466903288059823,1.0467047936946643,1.0466485484061725
Hepatocyte_15weeks_Animal1_Capture1_TTTGCGCTCCTATGTT,0.971419409223267,0.9766602999494368,0.9805170306172616,0.9840198626621012
Hepatocyte_15weeks_Animal1_Capture1_TTTGGTTAGAGACTTA,0.976259963203587,0.9806341040598248,0.9836878620960072,0.9864154925558052
Hepatocyte_15weeks_Animal1_Capture1_TTTGGTTAGGTAAACT,0.970965204716684,0.9786714507653672,0.9848061399932831,0.99043076478893
Hepatocyte_15weeks_Animal1_Capture1_TTTGGTTCAATCCGAT,0.900802099643638,0.9142707091306124,0.9233177662912618,0.9295399131898656
Hepatocyte_15weeks_Animal1_Capture1_TTTGTCACATGGTTGT,0.923741316631595,0.9298032256460692,0.9347488433664743,0.939434848332189
Hepatocyte_15weeks_Animal1_Capture2_AAACCTGTCTACCTGC,1.02676898095351,1.027763315310835,1.0245556479086289,1.0191220181623153
Hepatocyte_15weeks_Animal1_Capture2_AAAGATGTCCATGAAC,0.933707510903171,0.9390207083860576,0.943221552720216,0.9471936235946796
Hepatocyte_15weeks_Animal1_Capture2_AAAGCAAGTCTAGAGG,0.971435977041005,0.974705429216004,0.9764602453944492,0.9778266841456572
Hepatocyte_15weeks_Animal1_Capture2_AAAGCAATCGCTGATA,0.96968722278871,0.9861808432633064,0.9969291018486022,1.0038024206620402
Hepatocyte_15weeks_Animal1_Capture2_AAATGCCGTGCCTGCA,0.948270817199964,0.9548889495689384,0.9602896788373422,0.9653724690627892
Hepatocyte_15weeks_Animal1_Capture2_AACACGTGTTACCAGT,0.899265178752209,0.9056609192216422,0.910977274173927,0.9160459973625746
Hepatocyte_15weeks_Animal1_Capture2_AACACGTTCTTGACGA,1.02633854298277,1.0313675109467562,1.035304743107098,1.0391085738226296
Hepatocyte_15weeks_Animal1_Capture2_AACCGCGAGCCCAACC,0.926133697446465,0.9290180370540844,0.9301837171240688,0.9308466186275296
Hepatocyte_15weeks_Animal1_Capture2_AACGTTGCATCCAACA,1.0155876042648,1.0185344700620524,1.019330459758481,1.0193983791893124
Hepatocyte_15weeks_Animal1_Capture2_AACGTTGGTACTCGCG,0.859721874338407,0.870340264626766,0.8797290955315933,0.8886852983512266
Hepatocyte_15weeks_Animal1_Capture2_AACGTTGTCGACAGCC,1.11457118611029,1.1144567511412105,1.1108944417469224,1.1060291844860524
Hepatocyte_15weeks_Animal1_Capture2_AACGTTGTCTCACATT,1.03752738627862,1.0407137918527765,1.0391635476214178,1.0352000913125905
Hepatocyte_15weeks_Animal1_Capture2_AACTCAGCACCTGGTG,0.956342560614753,0.9594451605644518,0.9562700677554914,0.9478944007902376
Hepatocyte_15weeks_Animal1_Capture2_AACTCAGGTCGAGATG,0.973249703337471,0.979621398482182,0.9846685323210576,0.9893447737855434
Hepatocyte_15weeks_Animal1_Capture2_AACTCCCCAGGTCGTC,1.01678915103728,1.011080768535593,1.004673995740906,0.9985256749317164
Hepatocyte_15weeks_Animal1_Capture2_AACTCTTGTTAAGATG,0.847178550119101,0.8698059303365225,0.8860564731834963,0.8970294733791039
Hepatocyte_15weeks_Animal1_Capture2_AACTGGTGTGTTCTTT,0.959149507906854,0.957446337534984,0.9550326116107456,0.9529026379625336
Hepatocyte_15weeks_Animal1_Capture2_AACTGGTTCACAAACC,0.948273257004924,0.9530089973805262,0.9558057334413418,0.9577515802063036
Hepatocyte_15weeks_Animal1_Capture2_AAGACCTAGCGATCCC,0.954623173270652,0.9627196060727704,0.9695954646540732,0.9761361965782812
Hepatocyte_15weeks_Animal1_Capture2_AAGACCTCACGGATAG,1.02267153868911,1.026551712012581,1.0290192965958913,1.0311766628674988
Hepatocyte_15weeks_Animal1_Capture2_AAGGAGCCAGCCACCA,0.928166675271596,0.9341089745476312,0.9389746946811623,0.9435978833232386
Hepatocyte_15weeks_Animal1_Capture2_AAGGAGCGTTGATTGC,1.04124108612685,1.0410429438936926,1.0399903955655618,1.0389637025453606
Hepatocyte_15weeks_Animal1_Capture2_AAGGAGCTCCCAACGG,1.12110501151179,1.1169982267503686,1.112230344744468,1.1077354784371694
Hepatocyte_15weeks_Animal1_Capture2_AAGGCAGAGATAGGAG,0.932238724877684,0.9361607239376564,0.9388807742040634,0.9413590035346314
Hepatocyte_15weeks_Animal1_Capture2_AAGGCAGAGCTAACTC,1.00908325511187,1.0085038488086648,1.0067682870660986,1.0049219059265793
Hepatocyte_15weeks_Animal1_Capture2_AAGGCAGAGGTACTCT,1.02678299299003,1.028422181718538,1.0281275987320233,1.0272458758596197
Hepatocyte_15weeks_Animal1_Capture2_AAGGCAGCAAGGTTCT,1.02000540753072,1.0178245603078069,1.0148472069125984,1.0119826117123372
Hepatocyte_15weeks_Animal1_Capture2_AAGGCAGCACTCTGTC,1.01584508375297,1.0178760916441942,1.0185393299559995,1.0189420050268128
Hepatocyte_15weeks_Animal1_Capture2_AATCCAGCAGCATACT,1.03001397343195,1.0338386815828704,1.0359421605998465,1.0374738322184769
Hepatocyte_15weeks_Animal1_Capture2_AATCGGTCATCGATTG,1.02427253807915,1.0282447420408931,1.0310362681588303,1.03360183010241
Hepatocyte_15weeks_Animal1_Capture2_ACACCAACAGTATAAG,0.944663933415363,0.9537021064820962,0.9613265799220968,0.9684946489269604
Hepatocyte_15weeks_Animal1_Capture2_ACACCAAGTCGAATCT,0.907434524265738,0.9156205036281684,0.9222719145092368,0.928424535910448
Hepatocyte_15weeks_Animal1_Capture2_ACACCAAGTCTCTCTG,1.04377448065131,1.0403376695143705,1.036227668790188,1.0323121951531602
Hepatocyte_15weeks_Animal1_Capture2_ACACCAATCCGGCACA,1.03888130317724,1.0354504104768874,1.0308452470890654,1.02622130521208
Hepatocyte_15weeks_Animal1_Capture2_ACACCCTGTAGCGATG,1.02011395463016,1.022330382799416,1.0231756916428387,1.0237769758295063
Hepatocyte_15weeks_Animal1_Capture2_ACACCGGCATTCGACA,0.957317002440468,0.9634001966399026,0.9682940663896142,0.9728870925589326
Hepatocyte_15weeks_Animal1_Capture2_ACAGCCGAGATATGCA,0.9494908313002,0.9559311609365948,0.9606338366857712,0.9647753150061537
Hepatocyte_15weeks_Animal1_Capture2_ACATACGCACTTGGAT,1.0478829921832,1.0509826459197755,1.0529785533053273,1.0547985859514315
Hepatocyte_15weeks_Animal1_Capture2_ACATCAGTCAACCATG,1.02229851420971,1.0206372602548877,1.0179305426493237,1.0152095604625446
Hepatocyte_15weeks_Animal1_Capture2_ACATGGTGTCGAGATG,1.04006047541307,1.046734181507469,1.052171287164408,1.057304937090929
Hepatocyte_15weeks_Animal1_Capture2_ACATGGTTCTCGCTTG,0.932085967205801,0.936417753820376,0.939673244236504,0.9427034150565388
Hepatocyte_15weeks_Animal1_Capture2_ACATGGTTCTGCCAGG,0.953626029034361,0.9680239974745232,0.978057260004746,0.9852259489960228
Hepatocyte_15weeks_Animal1_Capture2_ACCAGTACACAGTCGC,1.01770066250142,1.0242391920924692,1.0284635861804912,1.0317704293833192
Hepatocyte_15weeks_Animal1_Capture2_ACCCACTTCCGGGTGT,1.02782531006924,1.0316820478408928,1.0342373044865756,1.0365223735928188
Hepatocyte_15weeks_Animal1_Capture2_ACCGTAAGTCCCTACT,1.02627809307002,1.0266872262827311,1.026118762199696,1.0255471246023506
Hepatocyte_15weeks_Animal1_Capture2_ACCGTAATCAGAGCTT,1.03913827144569,1.0431820583849791,1.045897690995084,1.0483205095397996
Hepatocyte_15weeks_Animal1_Capture2_ACCTTTACAGCTGTAT,0.899397019500489,0.9068793407306988,0.91315365192146,0.919061592762638
Hepatocyte_15weeks_Animal1_Capture2_ACCTTTACATCACAAC,0.959308495806023,0.966910526141669,0.972939792168443,0.9784579227199331
Hepatocyte_15weeks_Animal1_Capture2_ACCTTTAGTCCCTTGT,1.01738513841054,1.0104822375943163,1.0030394165590062,0.9959831837692128
Hepatocyte_15weeks_Animal1_Capture2_ACGAGCCAGGCATGGT,0.967058339246464,0.972306119064402,0.9758464498212108,0.978836788503148
Hepatocyte_15weeks_Animal1_Capture2_ACGAGCCTCACCGGGT,0.961648138782592,0.964683831392084,0.9667798024885343,0.9687677592144408
Hepatocyte_15weeks_Animal1_Capture2_ACGAGCCTCGCGGATC,1.02931125147258,1.0328658998987046,1.0342330603554917,1.03485968106929
Hepatocyte_15weeks_Animal1_Capture2_ACGAGGACACTTGGAT,0.966257996521449,0.970181908155727,0.9729123266937548,0.975407270788522
Hepatocyte_15weeks_Animal1_Capture2_ACGATACCATAAGACA,1.03514311578453,1.0330118892386455,1.0297665951697452,1.0263364899496177
Hepatocyte_15weeks_Animal1_Capture2_ACGATGTAGAAACGAG,0.981856038142519,0.9882582255439062,0.9934262842190842,0.9982981402367164
Hepatocyte_15weeks_Animal1_Capture2_ACGATGTTCGTACCGG,1.04257499055886,1.0397983049213166,1.0363362907211608,1.0330442185298443
Hepatocyte_15weeks_Animal1_Capture2_ACGATGTTCTCTTATG,0.928115080115269,0.933095388824138,0.937002603789798,0.94068478259137
Hepatocyte_15weeks_Animal1_Capture2_ACGCAGCCACGTGAGA,1.02761230024961,1.0316416952489225,1.0344313544048902,1.0369855435094668
Hepatocyte_15weeks_Animal1_Capture2_ACGCAGCCAGCCTTTC,1.02472859323439,1.024950513252353,1.0242794057688984,1.0236123980801306
Hepatocyte_15weeks_Animal1_Capture2_ACGCAGCGTTACGGAG,0.955247161200464,0.9648203415769055,0.9730631888353224,0.9808969791424578
Hepatocyte_15weeks_Animal1_Capture2_ACGCCAGGTCTCCCTA,0.961075562122243,0.957171818632958,0.9526328503804188,0.9483300240146632
Hepatocyte_15weeks_Animal1_Capture2_ACGCCGAAGAAACCAT,1.03995557379159,1.0369339373225244,1.030857952419428,1.0245533805914258
Hepatocyte_15weeks_Animal1_Capture2_ACGCCGACAGTATAAG,0.838845275710411,0.848244307545064,0.8564128125493039,0.8641773063911319
Hepatocyte_15weeks_Animal1_Capture2_ACGGCCACACAGAGGT,0.97126727683534,0.9764455477452528,0.9794789359753238,0.9819030365125042
Hepatocyte_15weeks_Animal1_Capture2_ACGGCCAGTCAGGACA,0.862327503813637,0.8697331523280366,0.8755780877638359,0.880874670291558
Hepatocyte_15weeks_Animal1_Capture2_ACGGGCTGTAAAGTCA,0.821691057555331,0.8281844056611535,0.833700730290597,0.8389649018977358
Hepatocyte_15weeks_Animal1_Capture2_ACGGGCTGTGTCAATC,1.02917341858174,1.0341828833514026,1.0380865514028574,1.0417784249614326
Hepatocyte_15weeks_Animal1_Capture2_ACGGGTCCAGTAAGCG,0.975378413401954,0.9732732583605,0.9701888401527864,0.967118320690722
Hepatocyte_15weeks_Animal1_Capture2_ACGGGTCCATGCAACT,0.912677671791966,0.9237997212468114,0.933671129995562,0.943088981904612
Hepatocyte_15weeks_Animal1_Capture2_ACGTCAACAAGGGTCA,0.99341612586936,0.9983761216012268,1.0019575567930763,1.0050959207593115
Hepatocyte_15weeks_Animal1_Capture2_ACGTCAAGTACTTGAC,0.917390216118342,0.9275208591911192,0.9363982105820072,0.9448636830567912
Hepatocyte_15weeks_Animal1_Capture2_ACGTCAAGTCGTGGCT,1.01764534599751,1.010494968180202,1.0027916108754922,0.9954634597779408
Hepatocyte_15weeks_Animal1_Capture2_ACTATCTGTATGAAAC,1.02942393777692,1.021469087847695,1.0124881718719885,1.003643085977661
Hepatocyte_15weeks_Animal1_Capture2_ACTGAACAGCTACCGC,0.963618495532415,0.9686571993144047,0.9723478372207324,0.9757154357394344
Hepatocyte_15weeks_Animal1_Capture2_ACTGAACGTATTAGCC,1.01889917217432,1.0186694235728213,1.016902596370594,1.014748732956292
Hepatocyte_15weeks_Animal1_Capture2_ACTGAACTCTGGCGAC,1.01874481987911,1.0234121215139813,1.0267889250118338,1.029890339856502
Hepatocyte_15weeks_Animal1_Capture2_ACTGAGTAGACTGTAA,1.02061596837206,1.0275194306443052,1.0316004384456163,1.0344449488145144
Hepatocyte_15weeks_Animal1_Capture2_ACTGAGTAGCCCGAAA,1.02177846548339,1.0167982524181218,1.0108893792865716,1.0051331684129303
Hepatocyte_15weeks_Animal1_Capture2_ACTGATGAGCAACGGT,1.01615369509067,1.024390914365385,1.0290406195386077,1.0315926769568315
Hepatocyte_15weeks_Animal1_Capture2_ACTGCTCTCATGGTCA,1.04657887134929,1.0488190621178917,1.0500448908984077,1.0511660106052672
Hepatocyte_15weeks_Animal1_Capture2_ACTGCTCTCGCTAGCG,1.02991014332543,1.0303015451257007,1.029827001487788,1.029358425785615
Hepatocyte_15weeks_Animal1_Capture2_ACTGCTCTCTGTTGAG,1.03118696216663,1.0352346700660613,1.037079590834496,1.0381941294570458
Hepatocyte_15weeks_Animal1_Capture2_ACTGTCCAGTCAAGGC,1.03550161495848,1.0272574016483595,1.0187180122178856,1.0107222298057597
Hepatocyte_15weeks_Animal1_Capture2_ACTTACTCACCCAGTG,1.03014482994259,1.0334289530257337,1.035275733730227,1.0368023293745212
Hepatocyte_15weeks_Animal1_Capture2_ACTTGTTCATGCCACG,1.13567968410226,1.135008588278521,1.1333241024350735,1.1316892878440024
Hepatocyte_15weeks_Animal1_Capture2_ACTTGTTGTACGCTGC,1.10107511778914,1.099636464006439,1.0972953617086392,1.0950245172250188
Hepatocyte_15weeks_Animal1_Capture2_ACTTTCATCCCAAGTA,1.02874994427229,1.029278626887495,1.0288571700597289,1.028409724235868
Hepatocyte_15weeks_Animal1_Capture2_AGAATAGAGTCATGCT,0.921685812363585,0.929400608015392,0.9355256195075844,0.9411019449209566
Hepatocyte_15weeks_Animal1_Capture2_AGACGTTCACAAGACG,0.927868502028074,0.9325399214143156,0.9351604968301608,0.9370071439318008
Hepatocyte_15weeks_Animal1_Capture2_AGAGCGAGTCGTGGCT,0.904245714502245,0.9140332285517926,0.9224732772863208,0.9304588363563906
Hepatocyte_15weeks_Animal1_Capture2_AGAGCTTAGGACGAAA,1.03612499133441,1.0405425249617095,1.043817574386022,1.0468757942505915
Hepatocyte_15weeks_Animal1_Capture2_AGAGTGGAGATGGCGT,1.04069454660504,1.0440231630774466,1.046183568163399,1.0481397692219947
Hepatocyte_15weeks_Animal1_Capture2_AGAGTGGAGATGTAAC,0.926767924257051,0.9314661684407056,0.934786274621952,0.9377508248537604
Hepatocyte_15weeks_Animal1_Capture2_AGAGTGGCAAGTCATC,1.02901520224978,1.0357231988147142,1.0411165416787038,1.0461868581977387
Hepatocyte_15weeks_Animal1_Capture2_AGATTGCCATCCGGGT,1.02910620060912,1.0294128858732876,1.0288309920827987,1.0282379748276462
Hepatocyte_15weeks_Animal1_Capture2_AGCAGCCAGAAACGAG,1.01524642990781,1.0099265161791686,1.0038763207977883,0.9980633536115124
Hepatocyte_15weeks_Animal1_Capture2_AGCAGCCGTTGAGTTC,0.996936561054463,1.0019698255080205,1.005953913723179,1.00973729711852
Hepatocyte_15weeks_Animal1_Capture2_AGCATACAGGAACTGC,1.03278394243856,1.030712871340823,1.0278240078206886,1.0250196567218903
Hepatocyte_15weeks_Animal1_Capture2_AGCATACCATGCCCGA,0.952157632852306,0.9523997834769082,0.9519135876840624,0.9514792465815918
Hepatocyte_15weeks_Animal1_Capture2_AGCATACTCTGTCAAG,0.972789369813119,0.9793517349290268,0.982807524272346,0.9848082505503736
Hepatocyte_15weeks_Animal1_Capture2_AGCCTAATCGTCTGCT,1.04850670686659,1.0509243911530166,1.0523415883618952,1.0536335151882394
Hepatocyte_15weeks_Animal1_Capture2_AGCGGTCTCTTTACAC,1.02822352247658,1.0308883391992798,1.0325033966974857,1.0339791032676162
Hepatocyte_15weeks_Animal1_Capture2_AGCGTATGTGCGATAG,0.934660175016512,0.9422276235680594,0.9485685467316344,0.9545582360973304
Hepatocyte_15weeks_Animal1_Capture2_AGCGTATTCGATCCCT,1.02783656619805,1.0226203455592393,1.016722716227833,1.0111238677702843
Hepatocyte_15weeks_Animal1_Capture2_AGCTCCTCACAACTGT,1.03436222050627,1.0389827634337725,1.042386643102073,1.0455462482756932
Hepatocyte_15weeks_Animal1_Capture2_AGCTCTCAGTGAACAT,1.02813086436746,1.0269391114944593,1.0247135270218015,1.0225140409343485
Hepatocyte_15weeks_Animal1_Capture2_AGCTCTCGTTGCTCCT,0.945250550090748,0.9509687766275708,0.9546174180792868,0.9575106497032656
Hepatocyte_15weeks_Animal1_Capture2_AGCTTGACAGGAATGC,1.0234028849839,1.0235750118250104,1.0227717192415469,1.02196598213218
Hepatocyte_15weeks_Animal1_Capture2_AGCTTGACATCTACGA,0.951583657853445,0.957123985571715,0.9614768271165908,0.96553964968285
Hepatocyte_15weeks_Animal1_Capture2_AGGCCACCAAACTGTC,0.865929146278345,0.8757109429086658,0.8825428519449898,0.8878889874418437
Hepatocyte_15weeks_Animal1_Capture2_AGGCCACCAGATGGCA,1.02728153308809,1.0250838024063635,1.0220429872040702,1.0190930487327503
Hepatocyte_15weeks_Animal1_Capture2_AGGCCACCATGCTGGC,1.04203508176889,1.043200350506143,1.0431671513525809,1.0429716105632756
Hepatocyte_15weeks_Animal1_Capture2_AGGCCACGTATATCCG,1.0249928787657,1.0310556333491194,1.035754296646744,1.040129835087631
Hepatocyte_15weeks_Animal1_Capture2_AGGCCGTAGACCCACC,1.13271113425659,1.1279969043049831,1.1224895166424786,1.1171926178918776
Hepatocyte_15weeks_Animal1_Capture2_AGGCCGTCACCGAAAG,1.04483840456777,1.0492996918796318,1.0526850728007784,1.0559062010771778
Hepatocyte_15weeks_Animal1_Capture2_AGGGAGTCACAACTGT,1.03995231231496,1.0419615332068668,1.0429795958307508,1.043914234979025
Hepatocyte_15weeks_Animal1_Capture2_AGGGATGGTAGAGTGC,1.03458212895037,1.0364223120976164,1.0371859540882613,1.037825267350073
Hepatocyte_15weeks_Animal1_Capture2_AGGGTGATCAATCTCT,0.914681844951751,0.9235764840808152,0.931285765599664,0.9386344915578064
Hepatocyte_15weeks_Animal1_Capture2_AGGGTGATCACCGGGT,0.976912806725876,0.989472229970973,0.9983981283088262,1.0053800991619632
Hepatocyte_15weeks_Animal1_Capture2_AGGTCATTCGAATCCA,1.02988950142554,1.0359369163154366,1.0407335773498094,1.0452505528355975
Hepatocyte_15weeks_Animal1_Capture2_AGGTCATTCTGCCAGG,1.04280703066443,1.0453811777518556,1.0452755185147529,1.0443409006699615
Hepatocyte_15weeks_Animal1_Capture2_AGGTCCGTCCGAATGT,0.987315645677175,0.9951482641159156,1.0016423969470905,1.0076854637361496
Hepatocyte_15weeks_Animal1_Capture2_AGTAGTCCAGTAAGAT,1.03328724124211,1.0318219095019954,1.0296046890631103,1.0274909981603308
Hepatocyte_15weeks_Animal1_Capture2_AGTAGTCGTGGTTTCA,0.995006119838814,1.0019751487893875,1.0076942381097678,1.0130739911187538
Hepatocyte_15weeks_Animal1_Capture2_AGTAGTCTCAAACCAC,1.04923991544977,1.052867315580923,1.0554044797452744,1.0577778768724564
Hepatocyte_15weeks_Animal1_Capture2_AGTCTTTGTTCCCGAG,0.933184270483663,0.9447107668308872,0.952446392889876,0.9578987157421988
Hepatocyte_15weeks_Animal1_Capture2_AGTGAGGAGAATCTCC,0.966247091121948,0.971436547430989,0.9726391077390932,0.9718314791552868
Hepatocyte_15weeks_Animal1_Capture2_AGTGAGGGTACTCAAC,0.98509394965338,0.983748300673946,0.9816762614781096,0.9796918990591738
Hepatocyte_15weeks_Animal1_Capture2_AGTGAGGGTGACCAAG,0.948961802662086,0.953514281821593,0.956963190698006,0.9601815828518144
Hepatocyte_15weeks_Animal1_Capture2_AGTGAGGGTTGGTGGA,1.01686074761775,1.0165288969322808,1.0151205492652071,1.0136714981265564
Hepatocyte_15weeks_Animal1_Capture2_AGTGTCAAGTGGTCCC,0.956186845065775,0.962605029010043,0.9673415080503976,0.9715409186495736
Hepatocyte_15weeks_Animal1_Capture2_AGTTGGTTCGACGGAA,0.94169567894151,0.9477048338101992,0.9518886856914353,0.955373127846082
Hepatocyte_15weeks_Animal1_Capture2_ATAACGCAGAAGGTTT,1.04084387435618,1.0410101962717937,1.040338261380256,1.039685211243091
Hepatocyte_15weeks_Animal1_Capture2_ATAACGCAGCCAACAG,0.936339943963294,0.944597163654013,0.951519831162148,0.9580529786443976
Hepatocyte_15weeks_Animal1_Capture2_ATAACGCAGTCACGCC,1.01449588002672,1.0095486995208367,1.0039558912647224,0.9986558237397106
Hepatocyte_15weeks_Animal1_Capture2_ATAAGAGCAAATCCGT,1.02430697889682,1.0318266257684223,1.035724447342495,1.0377957238813014
Hepatocyte_15weeks_Animal1_Capture2_ATAAGAGCATGAACCT,0.987357023212055,0.9945734609784532,1.0001385364248012,1.0051337312855366
Hepatocyte_15weeks_Animal1_Capture2_ATAAGAGGTTATTCTC,0.899811985957965,0.9103898201059326,0.9194679076003972,0.9279851892268997
Hepatocyte_15weeks_Animal1_Capture2_ATCACGAAGAGGTTGC,1.01966332851662,1.0172709110096627,1.014055285558996,1.0109398571048431
Hepatocyte_15weeks_Animal1_Capture2_ATCACGATCTTAGAGC,1.02108921268319,1.022725677576703,1.0233341000961351,1.0238736778326945
Hepatocyte_15weeks_Animal1_Capture2_ATCATCTGTACTTCTT,1.03129376916492,1.0311357108012391,1.0298221126143134,1.028403749956435
Hepatocyte_15weeks_Animal1_Capture2_ATCATCTTCGGGAGTA,0.884715928115742,0.8904548809134236,0.8948881658994676,0.8989805988380424
Hepatocyte_15weeks_Animal1_Capture2_ATCATGGTCAGGATCT,0.973423813467801,0.9760730453018772,0.977798268649618,0.9794253003132626
Hepatocyte_15weeks_Animal1_Capture2_ATCCACCAGCCAGGAT,1.11827154587582,1.1103205327797498,1.1012787002845474,1.0923626630280874
Hepatocyte_15weeks_Animal1_Capture2_ATCCACCTCTTGAGAC,0.923579354173289,0.9273991628684768,0.9302017579130132,0.9328387077908152
Hepatocyte_15weeks_Animal1_Capture2_ATCGAGTCAAGAGTCG,1.02093845715795,1.023532933597171,1.0249701097756658,1.0262818279159165
Hepatocyte_15weeks_Animal1_Capture2_ATCGAGTCAGCCAGAA,1.02332374360402,1.0273283909651472,1.0301390333204803,1.032743050559147
Hepatocyte_15weeks_Animal1_Capture2_ATCGAGTCAGGCTGAA,1.02653213953051,1.0274552846734732,1.0267845533515032,1.0257351951509923
Hepatocyte_15weeks_Animal1_Capture2_ATCGAGTCATGTTCCC,1.03094370909299,1.0305748027663844,1.029211541952288,1.027828529745489
Hepatocyte_15weeks_Animal1_Capture2_ATCTACTAGTCAATAG,1.03105731015313,1.033000756861468,1.0339426663458209,1.034801843220683
Hepatocyte_15weeks_Animal1_Capture2_ATCTGCCAGTAACCCT,1.02936251904278,1.0348798536455803,1.039184180003976,1.0432317524608008
Hepatocyte_15weeks_Animal1_Capture2_ATCTGCCCACATTAGC,0.945392836429419,0.9571590593045868,0.9649925017467058,0.970807565467618
Hepatocyte_15weeks_Animal1_Capture2_ATGCGATGTTATCGGT,1.02053248462847,1.0227816763556352,1.0238935377248888,1.0248528822324472
Hepatocyte_15weeks_Animal1_Capture2_ATGTGTGTCGCCGTGA,1.1311898648465,1.126983881295296,1.1210156906441506,1.1147678974080244
Hepatocyte_15weeks_Animal1_Capture2_ATTACTCGTGCCTGCA,0.931056349827487,0.9368873262470634,0.9410086717613236,0.9445041062683992
Hepatocyte_15weeks_Animal1_Capture2_ATTATCCAGCTACCTA,1.03789738912587,1.0493475366463645,1.0563684395176718,1.060795492285406
Hepatocyte_15weeks_Animal1_Capture2_ATTCTACTCACGAAGG,0.942604825969352,0.9468180767187157,0.9494388417925308,0.9516020865979652
Hepatocyte_15weeks_Animal1_Capture2_ATTCTACTCAGGCAAG,1.02053621082805,1.023095705335772,1.0245429619048092,1.0258676233939188
Hepatocyte_15weeks_Animal1_Capture2_ATTCTACTCTGCAAGT,0.958461194354287,0.9615841595704032,0.963503352512017,0.9652090972390662
Hepatocyte_15weeks_Animal1_Capture2_ATTGGTGCAGATCGGA,0.977946160000867,0.9870015388315746,0.9947866686342304,1.0021803097427369
Hepatocyte_15weeks_Animal1_Capture2_ATTGGTGCAGCGAACA,1.02735579166269,1.0274355441072804,1.026614862424715,1.0257965026346405
Hepatocyte_15weeks_Animal1_Capture2_ATTGGTGTCTTACCGC,0.981394314308617,0.9876489179187043,0.9913385312965354,0.9939122735756564
Hepatocyte_15weeks_Animal1_Capture2_ATTTCTGTCGCCAGCA,0.943255370412098,0.9497677020764622,0.9549560021948212,0.959758665381394
Hepatocyte_15weeks_Animal1_Capture2_CAACCAAGTAGTGAAT,1.02761154464972,1.034636485479672,1.0343953327325537,1.0281677898150965
Hepatocyte_15weeks_Animal1_Capture2_CAACCTCAGGAGCGAG,1.02067431630047,1.0202245323573618,1.0187582888358735,1.0172688963421734
Hepatocyte_15weeks_Animal1_Capture2_CAACCTCGTCACTTCC,1.03467749919692,1.035686218411961,1.0354564018853023,1.0350446037179406
Hepatocyte_15weeks_Animal1_Capture2_CAACTAGGTCACTTCC,0.906089894178672,0.909738184463145,0.911050232107951,0.9115551764496076
Hepatocyte_15weeks_Animal1_Capture2_CAACTAGGTCCGAATT,0.95588129410105,0.957632582663229,0.9583416781469972,0.95889896008043
Hepatocyte_15weeks_Animal1_Capture2_CAACTAGTCATCACCC,0.981246565426557,0.987359713177577,0.99199003468724,0.9962018916742228
Hepatocyte_15weeks_Animal1_Capture2_CAAGATCAGACACTAA,1.01552421210946,1.0159786415542704,1.0154555580312414,1.0149084596222553
Hepatocyte_15weeks_Animal1_Capture2_CAAGATCCACCTCGTT,1.04731457701686,1.055252378473564,1.0589876182923177,1.0607027159447822
Hepatocyte_15weeks_Animal1_Capture2_CAAGATCCACGGCCAT,0.961505892565224,0.9672233088768007,0.9709944427329636,0.9740906837512768
Hepatocyte_15weeks_Animal1_Capture2_CAAGATCCAGCATACT,1.02582643306872,1.0342814782567156,1.041389186874084,1.0481180298786033
Hepatocyte_15weeks_Animal1_Capture2_CAAGATCCATGACATC,1.02932168981252,1.0221200347947148,1.0120303885811437,1.0011361357819977
Hepatocyte_15weeks_Animal1_Capture2_CAAGATCGTCCAGTTA,1.02616341134044,1.0245284597763007,1.022036176057526,1.019660442975323
Hepatocyte_15weeks_Animal1_Capture2_CACAAACTCTGGAGCC,1.03786529038712,1.030688969099807,1.0214122512279873,1.0119332906239198
Hepatocyte_15weeks_Animal1_Capture2_CACACAACAGTACACT,0.96927892379751,0.9751160322511296,0.9794745257690836,0.9834192729612762
Hepatocyte_15weeks_Animal1_Capture2_CACACAACAGTCCTTC,0.938375759120238,0.9391636406458695,0.9375226240948964,0.9350931821065948
Hepatocyte_15weeks_Animal1_Capture2_CACACAATCCGAACGC,0.938952783721386,0.94585504752457,0.951605018123128,0.9570506980307376
Hepatocyte_15weeks_Animal1_Capture2_CACACCTAGTCATGCT,1.03479949679909,1.0375488362115106,1.0390384362149152,1.0403095306902306
Hepatocyte_15weeks_Animal1_Capture2_CACACCTTCCTGCCAT,1.02149414003435,1.0208905902597842,1.0189346191411546,1.0167960086464805
Hepatocyte_15weeks_Animal1_Capture2_CACAGGCCAAGCCATT,0.91231858171981,0.9212907696710804,0.928996203405126,0.936304823895994
Hepatocyte_15weeks_Animal1_Capture2_CACAGTAAGATCTGAA,1.02063911834528,1.0201303290553327,1.018350931358352,1.0164189965158184
Hepatocyte_15weeks_Animal1_Capture2_CACAGTATCGAACGGA,0.918832930503431,0.9249673700348946,0.9286238402369634,0.9309812480528012
Hepatocyte_15weeks_Animal1_Capture2_CACAGTATCTTCGAGA,1.11596868547658,1.1107657500475672,1.1047397738387954,1.098962143206638
Hepatocyte_15weeks_Animal1_Capture2_CACATAGCACCTTGTC,0.977157866507591,0.9837030663288764,0.9890857369736727,0.994184174216512
Hepatocyte_15weeks_Animal1_Capture2_CACATAGCATGTCCTC,1.01178842019931,1.013787330921755,1.0146665201795688,1.0154292472335689
Hepatocyte_15weeks_Animal1_Capture2_CACATAGGTGATAAAC,1.03457196490765,1.0386509530212402,1.0415852438226727,1.0443132482392563
Hepatocyte_15weeks_Animal1_Capture2_CACATTTTCCGTCAAA,0.931950893085761,0.9339890213980568,0.9349702660750068,0.9357664299699162
Hepatocyte_15weeks_Animal1_Capture2_CACCACTCACTCGACG,0.934912919768136,0.934818146218108,0.9337513798071508,0.9326281470912974
Hepatocyte_15weeks_Animal1_Capture2_CACCACTTCCACGAAT,1.03542119045481,1.0385263649641587,1.0404427706188175,1.042128832313027
Hepatocyte_15weeks_Animal1_Capture2_CACCACTTCCGAATGT,1.0181158302707,1.0208033746282934,1.021748000799664,1.0221412921455455
Hepatocyte_15weeks_Animal1_Capture2_CACCAGGCACTAGTAC,1.03685854200065,1.034674614519432,1.0316693836880837,1.0287904542747308
Hepatocyte_15weeks_Animal1_Capture2_CACCTTGAGTCGATAA,0.904618483685684,0.9041499387892984,0.9004795371272537,0.8931299692308382
Hepatocyte_15weeks_Animal1_Capture2_CACCTTGGTCTAGAGG,0.914353595103438,0.9233423187212836,0.9312163469691088,0.9387547707367252
Hepatocyte_15weeks_Animal1_Capture2_CACTCCACACCCATGG,0.945994577717039,0.9532629678707156,0.9591311053280084,0.964567955777479
Hepatocyte_15weeks_Animal1_Capture2_CAGAATCTCCGCGGTA,1.0242923617696,1.0232596329771633,1.0208580944902894,1.0181489249897069
Hepatocyte_15weeks_Animal1_Capture2_CAGAGAGAGAAACGCC,1.01853584747619,1.0181324360925583,1.016569256461463,1.0149202450199812
Hepatocyte_15weeks_Animal1_Capture2_CAGAGAGAGAATTCCC,1.03259814743667,1.0336832276074952,1.0336388230216325,1.033485679045465
Hepatocyte_15weeks_Animal1_Capture2_CAGATCACACGGCGTT,1.10448161155933,1.1176995075049585,1.1256835823783855,1.1297737618766162
Hepatocyte_15weeks_Animal1_Capture2_CAGCATAAGGATCGCA,0.854557175713348,0.8620428905499413,0.868353776373197,0.8743225061577883
Hepatocyte_15weeks_Animal1_Capture2_CAGCATACAGTTTACG,1.02906785539479,1.0311948628482124,1.0318670387128364,1.0321698586277746
Hepatocyte_15weeks_Animal1_Capture2_CAGCATATCAGAAATG,0.868388476352437,0.8734968836200779,0.8777248601264932,0.8817854380498608
Hepatocyte_15weeks_Animal1_Capture2_CAGCATATCGAGAACG,1.03465577855916,1.0378955385483155,1.0399991946341545,1.041935457686652
Hepatocyte_15weeks_Animal1_Capture2_CAGCCGACAGATGAGC,0.925641679828175,0.9279440374584758,0.9292934512735812,0.9305401898143292
Hepatocyte_15weeks_Animal1_Capture2_CAGCGACTCGCCATAA,1.04200985411676,1.0462925341614984,1.04936554699523,1.0522024136326869
Hepatocyte_15weeks_Animal1_Capture2_CAGCTAAGTCGTCTTC,1.01899958028208,1.0199033290442507,1.0192394543166732,1.018230246440304
Hepatocyte_15weeks_Animal1_Capture2_CAGCTGGGTTCCGGCA,1.02448426077971,1.0241117979722871,1.0227726418324752,1.0214387308261217
Hepatocyte_15weeks_Animal1_Capture2_CAGCTGGTCTACCTGC,1.03179613076567,1.0385685578728228,1.0441623280136023,1.0494479382142818
Hepatocyte_15weeks_Animal1_Capture2_CAGCTGGTCTCTGTCG,1.02361260956737,1.0229662727875914,1.0213831651447145,1.01981380894127
Hepatocyte_15weeks_Animal1_Capture2_CAGGTGCGTCTCTTTA,1.03048604008568,1.0305941172578157,1.0296223275591614,1.0285113911292714
Hepatocyte_15weeks_Animal1_Capture2_CAGGTGCGTCTGGAGA,0.972467107117121,0.980012348126179,0.9844716885783512,0.9873817261527562
Hepatocyte_15weeks_Animal1_Capture2_CAGGTGCTCAGCTCGG,1.02525229519104,1.0300697990275984,1.0337493781554945,1.037213577612652
Hepatocyte_15weeks_Animal1_Capture2_CAGGTGCTCTCCAACC,1.02534109086263,1.0218962831532574,1.0176323491145367,1.0134824540628014
Hepatocyte_15weeks_Animal1_Capture2_CAGTAACCAATGAAAC,0.760807225355102,0.7703340928162714,0.7786927658338871,0.786651275542922
Hepatocyte_15weeks_Animal1_Capture2_CAGTAACTCCAAGCCG,0.936781383825635,0.9407858625442346,0.9436161655629328,0.9462029976674048
Hepatocyte_15weeks_Animal1_Capture2_CAGTCCTAGGTGCTAG,1.09279857747943,1.0939349889428531,1.0930216523806957,1.091583370754073
Hepatocyte_15weeks_Animal1_Capture2_CAGTCCTGTGAAATCA,0.950907955288226,0.9571717467930564,0.9612119753602656,0.9644405034249388
Hepatocyte_15weeks_Animal1_Capture2_CAGTCCTTCCACGACG,0.885778934955773,0.891364444769365,0.8959625446470875,0.9003360594909665
Hepatocyte_15weeks_Animal1_Capture2_CATATTCAGGTGACCA,1.02167178996051,1.0255776956684484,1.028374023883946,1.0309988437280524
Hepatocyte_15weeks_Animal1_Capture2_CATATTCCAATCGGTT,0.858548047251161,0.8682797249089709,0.876818573208848,0.8849690062501054
Hepatocyte_15weeks_Animal1_Capture2_CATATTCCACGACGAA,1.03776352736665,1.044408179620128,1.0481618760879483,1.0506118862558544
Hepatocyte_15weeks_Animal1_Capture2_CATATTCGTCTACCTC,1.03646402187954,1.0421864880775915,1.046776301297313,1.0511509363525495
Hepatocyte_15weeks_Animal1_Capture2_CATCAAGGTACGACCC,1.02121871411933,1.020862191294665,1.0193344311610737,1.0177023868111683
Hepatocyte_15weeks_Animal1_Capture2_CATCAAGTCACGAAGG,0.996087328112237,0.9996667679924998,1.0011772834025614,1.001997075935562
Hepatocyte_15weeks_Animal1_Capture2_CATCAGAAGTGTACCT,0.891806174345648,0.8995093948169409,0.9059891823635416,0.9121169555785518
Hepatocyte_15weeks_Animal1_Capture2_CATCAGACACCATCCT,1.00583371183754,1.013449479699032,1.0198462282672505,1.0259040312668912
Hepatocyte_15weeks_Animal1_Capture2_CATCAGATCAGCATGT,0.964889684922842,0.9654937877633896,0.9649259828146142,0.9642107179026032
Hepatocyte_15weeks_Animal1_Capture2_CATCAGATCTCACATT,1.0311480207524,1.0347606300371248,1.0370652874023938,1.0391061086935507
Hepatocyte_15weeks_Animal1_Capture2_CATCCACAGCTAGCCC,1.03469837152106,1.0313531868163188,1.0272909645522563,1.0233994184933886
Hepatocyte_15weeks_Animal1_Capture2_CATCCACCACCAGGTC,0.948261217711357,0.955724989815337,0.9619370738352816,0.9677994202133178
Hepatocyte_15weeks_Animal1_Capture2_CATCGAAAGGACACCA,0.914281459148295,0.9219543091137188,0.9271872540409822,0.9313521013761058
Hepatocyte_15weeks_Animal1_Capture2_CATCGAAAGGGTTCCC,0.969059817357878,0.97533503488102,0.9802730410856594,0.9848435248129254
Hepatocyte_15weeks_Animal1_Capture2_CATCGAACACAACGCC,0.897012407784324,0.9029520499846236,0.9078321329113594,0.9124814938914216
Hepatocyte_15weeks_Animal1_Capture2_CATCGAACACGCATCG,1.03124697008321,1.0326922544452666,1.0327164617849376,1.0324811195285128
Hepatocyte_15weeks_Animal1_Capture2_CATCGAACATTCCTGC,0.944989904318258,0.9498448935583588,0.9535848046165488,0.9570870995307708
Hepatocyte_15weeks_Animal1_Capture2_CATCGGGAGAAGCCCA,1.02138435041671,1.0219180112440345,1.0214186313638032,1.0208727438426886
Hepatocyte_15weeks_Animal1_Capture2_CATCGGGTCTGCAGTA,0.817501237181177,0.8273588121249681,0.8361142372254581,0.8444981775772806
Hepatocyte_15weeks_Animal1_Capture2_CATCGGGTCTGCCAGG,0.893955150454992,0.9000145110833475,0.9047088208534892,0.9090027971685892
Hepatocyte_15weeks_Animal1_Capture2_CATGACACAGTAGAGC,1.05681058533646,1.0503393003898345,1.0435373640758314,1.0372048959742672
Hepatocyte_15weeks_Animal1_Capture2_CATGACACAGTATGCT,0.94757535059168,0.956550547812494,0.9628779456861394,0.9679837808425404
Hepatocyte_15weeks_Animal1_Capture2_CATGACATCCCAAGTA,1.02060105578553,1.020333770304927,1.019043252258803,1.0177171244319885
Hepatocyte_15weeks_Animal1_Capture2_CATGACATCGAGAGCA,0.950163841722508,0.951927448091534,0.9527801480119532,0.953547466102513
Hepatocyte_15weeks_Animal1_Capture2_CATGGCGTCTCCTATA,1.01593518174254,1.0207841484062607,1.0240160441565815,1.0268001006372716
Hepatocyte_15weeks_Animal1_Capture2_CATTATCAGCGTGTCC,0.912434384362167,0.9185657330476784,0.9232919304207032,0.9275198622547368
Hepatocyte_15weeks_Animal1_Capture2_CATTATCCAATCTGCA,1.01659971464537,1.0156362094587572,1.0138036337661356,1.012044766499647
Hepatocyte_15weeks_Animal1_Capture2_CATTATCTCAGCCTAA,1.01880620836566,1.0205626460265955,1.0211890977798703,1.0217060050400908
Hepatocyte_15weeks_Animal1_Capture2_CCAATCCCATATGAGA,1.02778344680812,1.027245199293768,1.0254760587061362,1.023575145554244
Hepatocyte_15weeks_Animal1_Capture2_CCAATCCGTTAGTGGG,1.00093130039892,1.0040011737207328,1.0041293310902364,1.00299986407599
Hepatocyte_15weeks_Animal1_Capture2_CCACCTAAGCCCAACC,0.838076102661315,0.8434354188391302,0.8477873236930449,0.8519190055236945
Hepatocyte_15weeks_Animal1_Capture2_CCACCTAAGTAACCCT,1.03215304179865,1.0350350064621008,1.036310239331354,1.0371614001435925
Hepatocyte_15weeks_Animal1_Capture2_CCACCTATCTGGTATG,1.00107495420422,1.0089153428643014,1.0154916247823618,1.0216778216781712
Hepatocyte_15weeks_Animal1_Capture2_CCACGGATCATGCATG,1.0299064767498,1.0302203464454756,1.029634257943466,1.0290540040172746
Hepatocyte_15weeks_Animal1_Capture2_CCACGGATCGCCGTGA,0.962548218525055,0.9675195180444864,0.9715025967029614,0.9753193744669288
Hepatocyte_15weeks_Animal1_Capture2_CCACTACCATCTCCCA,1.02410213889202,1.025905950755365,1.0262487976629515,1.0262975045095872
Hepatocyte_15weeks_Animal1_Capture2_CCACTACTCCGAATGT,1.10569287286095,1.103946744347338,1.100754206454034,1.097371842052415
Hepatocyte_15weeks_Animal1_Capture2_CCAGCGACAGACGCTC,1.04670953009265,1.048674559664474,1.049446669401636,1.0500717358867635
Hepatocyte_15weeks_Animal1_Capture2_CCATGTCGTTCGTGAT,1.00486949737462,1.0083776190553355,1.010458788852439,1.0122060889725613
Hepatocyte_15weeks_Animal1_Capture2_CCATTCGAGGATTCGG,1.11354729219717,1.1169224955999848,1.1189752238263555,1.1207729639274728
Hepatocyte_15weeks_Animal1_Capture2_CCATTCGGTTTGGCGC,1.01426759587631,1.013467110068857,1.011642791806399,1.0098062930287104
Hepatocyte_15weeks_Animal1_Capture2_CCATTCGTCCATGCTC,1.02257372521458,1.0224682109454943,1.021343260216404,1.0201759745569337
Hepatocyte_15weeks_Animal1_Capture2_CCCAATCTCTTATCTG,1.02489307478347,1.027015003608679,1.0278558095872,1.0284811516592476
Hepatocyte_15weeks_Animal1_Capture2_CCCAGTTAGGATATAC,0.908549202894199,0.909330548250109,0.9091966125260668,0.9090078988265304
Hepatocyte_15weeks_Animal1_Capture2_CCCAGTTTCGATGAGG,1.0245919678536,1.027525817391797,1.0281682972976884,1.0280280853317667
Hepatocyte_15weeks_Animal1_Capture2_CCCAGTTTCGGCGCAT,1.12482908306205,1.1219189406585282,1.118029388315572,1.1142106672634744
Hepatocyte_15weeks_Animal1_Capture2_CCCTCCTAGAAGATTC,0.831832094578462,0.84132060518253,0.8492978936700778,0.8567157433306991
Hepatocyte_15weeks_Animal1_Capture2_CCCTCCTAGACTCGGA,1.02393216535424,1.029970313463335,1.0347348915309764,1.0392004491951772
Hepatocyte_15weeks_Animal1_Capture2_CCCTCCTTCATGGTCA,0.931456244683458,0.938766923465361,0.94439968987424,0.9494768513665784
Hepatocyte_15weeks_Animal1_Capture2_CCGTGGAAGGCGACAT,0.953659266591257,0.9557898273082668,0.9569223325577734,0.9579382419742046
Hepatocyte_15weeks_Animal1_Capture2_CCTAAAGGTTTAAGCC,0.95749209593382,0.9618341437292652,0.9649552199020875,0.9678069884915927
Hepatocyte_15weeks_Animal1_Capture2_CCTACACAGCCACGCT,0.973457324808806,0.9807135806655428,0.9866658239038224,0.99224717571011
Hepatocyte_15weeks_Animal1_Capture2_CCTACACTCCCGGATG,1.11202379160251,1.1146181638482353,1.116017656774026,1.1172563312414143
Hepatocyte_15weeks_Animal1_Capture2_CCTACCAAGTGGGCTA,0.981343437091581,0.9872153838168656,0.9919752108087968,0.996478875366526
Hepatocyte_15weeks_Animal1_Capture2_CCTAGCTAGGCTAGAC,0.921640935263431,0.9277118592561396,0.9322304396587752,0.9362530292889958
Hepatocyte_15weeks_Animal1_Capture2_CCTAGCTGTATTCTCT,0.925871378739402,0.9323848540571198,0.9374371434826788,0.9420228274339096
Hepatocyte_15weeks_Animal1_Capture2_CCTAGCTGTGTATGGG,1.04376939050768,1.0397367366706456,1.0350425413848146,1.030571396561495
Hepatocyte_15weeks_Animal1_Capture2_CCTCAGTCACACCGAC,1.02782211912635,1.0267323098180547,1.0244295087275057,1.022023094824036
Hepatocyte_15weeks_Animal1_Capture2_CCTCAGTTCCCAAGTA,0.897761419313028,0.907478689648266,0.9159528459584256,0.9240175094539756
Hepatocyte_15weeks_Animal1_Capture2_CCTCTGACACAGATTC,1.1393931616995,1.1333502249238046,1.1252850536999517,1.1168516958474004
Hepatocyte_15weeks_Animal1_Capture2_CCTCTGAGTTGGTAAA,1.03685122800501,1.0367590681780257,1.0357746880829546,1.0348036855391445
Hepatocyte_15weeks_Animal1_Capture2_CCTCTGATCGTCTGCT,1.03370322382939,1.0361771650477725,1.0366839123596958,1.036732604840736
Hepatocyte_15weeks_Animal1_Capture2_CCTTACGAGGGTGTGT,1.02129498830652,1.013942868810748,1.0059609842781063,0.9983410481724874
Hepatocyte_15weeks_Animal1_Capture2_CCTTACGGTCATGCAT,1.04106236694689,1.0464230801971408,1.0505371562207584,1.0543726008233656
Hepatocyte_15weeks_Animal1_Capture2_CCTTCCCAGACTGGGT,0.943260011667283,0.9537292825798108,0.9606042751254824,0.9656556794224648
Hepatocyte_15weeks_Animal1_Capture2_CCTTCCCGTCAAAGAT,1.03765029004839,1.0432376281868532,1.0453998416929993,1.0460882743300026
Hepatocyte_15weeks_Animal1_Capture2_CCTTCCCGTGTGACGA,0.966091681948743,0.9735303241308834,0.9797605870679776,0.9856664907706782
Hepatocyte_15weeks_Animal1_Capture2_CCTTCCCTCACGACTA,1.02858866310892,1.03028480934557,1.0300904192291354,1.0293723089707254
Hepatocyte_15weeks_Animal1_Capture2_CCTTCGAAGACATAAC,1.04820105966771,1.051021521581608,1.0526436935806258,1.054058795839539
Hepatocyte_15weeks_Animal1_Capture2_CCTTCGAAGGGAAACA,1.15424037448759,1.148894235610167,1.1428154552841978,1.1370244992289589
Hepatocyte_15weeks_Animal1_Capture2_CCTTCGATCTTTCCTC,1.03264086824787,1.029305859023115,1.0241717248644986,1.0187052426919054
Hepatocyte_15weeks_Animal1_Capture2_CCTTTCTGTTCCACAA,1.02340298385221,1.0213943710071052,1.017782032561612,1.0138327772978857
Hepatocyte_15weeks_Animal1_Capture2_CCTTTCTTCGCCAAAT,0.943733353164646,0.9505079720285458,0.9562373120198914,0.9617248160917556
Hepatocyte_15weeks_Animal1_Capture2_CCTTTCTTCTGGGCCA,1.03029369380207,1.0308896779012526,1.0302488560342815,1.0294728078727042
Hepatocyte_15weeks_Animal1_Capture2_CGAACATTCACAAACC,0.916060468750114,0.9176373117526226,0.9173843046738016,0.916519760779813
Hepatocyte_15weeks_Animal1_Capture2_CGAATGTAGCACCGCT,0.931868115242204,0.938982652583912,0.9444696363357402,0.9493445896479714
Hepatocyte_15weeks_Animal1_Capture2_CGAATGTCACCACGTG,0.963389449951016,0.9693409331933562,0.974158233310445,0.9787338251506194
Hepatocyte_15weeks_Animal1_Capture2_CGACCTTAGCCACGCT,0.886795436246396,0.9002215958295051,0.9125894640785528,0.9245526227517888
Hepatocyte_15weeks_Animal1_Capture2_CGACCTTAGCCGATTT,1.02967021098404,1.033696212081827,1.0365608035359617,1.0392371341055546
Hepatocyte_15weeks_Animal1_Capture2_CGACTTCTCACCATAG,1.03170096488881,1.0348828366079577,1.0370198264542965,1.0390171292393728
Hepatocyte_15weeks_Animal1_Capture2_CGACTTCTCACTCCTG,1.02473281850019,1.0233671576530423,1.0210400617260418,1.0187735643848472
Hepatocyte_15weeks_Animal1_Capture2_CGAGCCAAGAGCTTCT,0.918678746339135,0.9202673361886864,0.920960501137265,0.9215782574978348
Hepatocyte_15weeks_Animal1_Capture2_CGAGCCAGTGCAGACA,1.02289170721071,1.028835843669328,1.0323310946373838,1.0345461806616238
Hepatocyte_15weeks_Animal1_Capture2_CGATCGGGTCTGATCA,1.03268174132753,1.0355621119524,1.037217408841607,1.0386739290112428
Hepatocyte_15weeks_Animal1_Capture2_CGATCGGTCCCAAGTA,1.02646339128651,1.0276742469977205,1.02789705875962,1.028070015543415
Hepatocyte_15weeks_Animal1_Capture2_CGATGGCTCTACCTGC,0.83580826810366,0.8437298126555839,0.8504268737892311,0.8567259493767028
Hepatocyte_15weeks_Animal1_Capture2_CGATGGCTCTTACCGC,0.937324024940259,0.943071878224725,0.9475826245804084,0.9517866858169338
Hepatocyte_15weeks_Animal1_Capture2_CGATGTAGTCCATCCT,0.940827008020186,0.9418455255097864,0.9417000558968256,0.9413424413851516
Hepatocyte_15weeks_Animal1_Capture2_CGATGTATCCTTGACC,1.01779936736878,1.0170707050714676,1.0152670396629493,1.0134356176024366
Hepatocyte_15weeks_Animal1_Capture2_CGATTGAAGAAGGCCT,1.03273013251152,1.0317078798448267,1.029319179903367,1.0267658664134751
Hepatocyte_15weeks_Animal1_Capture2_CGATTGAAGGCCATAG,1.02683135814846,1.0299053696020368,1.0317164437163262,1.0332905234755514
Hepatocyte_15weeks_Animal1_Capture2_CGCGGTAAGGATGGTC,0.927471817868989,0.9319900112831886,0.9351894823760784,0.938054845967604
Hepatocyte_15weeks_Animal1_Capture2_CGCGGTAAGGCAGTCA,1.01882891885788,1.023419943419344,1.0267131197635195,1.0297211256538383
Hepatocyte_15weeks_Animal1_Capture2_CGCGGTAGTTTAAGCC,0.902147011823129,0.9175776707402864,0.9317208143596596,0.9452664987034322
Hepatocyte_15weeks_Animal1_Capture2_CGCGGTATCTGAAAGA,1.02516252899641,1.0209048067136004,1.016013764377457,1.0113610040460024
Hepatocyte_15weeks_Animal1_Capture2_CGCGGTATCTTACCGC,0.973841556770041,0.9852894135701626,0.9935011513781784,0.9998468942493522
Hepatocyte_15weeks_Animal1_Capture2_CGCGTTTAGAGGTACC,0.980034409126824,0.9796749853825428,0.9782610768122264,0.9767357444939928
Hepatocyte_15weeks_Animal1_Capture2_CGCGTTTGTTGAACTC,1.0326580154445,1.0330525487186315,1.0323046910176816,1.031459761478272
Hepatocyte_15weeks_Animal1_Capture2_CGCTATCTCGCACTCT,0.924466694008618,0.934863143568298,0.9433861150668008,0.9511652563631728
Hepatocyte_15weeks_Animal1_Capture2_CGCTTCAGTACTCAAC,1.03062394838881,1.035544454410304,1.038311595064799,1.0402628127167912
Hepatocyte_15weeks_Animal1_Capture2_CGCTTCAGTGTAAGTA,1.01642009810097,1.0177437662741504,1.017782182898991,1.017587757754884
Hepatocyte_15weeks_Animal1_Capture2_CGCTTCATCTATGTGG,1.02808282218534,1.0329489877108249,1.036289053163588,1.0392410812120343
Hepatocyte_15weeks_Animal1_Capture2_CGGACACAGAACTCGG,1.13599387715993,1.1325839132218989,1.1283007516628594,1.1241678998724685
Hepatocyte_15weeks_Animal1_Capture2_CGGACACCACGGCCAT,1.03366783859998,1.0319084211961091,1.028976865564038,1.0259815208212604
Hepatocyte_15weeks_Animal1_Capture2_CGGACGTAGATTACCC,1.12000253841696,1.117784751632284,1.114479566574658,1.111158919708439
Hepatocyte_15weeks_Animal1_Capture2_CGGACGTTCCCTGACT,0.939293002332495,0.9467359285998423,0.95096444411021,0.9537586180379952
Hepatocyte_15weeks_Animal1_Capture2_CGGACTGGTGTAAGTA,1.02788631174394,1.0264191673758405,1.024188787389651,1.022076159389723
Hepatocyte_15weeks_Animal1_Capture2_CGGAGCTCAGACGCCT,0.884805649416068,0.8949677147600246,0.9024687588413918,0.908633101875363
Hepatocyte_15weeks_Animal1_Capture2_CGGGTCAGTACAGTGG,0.951800660551275,0.9586783358771797,0.9644684806949336,0.9700275571370915
Hepatocyte_15weeks_Animal1_Capture2_CGTAGCGCAGGTCCAC,0.958172761646463,0.9758525836534572,0.988631160015724,0.997679821293058
Hepatocyte_15weeks_Animal1_Capture2_CGTCACTAGCAGATCG,1.03265183937804,1.0308328855604247,1.0245190551814989,1.016074590146884
Hepatocyte_15weeks_Animal1_Capture2_CGTCACTCACTTCTGC,1.02918122865049,1.030581880964455,1.0305847115051825,1.0303450752191867
Hepatocyte_15weeks_Animal1_Capture2_CGTCAGGTCACAACGT,0.953332693729108,0.959578783674508,0.9646658843766012,0.9694570680359548
Hepatocyte_15weeks_Animal1_Capture2_CGTCAGGTCGATCCCT,0.975569936400436,0.9839559421706076,0.9905714887811248,0.9965796514818962
Hepatocyte_15weeks_Animal1_Capture2_CGTCAGGTCGTTGACA,0.923104461888431,0.9250821358463448,0.9257263536600054,0.9260855216552852
Hepatocyte_15weeks_Animal1_Capture2_CGTCTACCATACTACG,0.971287071779068,0.9774011268606344,0.9818897742339564,0.9859030417804424
Hepatocyte_15weeks_Animal1_Capture2_CGTCTACTCGGCGCTA,1.02490704898306,1.0362347210519838,1.0439227180988164,1.0497500344019284
Hepatocyte_15weeks_Animal1_Capture2_CGTGTAACAAGGACTG,1.02474404077873,1.0268163311829912,1.0273128127650084,1.0274461776544168
Hepatocyte_15weeks_Animal1_Capture2_CGTGTAATCCAAAGTC,1.04491828862419,1.0500434446550069,1.0540687247367246,1.05787876133674
Hepatocyte_15weeks_Animal1_Capture2_CGTTAGAAGGCTCTTA,0.890065531326594,0.8997828772538567,0.9083535677240516,0.916551881352066
Hepatocyte_15weeks_Animal1_Capture2_CGTTAGACAAGGTTTC,1.03821159609656,1.0432744450432514,1.047155513601376,1.0507959855551123
Hepatocyte_15weeks_Animal1_Capture2_CGTTCTGCAGTCGTGC,0.952744711370596,0.9618637375096952,0.96950458201683,0.9766595029867032
Hepatocyte_15weeks_Animal1_Capture2_CGTTCTGCATGCAACT,1.13335570883962,1.1267770817986205,1.1189589740922827,1.1111983207618643
Hepatocyte_15weeks_Animal1_Capture2_CGTTCTGGTGACAAAT,1.01258379745913,1.0112880538785791,1.0091639002137265,1.0071114762839704
Hepatocyte_15weeks_Animal1_Capture2_CGTTGGGGTCTCTTTA,0.947904904937039,0.9498695794871086,0.9509242765384422,0.951886125606172
Hepatocyte_15weeks_Animal1_Capture2_CTAACTTCAAGACGTG,1.03544024092548,1.0400649891777922,1.0435685233773957,1.0468750120029844
Hepatocyte_15weeks_Animal1_Capture2_CTAACTTGTGGTCTCG,0.85271093026583,0.8643518126568376,0.87453133654728,0.884149962237679
Hepatocyte_15weeks_Animal1_Capture2_CTAAGACCAGGGATTG,1.02890256282946,1.032508394959318,1.0349926057800898,1.037310099562611
Hepatocyte_15weeks_Animal1_Capture2_CTAAGACGTAATCGTC,0.939678723182237,0.9446050332660096,0.9484882677789764,0.952171222270918
Hepatocyte_15weeks_Animal1_Capture2_CTAATGGCATTCGACA,0.914615377443131,0.9210912340409542,0.9255692662977876,0.9293126378110054
Hepatocyte_15weeks_Animal1_Capture2_CTACACCCACACAGAG,1.14342551223847,1.152136705992184,1.153600667831521,1.1491005219141703
Hepatocyte_15weeks_Animal1_Capture2_CTACACCGTGTAATGA,1.02036540273323,1.027028803939164,1.0307275002137268,1.0329936212064577
Hepatocyte_15weeks_Animal1_Capture2_CTACATTAGTATTGGA,0.89659992719004,0.9004207840355957,0.9031676656803148,0.9056996392542068
Hepatocyte_15weeks_Animal1_Capture2_CTACATTCACACGCTG,0.959862153420953,0.9626570390162216,0.964269587195628,0.965668076436848
Hepatocyte_15weeks_Animal1_Capture2_CTACGTCAGAGGTACC,0.941418096205897,0.9466717951783268,0.9506285503559672,0.9542627726230192
Hepatocyte_15weeks_Animal1_Capture2_CTAGAGTAGTCTCCTC,1.02376178758734,1.0235196891848912,1.0221148599795034,1.020600479128581
Hepatocyte_15weeks_Animal1_Capture2_CTAGAGTCAATCACAC,0.969123710325937,0.9746372404488424,0.977904807232933,0.9803068324177566
Hepatocyte_15weeks_Animal1_Capture2_CTAGAGTTCTTGCAAG,0.929523651510615,0.936364657190574,0.9410766749395236,0.944992133963837
Hepatocyte_15weeks_Animal1_Capture2_CTAGTGAAGCCGCCTA,1.0247895867874,1.0231384892104338,1.0204965295325266,1.017831654057092
Hepatocyte_15weeks_Animal1_Capture2_CTAGTGAAGCGTTCCG,0.960072491850129,0.967243070229423,0.9732721936112458,0.9790022464037962
Hepatocyte_15weeks_Animal1_Capture2_CTAGTGATCGTTTAGG,0.919004231016541,0.9323333567638878,0.9442681178954012,0.9556768441129836
Hepatocyte_15weeks_Animal1_Capture2_CTCAGAAGTAGGACAC,1.01542898359922,1.0211552635491514,1.0256507242437682,1.0298818585807854
Hepatocyte_15weeks_Animal1_Capture2_CTCATTACATGCATGT,1.03192362585778,1.0314492966501518,1.0301124683222302,1.0288183683784482
Hepatocyte_15weeks_Animal1_Capture2_CTCATTATCTTGACGA,0.924518174925389,0.9279104860978362,0.930321632935092,0.9326168748551406
Hepatocyte_15weeks_Animal1_Capture2_CTCGAAACAAGTCATC,1.0311046476389,1.0439534926229646,1.0517522806510322,1.0555728160692115
Hepatocyte_15weeks_Animal1_Capture2_CTCGAAACAGGACGTA,1.0244720154413,1.0272381503325796,1.028816081383895,1.0301882396916089
Hepatocyte_15weeks_Animal1_Capture2_CTCGGAGGTCAAGCGA,1.10419536121179,1.1001662501644056,1.0953405025678662,1.0907276355203726
Hepatocyte_15weeks_Animal1_Capture2_CTCGGAGTCAAACGGG,1.03408961427616,1.0375618842527028,1.0398626421635018,1.0419638375986369
Hepatocyte_15weeks_Animal1_Capture2_CTCGGGAGTTGGAGGT,1.02484822332735,1.0307437196605231,1.0350809628799014,1.0389721391904367
Hepatocyte_15weeks_Animal1_Capture2_CTCGTCACATCCGCGA,0.955672830331322,0.960681500906648,0.9646668045752244,0.968442336131477
Hepatocyte_15weeks_Animal1_Capture2_CTCTAATGTCGTGGCT,0.943119498168975,0.9452336676426004,0.9458493973089266,0.9461092148016746
Hepatocyte_15weeks_Animal1_Capture2_CTCTGGTAGAGACTTA,1.03209912363618,1.033768545093627,1.033883859058369,1.0336224179979931
Hepatocyte_15weeks_Animal1_Capture2_CTCTGGTGTTGCTCCT,1.02338561411889,1.028273202196852,1.0311366312464143,1.0333400283134118
Hepatocyte_15weeks_Animal1_Capture2_CTGAAACGTGTGTGCC,1.02351213963525,1.0182971922493964,1.0119350779136946,1.005651484362975
Hepatocyte_15weeks_Animal1_Capture2_CTGAAACTCACCATAG,1.01118332343034,1.0112500254864016,1.0102206848280446,1.0091210109170288
Hepatocyte_15weeks_Animal1_Capture2_CTGATAGCACTCAGGC,0.835264706600353,0.8458958847584711,0.8553846312802487,0.864481089972567
Hepatocyte_15weeks_Animal1_Capture2_CTGATCCAGGCATGGT,1.03565424416249,1.0423284486671816,1.0458623657624373,1.0480263348344927
Hepatocyte_15weeks_Animal1_Capture2_CTGATCCTCATGTGGT,1.14601830090222,1.1394815286004172,1.1323765167192112,1.12563878872918
Hepatocyte_15weeks_Animal1_Capture2_CTGCCTAAGCAATCTC,1.02535305048633,1.028499810054991,1.0288842377867589,1.0281562448432908
Hepatocyte_15weeks_Animal1_Capture2_CTGCCTAGTAGCACGA,1.04811236518438,1.0425702142071376,1.036582821813436,1.030970308066548
Hepatocyte_15weeks_Animal1_Capture2_CTGCCTATCCACGTTC,1.01982422510465,1.024568975703716,1.027656310031456,1.0302892835655286
Hepatocyte_15weeks_Animal1_Capture2_CTGCGGAAGCGAAGGG,0.962338891119507,0.9685917503858552,0.972790087487233,0.9762231418488714
Hepatocyte_15weeks_Animal1_Capture2_CTGCGGATCCGAAGAG,1.01492171911501,1.017773557607604,1.0186721352827517,1.0189374768559696
Hepatocyte_15weeks_Animal1_Capture2_CTGCTGTCAGTGAGTG,0.928737025934918,0.9319858451072048,0.934152205799128,0.9361592641351774
Hepatocyte_15weeks_Animal1_Capture2_CTGGTCTTCCGATATG,0.962454019416115,0.9716626670153172,0.9794413884004624,0.9867537990274808
Hepatocyte_15weeks_Animal1_Capture2_CTGTGCTCAGATGGGT,1.12996117079561,1.1276267408520653,1.124353450657073,1.1211674799685645
Hepatocyte_15weeks_Animal1_Capture2_CTGTGCTGTGGCGAAT,1.02589994634043,1.0232201782800856,1.0197054310161535,1.0162556888745062
Hepatocyte_15weeks_Animal1_Capture2_CTGTGCTTCCTTAATC,1.03789031347383,1.0386777965392473,1.0382505751721525,1.037666805006929
Hepatocyte_15weeks_Animal1_Capture2_CTGTTTAAGATCCGAG,0.909515413268078,0.9225665266220382,0.9320125530394556,0.93923054771599
Hepatocyte_15weeks_Animal1_Capture2_CTGTTTAGTGCAACGA,1.03530801220906,1.033400581155092,1.030744681069884,1.028211751190095
Hepatocyte_15weeks_Animal1_Capture2_CTGTTTATCGCAAACT,1.03618658248234,1.036194816515241,1.0352111931749493,1.0341858694035753
Hepatocyte_15weeks_Animal1_Capture2_CTTAACTGTCTTCGTC,1.02653114553276,1.03122481533386,1.034756994977683,1.038078466734161
Hepatocyte_15weeks_Animal1_Capture2_CTTACCGGTCTAAAGA,1.02053015435893,1.027927647052874,1.033955614283966,1.039608209753299
Hepatocyte_15weeks_Animal1_Capture2_CTTACCGTCCACGAAT,0.95065880629015,0.953579124211325,0.9528478764881022,0.9504952839855116
Hepatocyte_15weeks_Animal1_Capture2_CTTAGGACAGACAAGC,1.02307825567582,1.0263844337987649,1.0285436249720534,1.0305268126480058
Hepatocyte_15weeks_Animal1_Capture2_CTTCTCTGTAGCAAAT,0.939335764304352,0.9440192810208632,0.947549339966979,0.950846515883997
Hepatocyte_15weeks_Animal1_Capture2_CTTCTCTGTCTGCCAG,1.02832371826552,1.026824275029827,1.0244733111141953,1.0221977852067354
Hepatocyte_15weeks_Animal1_Capture2_CTTGGCTGTAGCGTCC,1.01538656149576,1.0155367600440122,1.0145774404147885,1.0135390682980945
Hepatocyte_15weeks_Animal1_Capture2_CTTGGCTTCTAAGCCA,1.03803490388779,1.039122278420523,1.038698379560845,1.0379609253282474
Hepatocyte_15weeks_Animal1_Capture2_GAAACTCAGTTTAGGA,1.01867119801457,1.0142628247216572,1.0091259040602671,1.004184982559722
Hepatocyte_15weeks_Animal1_Capture2_GAAATGAAGAATTGTG,0.926340955949106,0.9321057396619836,0.9353126384222054,0.9374568238480973
Hepatocyte_15weeks_Animal1_Capture2_GAAATGATCCAAACTG,1.02762009408524,1.0220711449335107,1.015389316545254,1.0085952985466025
Hepatocyte_15weeks_Animal1_Capture2_GAACATCGTACTTCTT,1.03596848004117,1.032360105934255,1.0280405076259247,1.0239200110001463
Hepatocyte_15weeks_Animal1_Capture2_GAACATCGTCAAACTC,1.02917010451098,1.0274216345387297,1.024755153166063,1.022154309824738
Hepatocyte_15weeks_Animal1_Capture2_GAACCTAGTATAAACG,1.02873177169638,1.0307831852980407,1.0317887820750995,1.0326943125660086
Hepatocyte_15weeks_Animal1_Capture2_GAACGGATCAGAGACG,1.01689236301086,1.0186545435194758,1.0193893043377522,1.0200562350231903
Hepatocyte_15weeks_Animal1_Capture2_GAAGCAGCAAACCCAT,1.00790265753678,1.0147559984315728,1.018458880605335,1.02081223233565
Hepatocyte_15weeks_Animal1_Capture2_GAAGCAGGTTATGTGC,1.02302739832023,1.020961779350106,1.018054509015305,1.0152609817184837
Hepatocyte_15weeks_Animal1_Capture2_GACACGCTCTGACCTC,1.016996918804,1.0197316371480434,1.0209077127168171,1.0217149090110096
Hepatocyte_15weeks_Animal1_Capture2_GACACGCTCTTGCCGT,1.02683483089536,1.028799840214717,1.029754877384523,1.0306170121395073
Hepatocyte_15weeks_Animal1_Capture2_GACAGAGCACCAGATT,0.900112812319363,0.9068088450865792,0.9123643863016234,0.9176283216960724
Hepatocyte_15weeks_Animal1_Capture2_GACAGAGGTCTTCGTC,0.80884442216184,0.8215243330554598,0.8308566747422208,0.8382772135491982
Hepatocyte_15weeks_Animal1_Capture2_GACCAATCAGGATTGG,1.02548154031555,1.025150008345102,1.0237971958420755,1.0224255263221826
Hepatocyte_15weeks_Animal1_Capture2_GACCAATTCGCCCTTA,1.03453185506867,1.0147335492536758,0.9951155057745652,0.9766740329493988
Hepatocyte_15weeks_Animal1_Capture2_GACGCGTCAGCCACCA,1.02836354836636,1.0413437845684637,1.0498120424646786,1.0553572605240071
Hepatocyte_15weeks_Animal1_Capture2_GACGCGTGTAAATGTG,0.929974399681402,0.9329725048612072,0.934811263698625,0.9364367790957658
Hepatocyte_15weeks_Animal1_Capture2_GACGCGTTCCAAGCCG,1.07617565813772,1.0766517688140111,1.0748188053243943,1.072263490896597
Hepatocyte_15weeks_Animal1_Capture2_GACGGCTCATCGGGTC,1.04134438686748,1.0436863133292456,1.0449998370622753,1.0461910306958178
Hepatocyte_15weeks_Animal1_Capture2_GACGTGCAGAACAATC,1.02324266566468,1.0225986357028511,1.0202700121406965,1.0175828718421889
Hepatocyte_15weeks_Animal1_Capture2_GACGTGCGTTAGTGGG,1.02934132153401,1.0295597845847482,1.0282370893502442,1.0266052000130834
Hepatocyte_15weeks_Animal1_Capture2_GACGTGCTCCTAAGTG,1.03642452589241,1.0358897632612023,1.0343059538644968,1.0326418049701178
Hepatocyte_15weeks_Animal1_Capture2_GACTAACAGTGGCACA,1.01815269539875,1.0179597478951166,1.016768649396883,1.015570978284318
Hepatocyte_15weeks_Animal1_Capture2_GACTGCGCACATTCGA,0.981406625511188,0.9885484187674322,0.9941479967053656,0.9992888704502484
Hepatocyte_15weeks_Animal1_Capture2_GAGGTGAAGGAACTGC,0.997512054945409,1.0091101599164016,1.0192949313156412,1.0288709392427189
Hepatocyte_15weeks_Animal1_Capture2_GAGGTGACAAAGCAAT,0.902194278098189,0.9085961911297088,0.9138678065347136,0.9188462969939784
Hepatocyte_15weeks_Animal1_Capture2_GATCGATGTACTTGAC,1.0236370201641,1.0218089317590833,1.0180854956413878,1.0139450767775555
Hepatocyte_15weeks_Animal1_Capture2_GATCGATTCTTGGGTA,1.03172674140118,1.041747550255565,1.046354204238714,1.0474759666528544
Hepatocyte_15weeks_Animal1_Capture2_GATCGCGAGACGACGT,1.03599287026187,1.0568145136762213,1.071950337231245,1.0824304953178625
Hepatocyte_15weeks_Animal1_Capture2_GATCGCGGTTGGTAAA,1.03346247033269,1.0308800678070544,1.0271227143523194,1.023312302439895
Hepatocyte_15weeks_Animal1_Capture2_GATCGCGTCGAGGTAG,0.905493779587172,0.9138988214683486,0.9210936901164511,0.927909985676453
Hepatocyte_15weeks_Animal1_Capture2_GATCTAGAGAAGCCCA,1.03307073104895,1.0367797342748215,1.0390529623220617,1.0409696454608297
Hepatocyte_15weeks_Animal1_Capture2_GATGAAAGTGATAAGT,1.03275670319165,1.0315522570919142,1.0294462836853076,1.0273844693941685
Hepatocyte_15weeks_Animal1_Capture2_GATGAAAGTGCACGAA,1.02372954395012,1.013289301889385,1.0021906778912295,0.9915240442379968
Hepatocyte_15weeks_Animal1_Capture2_GATGAGGTCATGTGGT,1.02652701980222,1.0269018598255044,1.0262923036246632,1.0256260095355705
Hepatocyte_15weeks_Animal1_Capture2_GATGAGGTCGTACGGC,1.00462986209399,1.0053535395692044,1.004863905443659,1.0041997745935891
Hepatocyte_15weeks_Animal1_Capture2_GATGCTACAGCTCGCA,1.03611076251069,1.047668497398413,1.0537849718024137,1.0555362899554686
Hepatocyte_15weeks_Animal1_Capture2_GATGCTATCCTTCAAT,0.913366638438049,0.9209423831786042,0.927289036145618,0.9332914670512592
Hepatocyte_15weeks_Animal1_Capture2_GATTCAGAGAAGATTC,0.938530480040854,0.942698859628912,0.945438642300442,0.9477936816909106
Hepatocyte_15weeks_Animal1_Capture2_GATTCAGCAGTCAGCC,1.03302214103994,1.0322139178197685,1.0298108354557791,1.0271029158795408
Hepatocyte_15weeks_Animal1_Capture2_GCAAACTTCTTAACCT,1.0294239898926,1.0335438841344706,1.0361904251886804,1.0384843603827856
Hepatocyte_15weeks_Animal1_Capture2_GCAATCACAGATCCAT,1.02231171233264,1.0230832802422969,1.0226833657450365,1.0221692525477566
Hepatocyte_15weeks_Animal1_Capture2_GCAATCATCGGATGGA,0.960718528451019,0.9671890739160756,0.9716904422092936,0.9755030766868774
Hepatocyte_15weeks_Animal1_Capture2_GCACATACAGCTGTGC,0.871445916538405,0.880905152806711,0.8886676299644714,0.8958035837642574
Hepatocyte_15weeks_Animal1_Capture2_GCACATACATCCGGGT,1.00738926013468,0.9979139281953198,0.9878004411097644,0.978271097458305
Hepatocyte_15weeks_Animal1_Capture2_GCACATAGTTCACCTC,0.977183018421378,0.984086704231244,0.9897296241937552,0.995017912726179
Hepatocyte_15weeks_Animal1_Capture2_GCAGCCACAGTATCTG,0.911397906739966,0.9131762147329386,0.9138244370624784,0.9142837611180872
Hepatocyte_15weeks_Animal1_Capture2_GCAGCCAGTCTTCGTC,1.03409459424933,1.0384000673738862,1.0413396581780068,1.0439718935280635
Hepatocyte_15weeks_Animal1_Capture2_GCAGCCAGTGCATCTA,1.0551269337197,1.0558437444807034,1.055606738436021,1.05530483307176
Hepatocyte_15weeks_Animal1_Capture2_GCAGTTAAGCAATATG,0.982753323578402,0.986739689137527,0.9892491096416106,0.9913714799907308
Hepatocyte_15weeks_Animal1_Capture2_GCAGTTAAGGATATAC,1.02136261901901,1.0250068684947438,1.0256928993476788,1.0251594222881764
Hepatocyte_15weeks_Animal1_Capture2_GCAGTTAAGGTGGGTT,1.03224607996482,1.0329338820464389,1.032600045678996,1.032212732154507
Hepatocyte_15weeks_Animal1_Capture2_GCAGTTACACCAGCAC,1.04759010830644,1.0499266826435898,1.0509826999447325,1.0517364618497902
Hepatocyte_15weeks_Animal1_Capture2_GCAGTTACACTGTCGG,1.04608070151215,1.048987167041611,1.0508449014090266,1.0525707999786371
Hepatocyte_15weeks_Animal1_Capture2_GCAGTTAGTAGGCATG,0.955975009837581,0.9636929763558708,0.9703033046664634,0.9766220567461028
Hepatocyte_15weeks_Animal1_Capture2_GCATACACATCGGAAG,1.03929233011654,1.0513487057674542,1.056668369535025,1.0572787251554094
Hepatocyte_15weeks_Animal1_Capture2_GCATACAGTAGAAAGG,0.949448638914067,0.9564601778807552,0.9620688113631044,0.967271437363633
Hepatocyte_15weeks_Animal1_Capture2_GCATACAGTGCACCAC,1.03970803153455,1.0307975770918985,1.021066535487328,1.0116466488873128
Hepatocyte_15weeks_Animal1_Capture2_GCATGATTCAACGAAA,0.973922032694995,0.9832837932755288,0.988697574939558,0.9920850028560854
Hepatocyte_15weeks_Animal1_Capture2_GCCTCTAAGTGTACTC,1.02484185996956,1.0274319494465594,1.0274430675796722,1.0263311284020469
Hepatocyte_15weeks_Animal1_Capture2_GCGAGAACAGCCTGTG,1.02825329470794,1.030319578091392,1.0313268470487718,1.0322260039167557
Hepatocyte_15weeks_Animal1_Capture2_GCGAGAATCACTATTC,1.0276472563597,1.025712743991825,1.0229544988712451,1.0202902664276916
Hepatocyte_15weeks_Animal1_Capture2_GCGCAACGTATAGGGC,1.03429539792351,1.0371871390384728,1.0388876305298431,1.0403957798225254
Hepatocyte_15weeks_Animal1_Capture2_GCGCAACTCCTTTACA,1.02462930539832,1.027064373469239,1.0275830282708345,1.0275351785579545
Hepatocyte_15weeks_Animal1_Capture2_GCGCAGTAGTGAACGC,0.967691219213492,0.9720862962504496,0.9750313539612132,0.977587322279222
Hepatocyte_15weeks_Animal1_Capture2_GCGCAGTCACACATGT,1.12970389473666,1.122819152715547,1.1153012944891816,1.1081364231286055
Hepatocyte_15weeks_Animal1_Capture2_GCGCAGTTCTAACTTC,1.03469685553993,1.026512372053639,1.0177094236061748,1.009267037650089
Hepatocyte_15weeks_Animal1_Capture2_GCGCCAAAGGAATCGC,1.02589534601025,1.0240596771131012,1.0213963477990569,1.0188138829393378
Hepatocyte_15weeks_Animal1_Capture2_GCGCGATGTTTGTTTC,1.03513705627944,1.0377955160796606,1.0385708123252892,1.0388116411305215
Hepatocyte_15weeks_Animal1_Capture2_GCGGGTTAGGGTCGAT,1.01462100340234,1.013334245356777,1.0110735918415747,1.0088475780656745
Hepatocyte_15weeks_Animal1_Capture2_GCGGGTTAGTCAAGCG,1.02912983205416,1.028934398633806,1.0263206058017096,1.0228771027254029
Hepatocyte_15weeks_Animal1_Capture2_GCGGGTTTCCCTAACC,0.87161922365821,0.8787656922220074,0.8841612292768392,0.8889336450572084
Hepatocyte_15weeks_Animal1_Capture2_GCTCCTAGTCAGAGGT,1.03501980672139,1.038855137976448,1.041508246789849,1.0439658898940454
Hepatocyte_15weeks_Animal1_Capture2_GCTCCTAGTTGTGGCC,1.02366364884877,1.0252249709812782,1.0248954825692949,1.0240051766135263
Hepatocyte_15weeks_Animal1_Capture2_GCTCCTATCGTTGCCT,1.02247298773017,1.0254080648571835,1.0271145165929252,1.0286206170449363
Hepatocyte_15weeks_Animal1_Capture2_GCTCTGTGTGATGTCT,1.02519501685752,1.0135092335205371,1.0013516156350184,0.9897080074692728
Hepatocyte_15weeks_Animal1_Capture2_GCTCTGTTCTTGGGTA,1.16862235962698,1.140338641713094,1.1126112948952522,1.0865978403736984
Hepatocyte_15weeks_Animal1_Capture2_GCTGCGAGTTTAGGAA,0.871907322374332,0.8825366576875747,0.8918427882271356,0.9006889244841789
Hepatocyte_15weeks_Animal1_Capture2_GCTGCGATCCCTCTTT,0.924927232605025,0.9286067611639672,0.931366141535708,0.9339945078146588
Hepatocyte_15weeks_Animal1_Capture2_GCTGCTTCAAGTTAAG,0.990724489828225,0.9984045802712582,1.0048049516243782,1.010841745660548
Hepatocyte_15weeks_Animal1_Capture2_GCTGGGTCAAACCCAT,0.949627173900143,0.9549897382716686,0.959052348143315,0.9628025909377056
Hepatocyte_15weeks_Animal1_Capture2_GGAAAGCAGCCAACAG,0.961168271536323,0.9700124108103366,0.9775769608640472,0.9847572239744676
Hepatocyte_15weeks_Animal1_Capture2_GGAAAGCAGTTCGCAT,0.927434545282879,0.9370250167479092,0.942196263334986,0.9441579075579776
Hepatocyte_15weeks_Animal1_Capture2_GGAAAGCCAAACAACA,1.02968833684007,1.0290518402904414,1.0271100213548556,1.0250076446095946
Hepatocyte_15weeks_Animal1_Capture2_GGAAAGCCAGTTCATG,1.04475710027476,1.0474511070046886,1.049126188952119,1.0506799583072612
Hepatocyte_15weeks_Animal1_Capture2_GGAACTTAGCAACGGT,0.968566291835128,0.9755499321498126,0.981009084258007,0.9860045478830812
Hepatocyte_15weeks_Animal1_Capture2_GGAACTTGTTTAAGCC,0.840705923660481,0.8450553563421748,0.8484651825489309,0.8516685229367109
Hepatocyte_15weeks_Animal1_Capture2_GGAATAACAGTTTACG,0.944926121234356,0.9497773949685536,0.9535720779385798,0.9571511799791768
Hepatocyte_15weeks_Animal1_Capture2_GGACAAGCAGACGTAG,1.02130008265106,1.0211146256101375,1.019600812632037,1.0178668868346137
Hepatocyte_15weeks_Animal1_Capture2_GGACAGAAGAAAGTGG,1.02875877489281,1.0195660290760502,1.0097712443277622,1.0003849353538914
Hepatocyte_15weeks_Animal1_Capture2_GGACAGAGTCCGAATT,0.92169532125531,0.9256738062779496,0.9285913502009931,0.931308557305638
Hepatocyte_15weeks_Animal1_Capture2_GGACAGATCACATGCA,0.942161672803946,0.9496137942839316,0.9558678660348352,0.9618060424214994
Hepatocyte_15weeks_Animal1_Capture2_GGACAGATCGCTTGTC,0.935511112943389,0.9340282594421304,0.9298233931888944,0.9247422039071128
Hepatocyte_15weeks_Animal1_Capture2_GGACATTGTACATCCA,1.03516700189656,1.027889869027159,1.0185352415645106,1.0090100629664231
Hepatocyte_15weeks_Animal1_Capture2_GGACGTCCAGCCTGTG,0.935268940050714,0.9436962068850494,0.9505163348225534,0.9567899928466624
Hepatocyte_15weeks_Animal1_Capture2_GGACGTCTCACCGTAA,0.929178597199631,0.9374588850745452,0.9444638888502424,0.9510975399463306
Hepatocyte_15weeks_Animal1_Capture2_GGACGTCTCCTAGAAC,1.02604781839432,1.0273416148525625,1.026690470792306,1.0252410758560622
Hepatocyte_15weeks_Animal1_Capture2_GGAGCAAGTAGGACAC,1.01668453568484,1.015888766503706,1.013584795317992,1.011027062700867
Hepatocyte_15weeks_Animal1_Capture2_GGAGCAATCGGATGGA,1.0189056766886,1.018488279007037,1.0170564702953695,1.0156235309029706
Hepatocyte_15weeks_Animal1_Capture2_GGATGTTGTGGCAAAC,0.912980061000289,0.9215014124194216,0.9270790532231415,0.9312212351593124
Hepatocyte_15weeks_Animal1_Capture2_GGATTACGTTCTGGTA,0.88596920880149,0.8982437344187197,0.9091744611690834,0.9196005239171764
Hepatocyte_15weeks_Animal1_Capture2_GGATTACTCTGGAGCC,1.01442876216308,1.0141337354249575,1.012872306075291,1.011612781226792
Hepatocyte_15weeks_Animal1_Capture2_GGCAATTAGCTAAACA,0.954100502456402,0.9578441540763006,0.9605865558675596,0.9631567438872648
Hepatocyte_15weeks_Animal1_Capture2_GGCAATTCAAACCCAT,1.03242514594055,1.034704520811081,1.0359914642203651,1.0372013861423244
Hepatocyte_15weeks_Animal1_Capture2_GGCAATTGTTTGACTG,1.02561096532294,1.0238146764743885,1.020823801094845,1.0177757049452911
Hepatocyte_15weeks_Animal1_Capture2_GGCAATTTCGGTTCGG,0.946975380075018,0.950995495366948,0.9540548751763452,0.9569809582433856
Hepatocyte_15weeks_Animal1_Capture2_GGCCGATAGCAACGGT,1.02957579600802,1.0367152082695543,1.0402824429156434,1.0419927881250275
Hepatocyte_15weeks_Animal1_Capture2_GGCCGATAGGTGATTA,1.02106495286313,1.0185838300034604,1.0151354781366022,1.0117480009317714
Hepatocyte_15weeks_Animal1_Capture2_GGCGTGTGTCTTCGTC,0.919671329982824,0.9253974238655438,0.930012256857756,0.9343749889176544
Hepatocyte_15weeks_Animal1_Capture2_GGGAATGGTCGCGGTT,1.03329375671708,1.0387396146279808,1.042930907239582,1.0468551168371991
Hepatocyte_15weeks_Animal1_Capture2_GGGAGATTCAACACTG,0.932595870874518,0.9377409098363652,0.9416936667876354,0.945402300180606
Hepatocyte_15weeks_Animal1_Capture2_GGGATGACAGGTCGTC,1.01705525251843,1.0185618866107933,1.0189772712014444,1.0193041495390518
Hepatocyte_15weeks_Animal1_Capture2_GGGCACTGTGTGCGTC,1.02196096825655,1.0229020701383629,1.021978700277454,1.020572327514722
Hepatocyte_15weeks_Animal1_Capture2_GGGCACTGTTACGCGC,1.03662104849389,1.0387426756738904,1.0397066580843248,1.040505671866324
Hepatocyte_15weeks_Animal1_Capture2_GGGCATCCAGATGAGC,1.03509074980004,1.0296265196166003,1.023572815884569,1.0178132409715572
Hepatocyte_15weeks_Animal1_Capture2_GGGTCTGAGTGAATTG,1.0345400434135,1.0358667968063826,1.0362190531163518,1.036499059386017
Hepatocyte_15weeks_Animal1_Capture2_GGGTCTGTCTACTATC,0.991265692719226,0.99588793503735,0.9984883340847944,1.0002785326288386
Hepatocyte_15weeks_Animal1_Capture2_GGGTTGCAGCTCTCGG,1.03031490379809,1.029818261026889,1.0281729722273365,1.0264530209601763
Hepatocyte_15weeks_Animal1_Capture2_GGGTTGCCAACGCACC,1.04055919786443,1.035023147885134,1.0287040841152515,1.0226045481219803
Hepatocyte_15weeks_Animal1_Capture2_GGTGAAGGTAAAGTCA,0.980997202369552,0.9827447720946124,0.981237685630959,0.9786012694248684
Hepatocyte_15weeks_Animal1_Capture2_GGTGCGTCATGGGAAC,0.963851029499795,0.9749112834053522,0.9828587581898776,0.9893288104289654
Hepatocyte_15weeks_Animal1_Capture2_GGTGCGTTCAGCACAT,1.03046939637386,1.024814051584835,1.0186010668025764,1.0127141281836731
Hepatocyte_15weeks_Animal1_Capture2_GGTGTTATCTTGCAAG,1.02148944231471,1.0260771048812738,1.029001395544043,1.0314651027497637
Hepatocyte_15weeks_Animal1_Capture2_GTAACGTCAAACGTGG,1.01775990767711,1.0120341918913878,1.0050590562426858,0.9978869613483984
Hepatocyte_15weeks_Animal1_Capture2_GTAACGTCAGCCTGTG,0.946113037764866,0.948047406432696,0.9489930361471038,0.9498241725435228
Hepatocyte_15weeks_Animal1_Capture2_GTAACGTTCACTCTTA,1.02607141458366,1.0300563899158104,1.0328066473890174,1.0352444526502422
Hepatocyte_15weeks_Animal1_Capture2_GTAACTGCAGCTCGAC,0.940947969502332,0.9492055226058362,0.9562187352404412,0.9628857798439882
Hepatocyte_15weeks_Animal1_Capture2_GTAACTGTCCTTTCGG,0.88761242731922,0.8934617112311231,0.8977887412422582,0.9016638993015724
Hepatocyte_15weeks_Animal1_Capture2_GTAACTGTCGTAGGAG,1.03055480134018,1.030782275058863,1.030144946781743,1.029532096782843
Hepatocyte_15weeks_Animal1_Capture2_GTACGTAGTGCGGTAA,0.993005551532897,1.0001313870781436,1.0059342877573516,1.0113461773291066
Hepatocyte_15weeks_Animal1_Capture2_GTACGTATCATAGCAC,0.860981115925318,0.8703606628374285,0.8785875566329481,0.8864422827636299
Hepatocyte_15weeks_Animal1_Capture2_GTACGTATCCAAATGC,0.948452782397995,0.9599305249220672,0.9682136533056926,0.9749693706764716
Hepatocyte_15weeks_Animal1_Capture2_GTACTCCTCTTTACAC,1.02597118106347,1.0313685952537814,1.0354243422124594,1.0391795763921077
Hepatocyte_15weeks_Animal1_Capture2_GTACTTTCAGGATTGG,0.943263855215013,0.9479154282852464,0.9512657085310512,0.9542510533555436
Hepatocyte_15weeks_Animal1_Capture2_GTACTTTGTATTCGTG,1.02746905688663,1.028740160698077,1.0287191527367263,1.0284575094749675
Hepatocyte_15weeks_Animal1_Capture2_GTACTTTTCCGCGGTA,1.02372665483182,1.022078586346296,1.0192888934274371,1.016461765621576
Hepatocyte_15weeks_Animal1_Capture2_GTACTTTTCTTGTATC,0.968177633473266,0.97711352834872,0.9845606377957912,0.9915259191082718
Hepatocyte_15weeks_Animal1_Capture2_GTAGGCCGTCGAGATG,1.02199527283755,1.0210994749000764,1.0193386346465445,1.017594364600762
Hepatocyte_15weeks_Animal1_Capture2_GTAGGCCTCCGTTGCT,0.935169498421122,0.9434488069585713,0.9502529956906662,0.9565642585953672
Hepatocyte_15weeks_Animal1_Capture2_GTAGTCAGTGCGCTTG,1.02101369175349,1.025110391447971,1.0279684061855792,1.0306004238850397
Hepatocyte_15weeks_Animal1_Capture2_GTATCTTGTACAGCAG,1.02165178027727,1.0269514423855686,1.031059250611498,1.0349142368212636
Hepatocyte_15weeks_Animal1_Capture2_GTATTCTTCTCAAGTG,1.02274547073512,1.0267359293510128,1.0294412409582177,1.031818709203265
Hepatocyte_15weeks_Animal1_Capture2_GTCAAGTGTACAAGTA,1.02633585462864,1.0280037923664924,1.0287593107532038,1.0295226618923938
Hepatocyte_15weeks_Animal1_Capture2_GTCACAACAGTTTACG,1.04305212123214,1.0442751686127836,1.044422194011844,1.0444730261163184
Hepatocyte_15weeks_Animal1_Capture2_GTCACAAGTCTTGCGG,1.02624010093953,1.0283714653076177,1.029190062485435,1.0297771285516168
Hepatocyte_15weeks_Animal1_Capture2_GTCACAATCACAGTAC,1.03376606005986,1.0362271538467396,1.0373071277840458,1.038124028828681
Hepatocyte_15weeks_Animal1_Capture2_GTCACGGGTAAGGGAA,1.02719305487103,1.0306218307704915,1.0327230114226276,1.0345518592432192
Hepatocyte_15weeks_Animal1_Capture2_GTCATTTGTAGCACGA,0.960651555262715,0.960637308924954,0.9596363976156612,0.958579822004476
Hepatocyte_15weeks_Animal1_Capture2_GTCCTCAAGTGAATTG,1.02653267917633,1.031351524680203,1.0349971666387048,1.038415373210872
Hepatocyte_15weeks_Animal1_Capture2_GTCCTCATCTTGTACT,1.07422492031682,1.0763538959697825,1.074967438010565,1.0721165024189674
Hepatocyte_15weeks_Animal1_Capture2_GTCGGGTTCCAGATCA,1.02661014080024,1.0234814903067015,1.0192085609200523,1.0148826740184056
Hepatocyte_15weeks_Animal1_Capture2_GTCGTAAGTATATCCG,1.0262264873774,1.0284346070477153,1.029075126254977,1.0293565372487417
Hepatocyte_15weeks_Animal1_Capture2_GTCGTAAGTATTCGTG,0.94423813223805,0.9496088933328236,0.9532391090120488,0.956330672461502
Hepatocyte_15weeks_Animal1_Capture2_GTCTCGTCAGATGGGT,1.03259868534906,1.0380610584161054,1.0415694733997396,1.044439975298036
Hepatocyte_15weeks_Animal1_Capture2_GTCTTCGAGCGTAATA,1.02027310713933,1.0219349772766058,1.0225708290701412,1.0231198672463724
Hepatocyte_15weeks_Animal1_Capture2_GTCTTCGCACAACGCC,1.02499204323163,1.0256363779188744,1.025314953615614,1.0249465952794572
Hepatocyte_15weeks_Animal1_Capture2_GTCTTCGGTAGGGACT,0.94563476107824,0.9539350016982568,0.9606887489492724,0.9668770158169576
Hepatocyte_15weeks_Animal1_Capture2_GTCTTCGTCTCAAGTG,1.03254308650969,1.037526074244688,1.0405139092635345,1.0429240666262394
Hepatocyte_15weeks_Animal1_Capture2_GTGCAGCCACCCATTC,1.04366215141162,1.0382363333657882,1.0322811140120467,1.0266583272496166
Hepatocyte_15weeks_Animal1_Capture2_GTGCAGCCACTGTCGG,0.87350802573006,0.8839923054179134,0.8933045068113283,0.9021972483992998
Hepatocyte_15weeks_Animal1_Capture2_GTGCAGCTCACCCGAG,1.02388993334278,1.0335233451321142,1.0378776376083645,1.039237902386798
Hepatocyte_15weeks_Animal1_Capture2_GTGCATAAGAATGTTG,1.02876554854838,1.0335188374665307,1.037073117674456,1.0403946029497046
Hepatocyte_15weeks_Animal1_Capture2_GTGCATAAGATGCCAG,0.922464168011494,0.9305543309063732,0.937497070640866,0.9441219536599288
Hepatocyte_15weeks_Animal1_Capture2_GTGCATATCCAAATGC,1.12708364340411,1.121315906800623,1.1148668822321577,1.1087109588713775
Hepatocyte_15weeks_Animal1_Capture2_GTGCGGTCAAGCGCTC,1.14069685882473,1.1468094050951687,1.1471765561906202,1.143184623498066
Hepatocyte_15weeks_Animal1_Capture2_GTGGGTCAGGACAGCT,0.862817883889017,0.8730289019427366,0.8819638223653066,0.8904759144710657
Hepatocyte_15weeks_Animal1_Capture2_GTGGGTCCAAGTAATG,1.11072517509562,1.1074671158968292,1.1032377954117094,1.099090541675299
Hepatocyte_15weeks_Animal1_Capture2_GTGTGCGAGGTCATCT,1.01521925661617,1.0154160402912082,1.0143747358102424,1.0131829863773942
Hepatocyte_15weeks_Animal1_Capture2_GTGTGCGCACACCGCA,0.838055654325633,0.8512894000047426,0.862820780352803,0.8736230361238672
Hepatocyte_15weeks_Animal1_Capture2_GTGTGCGCATACGCTA,1.0285330394991,1.0306855883028243,1.031327111605573,1.0316333273925162
Hepatocyte_15weeks_Animal1_Capture2_GTGTGCGGTCGGCATC,1.01690538492421,1.0214873630525183,1.0247604940203492,1.0277864609627394
Hepatocyte_15weeks_Animal1_Capture2_GTGTGCGGTGTAAGTA,1.02325809243238,1.023400810733674,1.022496738283916,1.0215208013463783
Hepatocyte_15weeks_Animal1_Capture2_GTTAAGCAGGTCGGAT,1.0157129840013,1.0153043311316623,1.0134956409462903,1.0114522397787753
Hepatocyte_15weeks_Animal1_Capture2_GTTAAGCGTCGTTGTA,1.0266691471119,1.0308772926474956,1.0336101638727868,1.0360010212818065
Hepatocyte_15weeks_Animal1_Capture2_GTTAAGCGTGTTCTTT,0.958746564091613,0.9607536706439342,0.9608575243046668,0.960429772425646
Hepatocyte_15weeks_Animal1_Capture2_GTTACAGCAACTTGAC,1.03108439597161,1.024176777907026,1.011281471058483,0.9940517590893108
Hepatocyte_15weeks_Animal1_Capture2_GTTACAGGTAGGGACT,1.02068370516805,1.016185633963654,1.0104474537520771,1.0046830971878598
Hepatocyte_15weeks_Animal1_Capture2_GTTCATTTCGGACAAG,1.03375546051722,1.03775470904312,1.0404605594684693,1.042904407123897
Hepatocyte_15weeks_Animal1_Capture2_GTTCGGGAGGAGTTTA,0.947020475984973,0.9552191034942962,0.9622961389888924,0.9690506366293528
Hepatocyte_15weeks_Animal1_Capture2_GTTCGGGAGTCCTCCT,1.02120660001118,1.0219543597646503,1.0216850726738953,1.0213496286756596
Hepatocyte_15weeks_Animal1_Capture2_GTTCGGGCAAACTGCT,1.02305487291758,1.026279828536232,1.027358534992128,1.0278143238440922
Hepatocyte_15weeks_Animal1_Capture2_GTTCTCGCATGTAGTC,1.03673279567612,1.0411859258915162,1.0444451056538335,1.0474816237876403
Hepatocyte_15weeks_Animal1_Capture2_GTTCTCGGTAAGAGGA,1.13056366661262,1.1306053411992054,1.129486783477067,1.1282840402990204
Hepatocyte_15weeks_Animal1_Capture2_GTTCTCGGTTAGAACA,1.02176876734471,1.022310718760128,1.021418338265396,1.0202675107463008
Hepatocyte_15weeks_Animal1_Capture2_GTTTCTACACTACAGT,0.996181284349962,1.0018934544620686,1.0064736999222796,1.0108059020957003
Hepatocyte_15weeks_Animal1_Capture2_TAAACCGTCCTCTAGC,0.906787895119115,0.9165801136879532,0.9251009411392526,0.9332050579842812
Hepatocyte_15weeks_Animal1_Capture2_TAAGAGAAGGCGCTCT,0.970700321258411,0.9773761890603456,0.9820480415856444,0.986026385583674
Hepatocyte_15weeks_Animal1_Capture2_TAAGAGAAGGCTCTTA,1.01371041088342,1.0143515554993874,1.013909603240542,1.013397005894079
Hepatocyte_15weeks_Animal1_Capture2_TAAGAGAAGTGACTCT,0.972075154781093,0.9795993740480836,0.9853804481864789,0.9905689646364584
Hepatocyte_15weeks_Animal1_Capture2_TAAGAGAGTCTAAAGA,1.02214275489491,1.024584508706856,1.0258092761383877,1.026832848762793
Hepatocyte_15weeks_Animal1_Capture2_TAAGAGATCATCATTC,0.925474159732427,0.9322759855154936,0.9377926763743888,0.9429722571832512
Hepatocyte_15weeks_Animal1_Capture2_TAAGCGTAGCGATGAC,0.924387948010974,0.9252341937418038,0.9250179939525964,0.9246194807302076
Hepatocyte_15weeks_Animal1_Capture2_TAAGTGCAGCGCTTAT,1.02129499588984,1.0263911213058312,1.030341288545251,1.0340925660145508
Hepatocyte_15weeks_Animal1_Capture2_TACAGTGAGTAGGTGC,1.02551612207104,1.0252444911198066,1.0231494199978617,1.0206222400292309
Hepatocyte_15weeks_Animal1_Capture2_TACAGTGGTCTAAAGA,0.92767953927668,0.9342624609888428,0.9380731213388602,0.940800915847392
Hepatocyte_15weeks_Animal1_Capture2_TACAGTGTCCGTAGTA,1.01501799560608,1.0150455608152351,1.0135914384914533,1.0118633874635257
Hepatocyte_15weeks_Animal1_Capture2_TACCTATGTTAGTGGG,1.01867933372097,1.0174803483209116,1.0153494692570562,1.0132769419768697
Hepatocyte_15weeks_Animal1_Capture2_TACCTTATCATGCATG,1.01888750065443,1.0180019896258052,1.016250657766694,1.014584644736405
Hepatocyte_15weeks_Animal1_Capture2_TACCTTATCTGCGGCA,0.856899985845992,0.8670265235306639,0.8759265190549723,0.8844165015946744
Hepatocyte_15weeks_Animal1_Capture2_TACGGATAGTGGTAAT,1.03015158869891,1.031004930135221,1.0308232517798677,1.0305856137853524
Hepatocyte_15weeks_Animal1_Capture2_TACGGATTCTGGTATG,1.10397240151666,1.1072881587351562,1.1094132087889388,1.1113588034511213
Hepatocyte_15weeks_Animal1_Capture2_TACGGGCAGTCGATAA,1.03874843708653,1.0346642715495504,1.02986238354632,1.025275024592924
Hepatocyte_15weeks_Animal1_Capture2_TACGGGCAGTGACTCT,1.01105817976691,1.014724619265117,1.0172824103431075,1.0196801204362909
Hepatocyte_15weeks_Animal1_Capture2_TACTCATCAAGCTGTT,1.0121248179421,1.0100244549912871,1.0071216453028882,1.0043646162753614
Hepatocyte_15weeks_Animal1_Capture2_TACTCATGTCATATGC,1.03969748046412,1.0429819520772294,1.0451356052059142,1.0471179048409789
Hepatocyte_15weeks_Animal1_Capture2_TACTCATGTGTGCGTC,1.04431800036585,1.0475106766452975,1.0496215446126484,1.0515723191691688
Hepatocyte_15weeks_Animal1_Capture2_TACTCGCGTGCAGTAG,1.03667140995074,1.0406648689504552,1.0418166278218632,1.0418414554765634
Hepatocyte_15weeks_Animal1_Capture2_TACTTACCACAACGTT,0.949902584557345,0.9564855548129574,0.9613515739008625,0.9656398879161836
Hepatocyte_15weeks_Animal1_Capture2_TACTTACGTCACTTCC,0.985213903038153,0.9930892914821416,0.9998163916835964,1.0062412074448708
Hepatocyte_15weeks_Animal1_Capture2_TACTTGTCACGCCAGT,1.02858113580995,1.0314680025756344,1.0330563928606873,1.034408952593545
Hepatocyte_15weeks_Animal1_Capture2_TACTTGTTCATGGTCA,1.00979277753347,1.017673897239119,1.022228984540827,1.025105456915283
Hepatocyte_15weeks_Animal1_Capture2_TAGACCACAACGATGG,1.01712176922988,1.0166245803455634,1.014894621350864,1.0130371850668751
Hepatocyte_15weeks_Animal1_Capture2_TAGACCATCCACTGGG,1.01549881990405,1.008780898728651,1.0014482678293444,0.994466530810555
Hepatocyte_15weeks_Animal1_Capture2_TAGTGGTAGTACGTTC,1.02814775432956,1.03051781786692,1.031531089493126,1.032296638588733
Hepatocyte_15weeks_Animal1_Capture2_TAGTGGTCAAGACACG,0.949584735924475,0.9479700743920368,0.9454738004755696,0.9430182707451084
Hepatocyte_15weeks_Animal1_Capture2_TAGTGGTGTAAAGTCA,1.03121657364144,1.0371651945855098,1.0391159287239626,1.0391241707612962
Hepatocyte_15weeks_Animal1_Capture2_TAGTTGGAGACGACGT,0.884258506252539,0.8907839259760154,0.8961857889981174,0.9012655517231088
Hepatocyte_15weeks_Animal1_Capture2_TAGTTGGAGAGCCTAG,1.01782201955067,1.022176368024076,1.0253921322765949,1.0284215434523831
Hepatocyte_15weeks_Animal1_Capture2_TAGTTGGCAAACTGTC,0.98559551373997,0.996109451727931,1.00411656057705,1.0111271809752207
Hepatocyte_15weeks_Animal1_Capture2_TATCAGGAGATAGTCA,0.997334954841164,1.0013309401263073,1.0041910936464746,1.0068371232542936
Hepatocyte_15weeks_Animal1_Capture2_TATCAGGGTACTCGCG,1.0241963725263,1.0287790655348878,1.0322104531375274,1.035447480119691
Hepatocyte_15weeks_Animal1_Capture2_TATCAGGGTCGAAAGC,1.0297013050852,1.0319860616181615,1.0331816757881285,1.0342461955336335
Hepatocyte_15weeks_Animal1_Capture2_TATCAGGTCATTCACT,1.02319078402873,1.023699354773047,1.0232591474707091,1.0227945511012524
Hepatocyte_15weeks_Animal1_Capture2_TATCTCAGTTGCCTCT,1.02163975984075,1.0245237460170191,1.0263509961324653,1.0280380946608425
Hepatocyte_15weeks_Animal1_Capture2_TATTACCAGCCAGGAT,0.985369785612599,0.9885672227832186,0.9908072238045892,0.9929158851454843
Hepatocyte_15weeks_Animal1_Capture2_TCAACGAGTTGGTGGA,1.02703153121391,1.0282906743624338,1.028464813335307,1.0285366918678582
Hepatocyte_15weeks_Animal1_Capture2_TCAATCTAGCGATCCC,0.940188696501783,0.9421420790543248,0.9432642750774074,0.9443521935464716
Hepatocyte_15weeks_Animal1_Capture2_TCACAAGGTGAGTGAC,1.02799948777069,1.031455921681315,1.032758402363185,1.0333340679694962
Hepatocyte_15weeks_Animal1_Capture2_TCACGAAAGCAGACTG,0.956446137296603,0.9640495045582484,0.9704400748482797,0.9764976054609744
Hepatocyte_15weeks_Animal1_Capture2_TCACGAAGTACTTAGC,0.883213727568373,0.8924832751996103,0.8996078164526009,0.9058582679946104
Hepatocyte_15weeks_Animal1_Capture2_TCACGAATCATCGGAT,1.0293768803612,1.029666901540446,1.0287695800906338,1.027755520881045
Hepatocyte_15weeks_Animal1_Capture2_TCACGAATCGCCTGTT,1.02221878984511,1.0250941625411087,1.0268276113932469,1.0284175508418978
Hepatocyte_15weeks_Animal1_Capture2_TCAGATGTCAAAGTAG,0.938810026190235,0.9410057809939184,0.9422979540673672,0.9435105488350628
Hepatocyte_15weeks_Animal1_Capture2_TCAGCAACACCATGTA,0.935783587654361,0.9432587006903508,0.9490860912319432,0.9543724235266888
Hepatocyte_15weeks_Animal1_Capture2_TCAGCAACAGCCTTGG,1.11739892519009,1.1132981165909583,1.1081675822901074,1.1031265370095364
Hepatocyte_15weeks_Animal1_Capture2_TCAGCAACAGTAGAGC,1.04157807568737,1.045560536294742,1.0484418224601006,1.051181218035071
Hepatocyte_15weeks_Animal1_Capture2_TCAGCAATCTGAAAGA,1.02748382629274,1.0269682626797938,1.025535599949407,1.0240970933184783
Hepatocyte_15weeks_Animal1_Capture2_TCAGCTCGTCTCTTAT,0.967500152261327,0.974497469601812,0.9802665772184916,0.9856924483786998
Hepatocyte_15weeks_Animal1_Capture2_TCAGCTCTCGTTACAG,1.02474320690868,1.0219071885951163,1.0183950050590882,1.015058175172443
Hepatocyte_15weeks_Animal1_Capture2_TCAGGATAGTCCGTAT,1.02152810085738,1.0183885451132746,1.0139585351779354,1.0094259553627594
Hepatocyte_15weeks_Animal1_Capture2_TCAGGATGTTCGCGAC,1.02921956024547,1.0278105135756568,1.0256402526097363,1.023566455381859
Hepatocyte_15weeks_Animal1_Capture2_TCAGGTAAGGTGCTTT,1.03058292152585,1.0316289894128614,1.0315097658276475,1.0312592174959463
Hepatocyte_15weeks_Animal1_Capture2_TCAGGTACAGGAATCG,1.01778366614376,1.0190635814921885,1.0188711672889326,1.0183852666866868
Hepatocyte_15weeks_Animal1_Capture2_TCATTACAGAGTGAGA,1.04764899643622,1.0485495660141595,1.048061244442685,1.047302533610675
Hepatocyte_15weeks_Animal1_Capture2_TCATTACAGCGTTCCG,1.04088053007836,1.0450597022383905,1.0480998944989846,1.0509294530905429
Hepatocyte_15weeks_Animal1_Capture2_TCATTACCATAGACTC,1.02153168252944,1.0204216493793117,1.0163820864662945,1.0113921985147218
Hepatocyte_15weeks_Animal1_Capture2_TCATTTGAGTGGTCCC,0.946483250174342,0.9487243184037624,0.949675900129996,0.950349611386652
Hepatocyte_15weeks_Animal1_Capture2_TCATTTGCATGTCCTC,0.92895954587175,0.9364246919024296,0.9425719895923867,0.948310974785678
Hepatocyte_15weeks_Animal1_Capture2_TCATTTGCATTCTCAT,0.96006953821478,0.9656549050161852,0.9700018525508072,0.9740681546714552
Hepatocyte_15weeks_Animal1_Capture2_TCCACACCACATGTGT,0.858071853513374,0.8645550765877587,0.8695508211580335,0.8740796751101948
Hepatocyte_15weeks_Animal1_Capture2_TCCACACGTGGGTCAA,1.02953250713622,1.0301584128107286,1.0297842027732529,1.0293351124771242
Hepatocyte_15weeks_Animal1_Capture2_TCGAGGCCACGTCTCT,1.03087312835643,1.0345449814055283,1.0366066466866757,1.0382539833435482
Hepatocyte_15weeks_Animal1_Capture2_TCGCGAGTCAGCTGGC,0.860636964731253,0.8721373508854808,0.8824136923894138,0.892244463940937
Hepatocyte_15weeks_Animal1_Capture2_TCGCGAGTCTTGAGAC,1.12771598747748,1.1242786695788352,1.1196036237925555,1.1149189110098594
Hepatocyte_15weeks_Animal1_Capture2_TCGCGTTCAGCATACT,0.961837840525953,0.9658332427704436,0.9681364736446184,0.969877012535552
Hepatocyte_15weeks_Animal1_Capture2_TCGGGACTCCTTTACA,1.02916128249725,1.0286072019043035,1.0261760416669603,1.023278615337928
Hepatocyte_15weeks_Animal1_Capture2_TCGGGACTCGGTTAAC,1.02315352069668,1.0256526590435813,1.0270561012499289,1.0283109146804543
Hepatocyte_15weeks_Animal1_Capture2_TCGGGACTCTTACCGC,0.951501371591342,0.9520951435073852,0.9518126276966412,0.9514987211748716
Hepatocyte_15weeks_Animal1_Capture2_TCGTACCCACCTCGTT,0.901541445961385,0.9100250270253808,0.9135914756321446,0.913318488831995
Hepatocyte_15weeks_Animal1_Capture2_TCGTACCTCCCAGGTG,1.02587898226306,1.0278640752867891,1.0286380930385697,1.0292284429237402
Hepatocyte_15weeks_Animal1_Capture2_TCGTACCTCCTGTAGA,1.01585539969225,1.020347772085587,1.0236034091421176,1.0266091363539762
Hepatocyte_15weeks_Animal1_Capture2_TCTCATAGTAGAGTGC,1.10499471379388,1.1032926709993434,1.1006903583447594,1.098154762033256
Hepatocyte_15weeks_Animal1_Capture2_TCTCATATCTCGCATC,1.01311674731352,1.0095626893865584,1.0049363568907657,1.0003340503937144
Hepatocyte_15weeks_Animal1_Capture2_TCTGAGACACTTACGA,1.04251075114025,1.0421382290672183,1.0408301404483364,1.0395317306008245
Hepatocyte_15weeks_Animal1_Capture2_TCTGGAATCTACTCAT,0.93698680904037,0.9466970535203708,0.9551641851650404,0.9632269828911736
Hepatocyte_15weeks_Animal1_Capture2_TCTTTCCAGTATCGAA,0.948204456901753,0.9545384469451528,0.9597650559302644,0.9647137766177064
Hepatocyte_15weeks_Animal1_Capture2_TGAAAGAGTGCACTTA,0.969153529313476,0.97700602856188,0.9820965301813313,0.986028923636489
Hepatocyte_15weeks_Animal1_Capture2_TGAAAGAGTTACCAGT,1.03719269096158,1.0387366131760174,1.0392503681183691,1.0396774338084749
Hepatocyte_15weeks_Animal1_Capture2_TGAAAGATCCAAAGTC,1.01863002138723,1.023552659007581,1.027324425699719,1.0308642778368002
Hepatocyte_15weeks_Animal1_Capture2_TGACTAGAGTATTGGA,0.945006300195635,0.9485572330988764,0.9510723272431776,0.9534187813602968
Hepatocyte_15weeks_Animal1_Capture2_TGACTAGCAAGTAATG,0.977747965961776,0.9820328293661136,0.9849697167957996,0.9875658630552864
Hepatocyte_15weeks_Animal1_Capture2_TGACTAGCACAGAGGT,0.962013052322205,0.9701485414961258,0.9765355391816456,0.9822973654322288
Hepatocyte_15weeks_Animal1_Capture2_TGACTAGCATCTATGG,1.01705478360087,1.0195871455772347,1.020897994198943,1.022007318349042
Hepatocyte_15weeks_Animal1_Capture2_TGACTAGTCACAAACC,0.957607766867016,0.9638162588396582,0.9684375797032296,0.972487097355626
Hepatocyte_15weeks_Animal1_Capture2_TGACTTTAGGTAGCTG,1.03185026982846,1.028599479490647,1.0242196044983576,1.019798314680128
Hepatocyte_15weeks_Animal1_Capture2_TGAGAGGGTGCTGTAT,0.969764545623632,0.9749341073547476,0.9788871312654726,0.9825468656238808
Hepatocyte_15weeks_Animal1_Capture2_TGAGCCGTCGAGCCCA,0.920110407439855,0.9255237469206689,0.9286297322488908,0.9307088810270644
Hepatocyte_15weeks_Animal1_Capture2_TGAGGGAAGCACAGGT,1.0265761152627,1.022880348063223,1.017830732950041,1.012657374069626
Hepatocyte_15weeks_Animal1_Capture2_TGAGGGAAGCGTGAGT,0.835691794634379,0.8478704146055314,0.85805738449592,0.8673668461941041
Hepatocyte_15weeks_Animal1_Capture2_TGAGGGAAGGATTCGG,1.02304039716451,1.0266108018901643,1.0276212523260455,1.027612553685349
Hepatocyte_15weeks_Animal1_Capture2_TGAGGGAGTAGCTCCG,1.01955400430064,1.021130527483401,1.021731669850223,1.0222832268782156
Hepatocyte_15weeks_Animal1_Capture2_TGAGGGAGTTCTGTTT,1.02103764310553,1.0234225864946025,1.024693807442261,1.0258247246546792
Hepatocyte_15weeks_Animal1_Capture2_TGATTTCAGAGTACCG,1.02428200977937,1.021320609622216,1.0171162835158318,1.0129365705718545
Hepatocyte_15weeks_Animal1_Capture2_TGATTTCAGTACGATA,0.922263694807065,0.9288899887791998,0.9344138274358492,0.9396623900529733
Hepatocyte_15weeks_Animal1_Capture2_TGATTTCCACACCGCA,0.948497228725501,0.9544891079348956,0.9588742538839852,0.962755789507344
Hepatocyte_15weeks_Animal1_Capture2_TGATTTCGTATGGTTC,1.03496643445341,1.0356536870286823,1.03475637058176,1.0335296909831744
Hepatocyte_15weeks_Animal1_Capture2_TGCCAAACACGGACAA,0.859247771554963,0.8676304438348321,0.8746696013674162,0.8812721640405894
Hepatocyte_15weeks_Animal1_Capture2_TGCCAAAGTAGCGTCC,1.00695766267605,1.0162099403744724,1.0221508064547518,1.026565833665708
Hepatocyte_15weeks_Animal1_Capture2_TGCCCATTCACATGCA,1.02984517233391,1.0349355806483995,1.035033069940516,1.0325670902570427
Hepatocyte_15weeks_Animal1_Capture2_TGCCCATTCTGCGGCA,1.02567865240053,1.0293869835636504,1.031155012825523,1.032324679078772
Hepatocyte_15weeks_Animal1_Capture2_TGCCCTAAGAAGGGTA,0.959805211194941,0.9633091693218242,0.9640051354125608,0.9633803201073808
Hepatocyte_15weeks_Animal1_Capture2_TGCCCTAGTAATAGCA,1.02446273290951,1.0195428056934968,1.01385816815764,1.0083744106864023
Hepatocyte_15weeks_Animal1_Capture2_TGCGCAGAGACGACGT,1.02808193225387,1.0240308390145652,1.019287156721115,1.014771612785795
Hepatocyte_15weeks_Animal1_Capture2_TGCGTGGAGCCTTGAT,1.11637361659952,1.115430440105424,1.1135691236721796,1.111754826552523
Hepatocyte_15weeks_Animal1_Capture2_TGCGTGGAGTCATGCT,0.972746970033273,0.9729140463954744,0.9720864667885863,0.9711844129427964
Hepatocyte_15weeks_Animal1_Capture2_TGCGTGGCAGCCTGTG,1.01704953788351,1.0183781989118057,1.0180348283511662,1.0172573288144982
Hepatocyte_15weeks_Animal1_Capture2_TGCGTGGGTAAACCTC,1.01399472916861,1.0151251690784036,1.015213808630277,1.0152462074376705
Hepatocyte_15weeks_Animal1_Capture2_TGCTACCAGGTCGGAT,0.956581111070877,0.9606391572165398,0.963130478256106,0.9651612740838806
Hepatocyte_15weeks_Animal1_Capture2_TGCTACCGTGAGCGAT,0.917178951033574,0.91918805846437,0.9202263745432012,0.9211779642884608
Hepatocyte_15weeks_Animal1_Capture2_TGCTGCTTCCATGAAC,1.02037211102046,1.0238816763780216,1.0259551780664202,1.0277199498851357
Hepatocyte_15weeks_Animal1_Capture2_TGCTGCTTCCGTACAA,0.950997426741743,0.9601918634128936,0.9680479504318296,0.9754876406008544
Hepatocyte_15weeks_Animal1_Capture2_TGGACGCTCACATAGC,1.0301747251256,1.0306663353787016,1.0297996205096405,1.0287033185364034
Hepatocyte_15weeks_Animal1_Capture2_TGGCCAGAGGGTGTGT,0.926469119838633,0.9344625512856384,0.940683888665076,0.9462725078012784
Hepatocyte_15weeks_Animal1_Capture2_TGGCCAGTCGGAAATA,0.878417068689495,0.8905735862996944,0.9015062376709544,0.9119927684819192
Hepatocyte_15weeks_Animal1_Capture2_TGGCGCAAGTGAACAT,0.939210098580394,0.9424109062646856,0.9434294666870467,0.9436705216225776
Hepatocyte_15weeks_Animal1_Capture2_TGGCTGGAGTTAACGA,1.02975229468177,1.032275793270348,1.0335296508977636,1.0345553060930242
Hepatocyte_15weeks_Animal1_Capture2_TGGCTGGCAGGGTATG,0.933826540120188,0.943160847392192,0.951163084369679,0.9587426213016524
Hepatocyte_15weeks_Animal1_Capture2_TGGGCGTCAATGGAGC,0.920266180941768,0.9281677671056936,0.934936736794266,0.941406784136574
Hepatocyte_15weeks_Animal1_Capture2_TGGGCGTTCCTCCTAG,0.975383977219817,0.9903178093035044,1.000082088472309,1.005893766082799
Hepatocyte_15weeks_Animal1_Capture2_TGGGCGTTCGTACCGG,1.02543331270252,1.0309418504593333,1.0344825686249095,1.03737515940382
Hepatocyte_15weeks_Animal1_Capture2_TGGTTAGTCATTCACT,0.916749613119537,0.923849158059504,0.9298470164984356,0.9355609066580864
Hepatocyte_15weeks_Animal1_Capture2_TGTATTCCACAACGCC,1.01534364838033,1.0119886078582034,1.007429255064588,1.0028211988184554
Hepatocyte_15weeks_Animal1_Capture2_TGTATTCCAGCTATTG,1.03586702752654,1.0353955029810515,1.0333216940746377,1.0308895595441512
Hepatocyte_15weeks_Animal1_Capture2_TGTCCCAGTGAACCTT,0.953929322934936,0.95900729170072,0.9630031681354744,0.9667642350385004
Hepatocyte_15weeks_Animal1_Capture2_TGTCCCAGTGATGATA,1.0293896773408,1.0303337160316532,1.0293145001956414,1.027311684725404
Hepatocyte_15weeks_Animal1_Capture2_TGTCCCAGTTCCGTCT,0.971870794604194,0.9765101079518222,0.9787927868778856,0.9803032154143588
Hepatocyte_15weeks_Animal1_Capture2_TGTGGTATCAGGCGAA,1.03349783328005,1.0326737672297095,1.0300779019403503,1.0270751945743837
Hepatocyte_15weeks_Animal1_Capture2_TGTGTTTGTATATGGA,0.953365816316868,0.9562007028369934,0.9575932000923394,0.9585257697055656
Hepatocyte_15weeks_Animal1_Capture2_TGTGTTTTCTCCCTGA,1.02430212644394,1.026076343583593,1.0256837032431183,1.0246503645356584
Hepatocyte_15weeks_Animal1_Capture2_TGTTCCGCATACGCTA,1.02357210058722,1.0263410869087486,1.0278766913960458,1.0291949698795202
Hepatocyte_15weeks_Animal1_Capture2_TGTTCCGGTGCACCAC,0.964596506254794,0.9709697215185046,0.976097611765122,0.98092488063795
Hepatocyte_15weeks_Animal1_Capture2_TGTTCCGTCGTGACAT,1.03107042857649,1.027242226544113,1.022658735485459,1.018249762496666
Hepatocyte_15weeks_Animal1_Capture2_TTAGGACCAAACCTAC,1.03181096468054,1.033755427808426,1.034671793872701,1.0354903095513774
Hepatocyte_15weeks_Animal1_Capture2_TTAGGACGTGTGCGTC,0.944535172365166,0.954147046657588,0.9624515416652548,0.9703450851723736
Hepatocyte_15weeks_Animal1_Capture2_TTATGCTTCGTACGGC,1.01786620112737,1.0131203114657477,1.0077066581546446,1.0025748399358207
Hepatocyte_15weeks_Animal1_Capture2_TTATGCTTCGTCTGCT,0.927426908389219,0.93248683493101,0.9365260552709324,0.9403715669556316
Hepatocyte_15weeks_Animal1_Capture2_TTCCCAGAGTTCCACA,0.98857504310868,0.9935174701610534,0.9959575492994271,0.9973777957015012
Hepatocyte_15weeks_Animal1_Capture2_TTCCCAGTCTGGCGTG,0.89488821201982,0.9000888598270756,0.9043773362432368,0.908503530920722
Hepatocyte_15weeks_Animal1_Capture2_TTCGAAGAGAACTGTA,0.959780987241991,0.973884854648886,0.9835372507245036,0.9901908055361064
Hepatocyte_15weeks_Animal1_Capture2_TTCGGTCCAAGAGTCG,0.94489487716743,0.950820096803452,0.953531178484616,0.9548092970488434
Hepatocyte_15weeks_Animal1_Capture2_TTCGGTCGTGACTCAT,0.966391370580649,0.9708430018778116,0.97392114323708,0.9766603762419382
Hepatocyte_15weeks_Animal1_Capture2_TTCTACACAATAAGCA,1.04121153721469,1.0436327842370543,1.044946962476765,1.0461268046401897
Hepatocyte_15weeks_Animal1_Capture2_TTCTACACAATGGATA,0.947105734810762,0.9494930864979724,0.9510256592779084,0.9524996651345848
Hepatocyte_15weeks_Animal1_Capture2_TTCTCAAAGAGCTATA,1.02133746843783,1.0225141099673878,1.0223693889670615,1.0220429158440794
Hepatocyte_15weeks_Animal1_Capture2_TTCTCAATCAATAAGG,0.956232092971986,0.9623926990562892,0.9663344818176368,0.9694325271335036
Hepatocyte_15weeks_Animal1_Capture2_TTCTCCTGTGATGTGG,1.02008753752269,1.020864215273765,1.0206003833710402,1.0202851763228145
Hepatocyte_15weeks_Animal1_Capture2_TTCTCCTTCGCCAAAT,1.03494143590941,1.0359526716308696,1.0359834821698477,1.035980852745984
Hepatocyte_15weeks_Animal1_Capture2_TTCTCCTTCGCTTAGA,1.02003373024579,1.0240604577849486,1.026931377421428,1.029600123582393
Hepatocyte_15weeks_Animal1_Capture2_TTCTTAGAGCTCTCGG,0.910501803909325,0.9181305955765844,0.9246788088365928,0.9309347590246172
Hepatocyte_15weeks_Animal1_Capture2_TTCTTAGGTAATTGGA,1.03392055529912,1.04340814203542,1.0480839585286683,1.0496607436522745
Hepatocyte_15weeks_Animal1_Capture2_TTGAACGGTCAACTGT,1.00961413529688,1.0143866780759183,1.0165566854423742,1.0175633297974134
Hepatocyte_15weeks_Animal1_Capture2_TTGACTTTCTCGCATC,1.02543054901894,1.0270987778015108,1.0276513439764845,1.0280629459688349
Hepatocyte_15weeks_Animal1_Capture2_TTGCCGTAGGTCATCT,1.03230111306484,1.0364457066772124,1.0377231796536714,1.037859208930736
Hepatocyte_15weeks_Animal1_Capture2_TTGCCGTTCATAGCAC,1.03018626509547,1.030484340700258,1.02979250456699,1.0290531284183064
Hepatocyte_15weeks_Animal1_Capture2_TTGCCGTTCCAGAAGG,1.03535811766927,1.0350570501610952,1.033563441156597,1.0319472226065949
Hepatocyte_15weeks_Animal1_Capture2_TTGCGTCCACATCTTT,1.01714822068071,1.0223893878899162,1.0256604623827206,1.028295229116376
Hepatocyte_15weeks_Animal1_Capture2_TTGGAACCAGCTGTAT,0.808977415824846,0.8166238960685042,0.8232971763774647,0.829663656822451
Hepatocyte_15weeks_Animal1_Capture2_TTGGAACTCTAGCACA,1.01927519471657,1.0218918521932543,1.0229951526783112,1.0237677750630343
Hepatocyte_15weeks_Animal1_Capture2_TTGTAGGAGATAGCAT,0.941602094237968,0.9511152211958652,0.9594204930625068,0.967319118683184
Hepatocyte_15weeks_Animal1_Capture2_TTGTAGGAGGAGCGAG,0.956559007978608,0.9661491839484772,0.9738716703157392,0.980929686421054
Hepatocyte_15weeks_Animal1_Capture2_TTGTAGGTCCAAACTG,1.02851735855182,1.0281717520962388,1.025664076781379,1.0225727893879757
Hepatocyte_15weeks_Animal1_Capture2_TTTACTGAGGTGTTAA,0.97705645376106,0.980688097998684,0.9833725191776492,0.9859337379780002
Hepatocyte_15weeks_Animal1_Capture2_TTTACTGTCTCTTGAT,1.02201338857169,1.008149133994266,0.9942550639810382,0.981199345794876
Hepatocyte_15weeks_Animal1_Capture2_TTTCCTCCAGACTCGC,1.02034858224608,1.032728764281611,1.0409749744487116,1.046750601693461
Hepatocyte_15weeks_Animal1_Capture2_TTTGCGCAGGCGCTCT,0.942237246348744,0.9510747729453504,0.9579171267644973,0.9639798198853556
Hepatocyte_15weeks_Animal1_Capture2_TTTGCGCCAATCTACG,1.03713772212529,1.0392950420555298,1.0403488685768036,1.0412696162217516
Hepatocyte_15weeks_Animal1_Capture2_TTTGTCAGTCTCCACT,1.02970675794744,1.0340068292754474,1.037208424441037,1.0402402979270713
Hepatocyte_15weeks_Animal1_Capture2_TTTGTCATCGATCCCT,0.928113820401855,0.930034996121077,0.930771804762308,0.9313129514100036
Hepatocyte_15weeks_Animal3_Capture1_AAACCTGTCCGTTGTC,1.02584204307587,1.0216079949838304,1.0157613184168477,1.0097579735952948
Hepatocyte_15weeks_Animal3_Capture1_AAAGTAGAGCCGTCGT,1.03114846408091,1.0237563262082092,1.015860088823076,1.0084226235924791
Hepatocyte_15weeks_Animal3_Capture1_AAAGTAGGTCAATACC,1.01778229788406,1.01041161819489,1.0023298042450146,0.9946434871266058
Hepatocyte_15weeks_Animal3_Capture1_AAATGCCAGCTGTTCA,1.03330823480332,1.034217703044489,1.0341296737165009,1.0340478923320915
Hepatocyte_15weeks_Animal3_Capture1_AAATGCCTCCTTGACC,0.903307050728756,0.8994285072831473,0.8946238660272631,0.8899780281233208
Hepatocyte_15weeks_Animal3_Capture1_AACACGTTCTTGCAAG,1.03223617886922,1.0332132001035448,1.0332088794337482,1.0331982151822927
Hepatocyte_15weeks_Animal3_Capture1_AACCGCGGTGCTGTAT,0.957435083490376,0.958796079282452,0.9591575254816525,0.959493742796824
Hepatocyte_15weeks_Animal3_Capture1_AACCGCGTCACATGCA,1.0176726270731,1.0130093549982857,1.0078677489810484,1.003177632061997
Hepatocyte_15weeks_Animal3_Capture1_AACCGCGTCGAACGGA,1.01568622564059,1.0118514719531744,1.007261713759645,1.002918041306274
Hepatocyte_15weeks_Animal3_Capture1_AACGTTGTCATCGGAT,1.01578908552432,1.0100960449438496,1.003847204854797,0.9980195153141486
Hepatocyte_15weeks_Animal3_Capture1_AACTGGTAGCCGATTT,0.894372179499364,0.8969312270550353,0.8986286295257633,0.90032088906433
Hepatocyte_15weeks_Animal3_Capture1_AACTGGTCAGACGCAA,1.02630704539016,1.0250682464380665,1.0229385983300625,1.020901482856369
Hepatocyte_15weeks_Animal3_Capture1_AACTTTCCACCGGAAA,0.904466115528269,0.909299462262761,0.9130780783595972,0.9166748919012132
Hepatocyte_15weeks_Animal3_Capture1_AACTTTCCAGACGTAG,1.01651642934942,1.0068538853326552,0.9967518457530826,0.9872538094963678
Hepatocyte_15weeks_Animal3_Capture1_AAGACCTAGTACGCCC,1.01357147544243,1.0004848974161935,0.9862667529444832,0.972358468966039
Hepatocyte_15weeks_Animal3_Capture1_AAGACCTGTCGGCACT,1.02415659110944,1.0235772772889822,1.0222094224388292,1.0210169997429384
Hepatocyte_15weeks_Animal3_Capture1_AAGGAGCAGCACACAG,1.01112952928199,1.007557027707774,1.003128554290551,0.9988731529445852
Hepatocyte_15weeks_Animal3_Capture1_AAGTCTGCATGTAAGA,1.01931471686659,1.015488475964313,1.0109481158868463,1.0067041963365533
Hepatocyte_15weeks_Animal3_Capture1_AATCCAGGTATGAAAC,1.02261404470458,1.0224070670789556,1.0213149242264072,1.0202874572720215
Hepatocyte_15weeks_Animal3_Capture1_AATCCAGTCACTTACT,1.01541553449271,1.0081540316150013,1.0004905971457587,0.9933764991154288
Hepatocyte_15weeks_Animal3_Capture1_AATCGGTCAGCATACT,1.02975405909684,1.023527555866896,1.0165083040596357,1.0097803174424924
Hepatocyte_15weeks_Animal3_Capture1_ACACCCTCAATGGAGC,1.0152624981757,1.0123645790528182,1.0077491962049645,1.00282133316886
Hepatocyte_15weeks_Animal3_Capture1_ACACCGGCAAGGACAC,1.13615270148754,1.1343115336369611,1.1315791942902638,1.1290410266390063
Hepatocyte_15weeks_Animal3_Capture1_ACACCGGGTGGTGTAG,1.01663249511042,1.0088741762144595,1.0005065844775596,0.9925812536124184
Hepatocyte_15weeks_Animal3_Capture1_ACAGCCGAGTCCATAC,1.01443194442819,1.0124338944349875,1.00973877683454,1.0072766836051044
Hepatocyte_15weeks_Animal3_Capture1_ACAGCCGTCCAACCAA,0.979854296740391,0.9878867880905026,0.99459050313714,1.0009226162887694
Hepatocyte_15weeks_Animal3_Capture1_ACAGCTACAAGAAGAG,1.0316912388269,1.0255927441813764,1.0189625437903402,1.0127691161907084
Hepatocyte_15weeks_Animal3_Capture1_ACAGCTACAAGGACAC,1.01705809965903,1.0122872373212224,1.0069161414933367,1.0019788166377623
Hepatocyte_15weeks_Animal3_Capture1_ACAGCTACACCTCGTT,1.0139914603118,1.00495675991867,0.9952773273679164,0.985998885018074
Hepatocyte_15weeks_Animal3_Capture1_ACATCAGTCTTAGAGC,1.01550629782129,1.005763303999846,0.9957344487614468,0.9863767516796303
Hepatocyte_15weeks_Animal3_Capture1_ACATGGTCACCAACCG,1.01242905509981,1.0091029722341265,1.0051214364746195,1.0014466636175972
Hepatocyte_15weeks_Animal3_Capture1_ACCAGTAAGGTGCAAC,1.02004724912442,1.00972530860712,0.9991394128973894,0.9892844401792976
Hepatocyte_15weeks_Animal3_Capture1_ACCAGTACATGCCTAA,1.02184896647521,1.0191037867249364,1.0155966796853542,1.0123039324297292
Hepatocyte_15weeks_Animal3_Capture1_ACCGTAACAGGAATCG,1.03755395058658,1.033882710113314,1.0294464958089784,1.025246961779552
Hepatocyte_15weeks_Animal3_Capture1_ACCGTAACATCTCCCA,1.02103342351371,1.0140350966531693,1.0061760160377735,0.9985559996472976
Hepatocyte_15weeks_Animal3_Capture1_ACCTTTAAGAGGGATA,1.02487053664664,1.0216953850434334,1.0178087837387095,1.0141564035843214
Hepatocyte_15weeks_Animal3_Capture1_ACCTTTACAAGTTCTG,1.02550016426564,1.0257611452026538,1.0251620632753151,1.0246697110873748
Hepatocyte_15weeks_Animal3_Capture1_ACCTTTAGTACCGTTA,0.945544260071188,0.9481053062151056,0.9496996240797738,0.951243255857218
Hepatocyte_15weeks_Animal3_Capture1_ACGAGCCCATCAGTAC,1.02024447041127,1.0171027255340153,1.0130529207687409,1.00911534261805
Hepatocyte_15weeks_Animal3_Capture1_ACGAGCCCATGCTAGT,1.01722736238355,1.013372339200132,1.0086169796362212,1.0040503446607905
Hepatocyte_15weeks_Animal3_Capture1_ACGATACAGGATCGCA,1.02143840531202,1.0129183770631605,1.0038254125135866,0.9952821788371016
Hepatocyte_15weeks_Animal3_Capture1_ACGATACAGTGCGTGA,1.01584984463106,1.004668583737739,0.992655746096649,0.981143684632756
Hepatocyte_15weeks_Animal3_Capture1_ACGATACCAAGAGTCG,1.00652820301087,0.9942238291186376,0.981038355031697,0.9683158243352008
Hepatocyte_15weeks_Animal3_Capture1_ACGATACCACTGTCGG,1.02072243886206,1.0161701873933384,1.0110640328030196,1.0063276175513436
Hepatocyte_15weeks_Animal3_Capture1_ACGATACGTGTGTGCC,1.01930088178238,1.0190576376283271,1.018039459752738,1.0172171063429374
Hepatocyte_15weeks_Animal3_Capture1_ACGATGTAGACTAGGC,0.832270343213453,0.8329828300691269,0.832950793362606,0.832981828455802
Hepatocyte_15weeks_Animal3_Capture1_ACGATGTCACATCTTT,1.01814232998882,1.0109842530672188,1.0032414069254232,0.9959413551703012
Hepatocyte_15weeks_Animal3_Capture1_ACGCAGCAGTGTTAGA,1.00513517900818,0.9947738087253524,0.9841645679180916,0.9742938435046612
Hepatocyte_15weeks_Animal3_Capture1_ACGCCAGAGTCGTTTG,1.0098225465585,0.99343392838522,0.9771896366154974,0.9620413454993356
Hepatocyte_15weeks_Animal3_Capture1_ACGCCAGGTAGAGTGC,1.02009650508954,1.0147140409588669,1.0086208879533625,1.002828415572556
Hepatocyte_15weeks_Animal3_Capture1_ACGCCGAAGCGGATCA,1.03250755034825,0.9726393679914136,0.928352028455516,0.9016343099565663
Hepatocyte_15weeks_Animal3_Capture1_ACGGAGACATACTACG,1.03811502497693,0.9868371085500964,0.9494001819444344,0.9291299483525566
Hepatocyte_15weeks_Animal3_Capture1_ACGGCCAGTATTCGTG,1.01436892329646,1.000383697516191,0.9865083645645816,0.9736495654252502
Hepatocyte_15weeks_Animal3_Capture1_ACGGGTCAGCTACCGC,1.01287579732352,1.001124703623881,0.989263567012964,0.9782403360460878
Hepatocyte_15weeks_Animal3_Capture1_ACGTCAATCGTGTAGT,1.03092769119723,1.0300210968633543,1.0278328718085434,1.0255501824932811
Hepatocyte_15weeks_Animal3_Capture1_ACGTCAATCTCAAACG,1.02892804360556,1.0157500804126551,1.0019610088601614,0.9888760165652632
Hepatocyte_15weeks_Animal3_Capture1_ACTATCTAGGCGTACA,1.01683800149336,1.0075941938523525,0.9979701141259594,0.9890231471005282
Hepatocyte_15weeks_Animal3_Capture1_ACTGAACGTCGAATCT,1.01555034495859,1.0094294304049294,1.0027859215564887,0.9965474942074302
Hepatocyte_15weeks_Animal3_Capture1_ACTGAGTCAATGTAAG,1.15854490726811,1.137141398810782,1.1160661078594687,1.096403753011684
Hepatocyte_15weeks_Animal3_Capture1_ACTGAGTTCAGGCCCA,1.01195493457107,1.0092585959738365,1.0054204486680631,1.0016344064664513
Hepatocyte_15weeks_Animal3_Capture1_ACTGCTCTCGGAAACG,1.01773745357686,1.014322059115957,1.0101684132071014,1.0062597289330395
Hepatocyte_15weeks_Animal3_Capture1_ACTGTCCAGCTGGAAC,1.01526385966402,1.0144093143061057,1.0128531490463797,1.0115427399257495
Hepatocyte_15weeks_Animal3_Capture1_ACTTGTTAGTAGGTGC,1.15667010774436,1.1363343497672962,1.1162804781184616,1.0975936268545816
Hepatocyte_15weeks_Animal3_Capture1_ACTTTCAAGATGTCGG,1.02151924230695,1.012633661416361,1.003418261685302,0.9948161768822924
Hepatocyte_15weeks_Animal3_Capture1_AGAATAGCACCAGATT,1.1391347769669,1.1282917366530791,1.1169920235908049,1.1063379794791584
Hepatocyte_15weeks_Animal3_Capture1_AGAATAGCACCTCGTT,1.03000808911293,1.0222476115325176,1.0141207280357811,1.0065760643398634
Hepatocyte_15weeks_Animal3_Capture1_AGAATAGTCCCTCTTT,1.02968593628446,1.031379896309606,1.0320076832188376,1.032580688953676
Hepatocyte_15weeks_Animal3_Capture1_AGACGTTCATGCTAGT,0.851188176133569,0.858028370992073,0.8637065351790371,0.8690890856395582
Hepatocyte_15weeks_Animal3_Capture1_AGAGCGAAGTAGCGGT,1.02244815519853,1.012042473117028,1.000207459174952,0.988461804285718
Hepatocyte_15weeks_Animal3_Capture1_AGAGCGATCAGCCTAA,1.02964171637954,1.028946760747368,1.0274405739518666,1.0260760758129477
Hepatocyte_15weeks_Animal3_Capture1_AGATCTGAGAGCTTCT,0.935871641490954,0.9433218637105464,0.9495826522068016,0.9555607544135856
Hepatocyte_15weeks_Animal3_Capture1_AGATCTGTCACCGTAA,0.896679130739632,0.9052086085465296,0.9125906795015224,0.919672928576906
Hepatocyte_15weeks_Animal3_Capture1_AGATTGCCACAAGCCC,0.89251595546127,0.8921489638245764,0.891013199332265,0.8900003144290523
Hepatocyte_15weeks_Animal3_Capture1_AGCAGCCAGCACAGGT,1.01869064356109,1.0083216168763671,0.9977529344507544,0.9879125135077684
Hepatocyte_15weeks_Animal3_Capture1_AGCAGCCAGCGTGAGT,1.01613837893997,1.0109690602129628,1.005273638338788,1.0000061347122813
Hepatocyte_15weeks_Animal3_Capture1_AGCAGCCCAGCGTTCG,1.01133591837944,1.0098744631701393,1.0075096742433542,1.0052705512925997
Hepatocyte_15weeks_Animal3_Capture1_AGCATACCATATACGC,0.942250471773951,0.940411016929703,0.9377676946488492,0.9352631050221784
Hepatocyte_15weeks_Animal3_Capture1_AGCCTAACACAGGAGT,1.0184568171391,1.0058183486258605,0.9925438973600526,0.979853804749255
Hepatocyte_15weeks_Animal3_Capture1_AGCCTAACACCATCCT,1.03412123948364,1.0371980599001438,1.0391804027794331,1.0410670913536066
Hepatocyte_15weeks_Animal3_Capture1_AGCCTAATCTGTCTCG,1.0173472582249,1.005676512830347,0.993550187425216,0.9820383180593932
Hepatocyte_15weeks_Animal3_Capture1_AGCGGTCCAAGCTGGA,1.03659279404667,1.034722154676284,1.0319950820505928,1.0294114689299598
Hepatocyte_15weeks_Animal3_Capture1_AGCGGTCGTTGTCGCG,1.01631984304681,1.0047866117220032,0.9927867342655218,0.981472335095962
Hepatocyte_15weeks_Animal3_Capture1_AGCGTATCAACGATCT,0.91745042469334,0.91511520760318,0.912210319946162,0.9095783504926428
Hepatocyte_15weeks_Animal3_Capture1_AGCGTATGTTACGACT,1.02838338441551,1.0242214082280314,1.0193117134250047,1.0146569684510651
Hepatocyte_15weeks_Animal3_Capture1_AGCTCTCAGAACAATC,1.01794414270127,1.0122846333229625,1.005805022285903,0.9996578503250836
Hepatocyte_15weeks_Animal3_Capture1_AGCTTGAAGGTAGCTG,1.026994069405,1.0176541390809914,1.0078148373988731,0.9984894117411982
Hepatocyte_15weeks_Animal3_Capture1_AGGCCACCACGCCAGT,1.01086213394738,1.0032434885057762,0.9952755063427556,0.9878848537134942
Hepatocyte_15weeks_Animal3_Capture1_AGGCCGTGTGTAAGTA,1.02968008854583,1.0271376327029125,1.0237769219799755,1.0205976810995028
Hepatocyte_15weeks_Animal3_Capture1_AGGGATGAGCTCTCGG,0.936962352160089,0.9368956480685556,0.9359467630611256,0.9351167962799054
Hepatocyte_15weeks_Animal3_Capture1_AGGGATGCATCTATGG,1.0289559468761,1.0215778993581506,1.0138289105093463,1.0066426181581685
Hepatocyte_15weeks_Animal3_Capture1_AGGGTGATCTGCTGTC,1.01578613320578,1.0067066100520776,0.9971518750155752,0.9881968553994316
Hepatocyte_15weeks_Animal3_Capture1_AGGTCCGAGCCAGTTT,0.910973172455457,0.9164424239560764,0.9208476720853748,0.925074890713016
Hepatocyte_15weeks_Animal3_Capture1_AGTAGTCCAACTGCGC,1.02514749930762,1.0203969510557342,1.015159151446595,1.010378613462377
Hepatocyte_15weeks_Animal3_Capture1_AGTAGTCGTTACGCGC,1.00960886103214,0.9953630686071688,0.9800356762674488,0.9651793948180296
Hepatocyte_15weeks_Animal3_Capture1_AGTAGTCTCTATCCTA,1.02831348832017,1.0212866935532574,1.0137697248156097,1.0067335169103189
Hepatocyte_15weeks_Animal3_Capture1_AGTGAGGGTTAAGGGC,1.03502465228697,1.0224871340759096,1.009580045857681,0.997455657122206
Hepatocyte_15weeks_Animal3_Capture1_AGTGAGGTCTGAAAGA,1.01206661316453,1.0063280087852555,0.999578608525552,0.9930936177693858
Hepatocyte_15weeks_Animal3_Capture1_AGTGTCACAGCATACT,0.904371444940108,0.9041340503349706,0.9029733197800414,0.9018319423647256
Hepatocyte_15weeks_Animal3_Capture1_AGTGTCACATCTACGA,1.02623153509867,1.0214156682468287,1.01604106899725,1.011072477898866
Hepatocyte_15weeks_Animal3_Capture1_ATAACGCGTAGCTTGT,0.902252313918432,0.9001942736204978,0.8975047452502704,0.8950448809021488
Hepatocyte_15weeks_Animal3_Capture1_ATAGACCAGAGGTACC,1.01736602534856,1.0093581184150189,1.0008287506448932,0.9927924365146998
Hepatocyte_15weeks_Animal3_Capture1_ATAGACCAGTTCCACA,1.02867049702694,1.0331416247526677,1.0364037973434963,1.0394525529312555
Hepatocyte_15weeks_Animal3_Capture1_ATAGACCCAAGCCGCT,1.0186982650293,1.015144729277246,1.010681796977136,1.006405457719036
Hepatocyte_15weeks_Animal3_Capture1_ATCATCTCAAATCCGT,1.02371598486618,1.0223670715727404,1.0203251356581755,1.018522726225845
Hepatocyte_15weeks_Animal3_Capture1_ATCGAGTCAAGACACG,1.01167487325644,1.000411512342558,0.9888794651224226,0.9780953823613824
Hepatocyte_15weeks_Animal3_Capture1_ATCGAGTCAATCACAC,1.03818219791518,1.0415627612575875,1.0437865613493564,1.045859616046554
Hepatocyte_15weeks_Animal3_Capture1_ATCGAGTCAGGAATCG,1.01764997195381,1.0082911072832097,0.9986178460470948,0.9896068018315072
Hepatocyte_15weeks_Animal3_Capture1_ATCGAGTTCCACGACG,0.910594318862323,0.9108898655119624,0.9102944251503128,0.909721282363528
Hepatocyte_15weeks_Animal3_Capture1_ATCTGCCTCCAGAAGG,1.01006685566176,1.0023851641340908,0.9939699607156668,0.9859123971356376
Hepatocyte_15weeks_Animal3_Capture1_ATGCGATCAAGAAGAG,1.01867233964502,1.016896904140739,1.014298719457733,1.0118336259337797
Hepatocyte_15weeks_Animal3_Capture1_ATGCGATGTTGCCTCT,1.0144454051527,1.012327291542184,1.0094227770676627,1.0066952230703703
Hepatocyte_15weeks_Animal3_Capture1_ATGTGTGTCAACGAAA,1.0164599450178,1.0108597313447276,1.0046983757639243,0.9990032433566132
Hepatocyte_15weeks_Animal3_Capture1_ATTACTCCATTCGACA,1.02937060990649,1.0274140649832384,1.0245752500389274,1.0218466047348378
Hepatocyte_15weeks_Animal3_Capture1_ATTCTACAGAAACCGC,1.01352222269096,1.0064137982292858,0.998735396529894,0.9915198400617666
Hepatocyte_15weeks_Animal3_Capture1_ATTCTACCATGCCACG,0.965697132981072,0.9690266613606184,0.9712105069217164,0.9732586401639772
Hepatocyte_15weeks_Animal3_Capture1_ATTGGACGTAAGGGCT,1.00781581369021,1.0038789319417312,0.9993690026304616,0.9952468039340644
Hepatocyte_15weeks_Animal3_Capture1_ATTGGACTCCAAACAC,1.03688026376983,1.0287463962526255,1.020065928904617,1.0118532120724857
Hepatocyte_15weeks_Animal3_Capture1_ATTGGTGGTCTGCCAG,1.03254570911171,1.0297029035717564,1.0261595966954098,1.0228778649451182
Hepatocyte_15weeks_Animal3_Capture1_ATTTCTGGTAACGCGA,1.02628915090622,1.0237981062787718,1.020572331173098,1.017609955147443
Hepatocyte_15weeks_Animal3_Capture1_CAACCTCCAGGAATGC,1.0102288484382,1.0091322009168564,1.0072539881733749,1.0055359003524889
Hepatocyte_15weeks_Animal3_Capture1_CAACCTCGTACTTCTT,1.01447670517427,1.006092252307096,0.997483649274856,0.989594418998044
Hepatocyte_15weeks_Animal3_Capture1_CAACCTCGTTGTGGAG,1.01276310315836,1.008662414818933,1.0037187684683109,0.9990307980663444
Hepatocyte_15weeks_Animal3_Capture1_CAAGAAAAGACAAGCC,0.892408857526504,0.8896389065772753,0.8861345510358833,0.8828285462635955
Hepatocyte_15weeks_Animal3_Capture1_CAAGAAATCAGTGTTG,0.802836886457416,0.8077143504914377,0.8113769939553883,0.8147514433617234
Hepatocyte_15weeks_Animal3_Capture1_CAAGATCCATAAGACA,1.02151165361528,1.0102553482764396,0.998910505919516,0.988401113374356
Hepatocyte_15weeks_Animal3_Capture1_CAAGGCCAGAGCCTAG,1.02380844412697,1.0104448952644045,0.9968337833805578,0.9840197211116564
Hepatocyte_15weeks_Animal3_Capture1_CACACAATCTGAAAGA,1.01625683875922,1.003811057378312,0.9913218477277124,0.979720574193572
Hepatocyte_15weeks_Animal3_Capture1_CACAGGCCAAAGGCGT,0.794066866795693,0.7927031066745905,0.7907530527641514,0.7890229187931382
Hepatocyte_15weeks_Animal3_Capture1_CACAGGCGTTTCGCTC,0.862828497279865,0.8643878676006671,0.8651746692480708,0.866020183236447
Hepatocyte_15weeks_Animal3_Capture1_CACAGTAAGTGGTAGC,0.922167831299547,0.9251281179055636,0.9259468965579472,0.9261483910674992
Hepatocyte_15weeks_Animal3_Capture1_CACAGTACAACCGCCA,0.89655507787333,0.8904967273435981,0.8840582837652811,0.8780772061876496
Hepatocyte_15weeks_Animal3_Capture1_CACAGTAGTCTACCTC,1.01918554363602,1.01422974698979,1.0086842508314446,1.0035053551235915
Hepatocyte_15weeks_Animal3_Capture1_CACAGTATCGCCGTGA,0.906207532790757,0.9024463377738112,0.8979860220401135,0.8937967577652035
Hepatocyte_15weeks_Animal3_Capture1_CACCACTAGTGTCCCG,1.03545830673586,1.0324746573506574,1.0287698321924368,1.025333801096707
Hepatocyte_15weeks_Animal3_Capture1_CACCACTTCGAATCCA,0.930065563325259,0.9329624457571202,0.934841995107152,0.9366115020804212
Hepatocyte_15weeks_Animal3_Capture1_CACCAGGCACGGTAAG,1.01524531078092,1.013905540748578,1.0117984535411717,1.0099078651123274
Hepatocyte_15weeks_Animal3_Capture1_CACCTTGGTGTCGCTG,1.01699715187203,1.016964098945955,1.015573549126649,1.0141438457723424
Hepatocyte_15weeks_Animal3_Capture1_CACCTTGGTTGATTCG,0.894144946246011,0.8942169035158278,0.8934792819232068,0.8928171329462489
Hepatocyte_15weeks_Animal3_Capture1_CACTCCAAGCATCATC,0.949914846043036,0.9515394902672172,0.9521051916778762,0.9525484523258028
Hepatocyte_15weeks_Animal3_Capture1_CAGAATCGTTATTCTC,1.02372062911625,1.0189667839723344,1.0136953579604029,1.0088342478816394
Hepatocyte_15weeks_Animal3_Capture1_CAGAATCTCATCGCTC,1.01493908457785,1.0096561468238738,1.0034676004299503,0.9974795308987604
Hepatocyte_15weeks_Animal3_Capture1_CAGAATCTCGCCATAA,1.0146632782781,1.013010240782673,1.0101826170036246,1.0073610297614684
Hepatocyte_15weeks_Animal3_Capture1_CAGAATCTCTCGCATC,1.01698681850731,1.0142059404008663,1.0106904663082683,1.0074169045807593
Hepatocyte_15weeks_Animal3_Capture1_CAGCAGCAGGTCATCT,1.1510480367703,1.1350975958487293,1.1192397128505418,1.1045284696084745
Hepatocyte_15weeks_Animal3_Capture1_CAGCATATCGGTCCGA,1.02081130535138,1.018973046793603,1.0163403836210048,1.013900746821934
Hepatocyte_15weeks_Animal3_Capture1_CAGCCGAGTCAATACC,0.961525534606117,0.96427156439608,0.965958610581099,0.9675351926111544
Hepatocyte_15weeks_Animal3_Capture1_CAGCTAACATGCATGT,1.00917522902091,1.0024686522314876,0.9951853339845596,0.9883754152292838
Hepatocyte_15weeks_Animal3_Capture1_CAGCTAATCTGATTCT,1.02162644739764,1.021012283761131,1.0195820656337395,1.0183014237632615
Hepatocyte_15weeks_Animal3_Capture1_CAGCTGGGTATAGGTA,0.89927180022512,0.8919128567804231,0.8840599855738509,0.8766405042567392
Hepatocyte_15weeks_Animal3_Capture1_CAGGTGCAGATCGGGT,1.01507840004704,1.0100545904958893,1.0043384736868854,0.9989696425148455
Hepatocyte_15weeks_Animal3_Capture1_CAGGTGCGTGCACTTA,1.01407179930479,1.01318615756948,1.0088658085125135,1.0030048908652782
Hepatocyte_15weeks_Animal3_Capture1_CAGTAACCACACAGAG,1.02245714070074,1.0075960897811702,0.9928952449941189,0.9792636936512648
Hepatocyte_15weeks_Animal3_Capture1_CAGTCCTGTTCGCTAA,0.953374739660269,0.9616651819139328,0.9687821333800982,0.9756362152584004
Hepatocyte_15weeks_Animal3_Capture1_CAGTCCTTCTCTAGGA,1.01599065715546,1.005816769776389,0.9948422960693716,0.9842696088102428
Hepatocyte_15weeks_Animal3_Capture1_CATATGGTCAAGATCC,1.02999086626476,1.0334826901804908,1.0358453420753444,1.0380837577624786
Hepatocyte_15weeks_Animal3_Capture1_CATCAAGAGACTCGGA,1.01909551990896,1.009629290713023,0.9998551464398878,0.990709690101401
Hepatocyte_15weeks_Animal3_Capture1_CATCAAGTCGTGACAT,0.813557271946513,0.8164971928877761,0.8185192979636853,0.8204902288275315
Hepatocyte_15weeks_Animal3_Capture1_CATCAGACAAACTGCT,1.01530217695053,1.0058765615349363,0.9957624084210064,0.9862119167094296
Hepatocyte_15weeks_Animal3_Capture1_CATCAGACACTAGTAC,1.02019105578842,1.0208921352050009,1.0207933838538137,1.0208268988914364
Hepatocyte_15weeks_Animal3_Capture1_CATCCACCAAGCCGTC,1.02636906336643,1.021183235153361,1.0151011544392416,1.0092079336580524
Hepatocyte_15weeks_Animal3_Capture1_CATCGAACACAACTGT,1.02324448775393,1.0160437040577497,1.0073825583777851,0.9986162566765242
Hepatocyte_15weeks_Animal3_Capture1_CATGACAAGGTGCTAG,1.01666006515336,1.0092262361210214,1.0013802838874142,0.9941117790028212
Hepatocyte_15weeks_Animal3_Capture1_CATGACATCACAATGC,1.01460364017967,1.0042566086270048,0.9936204378049678,0.9837277570266996
Hepatocyte_15weeks_Animal3_Capture1_CATTCGCCAGTATCTG,1.02271855106109,1.014769588279308,1.0064981280972356,0.998835161870224
Hepatocyte_15weeks_Animal3_Capture1_CCAATCCGTCGGGTCT,1.01678772705724,1.0111070482904356,1.0049000428396595,0.999139311461504
Hepatocyte_15weeks_Animal3_Capture1_CCACCTAAGGCCCTCA,1.01567395416519,1.0054822497747762,0.9949730956065856,0.9852131529345568
Hepatocyte_15weeks_Animal3_Capture1_CCACCTAAGGTGATAT,1.02372617227575,1.0216447868810872,1.0188621035231276,1.0163204790988491
Hepatocyte_15weeks_Animal3_Capture1_CCACCTAGTTGCGCAC,1.01021598100176,1.005798355325566,1.0007534302571568,0.9960750781085532
Hepatocyte_15weeks_Animal3_Capture1_CCACCTAGTTTCCACC,1.03218336139491,1.0313081236956578,1.0295747657607943,1.0279600058160712
Hepatocyte_15weeks_Animal3_Capture1_CCACTACAGAATTGTG,0.931978596867856,0.9367138521842168,0.9403431341665696,0.9437790821666852
Hepatocyte_15weeks_Animal3_Capture1_CCACTACCATTAGCCA,1.01290882720617,1.0048915318447922,0.9965263121178892,0.988758546398506
Hepatocyte_15weeks_Animal3_Capture1_CCACTACGTAGGACAC,1.01873046190155,1.0136730234107671,1.0081045156310535,1.0029816713579078
Hepatocyte_15weeks_Animal3_Capture1_CCAGCGAGTGCTCTTC,0.904622165762749,0.9049940650446784,0.90465576856925,0.904494397511925
Hepatocyte_15weeks_Animal3_Capture1_CCATGTCCAGCTGTAT,1.02056024130337,1.0058565241722632,0.9910928633717896,0.977311183854955
Hepatocyte_15weeks_Animal3_Capture1_CCATTCGAGGCGATAC,1.13942410204732,1.1295574299922366,1.1192707493292149,1.1096579492459269
Hepatocyte_15weeks_Animal3_Capture1_CCATTCGCACCATGTA,1.01540492760218,1.0152142986008204,1.014189853335269,1.0133049761885375
Hepatocyte_15weeks_Animal3_Capture1_CCATTCGGTAGTAGTA,0.948973390259412,0.9503470912035414,0.9507263846932286,0.9510800299703244
Hepatocyte_15weeks_Animal3_Capture1_CCCAATCGTGCTTCTC,1.02887788471079,1.028380900916622,1.0270293100106158,1.025818971444359
Hepatocyte_15weeks_Animal3_Capture1_CCCTCCTTCATCTGCC,1.02859441186038,1.0203886500874129,1.011646332295905,1.003447014579224
Hepatocyte_15weeks_Animal3_Capture1_CCGGGATGTATTACCG,1.04057464209202,1.0449188759477723,1.048021477035458,1.0509018561359196
Hepatocyte_15weeks_Animal3_Capture1_CCGTACTCACCGCTAG,1.04141633338827,1.0393122469263292,1.0361356370316552,1.0329920216334736
Hepatocyte_15weeks_Animal3_Capture1_CCGTGGAAGGGATACC,1.02005329347843,1.0093617139865323,0.9982630299852016,0.9878408565369492
Hepatocyte_15weeks_Animal3_Capture1_CCGTGGATCAGGTTCA,1.0202199546997,1.009604817452428,0.9980314924248888,0.9868407863786048
Hepatocyte_15weeks_Animal3_Capture1_CCTAGCTGTGAGGGAG,0.913451359277519,0.917740597885309,0.9210906492984337,0.9243735145970124
Hepatocyte_15weeks_Animal3_Capture1_CCTAGCTTCCGCGGTA,1.02193129232844,1.0166865386923365,1.0107183591352906,1.00505098226484
Hepatocyte_15weeks_Animal3_Capture1_CCTATTAAGACCTAGG,1.03753679195498,1.0382020511639056,1.0378812551944263,1.0375687523989892
Hepatocyte_15weeks_Animal3_Capture1_CCTCTGACAGACGTAG,1.01317182442664,1.00080931105976,0.9871522216309409,0.9735867910435788
Hepatocyte_15weeks_Animal3_Capture1_CCTTACGCATGCTAGT,1.01246617266568,1.0074151248542151,1.001871799140885,0.9967736209284738
Hepatocyte_15weeks_Animal3_Capture1_CCTTCGAAGGGTATCG,0.917433040622399,0.9215805691163106,0.9247951686047736,0.9279604340539562
Hepatocyte_15weeks_Animal3_Capture1_CCTTTCTAGGGCATGT,1.01074246770637,1.0028483540768034,0.9946510432400324,0.9870651414144084
Hepatocyte_15weeks_Animal3_Capture1_CCTTTCTTCCCTCTTT,1.01818728711531,1.0065733952848417,0.9939171064804784,0.9814595819395774
Hepatocyte_15weeks_Animal3_Capture1_CGAACATCATAGACTC,1.02774538452566,1.021118888480403,1.0137665695708868,1.0067699551796792
Hepatocyte_15weeks_Animal3_Capture1_CGAACATTCTACCAGA,0.929587430755399,0.9296471746176764,0.9277043902481548,0.9252413505489352
Hepatocyte_15weeks_Animal3_Capture1_CGACTTCCAAGCCTAT,1.02447121487696,1.0175232586897052,1.010126374994574,1.0032313868807066
Hepatocyte_15weeks_Animal3_Capture1_CGACTTCGTGCCTGGT,0.900328415696891,0.9004112015658516,0.8997376707567318,0.8991963737434404
Hepatocyte_15weeks_Animal3_Capture1_CGACTTCTCGAACGGA,0.891235675375687,0.8971492940871988,0.9020131101288992,0.906686675288327
Hepatocyte_15weeks_Animal3_Capture1_CGAGAAGAGGCCCGTT,1.01175191875674,1.0073502005873851,1.002365143885238,0.9977642463022068
Hepatocyte_15weeks_Animal3_Capture1_CGAGCACCAACGATGG,1.03294213602221,1.0372508623561052,1.0404159906725936,1.0434404397637749
Hepatocyte_15weeks_Animal3_Capture1_CGATCGGGTTCCATGA,1.16230665725858,1.1402476506259638,1.1185602251494209,1.0983464360036272
Hepatocyte_15weeks_Animal3_Capture1_CGATCGGTCACTTATC,1.02536517178172,1.0214060922677242,1.0167480519118364,1.012376044442533
Hepatocyte_15weeks_Animal3_Capture1_CGATGTAAGAGCCCAA,0.904761415504078,0.9027924534397392,0.9001183493235946,0.8976988189696249
Hepatocyte_15weeks_Animal3_Capture1_CGATGTAAGCGATCCC,1.01766546061212,1.0096803355735653,1.0011127556510973,0.9930404721550378
Hepatocyte_15weeks_Animal3_Capture1_CGCGGTAGTTTAGCTG,1.0343245288878,1.0249838334379402,1.0151312538136874,1.005826982834599
Hepatocyte_15weeks_Animal3_Capture1_CGCTATCAGGAGCGAG,1.01060766358336,1.009912151615744,1.0084133024249202,1.007117143707868
Hepatocyte_15weeks_Animal3_Capture1_CGCTATCCAGACGCTC,1.01373100665855,1.0105440578535678,1.006530896226558,1.002759851269096
Hepatocyte_15weeks_Animal3_Capture1_CGCTGGACACAAGACG,0.945349555348355,0.9521405036630032,0.957759933057485,0.9631296184781786
Hepatocyte_15weeks_Animal3_Capture1_CGGACACCAGACGCTC,1.02788287172514,1.0199456411326788,1.0114829004313015,1.0035137643330063
Hepatocyte_15weeks_Animal3_Capture1_CGGACACGTCAATGTC,1.01369300548754,1.00414693685279,0.9942188442292652,0.9849146626030518
Hepatocyte_15weeks_Animal3_Capture1_CGGACACGTCAGAAGC,1.01362800013614,1.0060147744920571,0.9977429470016012,0.9899387171231168
Hepatocyte_15weeks_Animal3_Capture1_CGGACTGTCATAAAGG,1.02298036012922,1.016578473589986,1.0092230640114148,1.0021026397978927
Hepatocyte_15weeks_Animal3_Capture1_CGGAGTCGTATCGCAT,1.02308733739976,1.019608175952113,1.0154032719878454,1.011447831792476
Hepatocyte_15weeks_Animal3_Capture1_CGGCTAGAGCCACTAT,1.01739218970937,1.0049259834048507,0.9919864299692293,0.9797948143353934
Hepatocyte_15weeks_Animal3_Capture1_CGGTTAAGTCATATCG,1.0144514900026,1.0057275704538544,0.9965453391181024,0.9878977068743382
Hepatocyte_15weeks_Animal3_Capture1_CGGTTAAGTGGTCTCG,1.02063745946488,1.0172078102400357,1.013055352680275,1.009149964022738
Hepatocyte_15weeks_Animal3_Capture1_CGTAGCGCAAATTGCC,1.01274768636686,1.0085626622226909,1.003786153311435,0.9993794975807168
Hepatocyte_15weeks_Animal3_Capture1_CGTCACTGTTACCGAT,1.0092477403141,1.0043419443693613,0.998889486632982,0.9938393306147136
Hepatocyte_15weeks_Animal3_Capture1_CGTCCATAGTCAAGCG,1.02355283353408,1.0063944195296044,0.9851789545601682,0.9627439539561564
Hepatocyte_15weeks_Animal3_Capture1_CGTCTACCATCACAAC,0.897028188294298,0.8996702409182296,0.9014972808301676,0.903407460167374
Hepatocyte_15weeks_Animal3_Capture1_CGTCTACTCGAACTGT,1.01414254796791,1.008657868157414,1.0024395642707866,0.9965454763018002
Hepatocyte_15weeks_Animal3_Capture1_CGTCTACTCGTACCGG,1.02342561849479,1.0183007603459855,1.0126159238056245,1.0073283918239226
Hepatocyte_15weeks_Animal3_Capture1_CGTGAGCCAATCAGAA,1.16290531635928,1.0862375061715663,1.0282778292148709,0.9909478585483312
Hepatocyte_15weeks_Animal3_Capture1_CGTGAGCGTCAGAAGC,0.926290794855299,0.9258509426107664,0.924612721881614,0.9234525753216118
Hepatocyte_15weeks_Animal3_Capture1_CGTGAGCGTTCGCTAA,1.02928634302012,1.0260187349669816,1.0220457749384546,1.0183246214014765
Hepatocyte_15weeks_Animal3_Capture1_CGTGTAAAGAGCCTAG,0.903676334445372,0.903520533848302,0.9025626458384908,0.9017257746510856
Hepatocyte_15weeks_Animal3_Capture1_CGTGTAAAGGATATAC,1.02517111111681,1.0222054738276167,1.0176103501042209,1.0128167522541711
Hepatocyte_15weeks_Animal3_Capture1_CGTGTAATCGAATCCA,1.0247977033629,1.0245317345265834,1.0233488922636194,1.022228907572284
Hepatocyte_15weeks_Animal3_Capture1_CGTGTCTAGAAACGAG,1.03940288611842,1.0417795680846595,1.04301598351861,1.044122615919338
Hepatocyte_15weeks_Animal3_Capture1_CGTTGGGGTAACGCGA,1.03709067770993,1.0379069645778247,1.0377291058844555,1.037548111237343
Hepatocyte_15weeks_Animal3_Capture1_CTAACTTCAACACCTA,0.891928187590804,0.8914498740467927,0.890138027392558,0.888873886817149
Hepatocyte_15weeks_Animal3_Capture1_CTACACCAGGATATAC,1.00768697722812,1.004348575489815,1.0002435585481877,0.9963924229620038
Hepatocyte_15weeks_Animal3_Capture1_CTACCCAAGTGTTTGC,1.01317291396895,1.002508630667475,0.991704312645789,0.9817038932444496
Hepatocyte_15weeks_Animal3_Capture1_CTACGTCTCTATCCTA,1.03013140527909,1.0232043074511032,1.0147310766968944,1.006224430490304
Hepatocyte_15weeks_Animal3_Capture1_CTAGAGTTCATTGCCC,1.02248786874944,1.025260613726273,1.0270670878871528,1.0289058641412032
Hepatocyte_15weeks_Animal3_Capture1_CTAGCCTTCAGGTAAA,0.900777862389338,0.9035899311618056,0.905503994444154,0.9073981939064676
Hepatocyte_15weeks_Animal3_Capture1_CTAGTGACAATGGACG,1.02181816117295,1.017775563964045,1.0129348633834654,1.0083183375796758
Hepatocyte_15weeks_Animal3_Capture1_CTCATTAGTTAGATGA,1.01781030793358,1.0061321508939545,0.9942166128396732,0.983043392382436
Hepatocyte_15weeks_Animal3_Capture1_CTCCTAGTCGAACTGT,1.01663225005938,1.007524578298129,0.9978551318500122,0.9887571209641636
Hepatocyte_15weeks_Animal3_Capture1_CTCGAAATCACCATAG,1.01087130378682,0.9957788493967316,0.9807936649301232,0.9669160579485736
Hepatocyte_15weeks_Animal3_Capture1_CTCGGGATCTACTCAT,0.942078420566589,0.9409857446985624,0.9388005295235629,0.936574628716342
Hepatocyte_15weeks_Animal3_Capture1_CTCGTACGTTCAGTAC,1.02130031261771,1.014704621534882,1.007639936942912,1.0011113826315683
Hepatocyte_15weeks_Animal3_Capture1_CTCTACGAGATGTGGC,0.954010620774463,0.958425421379158,0.9617147512756358,0.9648262514388348
Hepatocyte_15weeks_Animal3_Capture1_CTGAAACCACCTCGTT,0.791268479570954,0.7935673691753785,0.7934887948771364,0.7922540258133098
Hepatocyte_15weeks_Animal3_Capture1_CTGATAGAGTAGTGCG,1.03230735787843,1.0289931425044732,1.0249621290182922,1.021185513431114
Hepatocyte_15weeks_Animal3_Capture1_CTGATAGCATAGTAAG,1.02321293650552,1.017525114606408,1.011346499900762,1.0056121309195554
Hepatocyte_15weeks_Animal3_Capture1_CTGATCCAGGACACCA,1.01896018005041,1.0170668707611863,1.0144438552630373,1.0118539717484367
Hepatocyte_15weeks_Animal3_Capture1_CTGATCCCACTTAAGC,1.01347502966245,1.0052669400875809,0.996560833081764,0.9884447229046032
Hepatocyte_15weeks_Animal3_Capture1_CTGCCTATCTTATCTG,0.892036060941489,0.8929986239897126,0.8930737503378724,0.8931431291297285
Hepatocyte_15weeks_Animal3_Capture1_CTGCGGAAGCGATAGC,0.905965188569684,0.9048120694134308,0.9030076889026348,0.9014135193411386
Hepatocyte_15weeks_Animal3_Capture1_CTGTGCTAGTCGTTTG,1.02632954105632,1.026211575006032,1.025178127218479,1.024212469447093
Hepatocyte_15weeks_Animal3_Capture1_CTTAACTTCCGTTGTC,1.01300543058615,0.9956108131114888,0.9784519927997408,0.9624984147897332
Hepatocyte_15weeks_Animal3_Capture1_CTTAGGACAATACGCT,0.928902054694802,0.932048159515824,0.9342183704950778,0.9363004065707532
Hepatocyte_15weeks_Animal3_Capture1_CTTTGCGAGTTCGCGC,0.938342029098872,0.9340806159577488,0.9288754493860976,0.923878134442955
Hepatocyte_15weeks_Animal3_Capture1_GAAACTCTCGTGGACC,0.827658590245826,0.8354614672246821,0.8422078525232556,0.848704665777423
Hepatocyte_15weeks_Animal3_Capture1_GAAATGATCAGTCAGT,1.02134453806222,1.0110822319963548,1.0001935628185905,0.9898813762069898
Hepatocyte_15weeks_Animal3_Capture1_GAACATCAGGCCCTCA,0.921925739668518,0.9265227992418438,0.9300450950570804,0.9333878647974276
Hepatocyte_15weeks_Animal3_Capture1_GAACATCTCTATGTGG,1.02811991074207,1.0293475580837723,1.0295618197771403,1.0297568487696052
Hepatocyte_15weeks_Animal3_Capture1_GAACGGACACCACGTG,0.986321880574556,0.9882092761891764,0.9891502324327172,0.990077622825984
Hepatocyte_15weeks_Animal3_Capture1_GAACGGAGTAATAGCA,1.02622763479915,1.0266856140549223,1.0260559868543138,1.0254056405310863
Hepatocyte_15weeks_Animal3_Capture1_GAACGGATCTCGCTTG,1.01370285553055,1.005715362880797,0.9971898462985104,0.9891700501896304
Hepatocyte_15weeks_Animal3_Capture1_GAAGCAGAGTGTGAAT,1.02497605797976,1.0196734858770593,1.013126313692118,1.0066828426109586
Hepatocyte_15weeks_Animal3_Capture1_GAAGCAGTCCTTCAAT,1.02817917023319,1.0301781413686804,1.0312086964614684,1.0322503980333508
Hepatocyte_15weeks_Animal3_Capture1_GAATAAGGTTGATTGC,0.893781798165737,0.8894633360380763,0.8847312083634378,0.880395345051614
Hepatocyte_15weeks_Animal3_Capture1_GAATAAGTCATTGCCC,1.02086154902576,1.013272639563386,1.0052268284894577,0.9976944432616544
Hepatocyte_15weeks_Animal3_Capture1_GAATGAAAGATCCGAG,1.02714850181902,1.0226399822864196,1.017500639963885,1.0126981592009432
Hepatocyte_15weeks_Animal3_Capture1_GAATGAATCCTTCAAT,1.01487585284152,1.0073660446766453,0.9992148954001744,0.9914897467319624
Hepatocyte_15weeks_Animal3_Capture1_GACACGCCAGATCTGT,1.02247887199402,1.0174120637437356,1.0117888696408777,1.0065680208752668
Hepatocyte_15weeks_Animal3_Capture1_GACACGCGTGAGGGTT,0.942921929548365,0.9508819165287604,0.95765071335874,0.9641399549442956
Hepatocyte_15weeks_Animal3_Capture1_GACAGAGTCAGGCAAG,0.901904324375125,0.9006391197123405,0.8986793633680437,0.8968753048310084
Hepatocyte_15weeks_Animal3_Capture1_GACAGAGTCCGAACGC,1.0217508811782,1.0170634176670987,1.0117053478235136,1.0066736274666024
Hepatocyte_15weeks_Animal3_Capture1_GACAGAGTCGTACGGC,0.908948616254748,0.9089505909922528,0.9081663403954874,0.9074770541643808
Hepatocyte_15weeks_Animal3_Capture1_GACCTGGAGGGCTTCC,1.01449269398952,0.994671433284416,0.9753521311383114,0.9574410893542216
Hepatocyte_15weeks_Animal3_Capture1_GACGCGTCAGGTGGAT,0.99217148816971,0.9977064515687184,1.0020308555019546,1.0061118001231284
Hepatocyte_15weeks_Animal3_Capture1_GACGGCTCACGACTCG,0.948091003478733,0.9466300022714952,0.944370851121694,0.9422861936455208
Hepatocyte_15weeks_Animal3_Capture1_GACGTGCCAGCTCGAC,1.01842873378727,1.0093133105271976,0.9993995707523016,0.989900107506567
Hepatocyte_15weeks_Animal3_Capture1_GACGTTAAGGGAGTAA,1.01066566368439,1.0042159968563378,0.9972926618499784,0.9908245532777544
Hepatocyte_15weeks_Animal3_Capture1_GACGTTAAGGTAGCCA,1.01902194179927,1.0108969515335924,1.0021773242563297,0.993930429519004
Hepatocyte_15weeks_Animal3_Capture1_GACGTTACATGCCACG,1.02110672040441,1.009704177451577,0.9977108252579748,0.9863060236537728
Hepatocyte_15weeks_Animal3_Capture1_GACGTTATCTGCAGTA,1.03738638546831,1.03855246222789,1.0387375873030276,1.0389324169601926
Hepatocyte_15weeks_Animal3_Capture1_GACTACACACGGCTAC,1.02038513943165,1.012429580669862,1.0028499908037956,0.993194764415247
Hepatocyte_15weeks_Animal3_Capture1_GACTGCGAGGCCCTTG,0.914816487505444,0.9154826858646864,0.9153561030948172,0.9153243036343622
Hepatocyte_15weeks_Animal3_Capture1_GACTGCGAGTGGGCTA,1.01877216099562,1.0097767375966695,1.000081431726865,0.9908105614057864
Hepatocyte_15weeks_Animal3_Capture1_GAGCAGACAAACGCGA,1.0253377615263,1.016444173936303,1.0065160526486536,0.9969505842394928
Hepatocyte_15weeks_Animal3_Capture1_GAGGTGATCCAGTAGT,0.963723179431186,0.9718702594712432,0.9787691528115696,0.9853528627627138
Hepatocyte_15weeks_Animal3_Capture1_GAGGTGATCTTCAACT,1.01532652104151,1.0071867713851457,0.9984359950866776,0.9901296209454078
Hepatocyte_15weeks_Animal3_Capture1_GAGTCCGCACCAACCG,1.01805402853624,1.0180109055516533,1.017094966538176,1.0162849068086492
Hepatocyte_15weeks_Animal3_Capture1_GATCAGTGTGATGTCT,1.02140364675604,1.0156756263442446,1.009282446824386,1.0032344164842657
Hepatocyte_15weeks_Animal3_Capture1_GATCAGTTCGCATGAT,1.02763245087474,1.0272121943538002,1.025847984478505,1.0245499394519444
Hepatocyte_15weeks_Animal3_Capture1_GATCGATGTTGCTCCT,1.01973150435274,1.0124536960317785,1.00470303440674,0.9975431748817226
Hepatocyte_15weeks_Animal3_Capture1_GATCGATTCTACGAGT,1.02618170009017,1.0145025100920442,1.0026498584570829,0.9915775791140324
Hepatocyte_15weeks_Animal3_Capture1_GATCGCGTCCCACTTG,1.01235158444179,1.0037235331504446,0.9946172151780982,0.9860657581814086
Hepatocyte_15weeks_Animal3_Capture1_GATCGCGTCTTGCCGT,1.04134788149531,1.0397325895881764,1.037077505306189,1.034512089758088
Hepatocyte_15weeks_Animal3_Capture1_GATCTAGCACAGTCGC,1.01981619284529,1.011630031092899,1.0030264301719083,0.9949444647997846
Hepatocyte_15weeks_Animal3_Capture1_GATGAAACAAGCCGCT,1.0241713976171,1.0204231053419437,1.0160054343983396,1.011899150926848
Hepatocyte_15weeks_Animal3_Capture1_GATGCTAAGCGTGAAC,1.01822722120177,1.016463223135642,1.0139166684983891,1.0115679925578307
Hepatocyte_15weeks_Animal3_Capture1_GATTCAGAGAACTCGG,1.02089684801621,1.0207203899166917,1.0196214704676674,1.0185775512890014
Hepatocyte_15weeks_Animal3_Capture1_GCAAACTAGAATGTTG,1.01742113203068,1.0057627169048786,0.9936523840607536,0.982204152440719
Hepatocyte_15weeks_Animal3_Capture1_GCAAACTCAGCCTTGG,0.890613745675327,0.8851722428705566,0.8793444095043755,0.8739806692528407
Hepatocyte_15weeks_Animal3_Capture1_GCAATCAGTCATTAGC,1.0236444123702,1.022232994158449,1.0200298537016033,1.0180129602963808
Hepatocyte_15weeks_Animal3_Capture1_GCAGTTAAGGACATTA,1.02900213892571,1.0259041565963292,1.022211083321114,1.0188668379920436
Hepatocyte_15weeks_Animal3_Capture1_GCAGTTAAGGTGTGGT,0.958693568567113,0.9633428666922929,0.966891640379514,0.9702705295685276
Hepatocyte_15weeks_Animal3_Capture1_GCATGATGTAATCGTC,1.02269430798918,1.0121023094658026,1.001302106557904,0.9912399705949144
Hepatocyte_15weeks_Animal3_Capture1_GCATGATGTCTTCGTC,0.959164561974937,0.9554774436504542,0.9501118565775823,0.9446226770631464
Hepatocyte_15weeks_Animal3_Capture1_GCATGCGTCGTAGATC,0.938688638297406,0.9392547022570432,0.938811966582369,0.9383465347947256
Hepatocyte_15weeks_Animal3_Capture1_GCCTCTACATGCCTAA,1.01727641987965,1.0152668703090777,1.0114363561052262,1.007187093711071
Hepatocyte_15weeks_Animal3_Capture1_GCGCAACAGATCGGGT,1.01817222567544,1.0059749757591394,0.9936478110669684,0.9821986559624596
Hepatocyte_15weeks_Animal3_Capture1_GCGCAACAGCGAGAAA,1.02334099582609,1.0153056067587964,1.0066508817559103,0.9985075906026354
Hepatocyte_15weeks_Animal3_Capture1_GCGCAACAGGATTCGG,0.902225668595807,0.9013856097082232,0.8998257962593228,0.8984523763744451
Hepatocyte_15weeks_Animal3_Capture1_GCGCAGTCAATGGTCT,1.02424725431553,1.0199265095431578,1.0149427795287964,1.0102665714852874
Hepatocyte_15weeks_Animal3_Capture1_GCGCAGTCAGAGCCAA,1.01341714067259,1.007075466207144,1.0002457275597196,0.9939204363401756
Hepatocyte_15weeks_Animal3_Capture1_GCGCCAAGTACCTACA,1.01039267250671,1.0000831928997571,0.9893089019708202,0.9791656166552792
Hepatocyte_15weeks_Animal3_Capture1_GCGCCAATCAACACCA,1.02767037631089,1.0304335096004615,1.0320152321902891,1.0334216106968586
Hepatocyte_15weeks_Animal3_Capture1_GCGCGATAGGGTTCCC,1.02120017795345,1.0153642726324117,1.0090615790617412,1.0032314242966476
Hepatocyte_15weeks_Animal3_Capture1_GCTCTGTCACGAAGCA,0.91386603708876,0.913056785529857,0.9114799083068438,0.910063100709574
Hepatocyte_15weeks_Animal3_Capture1_GCTGCAGAGCTTCGCG,0.887018825850177,0.889465587218914,0.8909397326827836,0.8923283680922217
Hepatocyte_15weeks_Animal3_Capture1_GCTGCAGAGTGGTAAT,0.891645622394107,0.8870247341723317,0.8814498563261144,0.8759749069416141
Hepatocyte_15weeks_Animal3_Capture1_GCTGCAGGTGTTTGGT,1.02100614758843,1.0089944317587625,0.9964985541571556,0.9846206286702308
Hepatocyte_15weeks_Animal3_Capture1_GCTGCGACAGGCTGAA,1.02025313349851,1.007717030785544,0.9952798514508598,0.983868220445149
Hepatocyte_15weeks_Animal3_Capture1_GCTGGGTTCCTGCCAT,1.02107385003589,1.0080203962027146,0.9948067897923616,0.9824211395608204
Hepatocyte_15weeks_Animal3_Capture1_GCTTCCAAGTGTTAGA,1.01622400995181,1.0111406084139622,1.0055480561591428,1.0004214647198886
Hepatocyte_15weeks_Animal3_Capture1_GCTTGAACAAACTGTC,1.01727313689798,1.0131045539724983,1.008030163292747,1.0031600323886778
Hepatocyte_15weeks_Animal3_Capture1_GGAAAGCTCACTTACT,1.02235405459784,1.0188591076065898,1.012830368765339,1.0057893780948794
Hepatocyte_15weeks_Animal3_Capture1_GGAACTTGTCTACCTC,1.02413954317243,1.018824841929593,1.0128743518271917,1.007280189599851
Hepatocyte_15weeks_Animal3_Capture1_GGAATAAGTCGCATAT,0.892086494155899,0.8947871736980308,0.8966612285925079,0.8985562360981014
Hepatocyte_15weeks_Animal3_Capture1_GGACAGAAGCTCCTCT,1.02433251184319,1.0178438082831347,1.0107398310778335,1.004067334892311
Hepatocyte_15weeks_Animal3_Capture1_GGACAGATCTGCCAGG,1.01653432190868,1.0095866343933728,1.0021702728314008,0.9952607141832036
Hepatocyte_15weeks_Animal3_Capture1_GGACGTCCACCTTGTC,1.02370992046948,1.0219430907167488,1.0188041518921367,1.0155287467775975
Hepatocyte_15weeks_Animal3_Capture1_GGACGTCCATCGTCGG,1.03143596011752,1.027757538647167,1.0231673789787867,1.0187600719462209
Hepatocyte_15weeks_Animal3_Capture1_GGAGCAACACATTAGC,1.02479311920041,1.0207250835035235,1.0160454222359092,1.0117097780995972
Hepatocyte_15weeks_Animal3_Capture1_GGAGCAAGTGTTCTTT,0.887980802908695,0.8904282364702433,0.8920072229948359,0.8935809923428775
Hepatocyte_15weeks_Animal3_Capture1_GGATTACGTCGATTGT,0.950039455094182,0.9556423479327149,0.9601535966304362,0.9644918145772728
Hepatocyte_15weeks_Animal3_Capture1_GGCCGATCAAGCCCAC,1.16776627962068,1.1625753959579177,1.1566913737084965,1.1512115785959598
Hepatocyte_15weeks_Animal3_Capture1_GGCCGATGTCAATACC,1.01413441885956,0.9975185996034628,0.9810845074589676,0.9658205006994984
Hepatocyte_15weeks_Animal3_Capture1_GGCGTGTGTATGGTTC,0.895092219116099,0.9023047888746012,0.9083519985351658,0.9141092223902126
Hepatocyte_15weeks_Animal3_Capture1_GGCGTGTGTCCATCCT,1.01888573906506,1.0162617766796551,1.0129286060077056,1.0098709557797476
Hepatocyte_15weeks_Animal3_Capture1_GGCGTGTTCATGCATG,1.01965513381279,1.0155348034761114,1.0108363524410071,1.0064999434442214
Hepatocyte_15weeks_Animal3_Capture1_GGCTCGACAGACGCTC,1.02365705712252,1.0192616902681215,1.0140526011461546,1.009079750699869
Hepatocyte_15weeks_Animal3_Capture1_GGCTCGAGTGCAGACA,1.01926364387108,1.0112401816894343,1.0026195288400106,0.994426832899612
Hepatocyte_15weeks_Animal3_Capture1_GGCTCGATCACGAAGG,1.00856261141383,1.0057510384570705,1.0022539438221674,0.9990118889927896
Hepatocyte_15weeks_Animal3_Capture1_GGCTCGATCCAGAAGG,0.982060643962976,0.9778582380963552,0.9729379646920716,0.9682573584888876
Hepatocyte_15weeks_Animal3_Capture1_GGCTGGTCACTCTGTC,1.01190687293945,1.0015950615176727,0.990430519033844,0.9796544997086436
Hepatocyte_15weeks_Animal3_Capture1_GGGAATGGTCCTGCTT,0.906074989674306,0.9021229529714656,0.8962592083183799,0.8898758969802275
Hepatocyte_15weeks_Animal3_Capture1_GGGAGATAGCTGCGAA,1.01484606545282,1.006570766453731,0.9979786926194556,0.9899960393778006
Hepatocyte_15weeks_Animal3_Capture1_GGGAGATAGTCCCACG,1.03140443377281,1.0361310855466166,1.0397356779633902,1.0431974064889729
Hepatocyte_15weeks_Animal3_Capture1_GGGAGATGTCTTGCGG,1.01310223128537,1.0009734259631604,0.9880724356836892,0.97565219141077
Hepatocyte_15weeks_Animal3_Capture1_GGGATGAGTAGGCTGA,1.02549083505315,1.0196787580928264,1.0131183914213768,1.0069061172983444
Hepatocyte_15weeks_Animal3_Capture1_GGGCACTGTAGTGAAT,1.02439863032807,1.022841547971857,1.0202378406068813,1.0176730124235245
Hepatocyte_15weeks_Animal3_Capture1_GGGTCTGCACATAACC,1.02265857576415,1.018646384798009,1.0139627138507652,1.0095603913538416
Hepatocyte_15weeks_Animal3_Capture1_GGGTCTGGTCTTGATG,0.891991545111254,0.8852782489443786,0.8780105071080103,0.8711097868099758
Hepatocyte_15weeks_Animal3_Capture1_GGTGAAGGTATTCTCT,1.033534767494,1.0292341790563562,1.0243224076779545,1.0197648503759216
Hepatocyte_15weeks_Animal3_Capture1_GGTGTTATCAGCTGGC,1.01311119652883,1.004384373438413,0.9948094439866808,0.985643383170965
Hepatocyte_15weeks_Animal3_Capture1_GGTGTTATCTTGAGAC,1.02375459147021,1.021027716889497,1.0173264974329033,1.013701556791324
Hepatocyte_15weeks_Animal3_Capture1_GTACGTAAGAAACCGC,1.01610626031303,1.000390670363996,0.9847611949842744,0.9702090429645748
Hepatocyte_15weeks_Animal3_Capture1_GTACGTACACCCATGG,1.02559683279792,1.0162866711389882,1.0067004689079202,0.997791664284164
Hepatocyte_15weeks_Animal3_Capture1_GTACGTATCGCTTAGA,1.0217323174813,1.016120023592736,1.009384732281784,1.0027996110008524
Hepatocyte_15weeks_Animal3_Capture1_GTACTCCAGAGCTGCA,1.01864401186817,1.0130143949344472,1.0058686513027826,0.9985315938104634
Hepatocyte_15weeks_Animal3_Capture1_GTACTTTCAAGCGAGT,1.13435327039699,1.1260884095368258,1.1173459263475627,1.109163314923632
Hepatocyte_15weeks_Animal3_Capture1_GTACTTTCATATGAGA,0.91951598543807,0.9217771168585482,0.923083550003679,0.9243231753768224
Hepatocyte_15weeks_Animal3_Capture1_GTAGGCCCATCCCACT,1.0196479927502,1.018014921948725,1.0155628511420267,1.0132807548319245
Hepatocyte_15weeks_Animal3_Capture1_GTCAAGTCAGATGGGT,1.01196738628209,1.0048923079474938,0.9971098217350066,0.9897284806615884
Hepatocyte_15weeks_Animal3_Capture1_GTCAAGTCAGGAATCG,1.01446798473959,1.0045284297074175,0.99432808270011,0.9848154336724212
Hepatocyte_15weeks_Animal3_Capture1_GTCAAGTGTCTTCAAG,1.15659351074957,1.1553340223974309,1.1531119900223727,1.1510027622389232
Hepatocyte_15weeks_Animal3_Capture1_GTCACAAAGACCCACC,1.01979510414575,1.0048315640852568,0.9896547098919348,0.975316989240435
Hepatocyte_15weeks_Animal3_Capture1_GTCACAATCCGGGTGT,1.0171134837462,1.0125006909474847,1.0073369269850607,1.0026216085692372
Hepatocyte_15weeks_Animal3_Capture1_GTCACGGCAATTCCTT,1.01581489022612,1.0078693795794167,0.9993867935059684,0.9913846721241626
Hepatocyte_15weeks_Animal3_Capture1_GTCACGGCACCGAAAG,1.01729897945045,1.0159725557881525,1.013877332360308,1.0119904703914142
Hepatocyte_15weeks_Animal3_Capture1_GTCCTCAAGGCCGAAT,1.03874980690642,1.0333621390132464,1.0273670432015798,1.0217325622580204
Hepatocyte_15weeks_Animal3_Capture1_GTCGGGTGTGCCTGCA,1.01346515959291,1.0101836539663642,1.0051499599767315,0.9998069453609446
Hepatocyte_15weeks_Animal3_Capture1_GTCGTAAAGGGTTCCC,0.816172447945129,0.8259647004627991,0.8345715926299003,0.8428298839038908
Hepatocyte_15weeks_Animal3_Capture1_GTCGTAATCGTGGGAA,0.907070549965971,0.9087082032978568,0.90956978201258,0.9105110910098008
Hepatocyte_15weeks_Animal3_Capture1_GTCTCGTCATCGGACC,1.02819814032886,1.0192927310581454,1.009933596016235,1.0011175169565714
Hepatocyte_15weeks_Animal3_Capture1_GTGAAGGTCCTTGACC,1.02922459787324,1.0193420766544652,1.0092537574092997,0.9998765724021944
Hepatocyte_15weeks_Animal3_Capture1_GTGCAGCCATACTCTT,1.0222886937376,1.0196531487216771,1.0157485262377195,1.0117650369892075
Hepatocyte_15weeks_Animal3_Capture1_GTGCATAGTTACGACT,1.02939222261868,1.0222900850683094,1.0144804374313157,1.0070424609446005
Hepatocyte_15weeks_Animal3_Capture1_GTGCGGTTCAGCGACC,1.02279091129189,1.0183756584096226,1.01333566294032,1.0086347864082117
Hepatocyte_15weeks_Animal3_Capture1_GTGCGGTTCTCGAGTA,1.02135889369267,1.0154703593261578,1.0090813739578806,1.0031541453261237
Hepatocyte_15weeks_Animal3_Capture1_GTGCTTCGTCTAGTGT,1.02837678102714,1.016749952534679,1.0050278894111784,0.9941519902502542
Hepatocyte_15weeks_Animal3_Capture1_GTGTGCGAGGTGTGGT,1.02211927462573,1.0135069734254312,1.004460590572924,0.9959619525127192
Hepatocyte_15weeks_Animal3_Capture1_GTTAAGCCAAGGTTCT,1.01689083596996,1.0073532623428876,0.9972765198861576,0.9877659412373792
Hepatocyte_15weeks_Animal3_Capture1_GTTACAGAGAGCTATA,1.01857704066542,1.0051778067216728,0.991853572697967,0.979550547256732
Hepatocyte_15weeks_Animal3_Capture1_GTTACAGGTCTCGTTC,1.03379911256025,1.029937454031938,1.0253266157600704,1.0209595646209424
Hepatocyte_15weeks_Animal3_Capture1_GTTCATTCAACAACCT,1.01929855287115,0.9624020612944026,0.9199017435470448,0.8943184118067348
Hepatocyte_15weeks_Animal3_Capture1_GTTCATTCACCGATAT,1.01912913017384,1.0156500980388337,1.0107848029912825,1.0057874561771445
Hepatocyte_15weeks_Animal3_Capture1_GTTCATTTCCGTCAAA,1.03217604949363,1.030394810481854,1.027830841953385,1.0254612513914656
Hepatocyte_15weeks_Animal3_Capture1_GTTTCTAAGTCAATAG,1.03056868498372,1.0229207983479427,1.013186137481475,1.0027453222578662
Hepatocyte_15weeks_Animal3_Capture1_GTTTCTATCTAACTGG,1.02314095846011,1.015899576049562,1.0081624825527558,1.000944746307712
Hepatocyte_15weeks_Animal3_Capture1_TAAGCGTAGGCGATAC,1.01954096592459,1.0057499030235175,0.9920786132477554,0.97946780000476
Hepatocyte_15weeks_Animal3_Capture1_TACAGTGGTCTAGTGT,0.886933773099768,0.8826013990085393,0.8774495088602047,0.8725522332368484
Hepatocyte_15weeks_Animal3_Capture1_TACCTTACAGGGAGAG,1.02248592112298,1.0153427782813995,1.0075031152108125,1.0000435546559634
Hepatocyte_15weeks_Animal3_Capture1_TACGGTACATGCAACT,1.01900382593876,1.0201166291481003,1.0201852747083138,1.0202101667252912
Hepatocyte_15weeks_Animal3_Capture1_TACTCGCGTTAAGATG,1.02185545997636,1.020641818117685,1.0186117828024035,1.0167601985963337
Hepatocyte_15weeks_Animal3_Capture1_TACTCGCTCCTCAACC,1.0208193394773,1.0039360163286744,0.9871086583430444,0.97144156766569
Hepatocyte_15weeks_Animal3_Capture1_TACTTACTCCGCATAA,0.948352508954404,0.9557953393413314,0.9620463113706808,0.9680209154799092
Hepatocyte_15weeks_Animal3_Capture1_TAGACCAAGAGCCTAG,1.02433404071688,1.0188130267101891,1.0127952088205836,1.0072061975812752
Hepatocyte_15weeks_Animal3_Capture1_TAGAGCTGTCAGCTAT,1.02563528280425,1.0223348788034772,1.0183579909479603,1.0146775976592073
Hepatocyte_15weeks_Animal3_Capture1_TAGAGCTTCAATAAGG,1.0158165959525,1.0122142685947215,1.0079930113633435,1.00410409715272
Hepatocyte_15weeks_Animal3_Capture1_TAGGCATGTCATCGGC,0.941890649582298,0.9382001045303268,0.9333720836035378,0.9286158313966976
Hepatocyte_15weeks_Animal3_Capture1_TAGTGGTCAACACGCC,1.04473425690506,1.046403265274756,1.0470336924801318,1.047639386526376
Hepatocyte_15weeks_Animal3_Capture1_TAGTGGTGTTTGTTGG,1.0141611269994,1.0063324590876304,0.998071756618427,0.9903835164918128
Hepatocyte_15weeks_Animal3_Capture1_TAGTTGGGTAGCTTGT,1.16088420519818,1.1489433635194284,1.1367999910211486,1.1255101050386107
Hepatocyte_15weeks_Animal3_Capture1_TATCAGGAGAATTCCC,1.02191056802281,1.0186628464425873,1.0147236838782543,1.0110553853817714
Hepatocyte_15weeks_Animal3_Capture1_TATCAGGCAGACGCCT,1.01214261917887,1.0027966554461998,0.9929722175750526,0.9837014441554354
Hepatocyte_15weeks_Animal3_Capture1_TATCAGGTCGGAGCAA,1.00772245437862,1.0043842208756486,1.0003380483804931,0.996614059560498
Hepatocyte_15weeks_Animal3_Capture1_TATCTCATCGTTTGCC,1.02345248207761,1.022347213997117,1.0202786068438678,1.0182954715912784
Hepatocyte_15weeks_Animal3_Capture1_TATCTCATCTACTTAC,1.14059828809232,1.1334050474312722,1.125657914827936,1.1184119963467156
Hepatocyte_15weeks_Animal3_Capture1_TATTACCGTATATGGA,1.02939554600747,1.0230496339721176,1.0148609400722648,1.0061934058521032
Hepatocyte_15weeks_Animal3_Capture1_TCAACGAGTGTGACGA,1.01924510831508,1.0117722080268987,1.0035312311320912,0.9957354457578348
Hepatocyte_15weeks_Animal3_Capture1_TCAACGAGTTAAGGGC,0.942443422741909,0.9530246117406092,0.9623191162921932,0.9712351939220129
Hepatocyte_15weeks_Animal3_Capture1_TCAACGATCCAGTATG,1.0231967311424,1.0209896009217505,1.018025086381671,1.015278265673739
Hepatocyte_15weeks_Animal3_Capture1_TCAATCTTCACGACTA,1.02102789174269,1.020868659619997,1.0198504007958862,1.0189504583011053
Hepatocyte_15weeks_Animal3_Capture1_TCACAAGGTGTTTGTG,1.00783461322812,0.995090151836942,0.9821251153797949,0.9700871126295918
Hepatocyte_15weeks_Animal3_Capture1_TCACGAAAGCTGCGAA,1.02396978657825,1.0264285354168612,1.0278673150801714,1.0292676032544092
Hepatocyte_15weeks_Animal3_Capture1_TCACGAAGTGGTGTAG,1.01715074476852,1.0170511646743832,1.016126583027812,1.0153328159590358
Hepatocyte_15weeks_Animal3_Capture1_TCAGCAAGTGTGGCTC,1.02033759068589,1.0024084569619662,0.983652378875642,0.9655061360229618
Hepatocyte_15weeks_Animal3_Capture1_TCAGCTCTCTAACTCT,1.02592932487497,1.01372480162319,1.0014557045469916,0.990048300038087
Hepatocyte_15weeks_Animal3_Capture1_TCGAGGCGTAAATGAC,0.90191783704233,0.9003378656767069,0.897969104577107,0.8957000896800209
Hepatocyte_15weeks_Animal3_Capture1_TCGGGACCAAGTACCT,0.897377233824636,0.8987380005299519,0.8994335019639905,0.9002830233214595
Hepatocyte_15weeks_Animal3_Capture1_TCGGGACCAGGACGTA,1.01160531714435,1.0096539321586115,1.007009467462251,1.004627453868031
Hepatocyte_15weeks_Animal3_Capture1_TCGGTAACATCACGAT,1.04069125706638,1.039106969962012,1.0366925579902118,1.0344439742649336
Hepatocyte_15weeks_Animal3_Capture1_TCGGTAATCCGAGCCA,0.90131784247191,0.8916101804787956,0.8805375450595344,0.8695902208889678
Hepatocyte_15weeks_Animal3_Capture1_TCGTACCCAGTTAACC,1.02025513682071,1.017504870503829,1.013997910550899,1.0107071224682571
Hepatocyte_15weeks_Animal3_Capture1_TCGTACCTCAAGGTAA,0.903609453466161,0.9112661331789074,0.917877340263071,0.9243086819411804
Hepatocyte_15weeks_Animal3_Capture1_TCTCTAACATGAACCT,1.01598209899037,1.003188127769562,0.9897765407844664,0.976916900092848
Hepatocyte_15weeks_Animal3_Capture1_TCTGAGAAGTGGTAGC,1.03408129586903,1.0298426157438838,1.024277067223798,1.0187058635132449
Hepatocyte_15weeks_Animal3_Capture1_TCTGGAATCAAACAAG,1.01050881120268,1.008990742377641,1.0067900291979108,1.004903388253913
Hepatocyte_15weeks_Animal3_Capture1_TGACAACAGAGCAATT,1.0171455160466,1.0046351281200772,0.991857559222987,0.9798691611010766
Hepatocyte_15weeks_Animal3_Capture1_TGACAACTCAAAGACA,0.850961169167629,0.8581918057347921,0.8643607910255029,0.8702896811157879
Hepatocyte_15weeks_Animal3_Capture1_TGACGGCGTCATTAGC,1.01612814794404,0.9980503242569272,0.9787874141327284,0.9599120867482952
Hepatocyte_15weeks_Animal3_Capture1_TGACTTTCAATAGCAA,1.02281055425664,1.018342846373512,1.0132613366085312,1.00855863276236
Hepatocyte_15weeks_Animal3_Capture1_TGAGAGGCATTTGCTT,0.968019351661364,0.970409168126962,0.971046866408618,0.9712485815303552
Hepatocyte_15weeks_Animal3_Capture1_TGAGAGGGTAGGGACT,0.94382754672284,0.9391176807077418,0.9332052789632774,0.9273587441485222
Hepatocyte_15weeks_Animal3_Capture1_TGAGCATCATGGTCAT,0.956019421452055,0.9570229876377944,0.9570316285011904,0.9570164000443078
Hepatocyte_15weeks_Animal3_Capture1_TGAGCCGAGGTCGGAT,1.02715189914171,1.0126544659094163,0.996574785019674,0.9804315789066552
Hepatocyte_15weeks_Animal3_Capture1_TGAGGGACAGTAAGAT,1.01144368921122,1.0124068383678808,1.0124353331428064,1.0124955970789973
Hepatocyte_15weeks_Animal3_Capture1_TGATTTCTCTGCAGTA,1.02479828442387,1.0156085637342225,1.0061628089251924,0.9973747832310922
Hepatocyte_15weeks_Animal3_Capture1_TGCACCTAGTTATCGC,0.900756003524691,0.9045813662039036,0.9074809268277704,0.9103282020183272
Hepatocyte_15weeks_Animal3_Capture1_TGCACCTTCTCGAGTA,0.956922663459165,0.9630644615643614,0.9679935361161875,0.9726486260693548
Hepatocyte_15weeks_Animal3_Capture1_TGCCAAACATACAGCT,1.02591335142641,1.0247181908021192,1.0227403384848683,1.0209317183019262
Hepatocyte_15weeks_Animal3_Capture1_TGCCCTACAAACGCGA,1.01404478627335,0.9982327337700962,0.9824321161399476,0.9677278369217543
Hepatocyte_15weeks_Animal3_Capture1_TGCGCAGCAGTATGCT,1.02709067277663,1.0238318167595035,1.0198648471133371,1.0161348639918173
Hepatocyte_15weeks_Animal3_Capture1_TGCGCAGTCGCATGGC,0.918290730009824,0.9209537450448037,0.9220363778648518,0.922785160530717
Hepatocyte_15weeks_Animal3_Capture1_TGCGGGTCAGCTGTTA,1.03083074761498,1.0252280550210846,1.0175538900385297,1.0094329045701165
Hepatocyte_15weeks_Animal3_Capture1_TGCGTGGTCTTAGCCC,0.911725266665367,0.9095657200560956,0.9063406674158052,0.9031642179309504
Hepatocyte_15weeks_Animal3_Capture1_TGCTACCAGTAGGTGC,1.01285831842057,1.0008296370896,0.9886045017113266,0.9771937328425562
Hepatocyte_15weeks_Animal3_Capture1_TGCTGCTCATGTCCTC,1.01669041500562,1.0081752158766837,0.9992114188601344,0.9908309778124688
Hepatocyte_15weeks_Animal3_Capture1_TGGCCAGTCTGGGCCA,1.1627351128981,1.136364518146181,1.1103789794897512,1.0860252156766337
Hepatocyte_15weeks_Animal3_Capture1_TGGCTGGAGCTGGAAC,1.01041301107651,0.9966193234996684,0.9826281469714266,0.969504522162118
Hepatocyte_15weeks_Animal3_Capture1_TGGGAAGTCGGAAACG,0.895535528536149,0.8963175456852307,0.8963592756290534,0.8965055664746083
Hepatocyte_15weeks_Animal3_Capture1_TGTCCCACAGCTATTG,1.02289412496536,1.013651542249825,1.0029638731316697,0.99224307025732
Hepatocyte_15weeks_Animal3_Capture1_TGTCCCACAGTGAGTG,1.02197001448127,1.0126835998777055,1.002874095001322,0.9936187890578216
Hepatocyte_15weeks_Animal3_Capture1_TGTCCCACATGACGGA,1.01253525525796,1.00732858613747,1.0004219771981568,0.9932586065147888
Hepatocyte_15weeks_Animal3_Capture1_TGTGTTTCACGACGAA,1.0214470639404,1.0138241524895966,1.0045997591632936,0.9952245748420324
Hepatocyte_15weeks_Animal3_Capture1_TGTGTTTCATTGGCGC,1.01264576490721,1.0036821792269148,0.9944500162570576,0.9859463004234928
Hepatocyte_15weeks_Animal3_Capture1_TGTGTTTGTAGAAGGA,0.893607409333965,0.8913224420765175,0.8877375727634692,0.8840144827416322
Hepatocyte_15weeks_Animal3_Capture1_TGTTCCGTCCTATGTT,1.01941449630118,1.006995827712426,0.9943187055977122,0.9824092492658432
Hepatocyte_15weeks_Animal3_Capture1_TTAACTCAGAGTACAT,1.02446551938256,1.026786842834829,1.028071372359638,1.0293116263372784
Hepatocyte_15weeks_Animal3_Capture1_TTAGGACGTTGGTAAA,0.90244087118563,0.9009896092151072,0.8988103253014822,0.8967391534445254
Hepatocyte_15weeks_Animal3_Capture1_TTATGCTGTCTGCCAG,1.0151991239721,1.0136395483146918,1.011286109331887,1.009140124469058
Hepatocyte_15weeks_Animal3_Capture1_TTCCCAGCACCATCCT,1.01532157014245,1.0072982527604435,0.9986627170147216,0.9904481339641052
Hepatocyte_15weeks_Animal3_Capture1_TTCTCAACACACGCTG,0.943318113189859,0.9445936883393294,0.944956427163814,0.9453239623610156
Hepatocyte_15weeks_Animal3_Capture1_TTCTTAGGTCCGTTAA,1.01753734654883,0.9961971649633584,0.9754393251691306,0.9561217973054548
Hepatocyte_15weeks_Animal3_Capture1_TTCTTAGTCGAATGGG,1.02660550684553,1.0128573722343537,0.9981437151762924,0.983864476511265
Hepatocyte_15weeks_Animal3_Capture1_TTGACTTCACATCTTT,1.01892085131808,1.0107095980916545,1.0018958395285806,0.9935049784140096
Hepatocyte_15weeks_Animal3_Capture1_TTTATGCGTACGAAAT,1.02306022860275,1.0231014835011771,1.0195789829287498,1.0138068604408033
Hepatocyte_15weeks_Animal3_Capture1_TTTGCGCCAGACTCGC,0.897090598328358,0.898824562699616,0.8997301854026991,0.9006644923783302
Hepatocyte_15weeks_Animal3_Capture1_TTTGGTTCACCGTTGG,1.01981528097046,1.0177527347760478,1.014870714583612,1.0121509472876438
Hepatocyte_15weeks_Animal3_Capture1_TTTGTCAGTTCGTCTC,0.953167461475687,0.9582774525994456,0.9621783383564596,0.9658577806825
Hepatocyte_15weeks_Animal3_Capture2_AAACCTGAGCGTAATA,1.02111275976566,1.0169386929260842,1.0121834486369254,1.0077926397090111
Hepatocyte_15weeks_Animal3_Capture2_AAAGTAGAGTACGTAA,1.01867487997387,1.0137086986124562,1.0079598776423018,1.002475239193724
Hepatocyte_15weeks_Animal3_Capture2_AAAGTAGCACACAGAG,1.00803539245662,1.0012825929799782,0.9936324763486384,0.986312660009589
Hepatocyte_15weeks_Animal3_Capture2_AAAGTAGCAGTCCTTC,1.01329914907224,1.0043623126243153,0.9951229913834324,0.9865687300659812
Hepatocyte_15weeks_Animal3_Capture2_AAAGTAGTCTGGCGAC,1.01707324271384,1.0143719354580334,1.0110415719110983,1.0080350055320837
Hepatocyte_15weeks_Animal3_Capture2_AAATGCCGTCGTTGTA,1.01711560392536,1.005528714586709,0.9937802915241134,0.982871220207002
Hepatocyte_15weeks_Animal3_Capture2_AAATGCCTCACGCGGT,1.01447642122904,1.0085026433298665,1.0015953358267924,0.9949110427375016
Hepatocyte_15weeks_Animal3_Capture2_AACACGTAGCATGGCA,1.02086926081206,1.024259466414756,1.0264121263792392,1.0283383797603718
Hepatocyte_15weeks_Animal3_Capture2_AACACGTCATTCCTGC,1.02480538685695,1.0137710452794009,1.0021599741684917,0.9911466111776732
Hepatocyte_15weeks_Animal3_Capture2_AACACGTTCTGACCTC,1.0138769345743,1.0091577276223982,1.003827829920632,0.9989203497357712
Hepatocyte_15weeks_Animal3_Capture2_AACCGCGTCTGTCAAG,0.916510992395868,0.9128722313521274,0.9086973633102524,0.9048889630625812
Hepatocyte_15weeks_Animal3_Capture2_AACTCAGAGCCAACAG,1.01671003822985,0.9978002732335302,0.978918447515702,0.9611760792223172
Hepatocyte_15weeks_Animal3_Capture2_AACTCAGCAGAGCCAA,1.02523283128474,1.019386055486904,1.0130980472763118,1.007328437719925
Hepatocyte_15weeks_Animal3_Capture2_AACTCAGTCTGCCCTA,1.02292727512619,1.0225441238829636,1.0212482516876888,1.020039895355637
Hepatocyte_15weeks_Animal3_Capture2_AACTCCCCAACGATGG,1.01492169447604,1.0020229130352063,0.9887972035512737,0.9762982695790764
Hepatocyte_15weeks_Animal3_Capture2_AACTCCCCAAGAAGAG,0.899009107660384,0.8940372853750475,0.8883747861049923,0.883062268730876
Hepatocyte_15weeks_Animal3_Capture2_AACTCCCCACCGGAAA,1.02314186335661,1.0154646486923316,1.0059216884906472,0.9960861052553374
Hepatocyte_15weeks_Animal3_Capture2_AACTCTTGTTGGTAAA,1.01137124040719,1.0017169529030343,0.991713446545479,0.9823512208790464
Hepatocyte_15weeks_Animal3_Capture2_AACTGGTCAGCTGCTG,1.01235935843592,1.0042601840441947,0.9957087506998368,0.9876879770427568
Hepatocyte_15weeks_Animal3_Capture2_AACTTTCTCTCCTATA,1.02871777713028,1.0307830489861451,1.0318153517352244,1.0328062644814224
Hepatocyte_15weeks_Animal3_Capture2_AAGACCTGTTCGTTGA,1.01829325503385,1.017278175528998,1.015518517911868,1.0139765282727735
Hepatocyte_15weeks_Animal3_Capture2_AAGGCAGCATAACCTG,1.02675959176308,1.0142614831050365,1.0016357199970638,0.9898734917854616
Hepatocyte_15weeks_Animal3_Capture2_AAGGCAGTCAACCAAC,1.02009070774679,1.0173434294472123,1.0123647572413637,1.0068613819643988
Hepatocyte_15weeks_Animal3_Capture2_AAGGTTCTCCAAATGC,1.02801038274338,1.0224382575340818,1.0163317810942465,1.010648424547882
Hepatocyte_15weeks_Animal3_Capture2_AATCGGTAGATAGGAG,1.01629226822467,1.0113564417244334,1.0056964985082166,1.00037880418203
Hepatocyte_15weeks_Animal3_Capture2_AATCGGTGTAAGTAGT,0.895318219923862,0.8932110907833976,0.8898602794017951,0.8864017414172919
Hepatocyte_15weeks_Animal3_Capture2_ACACCAAAGGATGTAT,0.887657232841432,0.8860106167251272,0.8836151855029211,0.8811853874856008
Hepatocyte_15weeks_Animal3_Capture2_ACACCCTAGTTGAGTA,0.924790896758539,0.9261098298325698,0.926603028773598,0.927156397014525
Hepatocyte_15weeks_Animal3_Capture2_ACACCCTCAATGGATA,0.910538884126359,0.9103955117702152,0.909491691957672,0.9087119847519448
Hepatocyte_15weeks_Animal3_Capture2_ACACCCTCATCGACGC,1.0307981678886,1.031532248531362,1.0314130868090887,1.031403197070626
Hepatocyte_15weeks_Animal3_Capture2_ACACTGATCATCGATG,1.01748859977475,1.0104804543373358,1.0030053257751057,0.9960256354307342
Hepatocyte_15weeks_Animal3_Capture2_ACACTGATCTCAAACG,1.02283152098495,1.020571908072918,1.0174714957899806,1.0145352755625945
Hepatocyte_15weeks_Animal3_Capture2_ACAGCTACACGACTCG,1.0269507512108,1.000165951382716,0.972303281677206,0.9484948616127648
Hepatocyte_15weeks_Animal3_Capture2_ACAGCTATCAATAAGG,1.0231110600346,1.017061710881275,1.0105052170218891,1.004421868713435
Hepatocyte_15weeks_Animal3_Capture2_ACAGCTATCGCCTGTT,1.01923340085043,1.0147994208737765,1.0098973708913974,1.0054613833588346
Hepatocyte_15weeks_Animal3_Capture2_ACATACGAGAATAGGG,1.00665748342216,0.98682528794786,0.9668327268146648,0.947915213738734
Hepatocyte_15weeks_Animal3_Capture2_ACCAGTAAGTTTGCGT,1.02731435543686,1.02400349828285,1.0199585059497396,1.01614757201094
Hepatocyte_15weeks_Animal3_Capture2_ACCAGTAGTTGTTTGG,0.789298874132091,0.7916164759694299,0.7932226663455795,0.7948541830864831
Hepatocyte_15weeks_Animal3_Capture2_ACCGTAACACCTTGTC,1.13658277880397,1.121581553324675,1.1053256555793542,1.089538282480623
Hepatocyte_15weeks_Animal3_Capture2_ACCGTAAGTCTCTTAT,0.919184840844407,0.9224175553769864,0.9247448892139016,0.927026473221405
Hepatocyte_15weeks_Animal3_Capture2_ACCGTAAGTGGTTTCA,1.02279735029096,1.0314186524672329,1.035778657328857,1.036865732357863
Hepatocyte_15weeks_Animal3_Capture2_ACCGTAAGTGTTGGGA,1.02177753842195,1.009111194290604,0.9962751071953924,0.98431052665409
Hepatocyte_15weeks_Animal3_Capture2_ACCTTTAAGTCACGCC,1.0168988681701,1.0093454778903657,1.0013695737080914,0.9939194148258808
Hepatocyte_15weeks_Animal3_Capture2_ACGAGCCAGGTCATCT,0.929138501111073,0.9178911611205436,0.9057987025737388,0.8940918197755169
Hepatocyte_15weeks_Animal3_Capture2_ACGAGGACAGTATGCT,1.03289384668789,1.0293675414821446,1.025192061553001,1.0213228818247788
Hepatocyte_15weeks_Animal3_Capture2_ACGATACCATTTCACT,1.01611051023175,1.0100678038261834,1.0031715807380432,0.9965543225294676
Hepatocyte_15weeks_Animal3_Capture2_ACGATACGTCTTGCGG,0.901914182922657,0.8984403197387942,0.8937056958255144,0.8889450519934043
Hepatocyte_15weeks_Animal3_Capture2_ACGATACGTGCTGTAT,1.01661016879673,1.0110425261005878,1.004974453270434,0.9993301218326828
Hepatocyte_15weeks_Animal3_Capture2_ACGATGTCACGGCGTT,1.02305532954019,1.017919611966551,1.0121285646572549,1.0066576025067573
Hepatocyte_15weeks_Animal3_Capture2_ACGATGTCATTCTTAC,0.776962381679717,0.7836565220302407,0.7893030973526004,0.7946888302713457
Hepatocyte_15weeks_Animal3_Capture2_ACGATGTTCCAGGGCT,1.01878528076457,1.0113781795354284,1.003322669590824,0.9957142590602216
Hepatocyte_15weeks_Animal3_Capture2_ACGATGTTCTCGAGTA,1.02357045472548,1.0122595349261343,1.0007950249389923,0.9901396578850304
Hepatocyte_15weeks_Animal3_Capture2_ACGCCAGAGCGCCTCA,1.01854522841144,1.0129820094765236,1.006870275221004,1.001183180573071
Hepatocyte_15weeks_Animal3_Capture2_ACGCCAGCATATGAGA,1.01785963656986,1.0117458879312782,1.0050987061037109,0.9988872551263692
Hepatocyte_15weeks_Animal3_Capture2_ACGCCAGGTAGCTCCG,1.0134265863902,1.001223279552903,0.9881248318498372,0.975604162998252
Hepatocyte_15weeks_Animal3_Capture2_ACGCCAGGTAGTGAAT,0.906414828036454,0.9070164171014052,0.9068730797257863,0.9068457091476692
Hepatocyte_15weeks_Animal3_Capture2_ACGCCGAAGAAACGAG,1.02156103076206,1.0139626948790974,1.0059818121151405,0.9985968477370516
Hepatocyte_15weeks_Animal3_Capture2_ACGCCGACATAGAAAC,1.0172466913089,1.0066889497689475,0.9957807970518888,0.9856392930996648
Hepatocyte_15weeks_Animal3_Capture2_ACGGAGAAGAGAACAG,1.03045965366203,0.9833101381047716,0.938305400766802,0.9075252427257664
Hepatocyte_15weeks_Animal3_Capture2_ACGGAGAAGCTGCGAA,0.903771452606785,0.9026566390529188,0.9008355896609436,0.8992135806752221
Hepatocyte_15weeks_Animal3_Capture2_ACGGCCAAGCACGCCT,1.02341665978692,1.0141369303523655,1.0044628172783667,0.9954605069390268
Hepatocyte_15weeks_Animal3_Capture2_ACGGCCAGTACTCAAC,1.02209381173059,1.01469689383911,1.0067266077266166,0.9992623914898682
Hepatocyte_15weeks_Animal3_Capture2_ACGGGCTCACTTAAGC,1.03196504683869,1.0342690538460009,1.035482530938329,1.0366096977229635
Hepatocyte_15weeks_Animal3_Capture2_ACGGGTCAGCAATATG,1.02981455696633,1.027628412055633,1.0244879934451554,1.0214549828537092
Hepatocyte_15weeks_Animal3_Capture2_ACGTCAAAGTGCTGCC,1.01857838186491,1.0126081828389577,1.0058504596489832,0.9993784031716874
Hepatocyte_15weeks_Animal3_Capture2_ACGTCAAGTCTCCACT,1.02151116347557,1.0178846295655115,1.0127869940181535,1.007555760521557
Hepatocyte_15weeks_Animal3_Capture2_ACGTCAATCGTGGTCG,1.02579728374845,1.01971577158071,1.0125643481341706,1.005557040079665
Hepatocyte_15weeks_Animal3_Capture2_ACTGAACTCTTAACCT,1.01809598141426,1.0094520511652871,1.000283575392238,0.9916298884305969
Hepatocyte_15weeks_Animal3_Capture2_ACTGTCCAGAGCTGCA,0.899132293583447,0.8977677643611726,0.8956993691846531,0.8937906879591315
Hepatocyte_15weeks_Animal3_Capture2_ACTGTCCAGTCAAGCG,1.03657734545204,1.0346978727274667,1.031317164627359,1.0276164642940302
Hepatocyte_15weeks_Animal3_Capture2_ACTGTCCGTTGAGTTC,1.0193964084482,1.0079606771568448,0.9963154347639168,0.9855089540689106
Hepatocyte_15weeks_Animal3_Capture2_ACTGTCCGTTTGGGCC,1.01555009226455,1.0089089299059957,1.0005536018949637,0.9919266839301752
Hepatocyte_15weeks_Animal3_Capture2_ACTTACTTCACGCGGT,1.01593258806909,1.003211321776473,0.990444276202792,0.9786654378854834
Hepatocyte_15weeks_Animal3_Capture2_ACTTGTTAGTGTACGG,1.02091192995357,1.020004754306266,1.0182756215162478,1.0167022787086328
Hepatocyte_15weeks_Animal3_Capture2_ACTTGTTAGTGTGAAT,1.02002196556645,1.011941309325895,1.0033769386013391,0.9953901011406232
Hepatocyte_15weeks_Animal3_Capture2_ACTTGTTCACTTAACG,1.02296455014558,1.0211249644741722,1.0185349917579456,1.0161538976257625
Hepatocyte_15weeks_Animal3_Capture2_ACTTGTTCATCCGGGT,1.01921219419578,1.0088827070851318,0.9972788826039634,0.985806541334709
Hepatocyte_15weeks_Animal3_Capture2_ACTTGTTTCTCTAGGA,1.01176475471965,1.0096436647893272,1.0065716624734196,1.0036137188246013
Hepatocyte_15weeks_Animal3_Capture2_ACTTTCACAATAGAGT,1.01908143979503,1.015205223448735,1.0107665028340946,1.006714862599332
Hepatocyte_15weeks_Animal3_Capture2_ACTTTCAGTCGAAAGC,1.01812502749031,1.0092010200099142,1.0000042724274798,0.9914836692586052
Hepatocyte_15weeks_Animal3_Capture2_AGACGTTAGCTGCAAG,1.02414883970584,1.008233052698858,0.9924829876328178,0.9778682667669024
Hepatocyte_15weeks_Animal3_Capture2_AGAGCGACACGGTAAG,1.02057297340236,1.0066799944840734,0.9925075996247212,0.9791937750671648
Hepatocyte_15weeks_Animal3_Capture2_AGAGTGGGTTGCCTCT,1.01409243060098,1.0046176658008683,0.994813869971606,0.9856640680828278
Hepatocyte_15weeks_Animal3_Capture2_AGATCTGTCTATCGCC,1.01735213887126,1.004465150810648,0.9906755379385505,0.9772873452103108
Hepatocyte_15weeks_Animal3_Capture2_AGATTGCTCATTCACT,1.02148309470026,1.011426180510416,1.0009423279566323,0.991088872812286
Hepatocyte_15weeks_Animal3_Capture2_AGCAGCCAGCGACGTA,1.02905475766613,1.0200168152399012,1.0106958722310009,1.0020457480478075
Hepatocyte_15weeks_Animal3_Capture2_AGCAGCCGTACCGGCT,1.01993964536254,1.0121222006309898,1.0032865178218078,0.9946593715981952
Hepatocyte_15weeks_Animal3_Capture2_AGCAGCCGTCCGAGTC,1.02091767453956,1.0130030812396844,1.004782572363949,0.9971935476379302
Hepatocyte_15weeks_Animal3_Capture2_AGCAGCCGTGCACCAC,1.02048795412017,1.0153608330691033,1.0096967921540332,1.0045240314119317
Hepatocyte_15weeks_Animal3_Capture2_AGCATACAGCTAACTC,1.01408320507589,1.0124741101595252,1.0101147870047338,1.0079856065267063
Hepatocyte_15weeks_Animal3_Capture2_AGCATACGTGCGATAG,1.02165867643063,1.0091502499986174,0.9960376376175096,0.9835667005353428
Hepatocyte_15weeks_Animal3_Capture2_AGCCTAAAGTGAAGAG,1.01292345353453,1.011509310580842,1.0087659421162551,1.0059400977344766
Hepatocyte_15weeks_Animal3_Capture2_AGCCTAAGTCTTGCGG,0.893253220290698,0.8977641054688865,0.9014805087156282,0.9052187349206916
Hepatocyte_15weeks_Animal3_Capture2_AGCGGTCCACCTGGTG,1.02455413177411,1.013511573860729,1.002152280768422,0.991512916304266
Hepatocyte_15weeks_Animal3_Capture2_AGCGGTCGTATGGTTC,1.01891374422539,1.004968717813922,0.990840226732112,0.9775517160431888
Hepatocyte_15weeks_Animal3_Capture2_AGCGGTCGTCTGCGGT,1.01775156807728,1.0023293506942248,0.9869796677773954,0.9726801440638446
Hepatocyte_15weeks_Animal3_Capture2_AGCGTATAGAAGAAGC,1.0237519485622,1.014875740036405,1.0057272580174208,0.9972684650302795
Hepatocyte_15weeks_Animal3_Capture2_AGCGTATGTCCGACGT,1.01043724939946,1.0008946857367824,0.990848128082356,0.9813341992649538
Hepatocyte_15weeks_Animal3_Capture2_AGCGTATTCGGGAGTA,0.792291678508503,0.8021386556792127,0.8109595501156323,0.8195403543489735
Hepatocyte_15weeks_Animal3_Capture2_AGCGTCGAGCAGGTCA,1.02181526129747,1.025293512230797,1.0277471463419898,1.0301455169809626
Hepatocyte_15weeks_Animal3_Capture2_AGCTCCTCAGACGCCT,1.02603518708009,1.0158290162856574,1.0053114455710146,0.995454661534943
Hepatocyte_15weeks_Animal3_Capture2_AGCTCTCCACAGGAGT,0.90629128688712,0.9026449057632188,0.8981781796740772,0.8939068877467552
Hepatocyte_15weeks_Animal3_Capture2_AGCTCTCTCAACGAAA,1.02703505484803,1.024838278964884,1.0219177860820825,1.0192373103540775
Hepatocyte_15weeks_Animal3_Capture2_AGCTCTCTCCTGCCAT,1.02252149941849,1.019978546568192,1.016768724992088,1.0138308948847363
Hepatocyte_15weeks_Animal3_Capture2_AGCTTGAGTTTAGCTG,1.02090002963092,0.9653441978962476,0.9249299272226074,0.901773248194216
Hepatocyte_15weeks_Animal3_Capture2_AGGCCACAGACAAAGG,1.01539580984563,1.0071783190095451,0.9985277894923816,0.9904572598841468
Hepatocyte_15weeks_Animal3_Capture2_AGGCCACCAAACCTAC,1.03537973679265,1.0418475172983048,1.0470204192612595,1.0519208002299008
Hepatocyte_15weeks_Animal3_Capture2_AGGCCACCACTCAGGC,1.01523462423752,1.0044404887511007,0.992483102070574,0.9807225701299664
Hepatocyte_15weeks_Animal3_Capture2_AGGCCGTTCCCGACTT,1.1454685320612,1.1362037084656122,1.1264969843807986,1.117389097633786
Hepatocyte_15weeks_Animal3_Capture2_AGGGATGTCGATCCCT,0.890828010225334,0.8813846014014296,0.8715418231793038,0.8622972888043803
Hepatocyte_15weeks_Animal3_Capture2_AGGGATGTCGCCCTTA,1.0167694440812,0.9988646007052716,0.9813177208169176,0.9650508655486042
Hepatocyte_15weeks_Animal3_Capture2_AGGGATGTCGGTGTTA,1.01922603746803,1.008437495944922,0.9967089348511516,0.9853223771142556
Hepatocyte_15weeks_Animal3_Capture2_AGGGTGAGTAAATACG,1.01319210856398,1.0002943727707048,0.9872935007641342,0.975212835166933
Hepatocyte_15weeks_Animal3_Capture2_AGGTCATCAATGGTCT,0.939265046633592,0.9144138808815844,0.8880002294116335,0.8728116126189305
Hepatocyte_15weeks_Animal3_Capture2_AGGTCATCAGCTGGCT,1.01400142012002,1.0175334934146834,1.01989990720083,1.0221362901559028
Hepatocyte_15weeks_Animal3_Capture2_AGGTCATGTGCTCTTC,1.0162406817524,1.0016175141872516,0.9870203158926434,0.9734242248353964
Hepatocyte_15weeks_Animal3_Capture2_AGGTCCGCATGGGAAC,1.02022198680286,1.0130852598439557,1.0055405438621,0.9985298895702912
Hepatocyte_15weeks_Animal3_Capture2_AGTAGTCAGCCCAGCT,1.0203500237224,1.0191526942556803,1.017049120141501,1.0150233240184483
Hepatocyte_15weeks_Animal3_Capture2_AGTAGTCGTGGGTATG,1.0289668956354,1.027543598762109,1.0253695557046298,1.023392695303485
Hepatocyte_15weeks_Animal3_Capture2_AGTAGTCTCGCCAAAT,1.01967911351151,1.0147406336127671,1.009168358302741,1.004003823250218
Hepatocyte_15weeks_Animal3_Capture2_AGTAGTCTCGCTTGTC,1.01635845181446,1.0131980531263174,1.009299329375766,1.0056745215034202
Hepatocyte_15weeks_Animal3_Capture2_AGTCTTTCAGGATTGG,1.01249902276853,1.006896992193768,1.0007372726803665,0.9949919752058984
Hepatocyte_15weeks_Animal3_Capture2_AGTCTTTGTGAGCGAT,1.01470445536672,0.995891131221164,0.9772800976853624,0.9598980870384096
Hepatocyte_15weeks_Animal3_Capture2_AGTGAGGTCCGCGGTA,1.01769677990222,1.016596175690667,1.014749181925271,1.0131071448286773
Hepatocyte_15weeks_Animal3_Capture2_AGTGGGAAGAGATGAG,1.02090802962436,1.0149769804351632,1.0086354575757135,1.0028071700567005
Hepatocyte_15weeks_Animal3_Capture2_AGTGTCAAGCGCCTCA,1.01614017857555,1.0145785785812944,1.0121561586298824,1.0098580853885455
Hepatocyte_15weeks_Animal3_Capture2_AGTTGGTAGAACAATC,1.01433174030484,1.006391489929894,0.9980848605619176,0.9903714052138222
Hepatocyte_15weeks_Animal3_Capture2_AGTTGGTTCATGTAGC,1.02001788308849,1.0069825115931117,0.9939346269639272,0.9818269054586016
Hepatocyte_15weeks_Animal3_Capture2_ATAACGCAGAGGTACC,1.0146123967118,0.9996886772520608,0.9844642151886872,0.97012237527727
Hepatocyte_15weeks_Animal3_Capture2_ATAACGCGTGCGGTAA,1.02391089734793,1.0232676257936293,1.0217036969413935,1.0202107672692848
Hepatocyte_15weeks_Animal3_Capture2_ATAAGAGAGCTAGCCC,1.01182945450125,0.9956811644747496,0.9792660765591028,0.9636943777194658
Hepatocyte_15weeks_Animal3_Capture2_ATAAGAGCAATCCAAC,0.86440371699609,0.8622707154938655,0.858168271857516,0.8533639657957723
Hepatocyte_15weeks_Animal3_Capture2_ATAGACCCACGTCTCT,1.0119427992002,1.0095721131715292,1.0051819800788044,1.0003352655398534
Hepatocyte_15weeks_Animal3_Capture2_ATAGACCTCTAACTTC,1.0168305313686,1.003915072140294,0.991070945149444,0.9791994847916374
Hepatocyte_15weeks_Animal3_Capture2_ATCACGAAGAGACGAA,1.16387848045769,1.1472391324874132,1.1306548046996705,1.1152225587339062
Hepatocyte_15weeks_Animal3_Capture2_ATCACGAGTACCATCA,1.01658923373062,1.004179858286431,0.9915616845613512,0.9797439470320836
Hepatocyte_15weeks_Animal3_Capture2_ATCATCTAGACACGAC,1.01712854369406,1.0069105932957214,0.9965103224083656,0.986898823114697
Hepatocyte_15weeks_Animal3_Capture2_ATCATCTAGTGGTCCC,1.01777487695906,1.010494781447907,1.002750936073881,0.9955700395953404
Hepatocyte_15weeks_Animal3_Capture2_ATCATCTGTCTAAAGA,0.919686027718816,0.9142775437439709,0.9079450581300712,0.9017850214288294
Hepatocyte_15weeks_Animal3_Capture2_ATCATGGGTTCGAATC,1.01768047240521,1.0056560240651389,0.9934421164941056,0.9820598243922876
Hepatocyte_15weeks_Animal3_Capture2_ATCCACCAGCACCGTC,0.913011705400604,0.877530003967787,0.8498429439100285,0.836387914520795
Hepatocyte_15weeks_Animal3_Capture2_ATCCACCTCTGTCCGT,1.01625669843735,1.0045797149546831,0.991720477988858,0.979152732160686
Hepatocyte_15weeks_Animal3_Capture2_ATCGAGTCAAGTCTAC,1.00922552189943,1.0026223602563893,0.9955132239703448,0.988880790921878
Hepatocyte_15weeks_Animal3_Capture2_ATCGAGTCACACTGCG,1.23011704733924,1.2199622167693551,1.2093354136516692,1.1993478333814922
Hepatocyte_15weeks_Animal3_Capture2_ATCGAGTTCCCAGGTG,1.01689833059657,1.0058345681802228,0.9942326216480096,0.983294326857992
Hepatocyte_15weeks_Animal3_Capture2_ATCTACTCACATCTTT,1.03760389400352,1.0392637255289754,1.039915332328568,1.040541552964062
Hepatocyte_15weeks_Animal3_Capture2_ATCTACTCACGGTAAG,1.02750680118139,1.030070177397528,1.031685853492981,1.0333208529528477
Hepatocyte_15weeks_Animal3_Capture2_ATCTACTTCGTTGCCT,1.00789115636789,1.0010965248455348,0.9934826839842276,0.9861792152077294
Hepatocyte_15weeks_Animal3_Capture2_ATCTACTTCTCACATT,1.02163349818881,1.0054405282726893,0.9891211676124162,0.9737887656203704
Hepatocyte_15weeks_Animal3_Capture2_ATCTACTTCTTGTCAT,1.01217048319037,1.0016792238130043,0.9907853781276136,0.9805257677458268
Hepatocyte_15weeks_Animal3_Capture2_ATCTGCCAGTGTACTC,1.00957673160778,1.002826319776594,0.9951919688431492,0.9878517314058164
Hepatocyte_15weeks_Animal3_Capture2_ATCTGCCCATTAGGCT,1.02513236974021,1.016008429837284,1.0061239913098294,0.9966366524378992
Hepatocyte_15weeks_Animal3_Capture2_ATCTGCCTCATTATCC,1.02058369777076,1.0181203235658736,1.0137068289193925,1.008610223071501
Hepatocyte_15weeks_Animal3_Capture2_ATGAGGGAGATGCGAC,1.02121596856833,1.0142026997203375,1.0067050264489497,0.9997273900143656
Hepatocyte_15weeks_Animal3_Capture2_ATGAGGGGTCACCTAA,1.02647689436182,1.029738527011537,1.031952749795966,1.034107569337105
Hepatocyte_15weeks_Animal3_Capture2_ATGGGAGGTGTCCTCT,0.964239533814469,0.9681078783942708,0.9708711838372766,0.973462824700183
Hepatocyte_15weeks_Animal3_Capture2_ATGTGTGAGCCGTCGT,1.01684718728851,1.0103508020218033,1.0034379165561895,0.997037006690489
Hepatocyte_15weeks_Animal3_Capture2_ATGTGTGTCAACTCTT,1.02448136351555,1.0207969330287818,1.016444546998484,1.012382967961513
Hepatocyte_15weeks_Animal3_Capture2_ATTACTCGTGATGATA,0.793883706023753,0.7979081427322227,0.8009228297815773,0.8037663349374813
Hepatocyte_15weeks_Animal3_Capture2_ATTATCCAGACACTAA,0.885670048224247,0.8816792049245229,0.876843302624417,0.8722656554742073
Hepatocyte_15weeks_Animal3_Capture2_ATTATCCAGGTGCACA,0.891761241262451,0.8932224950328523,0.8939748552341276,0.8948616483264832
Hepatocyte_15weeks_Animal3_Capture2_ATTATCCTCCGCGTTT,1.01564203356946,1.0099763041668304,1.0037465879369916,0.9979497216796612
Hepatocyte_15weeks_Animal3_Capture2_ATTGGACAGTCCCACG,1.02049246633765,1.01026428087674,0.9996573148584104,0.989697538931869
Hepatocyte_15weeks_Animal3_Capture2_ATTGGACGTGCACTTA,1.02146053301668,1.016975314205596,1.0118355673612425,1.0070150307007844
Hepatocyte_15weeks_Animal3_Capture2_ATTGGTGCACCACCAG,1.03296572722263,1.0316889250861203,1.0295370852459813,1.027506054058797
Hepatocyte_15weeks_Animal3_Capture2_ATTTCTGCAAGTAGTA,0.954865619849462,0.9559590791059964,0.954987475143656,0.9534253092676106
Hepatocyte_15weeks_Animal3_Capture2_ATTTCTGTCTGACCTC,1.01733145036116,1.002811768159115,0.9880088477334916,0.974004071097981
Hepatocyte_15weeks_Animal3_Capture2_CAACCAACAGATTGCT,1.01517648685198,1.0088750830655844,1.002020001277876,0.9955826893750896
Hepatocyte_15weeks_Animal3_Capture2_CAACCAACATGACATC,1.01885450491751,1.012127794118883,1.0046881408441763,0.9976952031270432
Hepatocyte_15weeks_Animal3_Capture2_CAACCAAGTTGCTCCT,1.02139650323524,1.01376363104247,1.0053860557443386,0.9974802099588088
Hepatocyte_15weeks_Animal3_Capture2_CAACCTCGTGACGGTA,1.02995205650133,1.032943497632694,1.0348800787129706,1.0367624689747663
Hepatocyte_15weeks_Animal3_Capture2_CAACCTCGTTGGGACA,1.01676881529204,1.0126300132814872,1.0078348870897953,1.0033459012173374
Hepatocyte_15weeks_Animal3_Capture2_CAACCTCTCACGACTA,1.01427414495173,1.0069965129065328,0.999014667079974,0.9914830736448728
Hepatocyte_15weeks_Animal3_Capture2_CAACCTCTCTGTCAAG,1.01193635282433,1.0085280802725232,1.0044537689205226,1.0006719593354958
Hepatocyte_15weeks_Animal3_Capture2_CAACTAGTCCAGTAGT,1.02061762079321,1.024392088478338,1.0270489636893094,1.029576080845631
Hepatocyte_15weeks_Animal3_Capture2_CAAGAAAGTAGGCATG,0.88435547569055,0.8818507478481425,0.8785744095426687,0.8755125486809362
Hepatocyte_15weeks_Animal3_Capture2_CAAGAAATCATAGCAC,1.01895810471524,1.0021231086952518,0.985171910240521,0.9692481078894596
Hepatocyte_15weeks_Animal3_Capture2_CAAGATCCAAGCTGGA,1.01758798988421,1.0054640708951208,0.993343433181865,0.9821692485862978
Hepatocyte_15weeks_Animal3_Capture2_CAAGGCCAGTCAAGGC,1.01078604947372,1.0054771327375611,0.9996308779508268,0.994201382593907
Hepatocyte_15weeks_Animal3_Capture2_CAAGGCCTCTTGTACT,1.02579418450055,1.0136478940734457,1.0011900531111655,0.9894691967205116
Hepatocyte_15weeks_Animal3_Capture2_CAAGTTGGTGTTGAGG,0.893132229365156,0.8962428156589654,0.8984880624264281,0.9007752091384325
Hepatocyte_15weeks_Animal3_Capture2_CACAAACAGTCTCGGC,1.02234596881583,1.011069125626058,0.9994292283560212,0.9884862287636272
Hepatocyte_15weeks_Animal3_Capture2_CACAAACTCTATCCCG,1.01520468894645,1.0071473747941582,0.9985315204769664,0.990381366496019
Hepatocyte_15weeks_Animal3_Capture2_CACACAACAGGTCCAC,1.01774465007851,1.0078257336102243,0.9976658667469568,0.9882425608660228
Hepatocyte_15weeks_Animal3_Capture2_CACACAATCTAGCACA,1.01741150035514,1.0190790339079208,1.0198801005189284,1.0207891642999831
Hepatocyte_15weeks_Animal3_Capture2_CACACCTAGGAATGGA,1.02543180819047,1.0243357040525631,1.0224061093478425,1.020596317469652
Hepatocyte_15weeks_Animal3_Capture2_CACACCTGTGATGCCC,1.01827310343319,1.0154350380508048,1.0117727659498428,1.0083102243685764
Hepatocyte_15weeks_Animal3_Capture2_CACACTCAGGAATGGA,1.01660477436337,1.0042737438791742,0.9918788088012228,0.980346091004539
Hepatocyte_15weeks_Animal3_Capture2_CACACTCCAGGGATTG,0.976035344322543,0.9771357746591068,0.9772817553149956,0.9774044709755294
Hepatocyte_15weeks_Animal3_Capture2_CACACTCGTGTGCGTC,1.0192618082293,1.0134559809446424,1.0064418302717175,0.9994980037671104
Hepatocyte_15weeks_Animal3_Capture2_CACAGGCGTGACGGTA,1.01806574882016,1.0218781041175695,1.024644017127975,1.0273496250994945
Hepatocyte_15weeks_Animal3_Capture2_CACAGTACACTTAAGC,1.01264053443337,1.0077666928541646,1.0020872856670318,0.9966905213787683
Hepatocyte_15weeks_Animal3_Capture2_CACAGTATCTGCGTAA,0.897262732382482,0.8978871546372922,0.8976634297957854,0.8975028822822843
Hepatocyte_15weeks_Animal3_Capture2_CACATTTCAGGACGTA,0.795374042218335,0.8068666286883593,0.8172893955574981,0.8273815982318524
Hepatocyte_15weeks_Animal3_Capture2_CACCACTGTCTCCATC,1.01490887563997,1.0086406557973324,1.0018205739455903,0.9954410713161432
Hepatocyte_15weeks_Animal3_Capture2_CACCACTTCAGCAACT,1.0304885187646,1.025919816746874,1.0207205206438663,1.015859341425768
Hepatocyte_15weeks_Animal3_Capture2_CACCTTGGTGTTAAGA,0.927431578042391,0.9316162717968904,0.934817668752322,0.9379278378546154
Hepatocyte_15weeks_Animal3_Capture2_CACCTTGTCTACTATC,0.879754666142348,0.8851419882003505,0.8895675751138316,0.893887586242336
Hepatocyte_15weeks_Animal3_Capture2_CACTCCACACCCATGG,0.903630195098583,0.906629815755701,0.9088435184368496,0.9111224792228848
Hepatocyte_15weeks_Animal3_Capture2_CACTCCAGTATATGGA,1.01804969151169,1.009115619492097,0.9994372727114098,0.9901945132892862
Hepatocyte_15weeks_Animal3_Capture2_CAGAATCCAGTACACT,1.01736513778814,1.0048599123376474,0.9923186127559602,0.980683876993572
Hepatocyte_15weeks_Animal3_Capture2_CAGAGAGAGTTATCGC,1.01510290609137,0.9987073163012314,0.9822713651878244,0.9669004418116526
Hepatocyte_15weeks_Animal3_Capture2_CAGAGAGCACGTGAGA,1.01625948597878,1.0128810252169762,1.0088375522205604,1.00508380659265
Hepatocyte_15weeks_Animal3_Capture2_CAGAGAGTCGACGGAA,1.03771484733144,1.033859974737038,1.0293263076212824,1.025080579084909
Hepatocyte_15weeks_Animal3_Capture2_CAGATCAAGCTCTCGG,0.907359546954449,0.905968580326699,0.9039454698792354,0.9021518670627756
Hepatocyte_15weeks_Animal3_Capture2_CAGATCAGTAGAGGAA,0.910174771459606,0.9111021704203311,0.911246035217654,0.9114873025919504
Hepatocyte_15weeks_Animal3_Capture2_CAGATCAGTCCGTTAA,1.02150045701234,1.0184439563073295,1.0147324887333975,1.0113576392082957
Hepatocyte_15weeks_Animal3_Capture2_CAGCAGCAGAATGTGT,0.880008030692024,0.8749671067049284,0.8691623192562862,0.8636114797538532
Hepatocyte_15weeks_Animal3_Capture2_CAGCATAAGCCACGTC,1.02079069230975,1.0081169091285338,0.9944106550528596,0.9810456690804452
Hepatocyte_15weeks_Animal3_Capture2_CAGCATAAGTGCCATT,1.01379403958028,1.0054177591289892,0.9965600119015215,0.9882336717649012
Hepatocyte_15weeks_Animal3_Capture2_CAGCCGAAGACAATAC,1.02506851487969,1.0179537156869911,1.01030720326242,1.0031758628263394
Hepatocyte_15weeks_Animal3_Capture2_CAGCCGAGTGTTTGTG,1.01606596522181,1.0065501271580477,0.9966407430503322,0.987361266336237
Hepatocyte_15weeks_Animal3_Capture2_CAGCGACGTCTTCAAG,1.02533265698704,1.015869889280908,1.0058391552373158,0.9963491913283228
Hepatocyte_15weeks_Animal3_Capture2_CAGCTAACAGCTCCGA,1.01729349109977,1.0017888776556496,0.986377162392419,0.971975905668876
Hepatocyte_15weeks_Animal3_Capture2_CAGCTGGTCCTTGGTC,1.02128334469896,1.0098919777929636,0.9977722524768148,0.986154755840912
Hepatocyte_15weeks_Animal3_Capture2_CAGCTGGTCTTAGCCC,0.891259145692647,0.8929866440352062,0.893959814040382,0.8950333563063974
Hepatocyte_15weeks_Animal3_Capture2_CAGCTGGTCTTTAGGG,1.00939756421765,1.001975200746571,0.9941592973899058,0.9869487459644516
Hepatocyte_15weeks_Animal3_Capture2_CAGTAACTCGACCAGC,0.961862190206488,0.9663229609175944,0.9696041100564388,0.9726577983614636
Hepatocyte_15weeks_Animal3_Capture2_CAGTCCTTCTTGTCAT,1.01225262925547,1.006433810297691,1.000079900521059,0.994154540134412
Hepatocyte_15weeks_Animal3_Capture2_CATATGGGTTGATTCG,1.0160331389986,1.0124144658858885,1.007830548562492,1.0033969679720796
Hepatocyte_15weeks_Animal3_Capture2_CATATGGTCCTCAACC,0.902627633489263,0.9041907981306324,0.9049479521410116,0.905774518633398
Hepatocyte_15weeks_Animal3_Capture2_CATCAAGAGATCCTGT,1.01811533953296,1.004546066862411,0.9909495896704738,0.9782951686837642
Hepatocyte_15weeks_Animal3_Capture2_CATCAAGCAACTTGAC,1.02499622046336,1.0293108163674745,1.0325198633645292,1.0356107212560774
Hepatocyte_15weeks_Animal3_Capture2_CATCAAGTCAAGATCC,1.02825842990915,1.023342236993678,1.0179475508555949,1.0130113336459652
Hepatocyte_15weeks_Animal3_Capture2_CATCAGAAGGTGCACA,1.01202460628909,0.9863160235773152,0.9615025009972142,0.9385623587822904
Hepatocyte_15weeks_Animal3_Capture2_CATCAGAGTCGCGGTT,1.0185169165401,1.0067623205757414,0.9946683410228756,0.9832425569819666
Hepatocyte_15weeks_Animal3_Capture2_CATCAGAGTGTAATGA,1.02066989130808,1.01461544993626,1.0079468416581117,1.001657106723534
Hepatocyte_15weeks_Animal3_Capture2_CATCCACAGAGAGCTC,0.892390315707775,0.8928867331382038,0.8923725920699489,0.8918567570755455
Hepatocyte_15weeks_Animal3_Capture2_CATCCACGTATAAACG,1.01634103418901,1.0165147527873288,1.0158331627278283,1.015274271749336
Hepatocyte_15weeks_Animal3_Capture2_CATCGAACACGGCTAC,1.01638940827007,0.9998221688689178,0.9831770600749098,0.9675081476309476
Hepatocyte_15weeks_Animal3_Capture2_CATCGGGAGCTGCCCA,0.899136419599718,0.8992464393199764,0.8986508108459164,0.8981924906083901
Hepatocyte_15weeks_Animal3_Capture2_CATCGGGCAGCTCGAC,1.01640066734477,1.008254514702305,0.9997820845508846,0.9919653388613942
Hepatocyte_15weeks_Animal3_Capture2_CATCGGGGTGCACCAC,1.03589086316208,1.0340758131547922,1.0315210191929345,1.0291971789104344
Hepatocyte_15weeks_Animal3_Capture2_CATGACAAGTTCCACA,1.01958628188027,1.0118728193206092,1.0038416626177782,0.9964429970135557
Hepatocyte_15weeks_Animal3_Capture2_CATGCCTCATCGGACC,1.02226882140739,1.0112119310461585,0.9997414316995868,0.9888886205617484
Hepatocyte_15weeks_Animal3_Capture2_CATGGCGCATAGACTC,1.01908769268117,1.008342122806807,0.9968336201253246,0.9858294238480432
Hepatocyte_15weeks_Animal3_Capture2_CATGGCGTCAACCAAC,1.02464065216124,1.0090671965781208,0.9934309554213924,0.978817559261086
Hepatocyte_15weeks_Animal3_Capture2_CATGGCGTCCGAAGAG,0.985138135662762,0.9895243396381544,0.9927746278227996,0.9958481381495112
Hepatocyte_15weeks_Animal3_Capture2_CATTCGCCACTATCTT,1.00908008954909,1.0007778604753477,0.9921981054308316,0.984283389557734
Hepatocyte_15weeks_Animal3_Capture2_CATTCGCGTAAGTGGC,1.20023215975873,1.1734241615032408,1.1470244367665772,1.1224498636934073
Hepatocyte_15weeks_Animal3_Capture2_CATTCGCTCTACTATC,1.02286272895279,1.0082948352193666,0.9938171011952984,0.9803785319555748
Hepatocyte_15weeks_Animal3_Capture2_CCAATCCTCAGAGGTG,0.890613022596171,0.894479992123073,0.8973926310910365,0.9002523764149125
Hepatocyte_15weeks_Animal3_Capture2_CCACTACGTGTAAGTA,1.01840609347049,1.0124079938027126,1.005227827491298,0.9981767436404412
Hepatocyte_15weeks_Animal3_Capture2_CCATGTCTCGTGGACC,1.01918272191849,1.0069990282045542,0.9947094580729694,0.983243979611804
Hepatocyte_15weeks_Animal3_Capture2_CCATGTCTCTTATCTG,1.01592106306505,1.014356889103638,1.0117110692555218,1.0091609912498978
Hepatocyte_15weeks_Animal3_Capture2_CCATTCGTCTATCCTA,1.01119772286404,1.0044016112498773,0.9971712633896156,0.9904673016140424
Hepatocyte_15weeks_Animal3_Capture2_CCCAATCAGCTCTCGG,1.02093305060238,1.015495650697709,1.0095683876857913,1.004112263031891
Hepatocyte_15weeks_Animal3_Capture2_CCCAATCCAGTCACTA,0.914033531316195,0.9073285946828616,0.9001552029699735,0.8934594846557161
Hepatocyte_15weeks_Animal3_Capture2_CCCATACCACAGTCGC,0.904121010563971,0.9060309537120764,0.9071453257366184,0.9083030638294524
Hepatocyte_15weeks_Animal3_Capture2_CCCTCCTTCTTCGAGA,0.889323183137133,0.8958523442757096,0.901278309425666,0.906463848983202
Hepatocyte_15weeks_Animal3_Capture2_CCGGGATCAGCCAGAA,1.03274247329491,1.0316445495760236,1.029682060673404,1.0278476459561188
Hepatocyte_15weeks_Animal3_Capture2_CCGGGATCATGCAACT,1.02451879836819,1.0124510057662297,1.0000572642250598,0.9884260520778932
Hepatocyte_15weeks_Animal3_Capture2_CCGTGGATCCTATGTT,1.0133603344224,1.0022480765327484,0.9907162698810996,0.9798271365227436
Hepatocyte_15weeks_Animal3_Capture2_CCGTTCAGTCCAGTTA,0.868166270575416,0.866372481164792,0.8639074651446446,0.8616692197728019
Hepatocyte_15weeks_Animal3_Capture2_CCTAAAGTCTAACGGT,1.01616989695815,0.9994233678324718,0.9828987956141932,0.9675945749311536
Hepatocyte_15weeks_Animal3_Capture2_CCTACACAGATGAGAG,1.01816490850284,1.001309643959591,0.984659741382298,0.9691931416558426
Hepatocyte_15weeks_Animal3_Capture2_CCTACACGTTCTGTTT,1.01432693991913,1.0090312240610162,1.003031248678251,0.9973493487772146
Hepatocyte_15weeks_Animal3_Capture2_CCTACACTCAGCACAT,1.02030788319568,1.0134763167597671,1.005812522801895,0.9984245339273772
Hepatocyte_15weeks_Animal3_Capture2_CCTACACTCTTAGAGC,1.01600466014069,0.9958077017213898,0.9758531883472072,0.9571816497815868
Hepatocyte_15weeks_Animal3_Capture2_CCTACCAGTAGCTCCG,1.02076987174052,1.016972033735973,1.0113233362977043,1.0053562013761597
Hepatocyte_15weeks_Animal3_Capture2_CCTCAGTTCCCGGATG,1.01410419339884,1.011507635075822,1.0065507214907228,1.0007726930922245
Hepatocyte_15weeks_Animal3_Capture2_CCTCAGTTCTATCCCG,1.01426398758643,1.0049800157512343,0.9952953248421612,0.9862483863259216
Hepatocyte_15weeks_Animal3_Capture2_CCTCTGAAGAACTGTA,0.897878730670211,0.9063738567635148,0.913809615536805,0.9210539550111896
Hepatocyte_15weeks_Animal3_Capture2_CCTTACGGTGAGGCTA,1.00785053637701,1.0070574506270258,1.005525035902331,1.004253218239714
Hepatocyte_15weeks_Animal3_Capture2_CCTTACGTCACCACCT,1.01961192231352,1.005209019516264,0.9906982360696164,0.9771304280180974
Hepatocyte_15weeks_Animal3_Capture2_CCTTCGAAGTCAAGGC,0.958473726393558,0.9575659619403504,0.955844766126142,0.9542358995500072
Hepatocyte_15weeks_Animal3_Capture2_CCTTTCTAGTTTCCTT,1.02238507889405,1.0154672558402,1.007668029716551,1.0001617328611387
Hepatocyte_15weeks_Animal3_Capture2_CGAACATCACTACAGT,1.01851232812945,1.0111844596762856,1.0034083461253591,0.9961613042387132
Hepatocyte_15weeks_Animal3_Capture2_CGAATGTCAGTATCTG,1.0224988905201,1.0208490339972016,1.0183707476815431,1.0160762129218346
Hepatocyte_15weeks_Animal3_Capture2_CGACTTCGTAGCTCCG,0.941407829422117,0.940564839597518,0.9380671972734408,0.9352571767338888
Hepatocyte_15weeks_Animal3_Capture2_CGACTTCGTGTGACCC,0.893553365268526,0.8936722812044026,0.8930783492496832,0.8926735223329859
Hepatocyte_15weeks_Animal3_Capture2_CGAGCACTCACAAACC,1.01324268946764,1.004821111857483,0.9959532949923148,0.9876089948648176
Hepatocyte_15weeks_Animal3_Capture2_CGAGCCAAGAAACCAT,0.928371695268042,0.9287812605689244,0.9276467437540974,0.9262021444286472
Hepatocyte_15weeks_Animal3_Capture2_CGAGCCACAGATGGCA,1.02717047442106,1.02427172796925,1.0206661126545855,1.017336358892989
Hepatocyte_15weeks_Animal3_Capture2_CGAGCCACATCCAACA,0.945474070030469,0.9503945952746968,0.9542758012030844,0.958025088531887
Hepatocyte_15weeks_Animal3_Capture2_CGAGCCAGTCGGCATC,1.0076435139749,1.0019888821445675,0.9952422512024164,0.9886280725628804
Hepatocyte_15weeks_Animal3_Capture2_CGATCGGCAAGAAGAG,1.03316399967997,1.0243636560028917,1.0147903063630213,1.0056587319167216
Hepatocyte_15weeks_Animal3_Capture2_CGATCGGGTCCGCTGA,1.02814018379556,1.0327244476423123,1.036268859304828,1.039737336415993
Hepatocyte_15weeks_Animal3_Capture2_CGATGTAAGCGTGAGT,1.02698488724417,1.025188940569991,1.0224163742834538,1.0197566465075318
Hepatocyte_15weeks_Animal3_Capture2_CGATTGAGTCTCATCC,1.01834870514174,1.0046737103738326,0.9907602414370738,0.9776936055353864
Hepatocyte_15weeks_Animal3_Capture2_CGCCAAGCATCTATGG,1.01833662128716,1.0156344040144758,1.009714646223078,1.0018582378002592
Hepatocyte_15weeks_Animal3_Capture2_CGCGGTACACCGTTGG,1.01940750210357,1.0233782793104949,1.026099744804252,1.0285766184337302
Hepatocyte_15weeks_Animal3_Capture2_CGCGTTTTCTTGACGA,1.0170122336301,1.0103068883911797,1.0032339088708586,0.9967411871276348
Hepatocyte_15weeks_Animal3_Capture2_CGCTATCAGTTTCCTT,1.01818491820168,1.003589836608067,0.9889817386175556,0.9753696401792696
Hepatocyte_15weeks_Animal3_Capture2_CGCTGGAAGCCCAACC,1.01413010449349,1.0093674618209625,1.0040372246317877,0.9991619461429132
Hepatocyte_15weeks_Animal3_Capture2_CGCTTCAAGGCGTACA,1.02396275626906,1.020540539316683,1.016473229012279,1.0127270421048655
Hepatocyte_15weeks_Animal3_Capture2_CGCTTCATCGGTCCGA,1.02817628344073,1.0281700581723072,1.027292485715451,1.0265404501660915
Hepatocyte_15weeks_Animal3_Capture2_CGGACACCATGGAATA,1.02958832142522,1.0177257221975926,1.0058742594897676,0.9949792221628352
Hepatocyte_15weeks_Animal3_Capture2_CGGACACTCAAACCAC,1.01029233916941,0.9941407650898956,0.9782335383750824,0.9635107540224154
Hepatocyte_15weeks_Animal3_Capture2_CGGACGTTCCTATTCA,1.02003813616461,1.0095919290463695,0.9988930765189722,0.988891437820552
Hepatocyte_15weeks_Animal3_Capture2_CGGACTGGTGCCTGTG,0.844274380768429,0.8505653029599186,0.8559364809720352,0.8611955554501207
Hepatocyte_15weeks_Animal3_Capture2_CGGAGCTTCAGCGATT,1.02030501149864,1.0102371985078318,0.9997220196284962,0.9898040251414602
Hepatocyte_15weeks_Animal3_Capture2_CGGAGTCCATGTAAGA,1.02321069398368,0.970438581293367,0.9283424618872422,0.9024915153681916
Hepatocyte_15weeks_Animal3_Capture2_CGGCTAGGTATCGCAT,1.01429095166907,1.0054876954345209,0.9961400989799294,0.9873409913163138
Hepatocyte_15weeks_Animal3_Capture2_CGGGTCAGTCCCGACA,1.01592568681644,1.0107900345742038,1.0051012078094712,0.9998039469893826
Hepatocyte_15weeks_Animal3_Capture2_CGGGTCAGTGTCAATC,0.89571144669507,0.8937247498668274,0.8910113981467753,0.8885054847659196
Hepatocyte_15weeks_Animal3_Capture2_CGGTTAAAGAGGGCTT,0.911415893729258,0.90881519775628,0.905561773550783,0.9025740461389352
Hepatocyte_15weeks_Animal3_Capture2_CGTAGCGAGAAACCTA,1.01979816703903,1.0120622704189506,1.0031998318532491,0.9944441628432956
Hepatocyte_15weeks_Animal3_Capture2_CGTAGGCAGTGGTCCC,1.01513761029842,1.014082723192267,1.0122071665865782,1.0104777965722784
Hepatocyte_15weeks_Animal3_Capture2_CGTAGGCAGTTCGATC,0.90743439361279,0.9118116212093772,0.9151007705263492,0.9181841387649884
Hepatocyte_15weeks_Animal3_Capture2_CGTCAGGGTCACCTAA,1.02714035497987,1.021608031687982,1.0154708049934638,1.0097049316763975
Hepatocyte_15weeks_Animal3_Capture2_CGTCTACCAGTGGAGT,0.922061626504641,0.9245126401038112,0.926103323096732,0.9277149219239308
Hepatocyte_15weeks_Animal3_Capture2_CGTCTACTCGGAGGTA,1.01724186497296,1.009915674063004,1.0021128292650094,0.9948694229003572
Hepatocyte_15weeks_Animal3_Capture2_CGTGAGCGTCCGACGT,0.889888377796208,0.8895600847999765,0.8884066487958631,0.8874006827953878
Hepatocyte_15weeks_Animal3_Capture2_CGTGAGCTCCGAAGAG,0.887152180113039,0.8922263200837798,0.8953237445117017,0.8976591518397461
Hepatocyte_15weeks_Animal3_Capture2_CGTGTCTCAGCCTGTG,0.820960849891327,0.8237960411661113,0.8258362601449758,0.8278494539354312
Hepatocyte_15weeks_Animal3_Capture2_CGTGTCTGTGAGGGAG,1.02427112221936,1.0126007516189977,1.0004307538894708,0.9889357924022036
Hepatocyte_15weeks_Animal3_Capture2_CGTGTCTTCTATCCTA,1.02804492451529,1.023807646519354,1.0189867531575296,1.01455087228435
Hepatocyte_15weeks_Animal3_Capture2_CGTTAGACAAGGACAC,1.02023948136347,1.0120670245874908,1.0034367904611026,0.9953464626290414
Hepatocyte_15weeks_Animal3_Capture2_CGTTAGAGTAGATTAG,1.01900206506692,1.013529459354625,1.007459369482339,1.0017539220391534
Hepatocyte_15weeks_Animal3_Capture2_CGTTAGAGTGGGTATG,1.01568835804484,1.0096096115921935,1.0030441819230975,0.9969202857133628
Hepatocyte_15weeks_Animal3_Capture2_CGTTCTGTCTGGTATG,1.02215218550449,1.0190279927197758,1.0151266438397926,1.0114261398030937
Hepatocyte_15weeks_Animal3_Capture2_CGTTCTGTCTTTCCTC,1.01739980373144,1.007135074984312,0.9966383221390268,0.9868365736687412
Hepatocyte_15weeks_Animal3_Capture2_CGTTGGGCAATCTGCA,1.02504507313361,1.0178395865434031,1.009873529665268,1.0023357452506207
Hepatocyte_15weeks_Animal3_Capture2_CTAACTTAGGCTAGCA,1.0179964531028,1.0066816432686527,0.9948745217807932,0.9837185194553824
Hepatocyte_15weeks_Animal3_Capture2_CTAACTTGTAAATGTG,1.02036156300187,1.0188962208735897,1.016674628518699,1.0146687437251016
Hepatocyte_15weeks_Animal3_Capture2_CTAAGACAGAAACGCC,1.01923658462261,1.025524594038071,1.0306832719537058,1.0356672462582346
Hepatocyte_15weeks_Animal3_Capture2_CTAAGACCAACACGCC,1.02645124715822,1.0167494792703835,1.0063602834966086,0.9964687421120426
Hepatocyte_15weeks_Animal3_Capture2_CTAAGACTCAGTCCCT,1.03971897744098,1.0369564546574406,1.033457510183926,1.030203211004048
Hepatocyte_15weeks_Animal3_Capture2_CTAATGGCAGACACTT,0.890975845832606,0.8930509643966573,0.8943308673909158,0.8956524897791092
Hepatocyte_15weeks_Animal3_Capture2_CTACACCCAGGTGGAT,1.01700085992534,1.002383171518728,0.987863835338896,0.9743992413655962
Hepatocyte_15weeks_Animal3_Capture2_CTACACCTCTAACTCT,1.01663016711301,1.0045847651127249,0.9924065074900632,0.9810400851224408
Hepatocyte_15weeks_Animal3_Capture2_CTACATTAGCCGTCGT,1.01956813487435,1.02206015634152,1.0209038056655049,1.0176537719145773
Hepatocyte_15weeks_Animal3_Capture2_CTACATTGTTCTGTTT,1.01689927767418,1.0106806161483883,1.0040658185648237,0.997991249166834
Hepatocyte_15weeks_Animal3_Capture2_CTACATTTCAGATAAG,1.0203404269784,1.0069401280035846,0.9930550663280188,0.9798819221035318
Hepatocyte_15weeks_Animal3_Capture2_CTACGTCGTTACAGAA,0.891135765760909,0.8874091762901742,0.8828575865892299,0.8784229184266882
Hepatocyte_15weeks_Animal3_Capture2_CTAGAGTGTCACCTAA,1.0297953660969,1.0273621024268755,1.0240866495214322,1.020963062765582
Hepatocyte_15weeks_Animal3_Capture2_CTAGAGTTCCAGGGCT,1.01529384630006,1.0159082964558783,1.015564954934171,1.0153209798647094
Hepatocyte_15weeks_Animal3_Capture2_CTAGCCTTCACATGCA,1.02868444229867,1.030107615433461,1.030515392187085,1.03089255766281
Hepatocyte_15weeks_Animal3_Capture2_CTAGTGAGTGACGCCT,1.01705613242671,1.0138758803799577,1.0099594511436516,1.0063088147070276
Hepatocyte_15weeks_Animal3_Capture2_CTAGTGATCGACGGAA,1.16038581119417,1.1416236906904131,1.1230989984806643,1.1058427147966183
Hepatocyte_15weeks_Animal3_Capture2_CTCACACCACGGCTAC,1.01826513839232,1.00848641762459,0.9981454520549322,0.9883176122957886
Hepatocyte_15weeks_Animal3_Capture2_CTCACACGTAAGCACG,1.02105159841558,1.0205771593456263,1.0193023144142008,1.0182135011574858
Hepatocyte_15weeks_Animal3_Capture2_CTCACACGTCACCTAA,1.02033480017312,1.0084264339420728,0.9963454005568718,0.985051037256924
Hepatocyte_15weeks_Animal3_Capture2_CTCAGAAGTGGCGAAT,1.01566529508909,1.005997571194322,0.995672495930802,0.9858046983137354
Hepatocyte_15weeks_Animal3_Capture2_CTCAGAAGTTATGTGC,0.983015399561408,0.9879415333848208,0.9916995372790676,0.9952687346863364
Hepatocyte_15weeks_Animal3_Capture2_CTCAGAATCTACTCAT,1.14403885307015,1.1320419752327826,1.1197542728271563,1.108220274603113
Hepatocyte_15weeks_Animal3_Capture2_CTCATTAAGTGGAGAA,0.89353742790938,0.8906351798593589,0.8869875547994794,0.8834992824252128
Hepatocyte_15weeks_Animal3_Capture2_CTCCTAGCACCCATGG,1.03019477697081,1.0260771980919383,1.0212791314400902,1.016790860579867
Hepatocyte_15weeks_Animal3_Capture2_CTCGAAAAGAGATGAG,1.02296705024344,1.0133766402663718,1.0028598747166404,0.9926680569038404
Hepatocyte_15weeks_Animal3_Capture2_CTCGAAACACCGGAAA,1.02080834246357,1.010280588817495,0.999163421984767,0.9885963131753168
Hepatocyte_15weeks_Animal3_Capture2_CTCGAAACAGATCCAT,1.01451434112147,1.0147032576168091,1.0133260122277663,1.0116540579854425
Hepatocyte_15weeks_Animal3_Capture2_CTCGAGGTCCAAACTG,1.01530098921594,1.0039496556320324,0.9921710281076388,0.981072815063136
Hepatocyte_15weeks_Animal3_Capture2_CTCGGAGCACGTTGGC,0.820520668015109,0.8222418644593251,0.8226886054832514,0.8229751482701737
Hepatocyte_15weeks_Animal3_Capture2_CTCGGGAAGCTAACTC,0.897732304168368,0.8863903520498259,0.8744967722949776,0.8631573952793281
Hepatocyte_15weeks_Animal3_Capture2_CTCGTACTCCTAGGGC,1.02894047943926,1.0185558987456214,1.0076502001411534,0.9972915464059982
Hepatocyte_15weeks_Animal3_Capture2_CTCGTCACATGGGACA,0.908981657217012,0.9040573082870332,0.8976693781183058,0.8911556551469362
Hepatocyte_15weeks_Animal3_Capture2_CTCGTCAGTAGCTTGT,1.0334514322182,1.0236583687184295,1.0134652096899228,1.003910734146772
Hepatocyte_15weeks_Animal3_Capture2_CTCGTCAGTTACCGAT,0.920973414577461,0.927471932119072,0.932787894904884,0.9378273507025854
Hepatocyte_15weeks_Animal3_Capture2_CTCGTCATCGGCGCAT,1.02507040218941,1.0211197525049118,1.0164874492872404,1.0121487061661307
Hepatocyte_15weeks_Animal3_Capture2_CTCTAATAGTGGGTTG,1.02223707892184,1.0194316784650466,1.0159655120432431,1.0127830621301863
Hepatocyte_15weeks_Animal3_Capture2_CTCTACGGTTCCAACA,1.01611615891087,1.003774281944937,0.9906434030020632,0.9780068844019916
Hepatocyte_15weeks_Animal3_Capture2_CTGAAGTCATGCAACT,1.0246032786949,1.022401377640184,1.0194111843777511,1.016604125815277
Hepatocyte_15weeks_Animal3_Capture2_CTGAAGTTCATGTCTT,1.02462378209125,0.9897174359777638,0.958345302105295,0.942656984506958
Hepatocyte_15weeks_Animal3_Capture2_CTGATAGTCCTTTCTC,1.01790057242928,1.0145398122568137,1.0104497459421324,1.006609896788581
Hepatocyte_15weeks_Animal3_Capture2_CTGATAGTCTTGCAAG,1.02507778894788,1.0209295772471565,1.016000893264348,1.011396512017258
Hepatocyte_15weeks_Animal3_Capture2_CTGATCCCACTATCTT,1.01607964992452,1.0073032568760858,0.9982516988720036,0.9898811332300173
Hepatocyte_15weeks_Animal3_Capture2_CTGATCCCAGGTGCCT,1.0184342622035,1.015293276652632,1.0115248850918548,1.008080578347028
Hepatocyte_15weeks_Animal3_Capture2_CTGATCCTCAGTTTGG,1.02423405331874,1.018385693777071,1.0118908080178952,1.00576443048274
Hepatocyte_15weeks_Animal3_Capture2_CTGCGGAAGGCTAGCA,1.01685997983843,1.0102892942342514,1.003166373499464,0.9964643639119368
Hepatocyte_15weeks_Animal3_Capture2_CTGCTGTAGAGCCCAA,1.02493336402967,1.0155651365471043,1.0056454526802954,0.9963023165111276
Hepatocyte_15weeks_Animal3_Capture2_CTGTGCTCATATACGC,0.891059938648996,0.8884931364721191,0.8853784372290704,0.8825490707614798
Hepatocyte_15weeks_Animal3_Capture2_CTGTGCTCATTATCTC,1.03396792116394,1.0363689956366362,1.0378104846576954,1.0392606045376134
Hepatocyte_15weeks_Animal3_Capture2_CTTAACTCACGAAGCA,0.902726253094413,0.8962619587229717,0.8892590167416385,0.8826788582837622
Hepatocyte_15weeks_Animal3_Capture2_CTTACCGAGTTCGCGC,0.864663387284924,0.8650745296497838,0.8645932166211769,0.8641288036987106
Hepatocyte_15weeks_Animal3_Capture2_CTTAGGAAGTGAAGTT,1.02253743822438,1.020034792897984,1.0165169577650683,1.0131371852072446
Hepatocyte_15weeks_Animal3_Capture2_CTTAGGACAATAAGCA,1.02973702226581,1.0245175643715068,1.018805401516537,1.0135425830395624
Hepatocyte_15weeks_Animal3_Capture2_CTTAGGAGTACACCGC,1.01201545722577,1.007094955093165,1.0015557851669938,0.9963971282719408
Hepatocyte_15weeks_Animal3_Capture2_CTTCTCTTCACTGGGC,1.02000529718961,1.0095048852072983,0.9987515860465483,0.9886945300319528
Hepatocyte_15weeks_Animal3_Capture2_CTTGGCTAGTCTCGGC,1.01272039630253,0.9984188630350036,0.9832314899679704,0.9686064704979326
Hepatocyte_15weeks_Animal3_Capture2_CTTGGCTTCTCATTCA,0.901872215759788,0.8999219924157419,0.8971852568130558,0.894630509754844
Hepatocyte_15weeks_Animal3_Capture2_CTTTGCGCAGCGTCCA,1.01430778270266,1.0089471470248157,1.0030572700436309,0.9976122527960296
Hepatocyte_15weeks_Animal3_Capture2_CTTTGCGCATTGGCGC,1.02050285398657,1.016975650801323,1.012826180751653,1.0090207028016998
Hepatocyte_15weeks_Animal3_Capture2_CTTTGCGTCACAAACC,1.01540082071154,1.0032228893485728,0.9907578541511446,0.979095278077861
Hepatocyte_15weeks_Animal3_Capture2_CTTTGCGTCCGCAGTG,0.917958746915235,0.9239319298688292,0.9288543599336871,0.9336137154196604
Hepatocyte_15weeks_Animal3_Capture2_GAAATGACACGAGAGT,1.01058428030846,1.0067040046214146,1.002178697095103,0.9980532404252984
Hepatocyte_15weeks_Animal3_Capture2_GAAATGATCACTTATC,1.01500243622189,1.0132157717422623,1.0106800521598194,1.0083557230073623
Hepatocyte_15weeks_Animal3_Capture2_GAACATCTCGGGAGTA,1.02145323489672,1.011492725721152,1.0012495201761855,0.991685988726302
Hepatocyte_15weeks_Animal3_Capture2_GAACCTACAGCTGTGC,1.01606551929649,1.0012240876449043,0.9862781087404474,0.9722705497878888
Hepatocyte_15weeks_Animal3_Capture2_GAACGGAAGCACACAG,1.04429077258137,1.0203641199130105,0.997323887173732,0.9760646858838592
Hepatocyte_15weeks_Animal3_Capture2_GAAGCAGAGTCGAGTG,1.01514043811333,1.0038211347360433,0.992359657291015,0.9816838955917468
Hepatocyte_15weeks_Animal3_Capture2_GAAGCAGAGTGCCAGA,0.908921384138992,0.9063558101121704,0.902933983724098,0.8996369425213542
Hepatocyte_15weeks_Animal3_Capture2_GAAGCAGTCTCTTGAT,0.887765865940179,0.88752239505191,0.8865085913170635,0.8856113500556623
Hepatocyte_15weeks_Animal3_Capture2_GAATAAGAGTTTGCGT,1.01746398150099,1.0072789549845382,0.9967206959628367,0.9868270585444492
Hepatocyte_15weeks_Animal3_Capture2_GAATAAGCATTGGTAC,1.01877680040156,1.0150721639305222,1.0107666540254685,1.0068114589721258
Hepatocyte_15weeks_Animal3_Capture2_GAATGAAAGTGAAGTT,1.01383940210404,0.9938510964836054,0.97391149978076,0.955170829424842
Hepatocyte_15weeks_Animal3_Capture2_GAATGAACACCCATTC,1.02016629139015,1.0231212690708211,1.0250636404559357,1.0269493753592085
Hepatocyte_15weeks_Animal3_Capture2_GACACGCAGGAGTCTG,1.03076467863048,1.028175540073761,1.024854794076597,1.0218005993711718
Hepatocyte_15weeks_Animal3_Capture2_GACAGAGGTAAGGATT,0.933072181449962,0.9436528092821072,0.9529417009810656,0.9618484366902824
Hepatocyte_15weeks_Animal3_Capture2_GACCTGGAGAAGCCCA,1.01697100977386,1.0106127849241924,1.0036911552429109,0.9972384621282157
Hepatocyte_15weeks_Animal3_Capture2_GACCTGGTCGTTTATC,1.01635599069807,1.009564355495426,1.0021719063534966,0.9952000878201545
Hepatocyte_15weeks_Animal3_Capture2_GACGCGTTCGTCGTTC,1.02447583178071,1.0242112527214975,1.0230708957182009,1.022027030735076
Hepatocyte_15weeks_Animal3_Capture2_GACGGCTCACAGTCGC,1.19854996912779,1.173373038555626,1.1491637054056312,1.1268512324294115
Hepatocyte_15weeks_Animal3_Capture2_GACGGCTCAGTACACT,0.992534801916259,0.9976687274540864,1.0015535892131222,1.0051706223198908
Hepatocyte_15weeks_Animal3_Capture2_GACGGCTGTCCTGCTT,1.01895123383714,1.004540422837351,0.990145075649844,0.9767017096507932
Hepatocyte_15weeks_Animal3_Capture2_GACGTGCGTTGTTTGG,0.905302599876322,0.9016978474923308,0.8974441078235146,0.8934454439931316
Hepatocyte_15weeks_Animal3_Capture2_GACGTTATCATTATCC,1.01044031616373,1.0021180346222611,0.9914964252881248,0.9804655567864068
Hepatocyte_15weeks_Animal3_Capture2_GACTAACGTGGAAAGA,1.01393941300176,1.0023062770855091,0.9905454026635444,0.979619572160886
Hepatocyte_15weeks_Animal3_Capture2_GACTACAAGTGACATA,0.90256527364578,0.9039199081594088,0.9045416521028948,0.9052812894859548
Hepatocyte_15weeks_Animal3_Capture2_GACTGCGAGTTAGGTA,1.16515699616131,1.1547346718026714,1.1439986401054794,1.1339942608275215
Hepatocyte_15weeks_Animal3_Capture2_GACTGCGCAAGAGTCG,1.01341110528661,1.000792692433767,0.9881453635980432,0.9763661204367448
Hepatocyte_15weeks_Animal3_Capture2_GAGCAGAGTTGGTTTG,0.889647479403183,0.892788657263543,0.8950565947725273,0.8973634001357532
Hepatocyte_15weeks_Animal3_Capture2_GAGGTGAAGATAGGAG,0.904617396708453,0.9047197477719692,0.9038093771383666,0.9028787124243836
Hepatocyte_15weeks_Animal3_Capture2_GAGGTGAAGGATGGAA,1.15674823131271,1.1330095634987605,1.1100612983515463,1.088913688884624
Hepatocyte_15weeks_Animal3_Capture2_GAGGTGAAGGATTCGG,1.01434103206554,1.0132187364119094,1.0112431494511682,1.0093914124483632
Hepatocyte_15weeks_Animal3_Capture2_GAGGTGACAAAGGAAG,1.02403010522215,1.0181609375315943,1.011412643108134,1.0049010482422034
Hepatocyte_15weeks_Animal3_Capture2_GAGGTGAGTCTGATTG,1.0139570961007,1.006788330311997,0.998950660323594,0.9915684940205122
Hepatocyte_15weeks_Animal3_Capture2_GAGTCCGTCGATCCCT,1.02057534459379,1.009585895840557,0.9982997504982888,0.9877449218050558
Hepatocyte_15weeks_Animal3_Capture2_GATCGATCACGGCTAC,1.0128897320899,0.9987367675703508,0.984583774162086,0.971430501192602
Hepatocyte_15weeks_Animal3_Capture2_GATCGATCATTACGAC,0.898634238245658,0.9001851365482232,0.9009009791556084,0.9016351700298504
Hepatocyte_15weeks_Animal3_Capture2_GATCGATGTACTTCTT,1.01736958002349,1.0109424591046376,1.003137503858135,0.9953858153518876
Hepatocyte_15weeks_Animal3_Capture2_GATCGATGTGTGAAAT,1.01749973216743,1.0017967060526003,0.986147358263607,0.9715403837169226
Hepatocyte_15weeks_Animal3_Capture2_GATCGATTCTTGTCAT,1.02031073590432,1.0160407376872391,1.0110740683844508,1.0064229976461712
Hepatocyte_15weeks_Animal3_Capture2_GATCGCGCACTAGTAC,1.10370500227539,1.099078787416248,1.0936219653278734,1.088483875951605
Hepatocyte_15weeks_Animal3_Capture2_GATCGCGTCTTACCTA,1.01545826186305,1.0116411201276367,1.0070712901908874,1.0027970248612752
Hepatocyte_15weeks_Animal3_Capture2_GATCGTAGTAGTGAAT,1.0236499370172,1.0187640767758857,1.0114888226259735,1.003656112199768
Hepatocyte_15weeks_Animal3_Capture2_GATCGTATCTGCGACG,1.01552693302455,1.007017865270761,0.9976896637763344,0.9887721945541126
Hepatocyte_15weeks_Animal3_Capture2_GATCTAGCACCGGAAA,1.01433436222306,1.0000787879414,0.9855147436491196,0.9718069486682104
Hepatocyte_15weeks_Animal3_Capture2_GATCTAGGTCTGGTCG,0.789077782119186,0.7917871892640226,0.7936822571266148,0.795535832648484
Hepatocyte_15weeks_Animal3_Capture2_GATGAAATCTAACCGA,1.03029100298671,1.0180322430428903,1.0050371371671567,0.9925703961934323
Hepatocyte_15weeks_Animal3_Capture2_GATGAAATCTCAACTT,1.02761250147808,0.9995965885803209,0.9697191242048911,0.9416928250924032
Hepatocyte_15weeks_Animal3_Capture2_GATGAGGCAGTTAACC,1.02144343919006,1.01809747917111,1.0139714675765792,1.010079250887016
Hepatocyte_15weeks_Animal3_Capture2_GATGAGGGTAAGAGGA,0.9029773400062,0.9005110446523309,0.8975037846390811,0.8947930385548547
Hepatocyte_15weeks_Animal3_Capture2_GATGAGGTCAAACAAG,0.951991817298392,0.9557537329903804,0.958467108586355,0.9610530224734524
Hepatocyte_15weeks_Animal3_Capture2_GATGCTAAGACTCGGA,1.01577656376622,1.0076779961741074,0.9988678122372842,0.9906259836853316
Hepatocyte_15weeks_Animal3_Capture2_GATGCTACATGATCCA,1.01886387861014,1.0035195973727429,0.9879229148002768,0.9731685701613414
Hepatocyte_15weeks_Animal3_Capture2_GATTCAGAGCACCGCT,1.01739678775281,1.015563219881173,1.0125258194937694,1.0094454159988917
Hepatocyte_15weeks_Animal3_Capture2_GATTCAGGTTATTCTC,0.903925380214653,0.8951252749097737,0.8860792668053293,0.8776614404114369
Hepatocyte_15weeks_Animal3_Capture2_GCAAACTGTGAGGGTT,1.01377057559507,0.9929636228449428,0.969980393578183,0.9469251636386846
Hepatocyte_15weeks_Animal3_Capture2_GCAATCAAGGCAATTA,1.02524489149456,1.0211420497034482,1.0164348638535865,1.0120603327314968
Hepatocyte_15weeks_Animal3_Capture2_GCACATAAGTCGAGTG,1.01392521691192,1.0090881548436474,1.0036365022919609,0.9985505918973192
Hepatocyte_15weeks_Animal3_Capture2_GCACATACACGTAAGG,1.03597731321546,1.0328670377671194,1.028999530583039,1.025355397198666
Hepatocyte_15weeks_Animal3_Capture2_GCACATACATCTGGTA,1.03118180218411,1.0288104168474208,1.025637761986182,1.0226544136707725
Hepatocyte_15weeks_Animal3_Capture2_GCACATAGTTACCAGT,1.01344508154098,1.0085618256493625,1.0011895830700306,0.9924820507904488
Hepatocyte_15weeks_Animal3_Capture2_GCACATATCTCTAGGA,0.916341803899226,0.9165075274000732,0.9158064636428924,0.9151710005096724
Hepatocyte_15weeks_Animal3_Capture2_GCACTCTCATGTCTCC,1.02113089736864,1.016470814682732,1.0108126199699787,1.0053810190640733
Hepatocyte_15weeks_Animal3_Capture2_GCAGCCACATCGTCGG,0.928419934876483,0.933172245593031,0.9368097930835232,0.9402538733962512
Hepatocyte_15weeks_Animal3_Capture2_GCAGTTATCGCCCTTA,1.13878968725213,1.120904013996627,1.1031153925259207,1.0865070125945504
Hepatocyte_15weeks_Animal3_Capture2_GCATGATCAAACTGTC,1.01621205690376,1.0052318364874473,0.9939216366842526,0.9833489456564892
Hepatocyte_15weeks_Animal3_Capture2_GCATGATTCGTCCAGG,1.02415372030695,1.0040730371655882,0.9818011691492194,0.959382479639927
Hepatocyte_15weeks_Animal3_Capture2_GCATGCGCAGCGTCCA,1.01753734654883,1.0109387779354584,1.003706331116864,0.9968417020013028
Hepatocyte_15weeks_Animal3_Capture2_GCATGCGGTAACGCGA,0.892984295969242,0.8885060530143857,0.8833569608092894,0.8784748822416868
Hepatocyte_15weeks_Animal3_Capture2_GCATGCGTCTATCCCG,1.01980178596518,1.0060648882659011,0.9901017242306,0.9733236135803974
Hepatocyte_15weeks_Animal3_Capture2_GCATGTAGTCTAGCCG,0.896768577996504,0.8936706975768006,0.8899305203289575,0.8864917264748711
Hepatocyte_15weeks_Animal3_Capture2_GCCTCTAGTCCCTTGT,1.02086443868032,1.0146695271233463,1.007469330846381,1.0005488667724307
Hepatocyte_15weeks_Animal3_Capture2_GCCTCTATCATGTGGT,1.01932321102575,1.0110215345010776,1.0019065866453478,0.9931939054427228
Hepatocyte_15weeks_Animal3_Capture2_GCCTCTATCCAATGGT,1.02240956846435,1.019401701971888,1.0157602135746748,1.0124680129374617
Hepatocyte_15weeks_Animal3_Capture2_GCGACCATCGTGGGAA,1.02676731095334,1.0202510818871315,1.0131906460755298,1.006542395605399
Hepatocyte_15weeks_Animal3_Capture2_GCGAGAACAAAGAATC,1.02123405210039,1.016052222526791,1.0101276355369444,1.0045725659712283
Hepatocyte_15weeks_Animal3_Capture2_GCGCAACCAAGGTTTC,0.902652017056491,0.902035063411918,0.9006368902427154,0.8993422684587049
Hepatocyte_15weeks_Animal3_Capture2_GCGCAGTGTAACGCGA,0.937148705843627,0.9416830339880604,0.9451737489274298,0.9485520593104572
Hepatocyte_15weeks_Animal3_Capture2_GCGCCAAAGCGTTGCC,0.821646540748042,0.8269135805799794,0.8312629800216155,0.8354893379069711
Hepatocyte_15weeks_Animal3_Capture2_GCGCCAAGTACAGCAG,1.03837689747959,1.0345027607445063,1.0298818936649812,1.0255345869068295
Hepatocyte_15weeks_Animal3_Capture2_GCGCCAATCAGAGGTG,0.900687208729873,0.9020526451953138,0.9016401416824658,0.9006959486444935
Hepatocyte_15weeks_Animal3_Capture2_GCGCGATGTGCACCAC,1.01556963464594,1.009930546735622,1.0036697883321035,0.9978707447092824
Hepatocyte_15weeks_Animal3_Capture2_GCGCGATTCCAAGCCG,0.884893853430026,0.8821544990388245,0.8785274035878202,0.8750452988421799
Hepatocyte_15weeks_Animal3_Capture2_GCGGGTTCACAGAGGT,1.03317484442896,1.0330634562056995,1.032000437790448,1.030965943151234
Hepatocyte_15weeks_Animal3_Capture2_GCTCCTAGTTATGCGT,1.15580366760257,1.1428667323334332,1.129743061244391,1.117516922854331
Hepatocyte_15weeks_Animal3_Capture2_GCTGCAGGTTGATTGC,0.900455069311211,0.902025900138414,0.9028141318427652,0.9036664800572
Hepatocyte_15weeks_Animal3_Capture2_GCTGCGAAGACTTGAA,1.01950903326367,1.014376892231592,1.0086066044701798,1.003177261641882
Hepatocyte_15weeks_Animal3_Capture2_GCTGCTTAGCGAGAAA,1.01324658162146,1.0056093817468872,0.997661427679988,0.990335976326938
Hepatocyte_15weeks_Animal3_Capture2_GCTGCTTAGTGTTTGC,0.917698765686794,0.9196602108216614,0.9207147827061346,0.9217390120331088
Hepatocyte_15weeks_Animal3_Capture2_GCTTGAAAGTCTTGCA,1.02031533810087,1.0066978867221852,0.9930403940351732,0.9803478353019884
Hepatocyte_15weeks_Animal3_Capture2_GCTTGAAAGTTAACGA,1.14278978901331,1.134684178186787,1.1260742342838046,1.118035046802004
Hepatocyte_15weeks_Animal3_Capture2_GCTTGAACAAGGCTCC,1.01549986995855,1.0023038982188115,0.98875584791482,0.9761257962369368
Hepatocyte_15weeks_Animal3_Capture2_GCTTGAAGTCTGATTG,1.04081141946888,1.0430349656169078,1.0442193911813742,1.045356717038754
Hepatocyte_15weeks_Animal3_Capture2_GGAACTTAGATGGGTC,1.02172344939935,1.0092315573399349,0.9962265391105574,0.9838890246383422
Hepatocyte_15weeks_Animal3_Capture2_GGAACTTCAGTGACAG,1.0191845180775,1.0187028249988996,1.0172584966136866,1.015935460433936
Hepatocyte_15weeks_Animal3_Capture2_GGAATAACACATCTTT,1.02822786981993,1.0233273835397187,1.0178586839720196,1.0127834650328045
Hepatocyte_15weeks_Animal3_Capture2_GGAATAATCAACCATG,1.01775944246765,1.0141187909793006,1.0098654606481288,1.0059373933078892
Hepatocyte_15weeks_Animal3_Capture2_GGAATAATCAGTGCAT,1.02042918783238,1.0125167782399662,1.0041595609918097,0.9963307385971838
Hepatocyte_15weeks_Animal3_Capture2_GGACAAGTCTTGTACT,0.905100193392169,0.9078603000302472,0.9097223582394056,0.911554576187064
Hepatocyte_15weeks_Animal3_Capture2_GGACAGACATGCAATC,0.911429574172903,0.911987377284756,0.911674675852426,0.9113696708649416
Hepatocyte_15weeks_Animal3_Capture2_GGACATTAGTTCGCAT,1.03591300843378,1.0383245506105574,1.039623402713181,1.0408120543089674
Hepatocyte_15weeks_Animal3_Capture2_GGACATTCAGGCTGAA,1.02027182782471,1.0123205329340557,1.0038707269701477,0.9959397468224792
Hepatocyte_15weeks_Animal3_Capture2_GGACATTTCAATCTCT,1.01818793681666,1.0029545281607102,0.9860509575121972,0.9688909595140088
Hepatocyte_15weeks_Animal3_Capture2_GGAGCAAAGTCCGGTC,0.913331666991666,0.915340569362819,0.9164825878516544,0.9176335393968736
Hepatocyte_15weeks_Animal3_Capture2_GGATGTTCACATCCGG,1.01075356129305,1.001623958088418,0.992079827844908,0.9831309422306472
Hepatocyte_15weeks_Animal3_Capture2_GGATGTTCATGTCCTC,1.0118669265026,1.0056702901909902,0.9985912612213552,0.9918381505076048
Hepatocyte_15weeks_Animal3_Capture2_GGATGTTGTAAGGATT,1.02351682385975,1.0203202640256022,1.0164063828138572,1.0127291368311175
Hepatocyte_15weeks_Animal3_Capture2_GGATGTTTCCAAACAC,1.05788962534347,1.0623000553077702,1.0654159285433922,1.06827268316517
Hepatocyte_15weeks_Animal3_Capture2_GGATTACGTACCGTAT,1.0162562779376,1.01664743156315,1.0161616147023498,1.015780923274697
Hepatocyte_15weeks_Animal3_Capture2_GGCAATTTCTCCAGGG,1.01763250922397,1.0062246570407318,0.9944900392417012,0.9835079614466392
Hepatocyte_15weeks_Animal3_Capture2_GGCTCGAAGAGCAATT,1.01719789584516,1.0048389484141744,0.992409585404939,0.9808505958864828
Hepatocyte_15weeks_Animal3_Capture2_GGCTCGACAAGTCATC,1.02241004992553,1.010566191252038,0.9985625446544204,0.987393864007274
Hepatocyte_15weeks_Animal3_Capture2_GGCTCGATCACGACTA,0.932780287535115,0.9340056154871949,0.934304856065032,0.9345750165679098
Hepatocyte_15weeks_Animal3_Capture2_GGCTGGTCAAGTTGTC,1.03563388251916,1.033767956067864,1.0310757749371342,1.028540684170783
Hepatocyte_15weeks_Animal3_Capture2_GGCTGGTTCAGTTCGA,0.956754573900641,0.9545915342900724,0.9511358453064606,0.9476292219884146
Hepatocyte_15weeks_Animal3_Capture2_GGGAATGAGAAGATTC,1.02729309907709,1.0256398697655664,1.0231689333993066,1.020876555774476
Hepatocyte_15weeks_Animal3_Capture2_GGGAATGAGCTAGTTC,0.894056700600844,0.894424499026992,0.8938797096484793,0.8934085756603628
Hepatocyte_15weeks_Animal3_Capture2_GGGAATGGTCAACTGT,1.01661065623153,1.0060421827641783,0.9952834129498104,0.985283321478204
Hepatocyte_15weeks_Animal3_Capture2_GGGACCTAGATGCGAC,1.01626635333711,1.0099323995591465,1.00314745288379,0.996910616616565
Hepatocyte_15weeks_Animal3_Capture2_GGGACCTCAATAGCAA,1.0226872806198,1.0134615585570474,1.0034363693324866,0.9938054988046616
Hepatocyte_15weeks_Animal3_Capture2_GGGACCTCACGGTAGA,1.01213863269472,1.0009015457997028,0.98926721127034,0.9783096571491838
Hepatocyte_15weeks_Animal3_Capture2_GGGACCTGTGTCCTCT,1.03463297303952,1.0230739554023702,1.0105310192482908,0.9984358365070845
Hepatocyte_15weeks_Animal3_Capture2_GGGAGATAGTCTCAAC,1.02968532409166,1.0300651836681642,1.029450944904154,1.0288398779071328
Hepatocyte_15weeks_Animal3_Capture2_GGGAGATTCGCGATCG,1.02076720694306,1.0110063652499737,1.0000871724810287,0.9894467234050992
Hepatocyte_15weeks_Animal3_Capture2_GGGATGACACGAAGCA,1.02038372869943,1.0103533455153142,1.0001431431718366,0.9907076717528972
Hepatocyte_15weeks_Animal3_Capture2_GGGATGAGTAAGGATT,1.13446455706573,1.123125857816019,1.1114749421440262,1.10055456509714
Hepatocyte_15weeks_Animal3_Capture2_GGGATGAGTATCTGCA,1.01208196943623,1.0084707808850075,1.0041304092539056,1.00006622188578
Hepatocyte_15weeks_Animal3_Capture2_GGGATGAGTGACGCCT,1.01450173311634,1.005736391776065,0.9961218832083194,0.9868797566517834
Hepatocyte_15weeks_Animal3_Capture2_GGGATGATCAAGGTAA,1.02448769205904,1.0158429481475548,1.0062844113478255,0.9970736656225258
Hepatocyte_15weeks_Animal3_Capture2_GGGCACTAGGTCATCT,1.03504961605079,1.034799501595996,1.0336148399070983,1.0324759377657
Hepatocyte_15weeks_Animal3_Capture2_GGGCACTCAACGATCT,1.01149561598765,1.0055493899490064,0.9991421313096016,0.993208628272954
Hepatocyte_15weeks_Animal3_Capture2_GGGCACTTCTGTCTCG,1.00747479432056,1.000873019732255,0.9926402000701442,0.9843492658231454
Hepatocyte_15weeks_Animal3_Capture2_GGGCATCCACTTAACG,1.02175258529994,1.0126778164405266,1.0033465481804336,0.9946860781566276
Hepatocyte_15weeks_Animal3_Capture2_GGGCATCTCAAACCGT,1.00645937316903,0.9886573392971176,0.9711865970022566,0.954974180088785
Hepatocyte_15weeks_Animal3_Capture2_GGTATTGTCGACAGCC,1.01154210813041,1.006976148366463,1.001804512243982,0.9969674211769086
Hepatocyte_15weeks_Animal3_Capture2_GGTGAAGTCTGCTTGC,1.01795257898759,1.0083259228078054,0.9984232790447956,0.9891910122692044
Hepatocyte_15weeks_Animal3_Capture2_GGTGCGTAGTGCCAGA,1.03217486672548,1.0267242782704036,1.0202347032039416,1.013982919454694
Hepatocyte_15weeks_Animal3_Capture2_GTAACGTAGTATTGGA,1.01650448110515,1.0029654079839652,0.9893057834493736,0.9765586857819488
Hepatocyte_15weeks_Animal3_Capture2_GTACTCCAGGCCCTCA,1.01352105418865,1.0057172336495508,0.9975121659032034,0.9898413366485564
Hepatocyte_15weeks_Animal3_Capture2_GTAGGCCAGACAAAGG,1.03139898987399,1.0261354671662306,1.020268579385586,1.0147607946697312
Hepatocyte_15weeks_Animal3_Capture2_GTAGTCACAGCTGTAT,1.03403529398893,1.0322358796779487,1.0296041393209794,1.0271088839473403
Hepatocyte_15weeks_Animal3_Capture2_GTATCTTGTCGCCATG,1.01545382550197,1.0053665071744722,0.99467106109859,0.9844700267777244
Hepatocyte_15weeks_Animal3_Capture2_GTATCTTTCCCTCAGT,0.895681530906175,0.8947282037030214,0.8926307036542334,0.8904723193336219
Hepatocyte_15weeks_Animal3_Capture2_GTATTCTAGCTACCGC,1.02257356179465,1.0157392535572418,1.0084964864795731,1.0017984670008553
Hepatocyte_15weeks_Animal3_Capture2_GTATTCTTCAGGCCCA,1.0137253567902,1.0042943583101742,0.99444082737411,0.9851582664714889
Hepatocyte_15weeks_Animal3_Capture2_GTATTCTTCCCTAACC,1.02763426694426,1.026460574403909,1.0245884462209645,1.0229416297135026
Hepatocyte_15weeks_Animal3_Capture2_GTATTCTTCGGATGTT,1.01516800842575,1.0073520274046048,0.9990590642151308,0.9912526178329336
Hepatocyte_15weeks_Animal3_Capture2_GTCAAGTAGCGCCTTG,1.02028348962792,1.0206413049097425,1.020106872153126,1.019621372562156
Hepatocyte_15weeks_Animal3_Capture2_GTCACAAAGCCCTAAT,0.902502554671931,0.9131872962574848,0.9226473106191744,0.9317449671343426
Hepatocyte_15weeks_Animal3_Capture2_GTCACAAGTAGGCATG,1.01517280861411,1.0111197143967914,1.0065165695464615,1.002333887025418
Hepatocyte_15weeks_Animal3_Capture2_GTCACAAGTATGAATG,1.01528091114811,1.0071174625512156,0.9985544853032822,0.9905731241769736
Hepatocyte_15weeks_Animal3_Capture2_GTCACAATCTCTGTCG,1.02389629464627,1.0148593673419468,1.0054587400156856,0.9966538797417932
Hepatocyte_15weeks_Animal3_Capture2_GTCACGGCACTGCCAG,1.02794134715101,1.0272387657018092,1.0257371568036917,1.0243977309493115
Hepatocyte_15weeks_Animal3_Capture2_GTCATTTAGGTGATAT,1.02831178528197,1.0249937735506265,1.0209890091594709,1.0172762536520672
Hepatocyte_15weeks_Animal3_Capture2_GTCATTTCATGTCGAT,1.02867666552762,1.0239570739116954,1.018544747462536,1.0134351967651478
Hepatocyte_15weeks_Animal3_Capture2_GTCATTTGTCTCCCTA,0.909262296535208,0.8916882251898205,0.8732266248108119,0.8552581661836942
Hepatocyte_15weeks_Animal3_Capture2_GTCATTTTCTTAACCT,0.96867040152098,0.9668421301371072,0.9640227187787056,0.96124195257493
Hepatocyte_15weeks_Animal3_Capture2_GTCCTCAAGCTAGCCC,1.0171175548399,1.0110410641647554,1.0038205145518773,0.9967950314310904
Hepatocyte_15weeks_Animal3_Capture2_GTCCTCAGTTTGGCGC,1.01831728348927,1.0106948360560029,1.0022813758116988,0.99421858865355
Hepatocyte_15weeks_Animal3_Capture2_GTCGGGTCAAGCGCTC,1.00971456997106,1.004379828126026,0.9976588431219886,0.9909873911335152
Hepatocyte_15weeks_Animal3_Capture2_GTCGTAACATGTAGTC,1.01755851939069,1.0066105310877715,0.9954324534842286,0.9849939165294768
Hepatocyte_15weeks_Animal3_Capture2_GTCGTAATCGCTTAGA,1.04343663163482,1.0431497908046414,1.0419651028709846,1.0408759650806805
Hepatocyte_15weeks_Animal3_Capture2_GTCTCGTGTGAGGGTT,1.17166315139205,1.155560078941962,1.1394607814564808,1.1243890101284744
Hepatocyte_15weeks_Animal3_Capture2_GTCTTCGCAGGTCTCG,1.01318197312567,1.0048559338344958,0.9956917238661468,0.9869748061251228
Hepatocyte_15weeks_Animal3_Capture2_GTCTTCGTCACAGTAC,1.01846449922619,1.01055769577444,1.0019683834051676,0.9938428808769916
Hepatocyte_15weeks_Animal3_Capture2_GTGAAGGAGCTAAACA,0.909355979175633,0.9000448611504116,0.890324797276718,0.8811465832291215
Hepatocyte_15weeks_Animal3_Capture2_GTGAAGGAGTGTGAAT,0.89066304651471,0.8902433938777208,0.8888150289058584,0.8874112009798479
Hepatocyte_15weeks_Animal3_Capture2_GTGAAGGGTCATATCG,1.00642096270983,1.000925504226895,0.9946929253715542,0.9887772840533116
Hepatocyte_15weeks_Animal3_Capture2_GTGAAGGTCTCAAACG,1.01842888021474,1.0174518840576043,1.0156740679328644,1.0140490191280074
Hepatocyte_15weeks_Animal3_Capture2_GTGAAGGTCTCACATT,1.0150849894728,1.008515394932482,1.0008044824027966,0.9932211035231616
Hepatocyte_15weeks_Animal3_Capture2_GTGCAGCCAGTATCTG,0.880694829448514,0.8828149873157859,0.8839872159432346,0.88508432259765
Hepatocyte_15weeks_Animal3_Capture2_GTGCATAAGGTGTGGT,1.01622864414411,1.004833503984676,0.9926214660540654,0.9808451219632476
Hepatocyte_15weeks_Animal3_Capture2_GTGCATATCGCCTGTT,1.01458322505226,1.0087294435051255,1.0018375346641206,0.995113965475584
Hepatocyte_15weeks_Animal3_Capture2_GTGCATATCTGTCTAT,1.01798251618964,1.0132675233538897,1.0079185910934578,1.0029126274393196
Hepatocyte_15weeks_Animal3_Capture2_GTGCGGTCAAGTACCT,1.01714468332696,1.0138619867657794,1.009791830492819,1.0059572705960462
Hepatocyte_15weeks_Animal3_Capture2_GTGGGTCGTGCTCTTC,0.874714716818569,0.8710926279187088,0.8668603733203968,0.8628932612129266
Hepatocyte_15weeks_Animal3_Capture2_GTGTGCGTCTTGTACT,1.01431417557405,1.0109184802181843,1.0068871330797278,1.0031954764084916
Hepatocyte_15weeks_Animal3_Capture2_GTTAAGCCAGTCGTGC,1.01449633201711,1.0085477974691852,1.0017425504991502,0.99528030713476
Hepatocyte_15weeks_Animal3_Capture2_GTTACAGAGGACATTA,0.924873032574562,0.9284563158440364,0.9304810886655148,0.932217227763928
Hepatocyte_15weeks_Animal3_Capture2_GTTACAGGTTGCGTTA,1.01641821226877,1.0105305276652057,1.0040153346233305,0.997872670479656
Hepatocyte_15weeks_Animal3_Capture2_GTTCATTAGTCAATAG,1.01883436435744,0.997767047919096,0.9766920004277412,0.9568532857289314
Hepatocyte_15weeks_Animal3_Capture2_GTTCATTCAAGCTGAG,1.0208911454258,1.0025335885065485,0.9838633884192234,0.9662126335495425
Hepatocyte_15weeks_Animal3_Capture2_GTTCATTCAGCAGTTT,1.02093061384438,0.966679143197454,0.9209959341777384,0.8927089317476654
Hepatocyte_15weeks_Animal3_Capture2_GTTCATTGTCAGAGGT,1.02726738602429,1.022394205078302,1.0166846668985496,1.0112731255954606
Hepatocyte_15weeks_Animal3_Capture2_GTTCATTGTTCACCTC,1.02529251905224,1.0220698293341712,1.018116641895075,1.0144073384099055
Hepatocyte_15weeks_Animal3_Capture2_GTTCTCGAGGAATTAC,0.896065034386411,0.8950367567311595,0.8932999920864824,0.8917286487806532
Hepatocyte_15weeks_Animal3_Capture2_GTTCTCGCAGCTTAAC,1.02009739498732,1.0114386927028844,1.0022956580696027,0.9937489097752834
Hepatocyte_15weeks_Animal3_Capture2_GTTCTCGGTCCCTTGT,0.918921857505377,0.926979251835448,0.933802451245902,0.9402848244572812
Hepatocyte_15weeks_Animal3_Capture2_GTTTCTAAGGTAGCCA,1.02181776505647,1.019113192700259,1.0158005551281302,1.0128166666351586
Hepatocyte_15weeks_Animal3_Capture2_GTTTCTAAGTGAACAT,1.01864576348191,1.0128095042166705,1.0063301701316507,1.0002014465760438
Hepatocyte_15weeks_Animal3_Capture2_GTTTCTAGTCAAAGAT,1.01402014444274,1.0087325681015944,1.0028064921723656,0.9972224607911444
Hepatocyte_15weeks_Animal3_Capture2_TAAGAGAAGTCGTTTG,1.02008207189115,1.0163532380312097,1.012022910316415,1.0081092738473034
Hepatocyte_15weeks_Animal3_Capture2_TAAGAGACATGAAGTA,1.01327503820747,1.002333863899594,0.9910991294228684,0.9805420913397824
Hepatocyte_15weeks_Animal3_Capture2_TAAGAGAGTCGAGATG,1.01529400795961,1.0066824799712375,0.9977116339584156,0.989382438886879
Hepatocyte_15weeks_Animal3_Capture2_TAAGTGCCACTCAGGC,1.01899937001212,1.0154658623699089,1.0113133955403726,1.0074952147826897
Hepatocyte_15weeks_Animal3_Capture2_TACACGAGTGATGCCC,1.01966805241519,1.0074995507205358,0.9940218908781484,0.9807175734121688
Hepatocyte_15weeks_Animal3_Capture2_TACACGATCACATACG,1.01778610509623,1.0068558434840609,0.995337719433528,0.9843974875548664
Hepatocyte_15weeks_Animal3_Capture2_TACAGTGAGATGTAAC,1.01973780085728,1.0061988061811171,0.9927045688034588,0.9801983748081156
Hepatocyte_15weeks_Animal3_Capture2_TACAGTGCACCAGATT,0.86634363950216,0.8689934260329454,0.8708100734889996,0.8726141444438249
Hepatocyte_15weeks_Animal3_Capture2_TACAGTGTCGCCTGTT,1.01872856236929,1.0118634726166154,1.003981993934667,0.9964005638589072
Hepatocyte_15weeks_Animal3_Capture2_TACCTATCAATCCGAT,1.02466868411476,1.0141920817411354,1.003592883473936,0.9937879989879456
Hepatocyte_15weeks_Animal3_Capture2_TACCTATTCTGCCCTA,1.01068258858038,0.999598066735443,0.9868898985752506,0.9740242278467464
Hepatocyte_15weeks_Animal3_Capture2_TACGGATTCGGTGTTA,0.93261182583051,0.9288341234175782,0.923726995140528,0.9185678069935896
Hepatocyte_15weeks_Animal3_Capture2_TACGGGCCAAGAGTCG,1.0131338850849,1.0008871278542002,0.9885533604710814,0.9770726012840844
Hepatocyte_15weeks_Animal3_Capture2_TACGGGCTCAACACAC,1.01603292599009,1.014791311481443,1.01278769813805,1.0110030793542415
Hepatocyte_15weeks_Animal3_Capture2_TACGGTAAGTGCAAGC,0.922539838909175,0.9283769464539556,0.93308204736284,0.9375661734626776
Hepatocyte_15weeks_Animal3_Capture2_TACGGTATCACCTCGT,1.02338949285108,1.0098677245280012,0.9960058869236356,0.9830005630908576
Hepatocyte_15weeks_Animal3_Capture2_TACGGTATCATCGGAT,1.03093307123563,1.0294939950184776,1.0273015433133192,1.0253439426911453
Hepatocyte_15weeks_Animal3_Capture2_TACTCGCAGGTGATAT,1.01835235127139,1.011988268476152,1.0051102456381054,0.9986913190473248
Hepatocyte_15weeks_Animal3_Capture2_TACTCGCAGGTGTGGT,1.02410587138134,1.0285543433877684,1.0319058886992565,1.0351603228087063
Hepatocyte_15weeks_Animal3_Capture2_TACTTACTCTGAGGGA,1.02144004327864,1.0051435059778806,0.9883896527354824,0.972419433386793
Hepatocyte_15weeks_Animal3_Capture2_TACTTGTGTAGGAGTC,1.00897438452227,1.0076010556418973,1.0055098745921491,1.0036468315189533
Hepatocyte_15weeks_Animal3_Capture2_TAGACCAAGGTGTTAA,1.02193807109913,1.024670270243666,1.0262506958853197,1.0276745199381054
Hepatocyte_15weeks_Animal3_Capture2_TAGACCAGTAGGACAC,0.912517395813946,0.9131902298361764,0.9129259606609984,0.9126875132227888
Hepatocyte_15weeks_Animal3_Capture2_TAGCCGGAGATCCCGC,1.01614070685153,1.0114792226358496,1.0061436992629356,1.001135428309398
Hepatocyte_15weeks_Animal3_Capture2_TAGCCGGAGCCTCGTG,1.15288582078382,1.1372975605048894,1.1217776340521342,1.107334417861171
Hepatocyte_15weeks_Animal3_Capture2_TAGCCGGCAGCCAATT,0.903940531721586,0.9082664555705824,0.9115925537906812,0.9148110022635108
Hepatocyte_15weeks_Animal3_Capture2_TAGGCATGTCGAGATG,1.01691304285873,1.011965028385904,1.0064143306880424,1.0012491484095036
Hepatocyte_15weeks_Animal3_Capture2_TAGTGGTAGCTGAAAT,0.899552455026229,0.9035102226814304,0.906561884367401,0.9095597634775744
Hepatocyte_15weeks_Animal3_Capture2_TAGTTGGTCAACACCA,1.01349292152632,1.005675066923197,0.9973570038949564,0.989535853418108
Hepatocyte_15weeks_Animal3_Capture2_TATCTCACACCGAATT,1.02665543715171,1.0180652640054937,1.0092489248862873,1.00115210546727
Hepatocyte_15weeks_Animal3_Capture2_TATGCCCAGGCGACAT,0.920261999054119,0.9220406359121256,0.921322562751536,0.9196523055417242
Hepatocyte_15weeks_Animal3_Capture2_TATTACCCAGCTTAAC,0.961112883570781,0.9590930509955896,0.954787297242649,0.9496937794481056
Hepatocyte_15weeks_Animal3_Capture2_TCAACGAGTGGCCCTA,1.02248249624403,1.0195892948957832,1.0159118484989087,1.012411446037424
Hepatocyte_15weeks_Animal3_Capture2_TCAATCTTCTTGTTTG,1.01851819628343,1.0142408213835072,1.0093522854827048,1.0048142957159183
Hepatocyte_15weeks_Animal3_Capture2_TCACAAGCATTACGAC,1.0276497891361,1.0240381717775011,1.019778955530016,1.0158176367304823
Hepatocyte_15weeks_Animal3_Capture2_TCACAAGTCAGATAAG,0.901511573935726,0.9005422888052305,0.898869123020495,0.8973476454753352
Hepatocyte_15weeks_Animal3_Capture2_TCACGAAGTCAGCTAT,0.819417007394542,0.8218068540799175,0.8226823042744893,0.8232091415088614
Hepatocyte_15weeks_Animal3_Capture2_TCACGAATCTGCTGTC,1.01737251946555,1.0115520630358097,1.0050598265850377,0.9990105086481096
Hepatocyte_15weeks_Animal3_Capture2_TCAGATGCAGAGCCAA,0.913357931587169,0.9087198413218168,0.9035056470781284,0.8986553500247025
Hepatocyte_15weeks_Animal3_Capture2_TCAGCAACACTTCGAA,1.03322054239602,1.0292805255712651,1.0245917875417865,1.0201475243847202
Hepatocyte_15weeks_Animal3_Capture2_TCAGCAATCTCACATT,1.01616045514891,1.010533569574508,1.0043558615333386,0.998586596315598
Hepatocyte_15weeks_Animal3_Capture2_TCAGCTCAGCACAGGT,1.02357905620789,1.0135702702286191,1.00394662873301,0.995957917840643
Hepatocyte_15weeks_Animal3_Capture2_TCAGCTCTCTCGTTTA,1.0034304615504,0.999619994390486,0.9946654833687388,0.989760498930098
Hepatocyte_15weeks_Animal3_Capture2_TCATTACTCCCAACGG,1.01938647877318,1.0102023306068448,1.000510545324458,0.9913403894073528
Hepatocyte_15weeks_Animal3_Capture2_TCATTTGAGCCGATTT,1.02740879013806,1.0282916540689546,1.028222976263088,1.0282499630030102
Hepatocyte_15weeks_Animal3_Capture2_TCATTTGCAATTCCTT,1.02198891640848,1.0170008683917469,1.011390100926172,1.0061061446960895
Hepatocyte_15weeks_Animal3_Capture2_TCATTTGGTAAACGCG,1.01616443565932,1.0080622508190142,0.9994477614814792,0.9913362652317124
Hepatocyte_15weeks_Animal3_Capture2_TCCACACTCTCCGGTT,1.01876198838205,1.0184761093756731,1.017143175510818,1.0157698172440126
Hepatocyte_15weeks_Animal3_Capture2_TCGAGGCAGTGGTAAT,1.02115490408793,1.0159546595107902,1.0101902234971682,1.0048219723451737
Hepatocyte_15weeks_Animal3_Capture2_TCGAGGCTCTGCTGTC,1.02043646955603,1.0086094313493497,0.9966751743264796,0.9855733229737548
Hepatocyte_15weeks_Animal3_Capture2_TCGCGAGGTGATGCCC,1.03193163264553,1.028926511709441,1.0252878727395387,1.021960130643392
Hepatocyte_15weeks_Animal3_Capture2_TCGCGTTTCTAGCACA,1.02168554911003,1.0136221718350569,1.0041613686712685,0.994489867189564
Hepatocyte_15weeks_Animal3_Capture2_TCGGGACAGGCAGTCA,1.15937728588626,1.14991098584384,1.1401082732492238,1.1310491589708356
Hepatocyte_15weeks_Animal3_Capture2_TCGGTAATCACTGGGC,0.931140269314853,0.9374894032423692,0.9426914853863996,0.9476506716551252
Hepatocyte_15weeks_Animal3_Capture2_TCGTACCGTCAACATC,1.01628176583417,1.0002974620751983,0.9844830816371288,0.969800375105048
Hepatocyte_15weeks_Animal3_Capture2_TCGTACCGTTATGCGT,1.15360953082525,1.1429841548805957,1.1320334767289004,1.1218146999575616
Hepatocyte_15weeks_Animal3_Capture2_TCGTAGACAGCTGCTG,1.0177800516292,1.011853373981198,1.0053565905663795,0.9992515057557808
Hepatocyte_15weeks_Animal3_Capture2_TCTATTGGTGGCAAAC,1.01257504635947,1.0031987991925757,0.9933101363995072,0.9839802529529512
Hepatocyte_15weeks_Animal3_Capture2_TCTCATATCGCATGAT,1.01200435451845,1.003439580355476,0.9946030471053472,0.9864140114234272
Hepatocyte_15weeks_Animal3_Capture2_TCTCTAATCCTTGACC,1.01947432899641,1.008440932118104,0.996701154745364,0.9855014893304804
Hepatocyte_15weeks_Animal3_Capture2_TCTGAGAAGTAGGCCA,1.02449753745942,1.015792071764374,1.0062893198496778,0.9971596377484884
Hepatocyte_15weeks_Animal3_Capture2_TCTGAGACAAGTACCT,0.894073607075922,0.8925306455068478,0.8902027484439582,0.8880435379438582
Hepatocyte_15weeks_Animal3_Capture2_TCTGGAAGTAGCGCTC,1.01877665854931,1.010433033536248,1.0016940570342854,0.9935152670031608
Hepatocyte_15weeks_Animal3_Capture2_TCTTTCCCACAGAGGT,0.92877085275921,0.933899693804128,0.9380131167537225,0.9419981850530772
Hepatocyte_15weeks_Animal3_Capture2_TCTTTCCCACGAAAGC,1.00975135199142,1.002385049803497,0.9926075322594404,0.9820452376771358
Hepatocyte_15weeks_Animal3_Capture2_TCTTTCCGTTTCGCTC,1.01969389801651,1.0151903019925108,1.0101159449655923,1.0054425261696025
Hepatocyte_15weeks_Animal3_Capture2_TCTTTCCTCATAACCG,1.01882352030796,1.008860638926117,0.9987407286864398,0.9894253099103432
Hepatocyte_15weeks_Animal3_Capture2_TGAAAGAAGATCCCGC,1.01887797121381,1.0114890341560938,1.0034797712532904,0.9959185386476634
Hepatocyte_15weeks_Animal3_Capture2_TGAAAGAAGTCATCCA,1.01351452136406,0.9976240256782344,0.9816386123277708,0.9666085044715934
Hepatocyte_15weeks_Animal3_Capture2_TGACAACTCCAGATCA,1.01306128126697,1.0029647850369965,0.9923259494320604,0.9822208640879944
Hepatocyte_15weeks_Animal3_Capture2_TGACGGCCAAGGCTCC,1.02473283680666,1.008189303857433,0.991401412569956,0.975642605552192
Hepatocyte_15weeks_Animal3_Capture2_TGACTAGGTAGCCTCG,1.00920907132717,1.0052004461253992,1.0003935648167748,0.9958353675991608
Hepatocyte_15weeks_Animal3_Capture2_TGACTAGGTCTTCTCG,1.0170882684828,1.013513555854432,1.0089451201626685,1.004500328928479
Hepatocyte_15weeks_Animal3_Capture2_TGACTTTCAATCGGTT,1.02407369796776,1.015220471273036,1.006016284077919,0.9974495848874309
Hepatocyte_15weeks_Animal3_Capture2_TGAGAGGTCGATGAGG,1.02250037285825,1.014467314394358,1.0060737212405355,0.9982988078862008
Hepatocyte_15weeks_Animal3_Capture2_TGAGCATTCTGTCAAG,1.01854202154442,1.0092906292980934,0.9996803624707832,0.9906704063911044
Hepatocyte_15weeks_Animal3_Capture2_TGAGCCGGTCATCGGC,1.01587248021223,0.9944604442773052,0.973484079824972,0.9540431684717116
Hepatocyte_15weeks_Animal3_Capture2_TGATTTCTCACGCATA,1.01292052633283,1.0051138596904978,0.9967732794860787,0.9888834394252076
Hepatocyte_15weeks_Animal3_Capture2_TGCACCTGTCCAGTAT,1.02388609722508,1.0251134738947494,1.025356410356024,1.025601229297515
Hepatocyte_15weeks_Animal3_Capture2_TGCCAAAGTTACGGAG,0.927750997697349,0.9266824552587052,0.9244488429834206,0.9222389014134308
Hepatocyte_15weeks_Animal3_Capture2_TGCCCATCATTAACCG,1.01554369087991,1.0127190334687894,1.009220918850567,1.006014481529653
Hepatocyte_15weeks_Animal3_Capture2_TGCCCATTCTGAGGGA,1.0277020093586,1.033311081953659,1.037765608045976,1.0420590375512395
Hepatocyte_15weeks_Animal3_Capture2_TGCCCTAAGCACACAG,1.01992786063043,1.0166246020874523,1.011161535701644,1.0053487690750431
Hepatocyte_15weeks_Animal3_Capture2_TGCGGGTTCTTCATGT,1.01705793943513,1.0158349196932772,1.0137646294074982,1.0118344476261851
Hepatocyte_15weeks_Animal3_Capture2_TGCGTGGCATCCGTGG,1.0151216355482,1.0045875731227691,0.9937452822286924,0.9835734883692328
Hepatocyte_15weeks_Animal3_Capture2_TGCGTGGGTGCCTGTG,1.02049446356909,1.0173055427585942,1.0134210778603974,1.009809175252352
Hepatocyte_15weeks_Animal3_Capture2_TGCTACCCAGCGTTCG,1.01268203833497,1.0045765116620458,0.995884911304531,0.9876417658400806
Hepatocyte_15weeks_Animal3_Capture2_TGCTACCCAGTCGTGC,1.01737762115321,1.0141711994169045,1.0092688479898508,1.0040333754719353
Hepatocyte_15weeks_Animal3_Capture2_TGCTGCTCAATCAGAA,1.01494882964354,1.0102734604380763,1.004729402184815,0.9994230182967456
Hepatocyte_15weeks_Animal3_Capture2_TGGACGCAGAATGTTG,1.02993897755845,1.0286881852771874,1.0265831844434163,1.0246083722050536
Hepatocyte_15weeks_Animal3_Capture2_TGGACGCGTAACGTTC,1.02028562036713,1.011421687187593,1.0022548290880295,0.9937825096467564
Hepatocyte_15weeks_Animal3_Capture2_TGGCCAGGTGACCAAG,1.02872685547063,1.028667488261443,1.0277641231759145,1.0269981457960289
Hepatocyte_15weeks_Animal3_Capture2_TGGCCAGTCCACGTGG,1.02084067743715,1.016897994123331,1.0118968319965982,1.0070150393426114
Hepatocyte_15weeks_Animal3_Capture2_TGGCCAGTCGGTTAAC,1.02783460110313,1.0222295193918518,1.0160032902749956,1.0101501783825158
Hepatocyte_15weeks_Animal3_Capture2_TGGCTGGCATGGTAGG,1.01383977688471,1.0013022334378212,0.9880526877341866,0.9754048550820108
Hepatocyte_15weeks_Animal3_Capture2_TGGCTGGTCTAGAGTC,1.02290081222561,1.0160628153932287,1.0087479184161117,1.001916646834242
Hepatocyte_15weeks_Animal3_Capture2_TGGGAAGAGGACTGGT,1.02069692357708,1.004912967716169,0.9887968425313072,0.973528670089548
Hepatocyte_15weeks_Animal3_Capture2_TGGGAAGAGGAGTTGC,1.01214204284781,0.9997139910632302,0.9872326698548958,0.9756423245419984
Hepatocyte_15weeks_Animal3_Capture2_TGGGCGTTCAAGAAGT,0.890459049045825,0.8954803089699155,0.8994491799030578,0.9032396948464704
Hepatocyte_15weeks_Animal3_Capture2_TGGTTCCTCAGCGATT,1.01463606411579,1.007265746393362,0.9989986289136412,0.9910227528607336
Hepatocyte_15weeks_Animal3_Capture2_TGGTTCCTCCACTGGG,1.01702499284194,1.0115368228325348,1.0056024086900328,1.0002003199057228
Hepatocyte_15weeks_Animal3_Capture2_TGTATTCAGTGGGCTA,1.0135823236792,1.00402403944335,0.9940845956533444,0.9847566938739654
Hepatocyte_15weeks_Animal3_Capture2_TGTATTCGTTGAACTC,1.01493898614525,1.0148180016443575,1.013303060575322,1.01165787786109
Hepatocyte_15weeks_Animal3_Capture2_TGTATTCTCACTCCTG,0.901322249370901,0.8986729512030576,0.895396130172504,0.8923875679571768
Hepatocyte_15weeks_Animal3_Capture2_TGTGGTAAGGTCATCT,1.02332124933753,1.0169948083950382,1.0100417021105177,1.0034805462908327
Hepatocyte_15weeks_Animal3_Capture2_TGTGGTATCAATCACG,0.912144655735521,0.9196521292019698,0.9259903686125902,0.9320475336640552
Hepatocyte_15weeks_Animal3_Capture2_TGTTCCGAGGCTACGA,1.01622965930654,1.0063773773164038,0.9958973242134416,0.985938438800187
Hepatocyte_15weeks_Animal3_Capture2_TGTTCCGCACTGTCGG,1.00938058672921,1.0062238561847332,1.0023077470566877,0.9986479314299012
Hepatocyte_15weeks_Animal3_Capture2_TTAACTCGTCCGAATT,1.03911321211313,1.045635378506766,1.0508317697062048,1.0557099618352104
Hepatocyte_15weeks_Animal3_Capture2_TTAGGACAGTGGGCTA,1.02212964043336,1.0231505410235266,1.0232585108186265,1.023435405404918
Hepatocyte_15weeks_Animal3_Capture2_TTAGGCAAGTCAATAG,1.02176874922169,1.015083647525109,1.0075711072680151,1.0003699013582832
Hepatocyte_15weeks_Animal3_Capture2_TTAGTTCTCACAAACC,1.01938297691973,1.012827655390278,1.005874743438479,0.9994668796512388
Hepatocyte_15weeks_Animal3_Capture2_TTATGCTTCTTTCCTC,1.01765929586575,1.0129159964346792,1.007144158042126,1.0015184387795966
Hepatocyte_15weeks_Animal3_Capture2_TTCGAAGAGAGACTTA,0.97958167136393,0.9755315370412312,0.96867410971275,0.9607987940216818
Hepatocyte_15weeks_Animal3_Capture2_TTCGAAGAGTCATCCA,0.967074324490265,0.9683475948589284,0.9685993221161112,0.9687780470962588
Hepatocyte_15weeks_Animal3_Capture2_TTCGAAGGTGTCGCTG,0.91245527088155,0.8731626552865474,0.8460452181245004,0.8336158936719434
Hepatocyte_15weeks_Animal3_Capture2_TTCTACATCAGCTCGG,1.01421304573098,1.0029822470639385,0.991606876295592,0.9809943201973764
Hepatocyte_15weeks_Animal3_Capture2_TTCTCAAAGCTAGGCA,1.01464599324214,1.002665918292138,0.989912386710422,0.9776384642028896
Hepatocyte_15weeks_Animal3_Capture2_TTCTCAAGTTCATGGT,1.00669609798325,0.9969748964264172,0.9869153947152476,0.9775501790910244
Hepatocyte_15weeks_Animal3_Capture2_TTCTCCTCACTTAACG,0.898288147036897,0.900927657918851,0.902651352222205,0.9043057166887029
Hepatocyte_15weeks_Animal3_Capture2_TTCTCCTTCTGTTGAG,1.0174524411238,1.0067370689322734,0.9959234813992416,0.985919356230927
Hepatocyte_15weeks_Animal3_Capture2_TTCTTAGCAAAGGAAG,0.951232236310283,0.9552012941441568,0.958090097208901,0.9608412649691788
Hepatocyte_15weeks_Animal3_Capture2_TTGACTTAGTAAGTAC,1.0212958049172,1.0131007627136055,1.004208797736158,0.9958126579039648
Hepatocyte_15weeks_Animal3_Capture2_TTGACTTTCGAGAGCA,1.01644820110951,0.9989824121220156,0.9816739552308896,0.9655074245606864
Hepatocyte_15weeks_Animal3_Capture2_TTGCCGTCATGTTGAC,1.01438823324367,1.0057757223435977,0.9968591652216372,0.988589569465306
Hepatocyte_15weeks_Animal3_Capture2_TTGCGTCGTACGCTGC,0.947468268663189,0.9529636221982768,0.957426807455262,0.9617591779966932
Hepatocyte_15weeks_Animal3_Capture2_TTGGAACAGCCGATTT,1.03118369839178,1.0301350106438198,1.0281050501233886,1.0261065995952656
Hepatocyte_15weeks_Animal3_Capture2_TTGGAACCACATTCGA,1.01573797951102,1.016017984468027,1.015410164043099,1.014882199578817
Hepatocyte_15weeks_Animal3_Capture2_TTGGAACCACTGCCAG,1.02195024877186,1.0097832494418029,0.9968437397883284,0.984460421936364
Hepatocyte_15weeks_Animal3_Capture2_TTTATGCAGCGCTCCA,1.01786377418771,1.019053033598282,1.019299283334459,1.01961337539136
Hepatocyte_15weeks_Animal3_Capture2_TTTATGCAGTTACCCA,0.715374590284929,0.7242112352603794,0.7320629171840591,0.7396459265662978
Hepatocyte_15weeks_Animal3_Capture2_TTTCCTCAGATGCGAC,1.03417373987994,1.029947741258899,1.0249225862900844,1.0201363159133858
Hepatocyte_15weeks_Animal3_Capture2_TTTGCGCCATAGACTC,0.952024145371172,0.9546002514315276,0.9561976336493426,0.9577375824435296
Hepatocyte_15weeks_Animal3_Capture2_TTTGCGCGTTGGGACA,1.01925979015898,1.0097562116036922,0.999959812864078,0.9908457470537674
Hepatocyte_15weeks_Animal3_Capture2_TTTGGTTCAAGAGGCT,1.00917985922326,1.002285154656462,0.9949932077573984,0.9882754127407
Hepatocyte_15weeks_Animal3_Capture2_TTTGGTTTCTGAAAGA,1.00762288628176,1.0004703812946585,0.9924903577959115,0.9848377571949704
Hepatocyte_15weeks_Animal3_Capture2_TTTGTCATCTAGCACA,1.01730014417223,1.0080092296519108,0.998468814254136,0.9896458282469448
Hepatocyte_15weeks_Animal2_Capture2_AAAGATGCAGTGAGTG,0.97713733947618,0.9983719814284604,1.0124410002894035,1.0207947777615984
Hepatocyte_15weeks_Animal2_Capture2_AAAGCAAAGCCAGAAC,0.947020758707077,0.9141475444788096,0.8871171730159751,0.8746809448446392
Hepatocyte_15weeks_Animal2_Capture2_AAGCCGCGTACCATCA,1.06256428005344,1.0806691934296264,1.0908102235728638,1.0948147656100689
Hepatocyte_15weeks_Animal2_Capture2_ACCTTTAAGAAGGTGA,1.05802661160211,1.0864437484910616,1.106724807626689,1.120325462245341
Hepatocyte_15weeks_Animal2_Capture2_AGCTTGAAGAATCTCC,0.992203732103686,1.0251489641684,1.050960864079453,1.0707369109670586
Hepatocyte_15weeks_Animal2_Capture2_AGGGATGAGGCGACAT,1.03354707747824,1.0566429364756218,1.0725485732987927,1.0826466064425109
Hepatocyte_15weeks_Animal2_Capture2_AGTTGGTAGAAGGACA,1.02246233576379,1.0567260531986689,1.0832019999783284,1.102956308374878
Hepatocyte_15weeks_Animal2_Capture2_ATAACGCCAAAGTGCG,1.14113467657188,1.0902141493786484,1.043201703824539,1.0131908836583683
Hepatocyte_15weeks_Animal2_Capture2_ATAAGAGAGCCTCGTG,0.908769469617028,0.9046691897454036,0.9013235506797306,0.8999283449430274
Hepatocyte_15weeks_Animal2_Capture2_CACACCTAGGGCTTGA,1.0092767749102,1.0448941560730998,1.0729075993283663,1.094379352065228
Hepatocyte_15weeks_Animal2_Capture2_CAGCTAACACAGACAG,0.988595637788443,1.0137894662814295,1.0314933980027234,1.043090706329452
Hepatocyte_15weeks_Animal2_Capture2_CATCAAGGTAGTGAAT,0.939729436276137,0.9121232699355206,0.8865079432570938,0.8750091356511019
Hepatocyte_15weeks_Animal2_Capture2_CATGGCGAGTGACTCT,1.03807938078483,1.0644409620867883,1.0832135304018975,1.0958572631839611
Hepatocyte_15weeks_Animal2_Capture2_CATTCGCGTAGGCTGA,1.03279857491904,1.0554785434655465,1.0705359651675304,1.0795494432158217
Hepatocyte_15weeks_Animal2_Capture2_CCTTCCCCAAGTCATC,1.05259053259147,1.0719539621506973,1.0836070370939832,1.0892347743520696
Hepatocyte_15weeks_Animal2_Capture2_CGACTTCTCGGGAGTA,1.04283027879748,1.0552994101020357,1.06118112602971,1.061968557253541
Hepatocyte_15weeks_Animal2_Capture2_CGCTGGACATTGTGCA,0.991215152706155,1.018912268692557,1.038433206253597,1.0511078461652863
Hepatocyte_15weeks_Animal2_Capture2_CGTAGCGAGCGTTCCG,1.00492577484021,1.0365241344626392,1.0600687417808008,1.076891942747819
Hepatocyte_15weeks_Animal2_Capture2_CGTCAGGAGTAACCCT,0.939958812271351,0.9092969957461686,0.8838989961947153,0.873131095863964
Hepatocyte_15weeks_Animal2_Capture2_CGTTCTGCAACTGGCC,1.04424846552917,1.0734386776326563,1.0943462319888972,1.108406177636733
Hepatocyte_15weeks_Animal2_Capture2_CTCGGGATCAGCCTAA,0.990217462580508,1.022272786316159,1.046674907037058,1.0646441703485698
Hepatocyte_15weeks_Animal2_Capture2_CTGGTCTTCGTGGTCG,1.05527462362766,1.085599375549637,1.1076541176700616,1.1229117539801483
Hepatocyte_15weeks_Animal2_Capture2_CTTAGGAGTGCAACTT,1.04921228765861,1.0774963901021763,1.0980979875521544,1.1123249782502451
Hepatocyte_15weeks_Animal2_Capture2_CTTCTCTTCCAGTATG,0.934163912436584,0.8976564308631226,0.872497112127306,0.8619672536458723
Hepatocyte_15weeks_Animal2_Capture2_GAAACTCGTCCGAACC,0.945502653303601,0.9131915179171036,0.8911079341059871,0.8836971740636329
Hepatocyte_15weeks_Animal2_Capture2_GAAACTCTCTAACGGT,1.03172488323447,1.0491161116862529,1.0592253871856994,1.0636798897992163
Hepatocyte_15weeks_Animal2_Capture2_GACAGAGCAGATGAGC,1.02504578851866,1.0026708011382437,0.9772131808014456,0.9608045728102004
Hepatocyte_15weeks_Animal2_Capture2_GATCGATGTAAGGGAA,0.98268151920984,1.013226282652378,1.0361478631512668,1.0527181226354445
Hepatocyte_15weeks_Animal2_Capture2_GATGCTATCTTTAGGG,0.968001280166635,1.0066814496940095,1.0377682735374174,1.0621266624602077
Hepatocyte_15weeks_Animal2_Capture2_GCATGCGTCGGAAACG,1.02710337331673,0.9951794875124996,0.967814423806434,0.9545604748457566
Hepatocyte_15weeks_Animal2_Capture2_GCGCCAATCCCTAATT,1.01698046795008,1.046945704783516,1.0694785917569578,1.0858664213713942
Hepatocyte_15weeks_Animal2_Capture2_GCTCTGTTCCGTCAAA,1.03972672847934,0.9967500429870564,0.9650897621463608,0.9491412515727214
Hepatocyte_15weeks_Animal2_Capture2_GGAGCAACATCTCCCA,0.918530697599776,0.8800629861450844,0.8534389583861525,0.8414435275489714
Hepatocyte_15weeks_Animal2_Capture2_GTCTTCGTCGCAAGCC,1.03859792394581,1.0106214522221189,0.9833304330269164,0.969192032643103
Hepatocyte_15weeks_Animal2_Capture2_GTGCATAGTTAAGTAG,1.0557367029931,1.0911752460401267,1.118809680070389,1.139800194191391
Hepatocyte_15weeks_Animal2_Capture2_GTTAAGCCAAGTCATC,1.02890313533071,0.9920564039726554,0.9574078515995558,0.9353446497236584
Hepatocyte_15weeks_Animal2_Capture2_TAAACCGAGTGGTAGC,0.96567194134844,0.943367580778462,0.9220521961517728,0.909021678019676
Hepatocyte_15weeks_Animal2_Capture2_TACGGATAGATATGGT,1.05509395509271,1.080886727021768,1.0985538662526684,1.1096826884878623
Hepatocyte_15weeks_Animal2_Capture2_TACGGTAAGACTACAA,0.97963783960088,1.0080219078038164,1.0290668127773988,1.0440862864712663
Hepatocyte_15weeks_Animal2_Capture2_TAGGCATAGAGTACAT,1.03388845682975,0.98472887379537,0.9483495358140092,0.9286187119344892
Hepatocyte_15weeks_Animal2_Capture2_TCAGCTCGTAGCACGA,1.01156140783441,1.0463996631260437,1.0732170175541225,1.0929871108711653
Hepatocyte_15weeks_Animal2_Capture2_TCAGGTATCGCATGGC,1.05470967547383,1.086367529555494,1.1100645278724732,1.1271343601720756
Hepatocyte_15weeks_Animal2_Capture2_TCTGAGAAGCTCCCAG,0.917659199082702,0.8914545836815199,0.8692602365265515,0.8611554180264079
Hepatocyte_15weeks_Animal2_Capture2_TGACAACGTGCGATAG,0.992179597722731,1.0235149875156304,1.0471753329315865,1.0644601487188272
Hepatocyte_15weeks_Animal2_Capture2_TGAGAGGTCTCTGTCG,1.04638154613136,0.9979886365209566,0.9630008891683212,0.9449602579358574
Hepatocyte_15weeks_Animal2_Capture2_TGATTTCTCGTACCGG,0.993565922471504,1.024725951458189,1.0486455664481136,1.0664833321936027
Hepatocyte_15weeks_Animal2_Capture2_TGGCCAGCAGACAAGC,0.915701757141416,0.891787237680893,0.867293521847913,0.855525076617736
Hepatocyte_15weeks_Animal2_Capture2_TTAGTTCGTCATGCAT,0.946000540990845,0.91293666180516,0.8895491723250945,0.8806455996693565
Hepatocyte_15weeks_Animal2_Capture2_TTTACTGCACAGCCCA,0.969208595043015,0.9949215226463132,1.0133232147616134,1.0257818280486335
Hepatocyte_15weeks_Animal2_Capture1_AAGCCGCGTAGATTAG,1.03574222528159,1.006864584899687,0.9776502508149532,0.9627021431405496
Hepatocyte_15weeks_Animal2_Capture1_ACACTGAGTCCAGTAT,1.00792682627632,1.0363314953964762,1.0569777676182388,1.0711614001514438
Hepatocyte_15weeks_Animal2_Capture1_ACCAGTAAGCCTATGT,1.00200904639981,1.0283889789884233,1.0472669084104285,1.0601045865893464
Hepatocyte_15weeks_Animal2_Capture1_ACGAGGAGTCCCTACT,1.04361014966168,1.0666197316122743,1.0821358229793885,1.0916590910135642
Hepatocyte_15weeks_Animal2_Capture1_ACGATGTGTCCTCTTG,1.03068935640781,0.9871003531741772,0.957017808303834,0.9434343049404824
Hepatocyte_15weeks_Animal2_Capture1_ACGGAGAAGCAATATG,1.0112918902897,0.9960103198663296,0.9808426841302302,0.9681260280362312
Hepatocyte_15weeks_Animal2_Capture1_ACTATCTAGCAGGTCA,1.02923616397984,1.0454468375300865,1.0546060076292572,1.0582457588235898
Hepatocyte_15weeks_Animal2_Capture1_ACTGAGTCAATAGAGT,1.05973674115726,1.091279472351079,1.1149680334231686,1.1321185168443335
Hepatocyte_15weeks_Animal2_Capture1_ACTGCTCGTGCACCAC,1.01149814387889,1.0418461404865818,1.0645360332867762,1.0808289922495424
Hepatocyte_15weeks_Animal2_Capture1_AGATCTGCAGGTGCCT,1.06091817528135,1.0898798360189696,1.11083646594826,1.1252423842509265
Hepatocyte_15weeks_Animal2_Capture1_AGCGGTCTCTGATTCT,1.02757227049144,0.9889337019929424,0.9617284981422322,0.950215335423458
Hepatocyte_15weeks_Animal2_Capture1_AGCTTGATCCAAGTAC,1.04653786056089,1.0734730674081046,1.0926658481908984,1.1055663310170103
Hepatocyte_15weeks_Animal2_Capture1_AGGTCATTCAGTTCGA,1.04099881027653,1.0689363437392585,1.0894841529708867,1.103945690773965
Hepatocyte_15weeks_Animal2_Capture1_AGTAGTCGTTGATTCG,0.998057686367961,1.0294225313679473,1.0533063830584437,1.0709659722895672
Hepatocyte_15weeks_Animal2_Capture1_AGTTGGTAGTGCTGCC,1.03399399731281,1.0556245303454133,1.0699774358138503,1.0785266051560036
Hepatocyte_15weeks_Animal2_Capture1_ATCATCTCAACTTGAC,1.12752402277293,1.144159713850414,1.152901958980154,1.1556553291195757
Hepatocyte_15weeks_Animal2_Capture1_ATCTGCCGTTGTCGCG,1.00524636052467,1.0383366530062976,1.0639718317174198,1.083365050480594
Hepatocyte_15weeks_Animal2_Capture1_ATGAGGGTCCTTGACC,1.04833951264733,1.075531126441015,1.0948347628968356,1.1077175805660169
Hepatocyte_15weeks_Animal2_Capture1_ATGCGATAGAAGGACA,1.02875273847561,1.0104250155898562,0.9908041997419388,0.9813934218660488
Hepatocyte_15weeks_Animal2_Capture1_ATTACTCAGACTTGAA,0.928718106383375,0.9476702996361316,0.9598974161010586,0.9669106289899106
Hepatocyte_15weeks_Animal2_Capture1_ATTGGTGGTGTGACGA,1.04609022792263,1.0774741245612345,1.101155793833844,1.118322015250711
Hepatocyte_15weeks_Animal2_Capture1_CAACTAGAGGATGGTC,1.04699107019092,1.0685627317280275,1.0821766008120155,1.0894590318778978
Hepatocyte_15weeks_Animal2_Capture1_CACACTCGTACGCTGC,1.03402368557841,1.0022606511022352,0.9721689162907218,0.9561842287064416
Hepatocyte_15weeks_Animal2_Capture1_CATCGAAAGATCTGCT,0.973194433745773,0.9997045544702424,1.018273046487253,1.0301174987695465
Hepatocyte_15weeks_Animal2_Capture1_CCACGGAAGATCTGAA,1.06028430276357,1.0881629387404543,1.107771174595529,1.120660916115708
Hepatocyte_15weeks_Animal2_Capture1_CCACGGAGTCCTCTTG,0.931728691873317,0.9149284654658402,0.8947701635457268,0.8802660559945894
Hepatocyte_15weeks_Animal2_Capture1_CCATTCGAGCGTTCCG,1.02713121548384,0.9918549471822266,0.9667772464265006,0.957399513075135
Hepatocyte_15weeks_Animal2_Capture1_CGACTTCAGGCTAGGT,0.946586036109307,0.9757694711963256,0.9980293369195512,1.0145654241233455
Hepatocyte_15weeks_Animal2_Capture1_CGACTTCGTACTTCTT,1.00750089539885,1.0376662019331988,1.0602683551783647,1.0766432448150245
Hepatocyte_15weeks_Animal2_Capture1_CGAGCACTCGTCCAGG,1.0000083837752,1.0318481824010706,1.0563879546556976,1.07476309463965
Hepatocyte_15weeks_Animal2_Capture1_CGATGTATCGCGGATC,1.03528295263384,0.9975336119986792,0.9675842686772426,0.9536124975927812
Hepatocyte_15weeks_Animal2_Capture1_CGATTGACATGCCTTC,0.989969987375762,1.0214957929350958,1.045791862017866,1.0640190772832776
Hepatocyte_15weeks_Animal2_Capture1_CGCCAAGAGTGGTCCC,1.02289375255436,1.0415182850870286,1.05284324802934,1.0584769778172034
Hepatocyte_15weeks_Animal2_Capture1_CGCTTCAGTAGTAGTA,1.01510970529325,1.043228153784936,1.0636589096176534,1.077829544816766
Hepatocyte_15weeks_Animal2_Capture1_CGTTCTGAGGCATGGT,0.995756254790947,1.029666677754466,1.0561752796899992,1.0764500532058845
Hepatocyte_15weeks_Animal2_Capture1_CTCACACTCAGTTGAC,0.995749656461296,1.024713335634594,1.0462646782628404,1.06169272467382
Hepatocyte_15weeks_Animal2_Capture1_CTCATTATCCAAAGTC,1.08057037481908,1.1071494183887316,1.1255293219136668,1.136991452325869
Hepatocyte_15weeks_Animal2_Capture1_CTCTACGAGGCAGTCA,1.0395620780581,1.0006991290053693,0.9671011640981642,0.949264206383138
Hepatocyte_15weeks_Animal2_Capture1_CTGAAGTAGATCTGAA,1.04287241823927,1.067875123383796,1.0852474497348954,1.09643899904447
Hepatocyte_15weeks_Animal2_Capture1_CTGGTCTAGACACTAA,0.975209623021371,1.0088017364007815,1.034740165204194,1.0542131047261734
Hepatocyte_15weeks_Animal2_Capture1_CTTGGCTGTCCGCTGA,1.06069726952441,1.0889832027738466,1.1092536039007397,1.1229056296831237
Hepatocyte_15weeks_Animal2_Capture1_GATCGATCAAAGGTGC,1.04182096171455,1.0209261860075691,1.0014647533075327,0.9942751350593848
Hepatocyte_15weeks_Animal2_Capture1_GATCGATGTTAAGGGC,0.973649389049771,1.0049301032257756,1.02873423322523,1.0463046944971792
Hepatocyte_15weeks_Animal2_Capture1_GATCGATTCCCAGGTG,0.950986098429891,0.9796051594835564,1.001133386451222,1.016859173990035
Hepatocyte_15weeks_Animal2_Capture1_GATCTAGCACGTTGGC,1.05849998052631,1.090692343912972,1.1150979497979,1.1329240271712382
Hepatocyte_15weeks_Animal2_Capture1_GATGCTAGTAAACACA,1.02121642779226,1.0494856213156392,1.0705264582738256,1.0855912950990647
Hepatocyte_15weeks_Animal2_Capture1_GCGAGAAAGCTAGGCA,1.02798314814171,0.9870788054333036,0.9571344601525568,0.9435609858384212
Hepatocyte_15weeks_Animal2_Capture1_GCGCAACCATTTGCCC,1.02131426983032,0.9809018758461248,0.946785382395054,0.9289078235804912
Hepatocyte_15weeks_Animal2_Capture1_GCGCCAACATCAGTCA,1.03006251796066,1.0493146924505123,1.0612422706200426,1.0674232095356415
Hepatocyte_15weeks_Animal2_Capture1_GCTGGGTCAAAGCAAT,1.03603202236079,1.0539553537035808,1.0647098249289673,1.0698252926814698
Hepatocyte_15weeks_Animal2_Capture1_GGAACTTGTACCGAGA,0.938621628173682,0.9706067955128382,0.995371466590106,1.0138677847306683
Hepatocyte_15weeks_Animal2_Capture1_GGATGTTAGCGACGTA,1.12765446698605,1.1459898257167207,1.1571613790500466,1.1624919919870291
Hepatocyte_15weeks_Animal2_Capture1_GGCGACTTCTCGCATC,0.980088128422205,1.0121276975348303,1.0369127358621264,1.0555892551367871
Hepatocyte_15weeks_Animal2_Capture1_GGCTCGACAAGCCGTC,1.03378760688543,0.997332419097215,0.9726739792191508,0.9636794564618728
Hepatocyte_15weeks_Animal2_Capture1_GTAGGCCCACCACCAG,1.1001449869865,1.1238178775350067,1.1394060524953415,1.148553685032858
Hepatocyte_15weeks_Animal2_Capture1_GTATTCTCATAGGATA,1.0154543679295,0.9871290680116598,0.958280668828958,0.9413026192000862
Hepatocyte_15weeks_Animal2_Capture1_GTCAAGTGTTCCAACA,1.05751903221086,1.088111446852181,1.1107974639499674,1.126946825217786
Hepatocyte_15weeks_Animal2_Capture1_GTCACGGGTTACTGAC,1.0264425769367,1.008600726698593,0.990609750762264,0.9802069010105304
Hepatocyte_15weeks_Animal2_Capture1_GTCTCGTCATCACGAT,0.942948758445154,0.9717159899169976,0.993554552663204,1.0096158651971003
Hepatocyte_15weeks_Animal2_Capture1_GTGCATAAGAATGTGT,1.0212031970224,1.054896973985903,1.0808817347362152,1.1003928185959293
Hepatocyte_15weeks_Animal2_Capture1_GTGCATATCTTGACGA,1.04187575412602,1.0663793636267194,1.0830044662427716,1.0933702701243289
Hepatocyte_15weeks_Animal2_Capture1_GTTCTCGTCGGCTTGG,1.05151386994583,1.0790380076211217,1.098532974911189,1.1114926874961384
Hepatocyte_15weeks_Animal2_Capture1_GTTTCTAAGCAGGCTA,0.963444505006094,0.9264957882206571,0.9020033425618894,0.8926724024606338
Hepatocyte_15weeks_Animal2_Capture1_TACGGATGTGCTTCTC,0.974057867623196,1.0107779832713597,1.0403228795071358,1.06358918463078
Hepatocyte_15weeks_Animal2_Capture1_TACGGATTCATCTGCC,0.978071321589474,1.0064720728872718,1.02666686362105,1.0400374714315432
Hepatocyte_15weeks_Animal2_Capture1_TCCACACCAGTATAAG,0.98701202204483,1.0213691591392309,1.048459046577594,1.0693074719796538
Hepatocyte_15weeks_Animal2_Capture1_TGACGGCGTCGGATCC,0.946966850755747,0.9787764064069712,1.0035642035300627,1.0224297964444224
Hepatocyte_15weeks_Animal2_Capture1_TGAGCATTCGCAGGCT,0.996864358612337,1.0208563021643733,1.037419138927329,1.0480471129340594
Hepatocyte_15weeks_Animal2_Capture1_TGCGCAGGTCAATACC,1.03780768210366,1.0456479128335945,1.0465281718997388,1.0422916976623489
Hepatocyte_15weeks_Animal2_Capture1_TGGACGCAGGTAAACT,0.941858608146994,0.9815887258175938,1.0141884687107037,1.040430224137953
Hepatocyte_15weeks_Animal2_Capture1_TGGCCAGAGAGCCCAA,0.940422062768459,0.974284780088446,1.0013288412458343,1.0224841803647364
Hepatocyte_15weeks_Animal2_Capture1_TGGCGCATCCGTAGGC,1.03534986532824,0.9888411142745864,0.955337906261411,0.93844455294304
Hepatocyte_15weeks_Animal2_Capture1_TGGCTGGTCTTGGGTA,1.02540487483291,0.9998692229607534,0.9728526962242344,0.953289954245754
Hepatocyte_15weeks_Animal2_Capture1_TGTATTCTCCTTCAAT,0.935082418180122,0.9034655623881724,0.8786038479267272,0.8675049971522216
Hepatocyte_15weeks_Animal2_Capture1_TTCTTAGAGAGGGATA,0.916702483777318,0.8945097436171904,0.8750694262705965,0.864719859302409
Hepatocyte_15weeks_Animal2_Capture1_TTGAACGAGTGGGTTG,0.998631193797573,1.0255926016659096,1.0453301402949606,1.0591512435957615
Hepatocyte_15weeks_Animal2_Capture1_TTGGCAAAGAGCAATT,0.987587116400435,1.0238905684656268,1.0529325813727608,1.0757262582284317
Hepatocyte_15weeks_Animal2_Capture1_TTTACTGCAGGGTACA,0.891819690073751,0.9231594380622822,0.9479952024508436,0.9673118600455344
Hepatocyte_15weeks_Animal2_Capture1_TTTGGTTAGTGGAGTC,0.973717632362104,1.0094958173583104,1.0375570911599077,1.0589645591364722
Hepatocyte_15weeks_Animal1_Capture1_AACTCAGGTTGTCGCG,1.08773409885409,1.1184554831147115,1.1405899055825846,1.1556624928878836
Hepatocyte_15weeks_Animal1_Capture1_AACTTTCAGGTGGGTT,1.08157532389303,1.1106747495254194,1.1319106037048938,1.1465353514777892
Hepatocyte_15weeks_Animal1_Capture1_AAGCCGCCATAGACTC,1.00532384645358,1.0314273752588652,1.0494700040126137,1.0609069003151688
Hepatocyte_15weeks_Animal1_Capture1_AAGTCTGCAAGTCATC,1.01299319821666,1.0424250411977942,1.0636534345238902,1.078138164858717
Hepatocyte_15weeks_Animal1_Capture1_ACGAGCCGTGATGTCT,1.00699230104073,1.0405887162966176,1.0669319261343737,1.0870957614798566
Hepatocyte_15weeks_Animal1_Capture1_ACGCCAGGTTCAGTAC,0.998405015479387,1.031688586877918,1.0578614931286534,1.0778369339478275
Hepatocyte_15weeks_Animal1_Capture1_ACGCCGAAGACAATAC,1.01777285087966,1.0559842881287624,1.0865601576178368,1.1102717180142152
Hepatocyte_15weeks_Animal1_Capture1_AGCATACGTCATACTG,1.02819950055965,1.0658322306054189,1.095902559226643,1.1192016836256422
Hepatocyte_15weeks_Animal1_Capture1_AGCGTCGAGGCCGAAT,0.984781490546054,1.0194126026298251,1.04545088596602,1.0641648217625823
Hepatocyte_15weeks_Animal1_Capture1_AGTGAGGCATGTTCCC,0.972134170002509,1.0017605980944797,1.0241639518079655,1.0404060432626472
Hepatocyte_15weeks_Animal1_Capture1_ATCACGATCTCTGTCG,0.992609548730024,1.02021452503681,1.0381863457169118,1.0483974537238332
Hepatocyte_15weeks_Animal1_Capture1_ATGGGAGCACCGTTGG,0.957002084489643,0.9916829534651422,1.0186077455347031,1.0388975554764142
Hepatocyte_15weeks_Animal1_Capture1_ATTACTCTCAATAAGG,0.941443335492666,0.9763217980365018,1.003236985709245,1.0232845497990328
Hepatocyte_15weeks_Animal1_Capture1_CACAAACCAACACCTA,0.870930779749877,0.9042118873671432,0.930846155812035,0.951820143212528
Hepatocyte_15weeks_Animal1_Capture1_CACAGGCAGCCTCGTG,0.994501397164691,1.0198499945384738,1.0378692237270823,1.0497554642748166
Hepatocyte_15weeks_Animal1_Capture1_CACATTTCATTGGCGC,0.976572786592259,1.008698768691614,1.0336676903566049,1.0526117806698694
Hepatocyte_15weeks_Animal1_Capture1_CAGCAGCGTGGGTCAA,0.989310417706321,1.018705400560744,1.040822115873487,1.056880769393529
Hepatocyte_15weeks_Animal1_Capture1_CAGCTGGCACCCATTC,1.05612246680771,1.0847098791725316,1.1053103036808094,1.1192889618718878
Hepatocyte_15weeks_Animal1_Capture1_CATATGGTCACCTCGT,1.04962188849983,1.0793249046811375,1.1011719536369566,1.116504051090347
Hepatocyte_15weeks_Animal1_Capture1_CATATTCGTTATCCGA,1.08885565534623,1.1191338705463003,1.1411326183046857,1.1561990412213066
Hepatocyte_15weeks_Animal1_Capture1_CATTATCGTTCAGCGC,1.05258034878659,1.080094120303719,1.0998168325933786,1.1130990837428962
Hepatocyte_15weeks_Animal1_Capture1_CCATTCGGTACAGACG,1.00474439680752,1.0345468139700718,1.0564848162635094,1.071875473485619
Hepatocyte_15weeks_Animal1_Capture1_CCCAATCGTCCGAGTC,0.988685052602328,1.0203663946656691,1.0442194738196695,1.0613404924756014
Hepatocyte_15weeks_Animal1_Capture1_CCCATACCAAAGTGCG,0.974396438196599,1.008614236316186,1.0359710730550318,1.0573786679290218
Hepatocyte_15weeks_Animal1_Capture1_CCCTCCTCAACTGCTA,0.960983493395992,0.9896153081737148,1.0112282325407935,1.0269698023826883
Hepatocyte_15weeks_Animal1_Capture1_CCGGTAGTCTTGAGAC,1.0436677680599,1.0755915466791064,1.0995127540282106,1.1167587797370429
Hepatocyte_15weeks_Animal1_Capture1_CCGTTCATCCTAGTGA,1.04395282047557,1.0774990204293315,1.103067499541736,1.1217404255178969
Hepatocyte_15weeks_Animal1_Capture1_CCTACACCAGCTGCAC,1.03384039215614,1.0631094719099754,1.0841397267641093,1.0983125103240483
Hepatocyte_15weeks_Animal1_Capture1_CCTCAGTCATCCCACT,1.05102574060548,1.0860626239803417,1.113562922855634,1.1345249237954331
Hepatocyte_15weeks_Animal1_Capture1_CCTTCGAGTCTCCATC,1.0557373464666,1.0752289673929805,1.086408826933163,1.090960744492054
Hepatocyte_15weeks_Animal1_Capture1_CGAATGTAGTACACCT,1.05934777443128,1.0905366824709386,1.1137598974767302,1.1303891893090685
Hepatocyte_15weeks_Animal1_Capture1_CGCCAAGTCCGCTGTT,0.988781131619058,1.0199945350632047,1.0435423682695946,1.060711831931384
Hepatocyte_15weeks_Animal1_Capture1_CGCTGGAAGTACGACG,1.03473147109643,1.0629286578403307,1.0826202076751852,1.0953081142571637
Hepatocyte_15weeks_Animal1_Capture1_CGTAGCGGTTTACTCT,0.954338856710585,0.9957373075857652,1.0297312276331028,1.0570934406282757
Hepatocyte_15weeks_Animal1_Capture1_CGTGTCTGTCTTCAAG,1.0400327265915,1.074856724745211,1.1010810496055798,1.1199071947400998
Hepatocyte_15weeks_Animal1_Capture1_CTAACTTTCTATCGCC,0.985670798853036,1.010527284385249,1.0284968216239383,1.0406334323607842
Hepatocyte_15weeks_Animal1_Capture1_CTGCTGTTCGGCTACG,0.943316483928692,0.9763107131824548,1.0024378468309654,1.0226244587553717
Hepatocyte_15weeks_Animal1_Capture1_CTGGTCTAGGTGATAT,0.970357919689458,1.0023105547087965,1.027171648665562,1.045851268672375
Hepatocyte_15weeks_Animal1_Capture1_CTGTTTATCCATGAAC,1.05301714211446,1.0818803772860206,1.103492147846728,1.119031931360431
Hepatocyte_15weeks_Animal1_Capture1_CTTAGGAGTCATCGGC,0.963822494301282,0.9921747240257436,1.013488817149383,1.0289622861562375
Hepatocyte_15weeks_Animal1_Capture1_CTTGGCTAGCCGGTAA,1.01464998190275,1.0439591564392467,1.066046073074739,1.0821026298273375
Hepatocyte_15weeks_Animal1_Capture1_CTTGGCTGTAGCAAAT,1.09398209879363,1.1336769235999362,1.1652989335637325,1.1897662941794678
Hepatocyte_15weeks_Animal1_Capture1_GAATAAGGTAGCAAAT,0.96975457321313,0.9913655922007296,1.003748111809062,1.0089250188987202
Hepatocyte_15weeks_Animal1_Capture1_GACGTGCCATCTACGA,1.06810128963164,1.102161927689454,1.1279687244204024,1.1467001259857403
Hepatocyte_15weeks_Animal1_Capture1_GACGTTACACGTAAGG,0.954366189178573,0.9858575610387688,1.009976579954866,1.0278150296571915
Hepatocyte_15weeks_Animal1_Capture1_GACTGCGCAGCTTAAC,1.03060579627527,1.0672020259661616,1.0961468136009789,1.1184219032341254
Hepatocyte_15weeks_Animal1_Capture1_GAGGTGAGTATGAATG,1.04357909539386,1.0711304683107796,1.0915017627115384,1.1058902521592675
Hepatocyte_15weeks_Animal1_Capture1_GATGAGGTCGCCTGTT,1.04727991891623,1.0798821466990791,1.1048334746405608,1.123346227086922
Hepatocyte_15weeks_Animal1_Capture1_GCAGCCAGTGATAAGT,1.04647972525585,1.0765934855301562,1.0987261393716052,1.1142945288824169
Hepatocyte_15weeks_Animal1_Capture1_GCAGCCATCGTCCAGG,1.03521785620387,1.057759310562503,1.0719684988618174,1.0794128740819473
Hepatocyte_15weeks_Animal1_Capture1_GCGCCAAAGCCACTAT,1.0284983241503,1.0582262457971856,1.0801701977427067,1.0955872532960604
Hepatocyte_15weeks_Animal1_Capture1_GCTCCTATCCGTCAAA,0.980077765444033,1.0109020349983004,1.034031813799533,1.0507454538117984
Hepatocyte_15weeks_Animal1_Capture1_GCTTGAAAGTCGTACT,1.0084438012987,1.0445488629342885,1.0730369365617838,1.0948335441466015
Hepatocyte_15weeks_Animal1_Capture1_GGAATAACACAAGTAA,0.988295779734328,1.024193345546604,1.0528137120025682,1.0749652207026272
Hepatocyte_15weeks_Animal1_Capture1_GGCGACTAGCGTTGCC,1.08227364671749,1.1124180594133055,1.1345176489348785,1.149904528546832
Hepatocyte_15weeks_Animal1_Capture1_GGGAATGGTCTAGTCA,1.03721525075497,1.0720826237787928,1.0986770958985923,1.1181034098200977
Hepatocyte_15weeks_Animal1_Capture1_GTATCTTGTTGGTAAA,1.05101643768282,1.082365910832904,1.1062869966146425,1.1237138820248198
Hepatocyte_15weeks_Animal1_Capture1_GTGGGTCTCAGTACGT,1.05087141316734,1.079497108020682,1.0998319068201914,1.113367290741926
Hepatocyte_15weeks_Animal1_Capture1_GTTCATTAGTGGGATC,0.977352484109302,1.0097716234893672,1.0346222422367983,1.0531200132050271
Hepatocyte_15weeks_Animal1_Capture1_TAAACCGCACTCAGGC,1.05807629418804,1.0887050126455853,1.1113579917641097,1.1273783464481837
Hepatocyte_15weeks_Animal1_Capture1_TACCTTATCATGTCTT,1.06166066597319,1.093715765787846,1.1176416342912352,1.134800404537366
Hepatocyte_15weeks_Animal1_Capture1_TAGAGCTCACTACAGT,1.02518021843794,1.0581901216915794,1.0835813128148335,1.102550437862849
Hepatocyte_15weeks_Animal1_Capture1_TAGTGGTAGACCTAGG,0.998493047287786,1.03482219782805,1.0635312315530567,1.0854846827632538
Hepatocyte_15weeks_Animal1_Capture1_TATGCCCAGTGTACTC,1.01958051187541,1.0525861140124442,1.0783080922514838,1.0976517464462474
Hepatocyte_15weeks_Animal1_Capture1_TATTACCGTGTGTGCC,1.05492396420228,1.0892705517912438,1.1156837872971643,1.135445815776733
Hepatocyte_15weeks_Animal1_Capture1_TCAGATGCATAGTAAG,1.04253919343732,0.9986007809093972,0.959966280921814,0.9329307924518336
Hepatocyte_15weeks_Animal1_Capture1_TCAGGTAGTCGGGTCT,0.92999994946322,0.9642176325971232,0.9917669180587884,1.013561067023612
Hepatocyte_15weeks_Animal1_Capture1_TCCACACCACGTCAGC,1.01068839692208,1.0368194901176306,1.0532166334111484,1.0619134972358906
Hepatocyte_15weeks_Animal1_Capture1_TCTTCGGAGCCAGGAT,1.00533657116763,1.035689194578251,1.0585335218374174,1.0751809178770892
Hepatocyte_15weeks_Animal1_Capture1_TCTTTCCTCCTTTCGG,1.06328952653504,1.0922376384740748,1.1127538707605962,1.12630603754288
Hepatocyte_15weeks_Animal1_Capture1_TGAAAGAAGTAGGTGC,1.04763667358606,1.0831781129869325,1.1116186463521538,1.1338998092127668
Hepatocyte_15weeks_Animal1_Capture1_TGCCCTATCTTCGAGA,0.996705583572328,1.0308793500263176,1.0576680682083917,1.078058709999004
Hepatocyte_15weeks_Animal1_Capture1_TGGGAAGTCATTATCC,1.03787737848575,1.0696938931126156,1.093422741503424,1.1104085903728058
Hepatocyte_15weeks_Animal1_Capture1_TGTGGTACAAAGGTGC,1.03140213574359,1.065137740388111,1.091043092248448,1.1103490998370662
Hepatocyte_15weeks_Animal1_Capture1_TTAGGACTCGTTGCCT,1.00014778863917,1.0315626960940667,1.0555150342405033,1.07325827854783
Hepatocyte_15weeks_Animal1_Capture1_TTCCCAGTCAGCAACT,0.953611877252394,0.9863825175251963,1.0113292718125275,1.0297366488819202
Hepatocyte_15weeks_Animal1_Capture1_TTTATGCAGTTACCCA,1.00649524707876,1.0381160915996164,1.061225132587878,1.0770609325230172
Hepatocyte_15weeks_Animal1_Capture2_AACACGTTCACGACTA,1.0463632679826,1.0744253107029118,1.0947440843667025,1.108689505201852
Hepatocyte_15weeks_Animal1_Capture2_AACTCAGTCCATTCTA,1.06140625520718,1.095244628479476,1.1209709533748573,1.139797392789116
Hepatocyte_15weeks_Animal1_Capture2_AACTTTCCATCTACGA,0.966531778001649,0.994682727599625,1.0160222493536406,1.0316436232653596
Hepatocyte_15weeks_Animal1_Capture2_AAGTCTGTCTGAAAGA,0.944792182678763,0.977447212716113,1.0028313528593653,1.021880482308236
Hepatocyte_15weeks_Animal1_Capture2_ACATGGTGTATTCTCT,1.09625421195635,1.1199971140027456,1.1356441131559647,1.1444255217702306
Hepatocyte_15weeks_Animal1_Capture2_ACCCACTGTGCAGGTA,1.05109868610075,1.0781732871865508,1.0971878279767953,1.1095964114816137
Hepatocyte_15weeks_Animal1_Capture2_ACGGGCTCATTCGACA,0.935760894488922,0.9730115705664852,1.003081487394192,1.0268410350707124
Hepatocyte_15weeks_Animal1_Capture2_ACTGAACCACATCCGG,0.960936693475402,0.995817303110224,1.0231106231472555,1.0439999607766686
Hepatocyte_15weeks_Animal1_Capture2_AGACGTTAGATCACGG,0.95303926880594,0.9902108266600216,1.0201434122772242,1.043783732463995
Hepatocyte_15weeks_Animal1_Capture2_AGACGTTCACTATCTT,1.00092993746916,1.0338536637581968,1.0591448943238226,1.077974708859774
Hepatocyte_15weeks_Animal1_Capture2_AGCGGTCCACAACTGT,0.993496609988226,1.0261766266710206,1.051106348443724,1.0692083248710105
Hepatocyte_15weeks_Animal1_Capture2_AGCTCCTTCTACCAGA,0.97651381635261,1.0091821696497925,1.0347599662410931,1.054268253752103
Hepatocyte_15weeks_Animal1_Capture2_AGGCCGTGTGTGGTTT,0.983140716642743,1.0156675207349004,1.0406485712569915,1.0592159470669047
Hepatocyte_15weeks_Animal1_Capture2_AGGGAGTCACGAAGCA,1.03209005110781,1.0648419687089676,1.0895359207858033,1.107305388772548
Hepatocyte_15weeks_Animal1_Capture2_ATAAGAGAGTAGCGGT,0.896710785291146,0.9252731533228318,0.9475780822344294,0.9645560917342132
Hepatocyte_15weeks_Animal1_Capture2_ATCTGCCAGCGAGAAA,0.997465386296679,1.0207956473815651,1.0363020190141474,1.0454622954399897
Hepatocyte_15weeks_Animal1_Capture2_ATTACTCGTCTGCCAG,0.991707714069607,1.0295981721924874,1.059780362963316,1.0830389556753472
Hepatocyte_15weeks_Animal1_Capture2_CAACCTCGTACCATCA,1.02581861820825,1.0553549910801343,1.077164157295687,1.0924811800750225
Hepatocyte_15weeks_Animal1_Capture2_CAACTAGTCGCTAGCG,0.999808407914426,1.027748860056364,1.048243917556433,1.0625278134770786
Hepatocyte_15weeks_Animal1_Capture2_CACCACTCAGCTGCTG,0.977970897313212,1.0152614092032417,1.0449620232692052,1.068071894096527
Hepatocyte_15weeks_Animal1_Capture2_CAGAGAGCAGGGTTAG,1.05493985262794,1.0842561650238651,1.105538430239867,1.1202589686885231
Hepatocyte_15weeks_Animal1_Capture2_CAGATCAAGTTACGGG,1.00267329212027,1.0354005412638367,1.0602549010911877,1.0785395428891662
Hepatocyte_15weeks_Animal1_Capture2_CAGCATAGTCAAACTC,0.949067113971574,0.982633095013714,1.0085618107455303,1.0280755837952629
Hepatocyte_15weeks_Animal1_Capture2_CAGCTGGAGAGTAATC,1.04607450503669,1.0816892365251536,1.1087631513321945,1.1284112993857247
Hepatocyte_15weeks_Animal1_Capture2_CAGGTGCCATCGGTTA,0.958995823805188,0.9915557747638906,1.0169031208676396,1.0361926307510638
Hepatocyte_15weeks_Animal1_Capture2_CAGTCCTCACCTGGTG,0.942816704691787,0.9733282038877596,0.995938316896486,1.0119445190317844
Hepatocyte_15weeks_Animal1_Capture2_CATATGGGTCCCTTGT,1.03118110603906,1.065876797002647,1.092704913445865,1.1127762989990202
Hepatocyte_15weeks_Animal1_Capture2_CATCGAACAAGCGTAG,1.05275437524787,1.0842355700782969,1.1076238657980904,1.1242492512462656
Hepatocyte_15weeks_Animal1_Capture2_CATGACAAGTACATGA,1.03185280666474,1.063242692607101,1.0862961399455475,1.1022993687534175
Hepatocyte_15weeks_Animal1_Capture2_CCCTCCTCAATCAGAA,1.0037204230844,1.0374682321857696,1.0635587264171331,1.083171207703678
Hepatocyte_15weeks_Animal1_Capture2_CCGTACTCATGTAAGA,0.983884326604707,1.0126541464949457,1.0330420917414014,1.0464793441842666
Hepatocyte_15weeks_Animal1_Capture2_CCTACCATCCCTTGTG,0.982900829012087,1.012808171203783,1.0353173784664016,1.0516723819081493
Hepatocyte_15weeks_Animal1_Capture2_CGAATGTCAGACACTT,0.981415330413171,1.0123470038540674,1.0362110103241973,1.0540790829846376
Hepatocyte_15weeks_Animal1_Capture2_CGATGTATCGACGGAA,1.05921076889868,1.0887525664509137,1.1102419108476145,1.12506819026235
Hepatocyte_15weeks_Animal1_Capture2_CGCCAAGTCAATAAGG,1.03277370204738,1.0498696461126131,1.0597808248693432,1.0641855541001355
Hepatocyte_15weeks_Animal1_Capture2_CGCGGTATCAGTACGT,0.881876285708052,0.9146587349354032,0.9410483632270648,0.9619167635789856
Hepatocyte_15weeks_Animal1_Capture2_CGCTATCTCAGTCCCT,0.952010223173326,0.9898325776343624,1.0207505654507456,1.0454913700601516
Hepatocyte_15weeks_Animal1_Capture2_CGGGTCAGTCCCTACT,1.03870086298467,1.0684376991966826,1.090474801115814,1.1061653042496231
Hepatocyte_15weeks_Animal1_Capture2_CGGTTAATCGAACTGT,1.00554721177973,1.0415618760154275,1.0702471409986285,1.092586757135092
Hepatocyte_15weeks_Animal1_Capture2_CGTGAGCAGTGGGCTA,1.0234403173297,1.053815748299257,1.07689962153635,1.0938588432452614
Hepatocyte_15weeks_Animal1_Capture2_CGTGTAACAAGACACG,1.04588751682989,1.0769085314881752,1.0990394477832073,1.1137004598346385
Hepatocyte_15weeks_Animal1_Capture2_CTCGTACAGAACAATC,1.04962586677532,1.07719195806892,1.0966425343408712,1.109193894817327
Hepatocyte_15weeks_Animal1_Capture2_CTCGTCAGTGCATCTA,1.10132865142265,1.1302175757092974,1.151156826627738,1.165459118649917
Hepatocyte_15weeks_Animal1_Capture2_CTCTAATGTCTCAACA,0.965949793665365,0.9982118592439196,1.022984775749279,1.0413569769681112
Hepatocyte_15weeks_Animal1_Capture2_CTGAAGTTCAACACGT,1.01348197662476,1.036119464477839,1.050939990150307,1.059410570251614
Hepatocyte_15weeks_Animal1_Capture2_CTGCCTACATTAGGCT,1.01972331814737,1.0434529723605308,1.058646866829547,1.0671440182449652
Hepatocyte_15weeks_Animal1_Capture2_CTGGTCTCACGCGAAA,0.973469617855304,1.0106430186756796,1.0398191009425906,1.0619892846074528
Hepatocyte_15weeks_Animal1_Capture2_GAAATGATCCTCGCAT,0.938148098115792,0.9695015751376052,0.9934576594493923,1.010941587098717
Hepatocyte_15weeks_Animal1_Capture2_GACCTGGAGGTTACCT,1.04320184173665,1.0706919685259475,1.0906932255319448,1.1044990268692354
Hepatocyte_15weeks_Animal1_Capture2_GCACTCTCAGTTAACC,1.03451758500561,1.063144238387275,1.0846058459378136,1.1001069627605609
Hepatocyte_15weeks_Animal1_Capture2_GCTGCTTCAGCGTAAG,1.15229936335669,1.1764145069291188,1.1923583181131028,1.2016577923750524
Hepatocyte_15weeks_Animal1_Capture2_GGATTACCAAGCCATT,0.953052238258651,0.9881466040422108,1.0163025346863268,1.038471451053727
Hepatocyte_15weeks_Animal1_Capture2_GGGAGATCATCCGTGG,0.958122798628747,0.9868195068617636,1.0084212783288973,1.023969426655133
Hepatocyte_15weeks_Animal1_Capture2_GTAGGCCTCGACCAGC,0.990875204880005,1.0233187360282472,1.0483985339658803,1.0671344771898224
Hepatocyte_15weeks_Animal1_Capture2_GTAGTCACAAAGTGCG,0.934134941471557,0.9623725047229008,0.98407355847749,1.0003230980702562
Hepatocyte_15weeks_Animal1_Capture2_GTCCTCAAGTGTACGG,1.03678456428579,1.0617247673478238,1.0793415747790536,1.0910279216360783
Hepatocyte_15weeks_Animal1_Capture2_GTCGGGTAGAGGTAGA,1.04246576269862,1.077445344194947,1.1050273172618053,1.1261763606331938
Hepatocyte_15weeks_Animal1_Capture2_GTGCAGCGTCCGAATT,0.982807924845983,1.0134566219053494,1.03606674528934,1.051916294310945
Hepatocyte_15weeks_Animal1_Capture2_GTGTGCGCAAGGTTCT,0.996326707932981,1.0286334825045451,1.0531213816457703,1.071016549033759
Hepatocyte_15weeks_Animal1_Capture2_GTTCATTAGTTACGGG,0.933780889109947,0.9683702171805878,0.9961365893513972,1.0180914347949133
Hepatocyte_15weeks_Animal1_Capture2_GTTCGGGGTTTAAGCC,1.0226361030478,1.0538740750080493,1.0761060830039528,1.0907724194141544
Hepatocyte_15weeks_Animal1_Capture2_TAAGAGAGTGTGGTTT,0.986995896806966,1.014217263537119,1.033866007658895,1.046803796261697
Hepatocyte_15weeks_Animal1_Capture2_TACGGATCAGATCCAT,1.02145519340379,1.0482626960098331,1.0652186844638962,1.0742571827718077
Hepatocyte_15weeks_Animal1_Capture2_TACTCATGTCAGATAA,1.01097118332983,1.042452865486651,1.0657140471953868,1.0821696002241046
Hepatocyte_15weeks_Animal1_Capture2_TACTTGTGTATATGAG,1.04970732846866,1.077299201240979,1.0967773861594563,1.1095909733278158
Hepatocyte_15weeks_Animal1_Capture2_TAGCCGGGTCTCACCT,0.996049142742593,1.0195633950151397,1.0350415607577237,1.0439068300377148
Hepatocyte_15weeks_Animal1_Capture2_TATTACCAGTGTGGCA,1.01362746822139,1.0472973466321476,1.0734207299788363,1.0932182515911335
Hepatocyte_15weeks_Animal1_Capture2_TCGTACCTCATGCATG,1.05549292580407,1.0839545288922352,1.104303582566496,1.1179737538964123
Hepatocyte_15weeks_Animal1_Capture2_TGAGCATTCGTTGCCT,1.05181299372292,1.0836887793377143,1.1077306294411025,1.1252303017775265
Hepatocyte_15weeks_Animal1_Capture2_TGCCCATTCTCTTGAT,1.00871705894824,1.0380537149222104,1.06005095096311,1.075898406640473
Hepatocyte_15weeks_Animal1_Capture2_TGCGGGTCAATGACCT,1.01646032783458,1.0536494245912975,1.0832645348312029,1.1062733744438162
Hepatocyte_15weeks_Animal1_Capture2_TGCGGGTTCATATCGG,1.09934328284916,1.0984561399709032,1.0914634916888868,1.0819713356330178
Hepatocyte_15weeks_Animal1_Capture2_TGCGTGGTCCTACAGA,1.05606318141424,1.0864207589104031,1.108852312759425,1.1247547667075948
Hepatocyte_15weeks_Animal1_Capture2_TGCTGCTGTCGAGTTT,1.03391111333533,1.050417665620733,1.0589942646958566,1.0613190099680472
Hepatocyte_15weeks_Animal1_Capture2_TGCTGCTTCCTCATTA,1.01822750238664,1.047923898619718,1.068683735965855,1.082057081332565
Hepatocyte_15weeks_Animal1_Capture2_TGGACGCAGATCACGG,1.0356445431752,1.053966013249741,1.0648901171515506,1.0700007747739315
Hepatocyte_15weeks_Animal1_Capture2_TGGCCAGGTAGCAAAT,1.00655408621378,1.0390589625854991,1.0636372539313892,1.081476473719165
Hepatocyte_15weeks_Animal1_Capture2_TGTTCCGTCTCCAGGG,0.948127111024554,0.9723900817659972,0.9889146952860176,0.99891276514294
Hepatocyte_15weeks_Animal1_Capture2_TTAGGACAGAGAGCTC,0.989908548570712,1.0237968459087043,1.0499842965654729,1.069684934670949
Hepatocyte_15weeks_Animal1_Capture2_TTGCGTCTCAAACCAC,0.984922591580597,1.0150208132119298,1.036667426031894,1.0512890537204824
Hepatocyte_15weeks_Animal1_Capture2_TTGGAACCAACACCTA,1.06204167403008,1.0929175857035984,1.1153714267991184,1.1308831607114742
Hepatocyte_15weeks_Animal1_Capture2_TTGGAACCATCGGTTA,1.01438543155816,1.0398986294604529,1.0571476915394813,1.0676269796595763
Hepatocyte_15weeks_Animal1_Capture2_TTTGGTTGTTGTCTTT,0.93136171646739,0.9661091614267012,0.994074801797186,1.016128005812404
Hepatocyte_15weeks_Animal3_Capture1_AACTCAGGTTCCACTC,1.0343808573473,1.0429744264622534,1.0444122467720045,1.0405455260012155
Hepatocyte_15weeks_Animal3_Capture1_ACATGGTTCTTCATGT,1.04311680394157,1.0568688119216385,1.063534531252957,1.0647203993205925
Hepatocyte_15weeks_Animal3_Capture1_ACCAGTATCGCCTGAG,1.05949389259257,1.072322219283224,1.0774903028233194,1.076809493545288
Hepatocyte_15weeks_Animal3_Capture1_ACGAGGATCGCATGAT,1.05050228195346,1.0604220483982925,1.0631432875604343,1.0604870085434162
Hepatocyte_15weeks_Animal3_Capture1_AGAGTGGTCCTCATTA,1.04918516111677,1.0661692312908748,1.0756974396424477,1.0793908570501929
Hepatocyte_15weeks_Animal3_Capture1_AGCTCTCTCGTAGATC,1.04710166814891,1.0579429207363276,1.0614696261360503,1.0594536607196874
Hepatocyte_15weeks_Animal3_Capture1_AGTTGGTAGACGCAAC,0.857202914205231,0.8692053604805566,0.8751206274818908,0.8764562019171463
Hepatocyte_15weeks_Animal3_Capture1_ATCATCTAGCTAGTTC,1.0575965473147,1.06677337919675,1.0687011205542547,1.0651947560513766
Hepatocyte_15weeks_Animal3_Capture1_ATCATCTGTATCAGTC,1.03666231162951,1.035143858599306,1.0270820735209918,1.0145186349594562
Hepatocyte_15weeks_Animal3_Capture1_ATCATGGGTCTCTCTG,1.04431525274758,1.0539137732732216,1.0561593888265175,1.0528866952464315
Hepatocyte_15weeks_Animal3_Capture1_ATCCACCCACCCAGTG,0.992680515051224,1.0077636300107238,1.0156795569143082,1.01812143439077
Hepatocyte_15weeks_Animal3_Capture1_ATTACTCGTACGCACC,1.02934987999984,1.0419077048472007,1.0471848759829274,1.0469761236540729
Hepatocyte_15weeks_Animal3_Capture1_ATTGGTGGTAAACCTC,0.955259253368707,0.9648476722645644,0.9677365119273776,0.9656493291311778
Hepatocyte_15weeks_Animal3_Capture1_CACAAACGTTGAACTC,1.04671040628919,1.0605057702488505,1.0668309248194112,1.0674275369890276
Hepatocyte_15weeks_Animal3_Capture1_CACACCTGTTATCCGA,1.04368964806518,1.0592501991061969,1.0675882535621954,1.0702848070417388
Hepatocyte_15weeks_Animal3_Capture1_CAGCAGCTCGTAGGTT,0.972530808414641,0.9859464636862724,0.992482070734177,0.9937298999106516
Hepatocyte_15weeks_Animal3_Capture1_CAGCTGGTCGGAAATA,0.938038594660571,0.8989864548209514,0.871802120904936,0.8594903961732377
Hepatocyte_15weeks_Animal3_Capture1_CAGTCCTAGTCTCCTC,1.02870378585669,1.0422789708468332,1.0487013472791584,1.0496840730482888
Hepatocyte_15weeks_Animal3_Capture1_CATCAAGTCTGCAGTA,1.05537273507655,1.0751569412618218,1.0872991788940298,1.0933638987331655
Hepatocyte_15weeks_Animal3_Capture1_CATCGGGTCTGCCCTA,1.15465647491405,1.1508864808193588,1.1399305952249097,1.1240449269565351
Hepatocyte_15weeks_Animal3_Capture1_CCATGTCCAGTTTACG,1.03404902966393,1.041747867573794,1.0425322121676834,1.0382874463907463
Hepatocyte_15weeks_Animal3_Capture1_CGAATGTCACTATCTT,0.888096732418038,0.854529127896615,0.8329298235835582,0.8256682517208632
Hepatocyte_15weeks_Animal3_Capture1_CGATCGGTCTCGCTTG,0.98379815443867,1.005211938698092,1.0192109094535378,1.027359520038163
Hepatocyte_15weeks_Animal3_Capture1_CGGAGCTTCCAATGGT,1.02739997533463,1.0344559485490383,1.0350150230181336,1.0307405039405595
Hepatocyte_15weeks_Animal3_Capture1_CGGAGTCTCCTAGTGA,1.03277045690954,1.046526650855542,1.0529805157003995,1.0539079155410054
Hepatocyte_15weeks_Animal3_Capture1_CGTAGCGCAGAGTGTG,0.942690949795973,0.9590621669179872,0.9685012882030352,0.9725733741775124
Hepatocyte_15weeks_Animal3_Capture1_CGTCACTCACACCGCA,1.03675233350953,1.044145588893926,1.044507660080065,1.0396699736141704
Hepatocyte_15weeks_Animal3_Capture1_CTCACACTCTCTTGAT,1.05738225683046,1.065378501033085,1.0659854004038778,1.061145583025624
Hepatocyte_15weeks_Animal3_Capture1_CTCCTAGCAAGTTAAG,0.964798493567603,0.9865616133620406,1.0010540318093877,1.0097025474049603
Hepatocyte_15weeks_Animal3_Capture1_CTCTGGTTCCTTAATC,0.950969507057014,0.965026575617478,0.9722475459435967,0.9742352038616384
Hepatocyte_15weeks_Animal3_Capture1_CTGTGCTGTTAGATGA,1.04184633744664,1.06038458010878,1.071295082147673,1.0762003834185432
Hepatocyte_15weeks_Animal3_Capture1_CTTGGCTAGGAGCGTT,1.00363931341762,1.0371280308880793,1.0631188368490636,1.082691317097597
Hepatocyte_15weeks_Animal3_Capture1_GAACGGAAGTCATCCA,1.04480840801293,1.0494498676901982,1.0472252369651065,1.0400740783050637
Hepatocyte_15weeks_Animal3_Capture1_GATCAGTCAGCGAACA,0.955533025076039,0.9714226754518488,0.9802927665498004,0.9838336576018633
Hepatocyte_15weeks_Animal3_Capture1_GATTCAGAGTACCGGA,0.983960225258735,0.9978762023342028,1.0047761185832085,1.0063547719300547
Hepatocyte_15weeks_Animal3_Capture1_GCAGTTATCTTCTGGC,1.02330909250682,1.0055302164393742,0.9850144510857431,0.9699357283479704
Hepatocyte_15weeks_Animal3_Capture1_GCGCGATCAGACTCGC,1.04038159409757,1.050448075099481,1.0532261197125794,1.0505533983346342
Hepatocyte_15weeks_Animal3_Capture1_GCTCCTAAGTTCGCAT,0.87490745588938,0.894729358288318,0.9082181938934498,0.9166454045342246
Hepatocyte_15weeks_Animal3_Capture1_GGAAAGCAGGACAGCT,1.03562497636787,1.047070066182479,1.0513812342356872,1.050336921729041
Hepatocyte_15weeks_Animal3_Capture1_GGACAAGAGGGTTCCC,1.04559737868593,1.0508496817571316,1.0491750156335464,1.0424171431431182
Hepatocyte_15weeks_Animal3_Capture1_GGACGTCTCTTCGAGA,1.12117009222458,1.1258394332169217,1.1228934908368753,1.1145033318329365
Hepatocyte_15weeks_Animal3_Capture1_GGGAGATGTGTAATGA,0.944440217791214,0.9104361434457512,0.8863224471961678,0.876633181191795
Hepatocyte_15weeks_Animal3_Capture1_GGTATTGCACGGACAA,1.0317424259265,1.032299403287949,1.0268148062216529,1.017051333032721
Hepatocyte_15weeks_Animal3_Capture1_GTCATTTCAGCGTCCA,1.03380780688881,1.0481404579975735,1.0552177167340382,1.056696723366264
Hepatocyte_15weeks_Animal3_Capture1_GTTACAGCACGCGAAA,1.04312313250573,1.0624425279338727,1.07410822861867,1.0797339012492926
Hepatocyte_15weeks_Animal3_Capture1_TACGGTAGTGCTCTTC,0.9951540504195,1.013887306463711,1.0252460950969895,1.0308504097772413
Hepatocyte_15weeks_Animal3_Capture1_TACGGTATCGCCCTTA,1.04758014239274,1.0490806141910256,1.04365908146493,1.0334021157946425
Hepatocyte_15weeks_Animal3_Capture1_TACTCGCGTTACGGAG,1.0543016545418,1.0711720443588435,1.0804128845930343,1.0837335705863398
Hepatocyte_15weeks_Animal3_Capture1_TAGCCGGAGAATAGGG,1.05459888489009,1.0697136466853183,1.0771438546338794,1.078705316870686
Hepatocyte_15weeks_Animal3_Capture1_TAGTGGTCAAGCGATG,0.950945988863239,0.9731074212302074,0.9883327696412846,0.9979924983999034
Hepatocyte_15weeks_Animal3_Capture1_TCAGGATGTAGCGATG,1.04895369990856,1.0640589475001867,1.0715617729830555,1.073390055950129
Hepatocyte_15weeks_Animal3_Capture1_TCATTACTCCGCGTTT,1.08324630062894,1.0914460293960808,1.0921185955443402,1.0872523718332034
Hepatocyte_15weeks_Animal3_Capture1_TCGAGGCCAGGGTTAG,1.04614616844127,1.0579394522126822,1.0632025671037846,1.0633914992507525
Hepatocyte_15weeks_Animal3_Capture1_TCGGGACCAAGTAATG,0.948855053307176,0.9595595198540392,0.9637076276894936,0.9629072419557912
Hepatocyte_15weeks_Animal3_Capture1_TCTTCGGGTTCACGGC,1.06107292246517,1.0723495787076696,1.076101605554605,1.0742206675823345
Hepatocyte_15weeks_Animal3_Capture1_TGCTACCAGGTGATTA,1.05238326380172,1.0715362193160447,1.083020352707394,1.0884334289571356
Hepatocyte_15weeks_Animal3_Capture1_TGCTGCTGTAAACGCG,1.01563314782857,0.9658421909653616,0.9276431066041286,0.9058434321610666
Hepatocyte_15weeks_Animal3_Capture1_TGGCCAGCACGACTCG,0.996185524731451,1.014829454689414,1.0261461698424807,1.0317013567634163
Hepatocyte_15weeks_Animal3_Capture1_TTCGGTCAGTGGAGAA,0.900690330472399,0.923714796436116,0.94011513661838,0.95116544226538
Hepatocyte_15weeks_Animal3_Capture1_TTGACTTGTGACCAAG,1.04443516945753,1.0568311655407538,1.061958900917119,1.0616063267573248
Hepatocyte_15weeks_Animal3_Capture1_TTTACTGAGATCTGAA,1.05616811336732,1.0693520185999417,1.0751251367361323,1.0752048710932216
Hepatocyte_15weeks_Animal3_Capture2_AAACCTGAGATACACA,1.04000935982683,1.0582672410669267,1.0690533820504298,1.073982064482086
Hepatocyte_15weeks_Animal3_Capture2_AACGTTGAGCTGCGAA,1.04068374569546,1.055774118950999,1.0634265559087508,1.0653473630826982
Hepatocyte_15weeks_Animal3_Capture2_AACTTTCTCACATAGC,1.01866576544436,0.997676027302379,0.9785214411312232,0.9623586853728672
Hepatocyte_15weeks_Animal3_Capture2_AAGGTTCAGTCGAGTG,0.933374057505494,0.9478810654057532,0.9557472670075288,0.9584432939666162
Hepatocyte_15weeks_Animal3_Capture2_ACACTGATCAAAGTAG,1.05654607322256,1.0659477066004877,1.0679446408192024,1.0644478376958484
Hepatocyte_15weeks_Animal3_Capture2_ACCTTTAGTTCCCGAG,0.992643025616432,1.011669229892491,1.0235081710024216,1.0296768936978122
Hepatocyte_15weeks_Animal3_Capture2_ACTGTCCCATCGTCGG,1.05032168135781,1.0647644600625676,1.0717642717364129,1.0729921251324062
Hepatocyte_15weeks_Animal3_Capture2_ACTTACTCATAACCTG,1.0602783532518,1.073035811896189,1.078061294520945,1.0772186318480408
Hepatocyte_15weeks_Animal3_Capture2_AGATTGCAGTCAAGGC,1.02830844386881,1.004452907284184,0.9790049020059074,0.9656389763436476
Hepatocyte_15weeks_Animal3_Capture2_AGTAGTCAGGTAGCTG,1.05362655175679,1.065270906853452,1.0692321534083786,1.0674047130576874
Hepatocyte_15weeks_Animal3_Capture2_AGTTGGTGTACCGTTA,0.986541624768196,1.0013483968402068,1.0091748593519814,1.0116020556719594
Hepatocyte_15weeks_Animal3_Capture2_ATCCACCCACCATCCT,1.00342351316537,1.0213691675200418,1.0320442304756303,1.0370256512400462
Hepatocyte_15weeks_Animal3_Capture2_ATCTGCCCAACACCCG,1.0444263922658,1.0654427370024913,1.078732243965176,1.0859030271511454
Hepatocyte_15weeks_Animal3_Capture2_ATGGGAGCAAAGGTGC,1.05655799757426,1.0762077563929493,1.0881882885127476,1.0941025398665778
Hepatocyte_15weeks_Animal3_Capture2_CACCACTAGGCTAGAC,1.03766336271073,1.0563327298784135,1.0676124105304097,1.0730644469696693
Hepatocyte_15weeks_Animal3_Capture2_CACCACTGTGATGATA,1.05398416851176,1.068875259049888,1.0760011798902205,1.0772043544696113
Hepatocyte_15weeks_Animal3_Capture2_CACCTTGAGCGTCAAG,0.942416738876404,0.9613879864445644,0.9733580923010474,0.9798451546761447
Hepatocyte_15weeks_Animal3_Capture2_CACCTTGGTACCCAAT,1.04303773696647,1.054535465190258,1.0588776306634395,1.057872611068274
Hepatocyte_15weeks_Animal3_Capture2_CAGAATCGTTGATTCG,1.0285687069797,1.025693781627158,1.0165549406769334,1.003156053942852
Hepatocyte_15weeks_Animal3_Capture2_CAGATCAAGGGTTTCT,1.03189259081741,0.9961912652892022,0.9631175565945868,0.9451762764774068
Hepatocyte_15weeks_Animal3_Capture2_CAGCTGGGTCTAGCCG,1.03814623469123,1.0482765054733971,1.0511811629305687,1.0487475651091689
Hepatocyte_15weeks_Animal3_Capture2_CATCCACTCAAGGCTT,1.03658311783837,0.9920595638688512,0.9585423404214886,0.9406978649439386
Hepatocyte_15weeks_Animal3_Capture2_CCACTACAGTGGCACA,1.0437579497798,1.0511668761144295,1.051353125013249,1.0462776083011194
Hepatocyte_15weeks_Animal3_Capture2_CCGTTCACACAGTCGC,1.04110324388567,1.058088925475791,1.067844025542075,1.0719571083384158
Hepatocyte_15weeks_Animal3_Capture2_CCTACACAGACTAAGT,0.897680899544157,0.9143879429832378,0.9245506883258148,0.9296576940469096
Hepatocyte_15weeks_Animal3_Capture2_CCTCTGATCCTGCAGG,0.991888428292436,1.0142766948376425,1.0293520063007997,1.0385494559057238
Hepatocyte_15weeks_Animal3_Capture2_CGAATGTAGTAACCCT,1.04287445099372,1.0465906573539203,1.043293688921445,1.0349492495917654
Hepatocyte_15weeks_Animal3_Capture2_CGACTTCGTTCCGTCT,0.991950711008219,1.0049306597661969,1.0106966991074844,1.0109637323855871
Hepatocyte_15weeks_Animal3_Capture2_CGATGTAAGTAGGTGC,1.01248396760608,1.031569294564078,1.043334074208071,1.0492381764482657
Hepatocyte_15weeks_Animal3_Capture2_CGGTTAAAGACCGGAT,1.09854779263588,1.112647324710593,1.118879653976896,1.1190539984786347
Hepatocyte_15weeks_Animal3_Capture2_CGTCCATCAGCTCGCA,0.952709014526323,0.9662400135153356,0.9729298556326864,0.9744224824303908
Hepatocyte_15weeks_Animal3_Capture2_CGTCTACAGCCAGAAC,1.12591176645669,1.1317447958953777,1.129786021448531,1.1222077446764889
Hepatocyte_15weeks_Animal3_Capture2_CGTGAGCAGATGTCGG,1.03788865124607,1.0523698016142335,1.0596066490532483,1.0612881893833328
Hepatocyte_15weeks_Animal3_Capture2_CGTTAGATCGGCGCAT,1.01738303108073,1.047324897843087,1.069779891397254,1.0859857592942006
Hepatocyte_15weeks_Animal3_Capture2_CTCGAGGTCTTGCCGT,0.952222498092146,0.978373398760374,0.9973408870532212,1.0104122330656535
Hepatocyte_15weeks_Animal3_Capture2_CTGTGCTCACGCCAGT,1.11455041887571,1.1328712984802578,1.143211219840186,1.1472977967940232
Hepatocyte_15weeks_Animal3_Capture2_GACACGCGTCAAGCGA,0.991206305245892,1.008985197513996,1.0196979114959457,1.0248225051532236
Hepatocyte_15weeks_Animal3_Capture2_GACGTTATCGGTGTTA,1.05176222618636,1.06836356480115,1.077311150923495,1.0803577666955886
Hepatocyte_15weeks_Animal3_Capture2_GACTACAGTTTCCACC,1.05895534842171,1.074197349255552,1.0821197747115192,1.0842130271046244
Hepatocyte_15weeks_Animal3_Capture2_GATCGATCATCAGTAC,0.989290524252332,1.0041614568074733,1.0119461362808375,1.0142282190033975
Hepatocyte_15weeks_Animal3_Capture2_GATCGTATCTCTGAGA,1.04933698725126,1.060030782017348,1.0633376461660202,1.061113964935635
Hepatocyte_15weeks_Animal3_Capture2_GATCTAGTCTTCTGGC,1.02528464839625,1.0446639964371036,1.056923333592822,1.0635637525314694
Hepatocyte_15weeks_Animal3_Capture2_GCACATACACTGTCGG,1.04378047718324,1.063243148579929,1.0750193944514488,1.0807693595312775
Hepatocyte_15weeks_Animal3_Capture2_GCGAGAACATGAACCT,1.02913239251059,0.9999450993177224,0.9682116643186458,0.9477551130381044
Hepatocyte_15weeks_Animal3_Capture2_GCGCCAACAGCCTTTC,1.0404674561917,1.0548174633576524,1.0616866468763808,1.0628545860698972
Hepatocyte_15weeks_Animal3_Capture2_GCTGCTTTCCCTAACC,1.04618481552977,1.0590660010309294,1.06450859521407,1.0642976180328996
Hepatocyte_15weeks_Animal3_Capture2_GCTTCCAGTAATCACC,0.994322862739573,1.010113268545053,1.018762823323306,1.0218730861896113
Hepatocyte_15weeks_Animal3_Capture2_GGAAAGCAGCTAAACA,1.04983459806492,1.0551276819695568,1.0533099294878476,1.04634405004223
Hepatocyte_15weeks_Animal3_Capture2_GGAAAGCCATGCCTAA,1.02659719061512,1.0276745009513717,1.0231771013828497,1.0153603573987249
Hepatocyte_15weeks_Animal3_Capture2_GGACAGACAATGACCT,1.02898854685283,1.044050355752956,1.0521513815446963,1.0547349128343968
Hepatocyte_15weeks_Animal3_Capture2_GGATTACAGGTGCTTT,1.03246411617092,1.0422644737125732,1.044877814022927,1.042145970639567
Hepatocyte_15weeks_Animal3_Capture2_GGCCGATGTATAATGG,1.03742953761676,1.0467694990159884,1.048851381259095,1.0455615604650443
Hepatocyte_15weeks_Animal3_Capture2_GTAACTGGTGCAACGA,1.05693726621905,1.0743274260456288,1.083923351997777,1.0875077919021248
Hepatocyte_15weeks_Animal3_Capture2_GTAGTCAAGTACTTGC,1.02611807936081,0.9951981635177948,0.9671607831635652,0.9536841381337948
Hepatocyte_15weeks_Animal3_Capture2_GTGCATAGTCTCTCGT,1.04326293678375,1.0601028195133673,1.0696680284446636,1.073527472292379
Hepatocyte_15weeks_Animal3_Capture2_GTGCGGTAGGAGTACC,1.01917367107259,1.0063120548046047,0.9920191561994512,0.9788789887304952
Hepatocyte_15weeks_Animal3_Capture2_TACGGGCGTCAGCTAT,1.04558202704621,1.0549151084758024,1.0569596068969045,1.0535519608063926
Hepatocyte_15weeks_Animal3_Capture2_TACTCGCAGAGACTAT,1.04870071582958,1.0600366116464222,1.0639044863021156,1.0621762989517445
Hepatocyte_15weeks_Animal3_Capture2_TAGTGGTAGATGTGGC,1.01649962827488,0.9966437993392148,0.9732428454866544,0.9567663426070016
Hepatocyte_15weeks_Animal3_Capture2_TAGTGGTTCCCTTGCA,1.03532148371035,1.0038908067217465,0.9752459565591556,0.9590818814737756
Hepatocyte_15weeks_Animal3_Capture2_TCAATCTTCCACGAAT,1.03948628791824,1.051652565340122,1.0566418316937534,1.05619743516551
Hepatocyte_15weeks_Animal3_Capture2_TCACAAGGTAAGGATT,0.979852986587101,0.99052943428207,0.994228793854913,0.992722959535536
Hepatocyte_15weeks_Animal3_Capture2_TCAGCTCAGGTACTCT,1.03818198801762,1.0499756211639195,1.0544696503511335,1.0535267598382425
Hepatocyte_15weeks_Animal3_Capture2_TCGGGACTCATAGCAC,0.987655011503305,0.9972711291340904,0.9998470121628013,0.9971974365016176
Hepatocyte_15weeks_Animal3_Capture2_TCTATTGCAATGGTCT,1.0543028753781,1.0636089346193125,1.0655111391824286,1.0619015986352107
Hepatocyte_15weeks_Animal3_Capture2_TCTCTAATCACTATTC,0.989333155931251,1.0027321896812824,1.009122826044939,1.0100611370253816
Hepatocyte_15weeks_Animal3_Capture2_TGACGGCCAAGAAAGG,0.985485610224361,0.9988780128165458,1.0052752796198865,1.006304429516387
Hepatocyte_15weeks_Animal3_Capture2_TGACTTTGTGCTGTAT,1.0549319939833,1.0509180687236823,1.0403762948257018,1.0254819328854734
Hepatocyte_15weeks_Animal3_Capture2_TGATTTCTCTAACTCT,0.968158570464687,0.9829604021438592,0.9909171013261096,0.993551223936482
Hepatocyte_15weeks_Animal3_Capture2_TGCGGGTTCTCGGACG,1.04874574249195,1.060184431553294,1.064183490869833,1.0625455314572496
Hepatocyte_15weeks_Animal3_Capture2_TGGGAAGGTTGAACTC,1.02965942831713,1.0022701726200902,0.9782456416009496,0.9650883292920756
Hepatocyte_15weeks_Animal3_Capture2_TGGTTAGGTTCGTTGA,1.03774614163256,1.0411140060844677,1.0375420174852363,1.029006653908678
Hepatocyte_15weeks_Animal3_Capture2_TGGTTCCCAAGTAGTA,1.02864774936237,1.035004755417638,1.034531859270348,1.0290857834891864
Hepatocyte_15weeks_Animal3_Capture2_TTGCGTCTCGGATGTT,1.03993129451971,1.055670580384701,1.0643688553816864,1.0676077400910169
Hepatocyte_15weeks_Animal3_Capture2_TTTATGCAGCCGCCTA,1.03802557670937,1.0485859989956954,1.05188400587891,1.0497311310092217
Hepatocyte_15weeks_Animal3_Capture2_TTTGTCATCGGTCTAA,1.05964406426194,1.0715879107108417,1.0758659448132903,1.0743750192928203
Hepatocyte_15weeks_Animal2_Capture2_AAGTCTGTCCTTGGTC,1.04625682082879,0.9998127618413382,0.9666715005569588,0.9501239535152464
Hepatocyte_15weeks_Animal2_Capture2_ACCTTTAGTAATTGGA,0.997293626427518,1.0135346079149583,1.022656169822862,1.0266262657705791
Hepatocyte_15weeks_Animal2_Capture2_ACGATGTTCTGCTTGC,1.01623071100294,1.058275562232613,1.0926485825706829,1.1201145561693422
Hepatocyte_15weeks_Animal2_Capture2_AGCGTATAGCCTTGAT,1.0375433642963,1.056215845644953,1.068061747078524,1.0746893528208474
Hepatocyte_15weeks_Animal2_Capture2_CAGAATCAGCTATGCT,1.02454879377402,0.9819403119453494,0.945082417556503,0.925962036945738
Hepatocyte_15weeks_Animal2_Capture2_CCTCAGTGTTAAAGAC,1.0477912909241,1.067449309637717,1.0795689670764554,1.0860774374570767
Hepatocyte_15weeks_Animal2_Capture2_CGACTTCAGCCTCGTG,0.982894189282703,1.014611607466,1.0404425642490658,1.061121665280245
Hepatocyte_15weeks_Animal2_Capture2_GAACCTACAACGATGG,0.96538594993427,0.98441316350846,0.9964163653583148,1.0032191828998214
Hepatocyte_15weeks_Animal2_Capture2_GAATGAAGTGGCTCCA,0.97811880825759,0.9975608467908572,1.009926347195441,1.0170419801459905
Hepatocyte_15weeks_Animal2_Capture2_GCAAACTGTATTAGCC,0.95698600401327,0.9937885206736812,1.023873022618871,1.0483221694021998
Hepatocyte_15weeks_Animal2_Capture2_GCTGCAGAGCTGAACG,0.900812497139054,0.8708416269382175,0.8442120316211396,0.830617479411165
Hepatocyte_15weeks_Animal2_Capture2_GCTGCGAGTCCGAAGA,1.03854180989219,0.9931496529193048,0.9580096017457396,0.9403587393092154
Hepatocyte_15weeks_Animal2_Capture2_GCTGCTTCACCAGGTC,1.05557045726704,1.070771730433632,1.0783853665109182,1.0805612837213188
Hepatocyte_15weeks_Animal2_Capture2_GTCACAATCAGAGACG,1.08648857758195,1.1021507239832344,1.1101840366914637,1.112695110331978
Hepatocyte_15weeks_Animal2_Capture2_GTGCGGTAGATATGGT,0.939223001408107,0.8977848671875157,0.8706153411296403,0.8602845253369263
Hepatocyte_15weeks_Animal2_Capture2_GTGTGCGTCCAAGTAC,1.14186638826056,1.1245186191934513,1.1026021981981258,1.0783322905397004
Hepatocyte_15weeks_Animal2_Capture2_TACTTACGTCATGCAT,0.965840167290997,1.0020315681762195,1.031147327844635,1.0540140543243588
Hepatocyte_15weeks_Animal2_Capture2_TAGTGGTTCTCTGTCG,0.941858643972816,0.970811059659452,0.9931809656613644,1.0103509794334016
Hepatocyte_15weeks_Animal2_Capture2_TGAGCATGTGTTTGGT,1.02127213371545,0.990968380588098,0.9616362370006574,0.94681248861902
Hepatocyte_15weeks_Animal2_Capture2_TGCGTGGCACGAGGTA,1.0333236769533,1.0690019802306083,1.0974356841818425,1.1194027846576264
Hepatocyte_15weeks_Animal2_Capture1_ACTGTCCAGATCTGAA,1.00085805352665,1.0216672005392866,1.0352354860557007,1.0433820208888398
Hepatocyte_15weeks_Animal2_Capture1_AGCCTAAAGCCAGAAC,0.953582895180793,0.9191400575660432,0.8907578762372232,0.878458627961946
Hepatocyte_15weeks_Animal2_Capture1_ATTGGTGTCGATAGAA,1.02292892740398,1.0163098550975669,1.0061071355271545,0.9937740508920224
Hepatocyte_15weeks_Animal2_Capture1_CAAGGCCCATGAGCGA,1.12578514079346,1.1427524680393253,1.1517034496195326,1.1548197479105131
Hepatocyte_15weeks_Animal2_Capture1_CAGCAGCTCCCAAGAT,1.12287041000395,1.1439580884541256,1.1573300988677837,1.1643153912568072
Hepatocyte_15weeks_Animal2_Capture1_CCCAATCAGCGAGAAA,1.01939320151561,1.0422197437009468,1.058080349969267,1.068289916670835
Hepatocyte_15weeks_Animal2_Capture1_CCTAAAGCATTCTTAC,1.02564844590864,1.042461408551022,1.0519418043216069,1.0560949237859751
Hepatocyte_15weeks_Animal2_Capture1_CCTTACGCAAGCGATG,0.988608624276509,1.022651269657469,1.0487164023510955,1.067805120947554
Hepatocyte_15weeks_Animal2_Capture1_CCTTACGTCCCGGATG,0.990636091100053,1.013267693031431,1.0286700262565132,1.0386223382095148
Hepatocyte_15weeks_Animal2_Capture1_CCTTCGAAGTAGGTGC,1.03252795849589,0.9829644132101948,0.9438551256631664,0.9234770438741604
Hepatocyte_15weeks_Animal2_Capture1_CGAACATCAAAGGAAG,1.02398282435587,0.9750222418067308,0.9418013955278748,0.9265017061683916
Hepatocyte_15weeks_Animal2_Capture1_CGAATGTTCAACACGT,0.999081357574564,1.0157364596309335,1.025205962900475,1.029455655332256
Hepatocyte_15weeks_Animal2_Capture1_CGACCTTCACCTATCC,1.03003377554072,1.048215121907944,1.059139854999362,1.0647049409512257
Hepatocyte_15weeks_Animal2_Capture1_CGCGGTACACATCCAA,1.04601819970222,1.0609673236046655,1.0685334402625613,1.0707780591156155
Hepatocyte_15weeks_Animal2_Capture1_CGGACACAGAGGTTAT,1.04148665187713,1.014701185045518,0.98639978530883,0.9713719031293788
Hepatocyte_15weeks_Animal2_Capture1_CTCGGGATCGTGGTCG,0.974181347859348,1.0124885136215256,1.0434304079004295,1.0678130936275634
Hepatocyte_15weeks_Animal2_Capture1_CTCGTCATCGTTTGCC,0.940991414406321,0.9015730681173092,0.8727206063526236,0.8604084677795983
Hepatocyte_15weeks_Animal2_Capture1_CTCTAATGTCCAGTAT,0.98111971896162,1.0089611921186947,1.029907344922508,1.0449971373335387
Hepatocyte_15weeks_Animal2_Capture1_CTGAAACTCATGCTCC,0.99972349417854,1.029285822357743,1.0514598841520078,1.0674493923235953
Hepatocyte_15weeks_Animal2_Capture1_GCACTCTCAGACAGGT,0.995409898845976,1.0219667689622185,1.0413278311941236,1.0551488217162048
Hepatocyte_15weeks_Animal2_Capture1_GCCAAATGTTGGACCC,0.942680882723433,0.978861594320134,1.0082043850725606,1.0319463372917232
Hepatocyte_15weeks_Animal2_Capture1_GCGCGATGTAGTACCT,0.991450225221734,1.0150814922730904,1.031483610088466,1.042405884998093
Hepatocyte_15weeks_Animal2_Capture1_GGGACCTAGACTGGGT,1.09321763449553,1.1141718670862732,1.127429938682038,1.1349094882228523
Hepatocyte_15weeks_Animal2_Capture1_GGGAGATAGTAAGTAC,0.938416267132675,0.9122383240100134,0.88935792369104,0.8805412034542766
Hepatocyte_15weeks_Animal2_Capture1_TACACGAAGGCAGGTT,0.969310444442299,0.9906436775682746,1.0054324651636737,1.0148917100098578
Hepatocyte_15weeks_Animal2_Capture1_TCGCGTTTCTCCGGTT,1.05354286594735,1.070149147103591,1.079161489168616,1.0826234272040272
Hepatocyte_15weeks_Animal2_Capture1_TGAGCATGTCGAAAGC,1.03345803540308,0.9894080916169358,0.9546236048193086,0.9364330786870084
Hepatocyte_15weeks_Animal2_Capture1_TGTGTTTGTTATCACG,1.0372174399514,1.0531121404955548,1.0618380170163195,1.0652097245736765
Hepatocyte_15weeks_Animal2_Capture1_TTCGAAGGTGTTGAGG,1.03886940352769,0.9958313375297164,0.9600437573312368,0.9410813621179008
Hepatocyte_15weeks_Animal2_Capture1_TTCGGTCAGCGTCTAT,0.967489318211785,1.0089958180831131,1.0433829731786437,1.0713377725733086
Hepatocyte_15weeks_Animal2_Capture1_TTTGTCATCTTAGCCC,0.954175312463144,0.978776817462756,0.9965086729077176,1.0086480652775982
Hepatocyte_15weeks_Animal1_Capture1_ACATCAGCAAGTTAAG,0.906108780763794,0.9371939869179712,0.9611419048562848,0.9787950017170536
Hepatocyte_15weeks_Animal1_Capture1_AGTCTTTTCGGTCCGA,0.964877445438877,1.001243707934778,1.0309535196515809,1.0547483506092366
Hepatocyte_15weeks_Animal1_Capture1_ATAACGCAGTAAGTAC,1.0564597046606,1.088985845251261,1.1137791915276922,1.1319448767548874
Hepatocyte_15weeks_Animal1_Capture1_ATCATGGAGGTCATCT,1.04028793359598,1.0750625858381886,1.1029234824782457,1.1246365766254098
Hepatocyte_15weeks_Animal1_Capture1_ATTACTCGTATCAGTC,0.924374525607706,0.9622330613256442,0.993049288890659,1.0175349203249402
Hepatocyte_15weeks_Animal1_Capture1_CACCTTGCACACGCTG,1.05106456724387,1.084049914906685,1.1105961962590425,1.1314493504079213
Hepatocyte_15weeks_Animal1_Capture1_CATATGGTCTTCAACT,1.01053827057641,1.0504194594887886,1.0835940643629296,1.110491592706309
Hepatocyte_15weeks_Animal1_Capture1_CATCGAAAGTTGCAGG,0.996425018899144,1.0266139801628638,1.049582018695325,1.066852902868363
Hepatocyte_15weeks_Animal1_Capture1_CCACGGACAAGAAAGG,0.958888221227902,0.9810727743158842,0.9983192658045698,1.011293328805789
Hepatocyte_15weeks_Animal1_Capture1_CCACGGAGTAGCCTAT,0.995111899829078,1.0278789161416009,1.0526982467596988,1.0704687751386115
Hepatocyte_15weeks_Animal1_Capture1_CCATGTCCAGTATGCT,0.96720973480775,0.9754428782905102,0.9771080276496216,0.9742352883145692
Hepatocyte_15weeks_Animal1_Capture1_CCATGTCGTACCGGCT,0.93113723041899,0.8901093513891899,0.8640734050268396,0.8546968703796355
Hepatocyte_15weeks_Animal1_Capture1_CCGGGATGTACAAGTA,1.01357468689364,1.0490502111187194,1.0766475483292344,1.097228758344167
Hepatocyte_15weeks_Animal1_Capture1_CCTAGCTTCACGCATA,1.04118024637479,1.0626662734917285,1.0771011006960738,1.0856605193587148
Hepatocyte_15weeks_Animal1_Capture1_CGTCAGGAGTTCGATC,1.05444735059042,1.091767149086307,1.121750473590914,1.145139683996566
Hepatocyte_15weeks_Animal1_Capture1_CTTTGCGTCATACGGT,0.97466417656743,1.0125221688874884,1.043554730866138,1.0684607912954849
Hepatocyte_15weeks_Animal1_Capture1_GACGTGCTCAAAGACA,0.993724983489217,1.031614262239266,1.0621016820664138,1.085967262101578
Hepatocyte_15weeks_Animal1_Capture1_GCACTCTTCAGCGATT,0.989936323046782,1.0300609204734623,1.0626999141446574,1.0886636212947087
Hepatocyte_15weeks_Animal1_Capture1_GTATTCTTCCTGCTTG,1.05255112706297,1.075926293302052,1.0923765798130851,1.1030945836757704
Hepatocyte_15weeks_Animal1_Capture1_TCACGAAGTTGGACCC,1.04824685896387,1.0792722938628438,1.1034346298214786,1.1219699824862133
Hepatocyte_15weeks_Animal1_Capture1_TCAGCTCAGAATTCCC,0.992095293558674,1.028951029684901,1.0577293686493678,1.0794404334145429
Hepatocyte_15weeks_Animal1_Capture1_TCATTACGTGTTTGGT,0.957876512038318,0.987825492616806,1.0110887128064183,1.0288395122930498
Hepatocyte_15weeks_Animal1_Capture1_TCTTCGGGTATAATGG,0.983408912160673,1.0202663312418805,1.0500577634132149,1.0736417656191737
Hepatocyte_15weeks_Animal1_Capture2_ACACCAACAGCTGCTG,0.979553851783605,1.019213696558785,1.0519292448148143,1.078405348497375
Hepatocyte_15weeks_Animal1_Capture2_ACACCCTTCTCTAGGA,0.996131063169634,1.0365690888581784,1.0697142255854273,1.096330010140482
Hepatocyte_15weeks_Animal1_Capture2_ACACCGGCAAACTGTC,1.0274201381235,1.034338339563803,1.0363109806977902,1.0343819677403194
Hepatocyte_15weeks_Animal1_Capture2_ACAGCTAGTAAGGATT,1.05215375956541,1.0884696424008342,1.1175385548252128,1.1400367080930267
Hepatocyte_15weeks_Animal1_Capture2_ACTTTCAGTCTGGAGA,0.966844098428775,1.0070928210793704,1.040580267911057,1.0678655130087855
Hepatocyte_15weeks_Animal1_Capture2_AGGCCACTCTCTAAGG,1.00363373457476,1.034176864252513,1.0574962876102425,1.0745599633117782
Hepatocyte_15weeks_Animal1_Capture2_AGTGAGGTCCACGAAT,1.05896267054826,1.0834321870463854,1.1006129840912486,1.1116755076759808
Hepatocyte_15weeks_Animal1_Capture2_CAAGGCCGTAAATGAC,1.03830629347106,1.0664535681616332,1.0873648315325504,1.102472432036116
Hepatocyte_15weeks_Animal1_Capture2_CACAGTAGTGTTGAGG,1.06335026322352,1.088842576660272,1.106675273033639,1.1183608154708695
Hepatocyte_15weeks_Animal1_Capture2_CACATAGTCGCACTCT,0.982522161251622,1.0223309749294038,1.055037500059352,1.081388054006648
Hepatocyte_15weeks_Animal1_Capture2_CAGAATCTCAAAGACA,1.04127685370506,1.042480296445035,1.037067899806982,1.027223246994427
Hepatocyte_15weeks_Animal1_Capture2_CATATTCGTTAGTGGG,1.01123056051931,1.0403093778933428,1.0617976128525524,1.076721523325701
Hepatocyte_15weeks_Animal1_Capture2_CGTCCATTCTGTGCAA,1.04167753733763,1.0354444894150905,1.025929347315498,1.014653265209518
Hepatocyte_15weeks_Animal1_Capture2_CGTGTCTTCGGAAATA,1.0134979279382,1.0544262912828668,1.087831546443473,1.1144262358679962
Hepatocyte_15weeks_Animal1_Capture2_CGTTCTGGTCGAGTTT,1.02375476253388,1.0623033254194965,1.0935170014673552,1.1181334518861314
Hepatocyte_15weeks_Animal1_Capture2_CTCACACCAATACGCT,1.10512647615892,1.1422929259807928,1.1712485287983223,1.1930036902969614
Hepatocyte_15weeks_Animal1_Capture2_CTTAGGAGTCGGGTCT,0.898891647733285,0.91626345868862,0.928227731949263,0.936270780787017
Hepatocyte_15weeks_Animal1_Capture2_GCGCCAAAGTGTTAGA,1.02947273781529,1.063927132556101,1.091145027791195,1.1123092395613845
Hepatocyte_15weeks_Animal1_Capture2_GCTCTGTTCATCGCTC,1.02134722095214,1.0568447290913623,1.084370668473892,1.1048504059711866
Hepatocyte_15weeks_Animal1_Capture2_GGAAAGCAGGCTCATT,1.03794551235523,1.069201050997494,1.0937362766895418,1.1124629771750472
Hepatocyte_15weeks_Animal1_Capture2_GGCGACTAGGCTAGCA,0.938128640813337,0.973019012571732,1.001043646767639,1.0235445244509636
Hepatocyte_15weeks_Animal1_Capture2_GTATCTTGTCAGATAA,1.04043414962254,1.073295336400583,1.099056156389932,1.1188964036770734
Hepatocyte_15weeks_Animal1_Capture2_GTGGGTCTCTTGCCGT,1.05500526247758,1.0872190759235054,1.111855181583151,1.130041840021634
Hepatocyte_15weeks_Animal1_Capture2_TATCAGGGTGCACCAC,0.968485090856919,1.0042194152075736,1.0333799861574564,1.0565895995441783
Hepatocyte_15weeks_Animal1_Capture2_TCAATCTTCCAGGGCT,1.04117675767402,1.0755194215267507,1.1035671220969112,1.1260104693907935
Hepatocyte_15weeks_Animal1_Capture2_TTATGCTCACGGACAA,1.04097158800806,1.0709535746045968,1.0932184471171429,1.1094894375146316
Hepatocyte_15weeks_Animal1_Capture2_TTCCCAGTCCTCGCAT,1.05400232493447,1.0845320526122306,1.1071583327675096,1.123085476573149
Hepatocyte_15weeks_Animal1_Capture2_TTCTCCTCAGACACTT,0.978424392767623,1.0098457090973705,1.0346296647550512,1.053865196536376
Hepatocyte_15weeks_Animal1_Capture2_TTTGCGCGTTCGAATC,0.986826454172082,1.016734368248826,1.0394478054362883,1.056138808538574
Hepatocyte_15weeks_Animal3_Capture1_AAATGCCGTACACCGC,0.912306829903939,0.8912583973632101,0.8692901709541103,0.847877145001646
Hepatocyte_15weeks_Animal3_Capture1_AACCATGTCAGCTCTC,0.995315981827328,1.005926673991005,1.0096281847773036,1.0086005549124444
Hepatocyte_15weeks_Animal3_Capture1_AACTCAGCAAAGGAAG,1.0484347546092,1.0559439870162906,1.0563252181173493,1.0519303600954624
Hepatocyte_15weeks_Animal3_Capture1_AACTCAGCATCCTTGC,0.929610332252207,0.9468356012394664,0.9576790024705172,0.9633759631304052
Hepatocyte_15weeks_Animal3_Capture1_AAGACCTAGCGTTGCC,1.03250022964477,1.040613032456449,1.0420222225839977,1.0383961538020243
Hepatocyte_15weeks_Animal3_Capture1_AATCGGTGTTACGACT,1.05203220543807,1.067119746180101,1.0746837539433027,1.0763574755720626
Hepatocyte_15weeks_Animal3_Capture1_ACAGCCGGTTCGCTAA,1.01399683296178,0.9995531673857748,0.9822938278890408,0.9640168421133652
Hepatocyte_15weeks_Animal3_Capture1_ACGAGGAGTGCTCTTC,1.02249360021016,0.989803701130063,0.9613018706870532,0.9469804044089504
Hepatocyte_15weeks_Animal3_Capture1_ACGAGGAGTTGCGTTA,1.05378184133587,1.0691480140904368,1.0770924850500072,1.079735683580291
Hepatocyte_15weeks_Animal3_Capture1_ACGAGGATCTTTCCTC,1.01337553777999,0.971354098884512,0.9302472060196928,0.893412239624262
Hepatocyte_15weeks_Animal3_Capture1_ACGATACTCTGTTGAG,1.01347889044265,0.996187512772426,0.9785403220447284,0.9617455908508094
Hepatocyte_15weeks_Animal3_Capture1_ACGCAGCGTCACTTCC,1.02932680320226,1.030241000228641,1.0256606992167188,1.0177379744472497
Hepatocyte_15weeks_Animal3_Capture1_ACGGCCACAGGAATCG,1.0184945499686,0.9795503625107376,0.941500167878544,0.9072768108857672
Hepatocyte_15weeks_Animal3_Capture1_ACTGTCCTCGCAAGCC,1.02546176417273,1.0353834119614902,1.0382250120177494,1.036283499627313
Hepatocyte_15weeks_Animal3_Capture1_ACTTGTTTCCTTCAAT,1.02440034308942,0.9726738156481004,0.934365928447868,0.9129808244244956
Hepatocyte_15weeks_Animal3_Capture1_AGAATAGGTCAAGCGA,1.04647532859059,1.0604482647248172,1.067174847692626,1.068758170488482
Hepatocyte_15weeks_Animal3_Capture1_AGAATAGGTTGAACTC,1.01841924631413,0.9800153787504844,0.9419794173634262,0.9049594409247602
Hepatocyte_15weeks_Animal3_Capture1_AGCGGTCTCAATCACG,1.03248304904343,1.0304687842322775,1.023064231984094,1.0120081429174026
Hepatocyte_15weeks_Animal3_Capture1_AGCGTATAGCTGTTCA,1.02736707364169,0.9724092185654528,0.9331421811386128,0.91155617176649
Hepatocyte_15weeks_Animal3_Capture1_AGGCCACTCCGAATGT,0.944586824300753,0.9580079340416408,0.9647404775220734,0.9668533246921658
Hepatocyte_15weeks_Animal3_Capture1_AGGGAGTCATCCCACT,1.02179414893339,0.9818883039329616,0.9449341980988408,0.9238549881351108
Hepatocyte_15weeks_Animal3_Capture1_ATCATCTAGCCAGGAT,1.02806837936816,0.976043608551387,0.9378219365751158,0.91713303117807
Hepatocyte_15weeks_Animal3_Capture1_ATCGAGTTCTGAGGGA,0.941904039980311,0.9555414206743928,0.9625959426928684,0.9649346297885816
Hepatocyte_15weeks_Animal3_Capture1_ATCTACTAGGCAGTCA,0.997535672490092,1.0135610737994676,1.022541737803392,1.0265119292440308
Hepatocyte_15weeks_Animal3_Capture1_ATTATCCCATATACGC,1.0069077295782,1.0358978825048015,1.0579042450874443,1.0739162877186244
Hepatocyte_15weeks_Animal3_Capture1_CAAGATCTCGACAGCC,1.04017599286488,0.9846181079812032,0.9463020254558134,0.9268288712280368
Hepatocyte_15weeks_Animal3_Capture1_CACAAACAGACGCTTT,1.01946010805316,0.98528492093784,0.9527156927157936,0.9373101967941266
Hepatocyte_15weeks_Animal3_Capture1_CACAAACCACCCTATC,0.965172486243561,0.9808094699503854,0.9897257444185452,0.9932479458833964
Hepatocyte_15weeks_Animal3_Capture1_CACAAACTCAAAGTAG,0.982579733965403,0.997778972737796,1.0061563932699795,1.0091775729647914
Hepatocyte_15weeks_Animal3_Capture1_CACACCTGTCCCTTGT,1.0131605564448,0.979100344767062,0.9458729552010532,0.9146098414867698
Hepatocyte_15weeks_Animal3_Capture1_CACAGGCTCGGTGTTA,0.993273433984037,1.0060190587583702,1.011781679137232,1.012768928968287
Hepatocyte_15weeks_Animal3_Capture1_CACATAGAGACGCACA,1.02909007566075,1.0313002470029808,1.026905841897782,1.018172067875266
Hepatocyte_15weeks_Animal3_Capture1_CACATAGTCAATCTCT,1.0575014329154,1.0782471701603746,1.0915220388683076,1.0986269775554105
Hepatocyte_15weeks_Animal3_Capture1_CACCAGGGTTACCGAT,0.997681999177644,1.0081815734574742,1.0119258895586776,1.0109398737671724
Hepatocyte_15weeks_Animal3_Capture1_CAGAGAGAGGCTCAGA,0.831307986521492,0.8515625189006173,0.8660712480426758,0.8758977195383726
Hepatocyte_15weeks_Animal3_Capture1_CAGCCGAGTCTCTCGT,1.02274042070006,0.999047084411858,0.976628186804076,0.956354018183274
Hepatocyte_15weeks_Animal3_Capture1_CAGCTGGCAACGCACC,1.01139376204188,0.9850787167879246,0.958869577594626,0.934133071300126
Hepatocyte_15weeks_Animal3_Capture1_CAGCTGGGTAGAGCTG,1.01807368669203,1.0025405687391216,0.9868147471134548,0.9720474991117042
Hepatocyte_15weeks_Animal3_Capture1_CCACGGATCAGGATCT,1.00913920846933,0.9773160321652724,0.9464751089875147,0.9179918127380692
Hepatocyte_15weeks_Animal3_Capture1_CCCAATCTCACGATGT,0.895382074340139,0.8812009635813461,0.8664345554353787,0.8523719261757746
Hepatocyte_15weeks_Animal3_Capture1_CCCAGTTAGTGTGAAT,1.02195295248144,0.9910590510788112,0.9577471890889137,0.93216063972647
Hepatocyte_15weeks_Animal3_Capture1_CCGGGATTCTAACTCT,1.02041687878426,0.99360834496363,0.9671554029323852,0.9435712848113396
Hepatocyte_15weeks_Animal3_Capture1_CCGTGGACAGTGACAG,1.05383455459993,1.0646878397732351,1.0683666870967796,1.0670716108896665
Hepatocyte_15weeks_Animal3_Capture1_CCGTTCAAGCGTAGTG,1.01399767549524,0.970527259520064,0.9288347735941148,0.8902044791539844
Hepatocyte_15weeks_Animal3_Capture1_CCTTACGTCAAGCCTA,1.04229651119549,1.054278797623039,1.0591059348137424,1.0589146541744692
Hepatocyte_15weeks_Animal3_Capture1_CGAACATTCCAGGGCT,1.04780779574165,1.05840056903958,1.061886312726008,1.0603999823219292
Hepatocyte_15weeks_Animal3_Capture1_CGAGCACTCTGTTTGT,1.04118789432706,1.0502384608269375,1.0525087052067337,1.0499791217919376
Hepatocyte_15weeks_Animal3_Capture1_CGATCGGAGCCCAATT,1.0407125612525,1.0537912625233208,1.059615286305135,1.0603171913252356
Hepatocyte_15weeks_Animal3_Capture1_CGTAGCGAGGCCCGTT,1.00359299112572,1.0132245367884731,1.015924299257503,1.0139268582092316
Hepatocyte_15weeks_Animal3_Capture1_CGTCACTGTGCAACGA,1.05128568357417,1.064445395795627,1.0707768153014203,1.071840542069601
Hepatocyte_15weeks_Animal3_Capture1_CGTGTCTAGATCGATA,1.03907062566797,1.052246090269318,1.0581928822628033,1.0585767917486446
Hepatocyte_15weeks_Animal3_Capture1_CGTTCTGAGACTGTAA,1.0278095624991,1.0057874722921245,0.9852030177786292,0.967768211052824
Hepatocyte_15weeks_Animal3_Capture1_CGTTGGGCACACCGAC,1.01929758817765,1.002942618307311,0.9856829146089554,0.9689438877611848
Hepatocyte_15weeks_Animal3_Capture1_CTAACTTTCTGGAGCC,1.04622516810849,1.0573390461226797,1.0612159188963075,1.0600992957431443
Hepatocyte_15weeks_Animal3_Capture1_CTACCCAAGAGGGCTT,0.998671108223,1.013564919791004,1.0213393743618282,1.0240324977115385
Hepatocyte_15weeks_Animal3_Capture1_CTACGTCCAAAGCAAT,1.01644825229811,1.0073665826120557,0.9959058425267971,0.9837512052921188
Hepatocyte_15weeks_Animal3_Capture1_CTACGTCCAGGCTGAA,0.93953045495108,0.9499523000609104,0.9537981478067188,0.953190823096382
Hepatocyte_15weeks_Animal3_Capture1_CTCACACTCATGTGGT,1.04037539354944,1.0504248326779644,1.0534815242628133,1.051724391392136
Hepatocyte_15weeks_Animal3_Capture1_CTCGAGGCAGTCAGAG,0.974992041911236,0.9923754749965904,1.0027876700966951,1.008141233204488
Hepatocyte_15weeks_Animal3_Capture1_CTGCCTAAGGATGTAT,0.897688302143247,0.851691746789269,0.8187600175713949,0.8007998550018758
Hepatocyte_15weeks_Animal3_Capture1_CTGCGGAAGAGCTATA,1.01444569189146,0.992031252072574,0.9692152732164508,0.9474366615638868
Hepatocyte_15weeks_Animal3_Capture1_GAAACTCCACGCGAAA,0.932758780027643,0.9486612838990774,0.9579621791633426,0.9625513505859554
Hepatocyte_15weeks_Animal3_Capture1_GACCAATCATGTAGTC,1.03757368577521,0.9819683498466816,0.9406502914933158,0.917156664607435
Hepatocyte_15weeks_Animal3_Capture1_GACCAATGTGTTGGGA,1.04384416316428,1.0562196967624016,1.061568096400311,1.0614778857965808
Hepatocyte_15weeks_Animal3_Capture1_GACCTGGCATTCCTGC,1.05125686936905,1.0629586384003586,1.0677738344295802,1.0675069769462668
Hepatocyte_15weeks_Animal3_Capture1_GACGGCTCATCCGGGT,1.03379118173279,0.9791801265123492,0.939677947823094,0.9179719052649083
Hepatocyte_15weeks_Animal3_Capture1_GAGCAGAAGATGTTAG,0.908485183686348,0.887228200603257,0.8659314764460466,0.8466918324435186
Hepatocyte_15weeks_Animal3_Capture1_GATCAGTAGAAGGCCT,1.01505254213613,0.9702364182804306,0.9313362352574048,0.9094141476813108
Hepatocyte_15weeks_Animal3_Capture1_GATCGCGTCAGCACAT,1.02064440870713,1.041248868049738,1.0552341538158942,1.0636093944997247
Hepatocyte_15weeks_Animal3_Capture1_GATCGCGTCTCGTTTA,1.02494154951837,0.96933729154289,0.9250334096898658,0.8982244878921027
Hepatocyte_15weeks_Animal3_Capture1_GATGAAATCTGGTGTA,1.04382590323604,0.9866852504256344,0.9460487226652048,0.9235351598710648
Hepatocyte_15weeks_Animal3_Capture1_GATGAGGGTTATGCGT,1.01891239767304,1.0008290416816086,0.9799081823529489,0.9573525103184796
Hepatocyte_15weeks_Animal3_Capture1_GCAGCCATCTGCTGCT,1.04315354515441,1.0498810577813111,1.0496314824445936,1.0448020180414157
Hepatocyte_15weeks_Animal3_Capture1_GCAGTTAGTATGCTTG,1.05502108278281,1.0643390598235245,1.0663822458147505,1.0635547524441211
Hepatocyte_15weeks_Animal3_Capture1_GCATGTAGTTGAGGTG,1.01046949746786,0.9904315753472084,0.9707225192256468,0.952437018151336
Hepatocyte_15weeks_Animal3_Capture1_GCTCTGTGTATCACCA,1.03402134100276,0.9776426069315276,0.929132156165812,0.8987145342148679
Hepatocyte_15weeks_Animal3_Capture1_GCTGCAGTCACTTACT,1.00740781383943,1.0199300557315036,1.0259200953591492,1.0268624498473091
Hepatocyte_15weeks_Animal3_Capture1_GCTGCGATCTGATTCT,1.0466653732803,1.0533854288478657,1.0533415347427957,1.0485362109775265
Hepatocyte_15weeks_Animal3_Capture1_GCTTCCAAGCCTCGTG,1.02490178840813,1.0328918803860645,1.033908291223104,1.030168030678989
Hepatocyte_15weeks_Animal3_Capture1_GGACATTCACCGGAAA,1.01607440514973,1.0305974456752391,1.03794631457007,1.0401793713384455
Hepatocyte_15weeks_Animal3_Capture1_GGACGTCAGTGAACGC,1.03113852051376,0.9820344686164584,0.9443856867143638,0.9227850522128273
Hepatocyte_15weeks_Animal3_Capture1_GGAGCAAAGCTCCCAG,1.01792675650784,1.0048930236859357,0.991206415731722,0.9781857745115372
Hepatocyte_15weeks_Animal3_Capture1_GGCCGATGTCCTAGCG,1.01623211755208,1.00523655173099,0.9929044940768024,0.980535146953162
Hepatocyte_15weeks_Animal3_Capture1_GGCCGATGTCGCGGTT,1.0298322550102,0.9805229379136944,0.9319569890480984,0.8957549764983509
Hepatocyte_15weeks_Animal3_Capture1_GGCGACTGTGTGAATA,1.13772782970755,1.0970247494833083,1.0617118927744502,1.0330844262105787
Hepatocyte_15weeks_Animal3_Capture1_GGCTGGTCACTGTTAG,1.0328271362253,0.9896009603594976,0.9522443352961296,0.9310565968410623
Hepatocyte_15weeks_Animal3_Capture1_GGGAATGTCGTCACGG,0.910083383067638,0.8738576387544711,0.848082263254592,0.8365076183062916
Hepatocyte_15weeks_Animal3_Capture1_GTAACGTAGGGTTCCC,1.06678156724327,1.084138778173933,1.093838348120446,1.0975091471880398
Hepatocyte_15weeks_Animal3_Capture1_GTCACAAAGCCAGGAT,1.04748185334772,1.0558698529333437,1.0570925937137456,1.053366473946104
Hepatocyte_15weeks_Animal3_Capture1_GTGCTTCTCATCGCTC,1.02120962472142,0.9917991854423176,0.963215386652312,0.9365358925110674
Hepatocyte_15weeks_Animal3_Capture1_GTGGGTCAGGCCCGTT,1.05389252873505,1.0604248231252813,1.0598871493977715,1.054689382623854
Hepatocyte_15weeks_Animal3_Capture1_GTTCATTGTGTGCCTG,1.02715538008073,0.9875518787320492,0.956777288257415,0.9407772178027126
Hepatocyte_15weeks_Animal3_Capture1_GTTCTCGCAGACTCGC,1.10996122055629,1.118541600153489,1.119609600914553,1.1155486026884975
Hepatocyte_15weeks_Animal3_Capture1_TAAGCGTGTTCCATGA,0.997326005821483,1.0120308308480384,1.0201762460254329,1.0233193924508663
Hepatocyte_15weeks_Animal3_Capture1_TAAGCGTTCGTTTATC,0.91252620055183,0.9199730893372372,0.9213433931270528,0.9186624902253968
Hepatocyte_15weeks_Animal3_Capture1_TAAGTGCGTGATGTGG,1.0175513415404,0.9930465370093752,0.9686546175538184,0.94566313810195
Hepatocyte_15weeks_Animal3_Capture1_TACAGTGTCGATCCCT,1.0155296958589,0.9998243212452002,0.9828321881525632,0.9661748279507744
Hepatocyte_15weeks_Animal3_Capture1_TACCTATTCATAACCG,0.944039444689461,0.9570457653338384,0.9635270074097928,0.9653514157938958
Hepatocyte_15weeks_Animal3_Capture1_TACGGATAGGAGCGTT,0.980573644478456,0.9975226080503232,1.0078933240317516,1.013055159479174
Hepatocyte_15weeks_Animal3_Capture1_TACGGATGTACCCAAT,0.946614747252122,0.9635026273882772,0.973704586353516,0.9789995159789612
Hepatocyte_15weeks_Animal3_Capture1_TACGGGCGTGTGCCTG,0.994055084709894,1.0047226807524137,1.0086592158510153,1.0077842479557644
Hepatocyte_15weeks_Animal3_Capture1_TAGTTGGAGGTTCCTA,0.990353425156172,1.00451981796532,1.0120551734496115,1.0147429734959552
Hepatocyte_15weeks_Animal3_Capture1_TATTACCAGTAACCCT,1.01447798687071,1.002749652081932,0.9895460491684316,0.9764020698793704
Hepatocyte_15weeks_Animal3_Capture1_TCAACGACACCTCGGA,1.04505985617206,1.0620248390079354,1.072276299482838,1.076953644123574
Hepatocyte_15weeks_Animal3_Capture1_TCAACGACATGGGAAC,0.999271758392568,1.011928916200321,1.0175561329659988,1.01827636903322
Hepatocyte_15weeks_Animal3_Capture1_TCACAAGTCTCGCATC,1.01678317678368,0.9831228520786736,0.9497113192481424,0.9175606394796028
Hepatocyte_15weeks_Animal3_Capture1_TCAGATGAGATTACCC,1.01874229357231,0.9906504812290782,0.9629635004547724,0.9369494755501432
Hepatocyte_15weeks_Animal3_Capture1_TCAGGTAGTTTGACTG,1.05771265225552,1.071132605745083,1.0771319520885614,1.0778323329562782
Hepatocyte_15weeks_Animal3_Capture1_TCAGGTATCAACACGT,1.05678692518182,1.064610069007055,1.065199079244248,1.0609430632406336
Hepatocyte_15weeks_Animal3_Capture1_TCGGGACGTAAACGCG,1.01683547083572,0.9712468243820448,0.9313900963296688,0.9080756861189736
Hepatocyte_15weeks_Animal3_Capture1_TCGTAGACACTATCTT,1.05401996924282,1.0608729464532671,1.0605959747434248,1.0556173079344071
Hepatocyte_15weeks_Animal3_Capture1_TCTTTCCAGATTACCC,0.938775956408172,0.9535233443712196,0.961589457892544,0.9649899353710086
Hepatocyte_15weeks_Animal3_Capture1_TGACAACCATGTCTCC,0.899925980428299,0.8509710444082133,0.815410658327463,0.7948873953696565
Hepatocyte_15weeks_Animal3_Capture1_TGACTTTTCGTTACAG,0.937448206129624,0.8983995416428887,0.8675691281293396,0.8512916497343552
Hepatocyte_15weeks_Animal3_Capture1_TGCTGCTGTTGAGGTG,1.03748363458199,1.0507826122204151,1.0582473377022346,1.060936650478578
Hepatocyte_15weeks_Animal3_Capture1_TGGTTAGGTTGAGTTC,1.02943364226872,0.9816260803193446,0.9460066992909384,0.9271554554545738
Hepatocyte_15weeks_Animal3_Capture1_TGGTTAGTCATGCAAC,0.991812961957851,1.0039755092218752,1.0093532632842672,1.0093882687776392
Hepatocyte_15weeks_Animal3_Capture1_TGTCCCACAACTGGCC,1.02187784062331,0.9881930228222566,0.9593907162660024,0.9363236627980848
Hepatocyte_15weeks_Animal3_Capture1_TTAGGCACATTACGAC,0.992397646207336,1.0051524129028229,1.010990176563653,1.011974351770659
Hepatocyte_15weeks_Animal3_Capture1_TTGACTTTCTGAGTGT,1.0399326799138,1.052348231988452,1.0576259655605322,1.0578942707428782
Hepatocyte_15weeks_Animal3_Capture1_TTTCCTCGTCTAGGTT,0.979625050090233,0.9914947770936556,0.9964739397319416,0.9967485932326796
Hepatocyte_15weeks_Animal3_Capture1_TTTGTCAGTGTGACGA,1.04331125000271,1.0548625446016675,1.059328300284569,1.0588051298675312
Hepatocyte_15weeks_Animal3_Capture2_AAACCTGCACGACGAA,1.02963396673495,0.9840001391744936,0.9483244538610082,0.9294083036291824
Hepatocyte_15weeks_Animal3_Capture2_AAATGCCAGCACGCCT,1.02016443522921,1.001731197794974,0.9827208729084146,0.9646625331278644
Hepatocyte_15weeks_Animal3_Capture2_AACACGTCACGTAAGG,1.05143987062616,1.060963880972464,1.0632622378484158,1.0606790982007404
Hepatocyte_15weeks_Animal3_Capture2_AACACGTTCTTGTTTG,0.931753005568456,0.9019539111713611,0.8766037359671152,0.8658047343346197
Hepatocyte_15weeks_Animal3_Capture2_AACCGCGGTTCAGCGC,1.0570992957178,1.0742804011006386,1.083872644211353,1.08749350225825
Hepatocyte_15weeks_Animal3_Capture2_AAGACCTGTCTCCATC,1.04093820776611,1.0542997643848298,1.0615092228820653,1.0637612442934596
Hepatocyte_15weeks_Animal3_Capture2_AAGGTTCCAAATACAG,1.04061497237441,1.0491142057406302,1.0504907251499185,1.0470620077141055
Hepatocyte_15weeks_Animal3_Capture2_ACACCCTGTGTAACGG,1.00129529413634,1.0124858400942078,1.0167470682894462,1.016262261501913
Hepatocyte_15weeks_Animal3_Capture2_ACATACGGTCAGGACA,0.977070071246273,0.9966399102935564,1.0093907656934609,1.0166036030693333
Hepatocyte_15weeks_Animal3_Capture2_ACATACGGTCTCTTAT,0.901202784998417,0.9190011763637304,0.9311557813369102,0.9387313114296404
Hepatocyte_15weeks_Animal3_Capture2_ACATCAGTCATGCAAC,0.915172905804791,0.876080365841169,0.8488212132729371,0.8362734645072941
Hepatocyte_15weeks_Animal3_Capture2_ACCGTAAGTTTGACTG,1.02016718502812,0.9723621491570044,0.9362307582476954,0.9160000050671566
Hepatocyte_15weeks_Animal3_Capture2_ACGGAGATCCATGAAC,1.10236480253575,1.111294671765962,1.1126710925348884,1.1089623420295085
Hepatocyte_15weeks_Animal3_Capture2_ACGGCCAAGACTTGAA,1.02062892600845,1.0056969556457818,0.9902947420429506,0.9758168059704396
Hepatocyte_15weeks_Animal3_Capture2_ACTATCTAGACATAAC,0.919322946642614,0.8726588922176604,0.8386463292290989,0.820287591632947
Hepatocyte_15weeks_Animal3_Capture2_ACTGAGTTCGTTTATC,1.01849467860952,0.9821648107367694,0.9507390200721116,0.9251382983936532
Hepatocyte_15weeks_Animal3_Capture2_AGACGTTAGACAGACC,0.919629618504069,0.919912616017513,0.9163825907363576,0.9110852797194255
Hepatocyte_15weeks_Animal3_Capture2_AGACGTTCATAAAGGT,1.03794818210769,0.9805552025500348,0.9382320671525204,0.9137764452482156
Hepatocyte_15weeks_Animal3_Capture2_AGACGTTGTTATCCGA,1.02805036812747,0.9674812322969032,0.923138697071102,0.896671910106862
Hepatocyte_15weeks_Animal3_Capture2_AGATTGCGTGACCAAG,1.05054540896831,1.055946152716425,1.0548915215480887,1.0490417986687313
Hepatocyte_15weeks_Animal3_Capture2_AGATTGCTCAACACGT,1.04325595197585,1.050006470707569,1.0501779107352918,1.045318202974886
Hepatocyte_15weeks_Animal3_Capture2_AGCTCTCAGAAACCAT,0.908333423054522,0.9210175575869268,0.9272462221414954,0.9289806476003925
Hepatocyte_15weeks_Animal3_Capture2_AGCTCTCGTGCACTTA,0.939150022800724,0.888196720037161,0.8516865519575879,0.8312783941153152
Hepatocyte_15weeks_Animal3_Capture2_AGGGATGTCTGGCGAC,1.03363968709435,1.0012075991521858,0.974610866376044,0.9623615305593108
Hepatocyte_15weeks_Animal3_Capture2_AGGTCCGTCGTAGATC,1.01958751406554,0.9927121727117342,0.9660292044877132,0.940772492732196
Hepatocyte_15weeks_Animal3_Capture2_AGTGAGGAGGCTCTTA,0.87736298081977,0.8453790201436053,0.8154178642763878,0.7906642293082483
Hepatocyte_15weeks_Animal3_Capture2_AGTGAGGCAACGATGG,1.01857873062544,0.9916602363282502,0.9624227860075149,0.9430289705966806
Hepatocyte_15weeks_Animal3_Capture2_AGTGAGGGTTTGGGCC,1.04870058161283,1.057344816056777,1.0591816634346414,1.0561515056120243
Hepatocyte_15weeks_Animal3_Capture2_ATAGACCAGGATGTAT,1.04376635809773,1.0565067397676209,1.0628337791234712,1.0642153474217753
Hepatocyte_15weeks_Animal3_Capture2_ATAGACCTCATGGTCA,1.02218896502132,0.9788465239984032,0.937929789341144,0.9032455860542676
Hepatocyte_15weeks_Animal3_Capture2_ATCACGACAACGATGG,0.954345087566182,0.9668615100830472,0.9730494808478152,0.9743170319180104
Hepatocyte_15weeks_Animal3_Capture2_ATCCACCCACCCAGTG,1.02906499951645,0.9745580214662428,0.9356825519658372,0.9143252500801682
Hepatocyte_15weeks_Animal3_Capture2_ATCCACCTCCTTAATC,1.04267151243228,1.0598913339950649,1.0698123329668123,1.073893402373901
Hepatocyte_15weeks_Animal3_Capture2_ATCGAGTGTAATCACC,0.866464686449705,0.883707597727592,0.8954769163542988,0.9027162316350976
Hepatocyte_15weeks_Animal3_Capture2_ATCTACTGTTACCGAT,1.05506505633107,1.0700935359750825,1.0779241132932746,1.0799944294101809
Hepatocyte_15weeks_Animal3_Capture2_ATGAGGGAGACTTGAA,1.04704510705704,1.0562394047620354,1.0582613706273374,1.0548990104458549
Hepatocyte_15weeks_Animal3_Capture2_ATGAGGGGTGTGAATA,1.16200861319249,1.0816160962326242,1.0234160425257266,0.9875901005568174
Hepatocyte_15weeks_Animal3_Capture2_ATGTGTGGTGATAAGT,1.01547526146468,0.9883529362985588,0.9642459461351004,0.944515691697733
Hepatocyte_15weeks_Animal3_Capture2_CAAGGCCCATGGGACA,1.0192435299921,0.9983701591307652,0.9765079161662016,0.9552456850084288
Hepatocyte_15weeks_Animal3_Capture2_CACAAACAGAATTGTG,1.01320844559503,0.9788592493132136,0.9474102216518888,0.9195876901722124
Hepatocyte_15weeks_Animal3_Capture2_CACACTCCATGCCTAA,0.991805828335114,1.0001029963196082,1.0015597079842826,0.9984655651511508
Hepatocyte_15weeks_Animal3_Capture2_CACATAGCATCACAAC,1.04190185425291,0.9949296329984268,0.9606507337420588,0.9427175200891844
Hepatocyte_15weeks_Animal3_Capture2_CACATTTCATACTCTT,1.01995247803464,0.9989898080449002,0.9764872227958088,0.9539628807176136
Hepatocyte_15weeks_Animal3_Capture2_CACATTTTCCGATATG,1.03606898514174,1.0446337104136985,1.0470775012364169,1.0447314619789354
Hepatocyte_15weeks_Animal3_Capture2_CACCACTCAAAGTCAA,1.00982406871717,1.0077326197647525,1.0023552105157296,0.9946573275985688
Hepatocyte_15weeks_Animal3_Capture2_CAGCGACAGAGCCCAA,1.04725923032515,1.002625715893776,0.9716387958007696,0.9577349541929012
Hepatocyte_15weeks_Animal3_Capture2_CAGCTAACATCCTTGC,0.902242359642088,0.8934162608240438,0.8834221320269924,0.8735028233001063
Hepatocyte_15weeks_Animal3_Capture2_CAGCTGGGTGCCTGTG,1.01982988878418,1.0096310715272818,0.9987462600754192,0.988430178033692
Hepatocyte_15weeks_Animal3_Capture2_CAGTAACGTTGACGTT,1.04026498427483,1.054081425045572,1.061113612350313,1.062891084124737
Hepatocyte_15weeks_Animal3_Capture2_CATATGGCAATAAGCA,1.03812944295301,1.0484861389195603,1.0528430776738038,1.0524853353729533
Hepatocyte_15weeks_Animal3_Capture2_CATATGGTCAGGCGAA,1.01321014957205,0.9923652777659808,0.9712761134039528,0.95138111805073
Hepatocyte_15weeks_Animal3_Capture2_CATCAAGAGGAATGGA,1.05498688611657,1.0602700546336772,1.059116385289394,1.05332087487164
Hepatocyte_15weeks_Animal3_Capture2_CATTCGCGTCGAATCT,1.11618710179977,1.123979747547083,1.1243219404470302,1.1196307574318944
Hepatocyte_15weeks_Animal3_Capture2_CATTCGCTCGTACCGG,1.01042497459979,0.986143568935474,0.9619263074295624,0.9391519373372178
Hepatocyte_15weeks_Animal3_Capture2_CCATGTCGTTACCGAT,1.01093224744722,0.9916883470701614,0.9715730623771404,0.951835282400872
Hepatocyte_15weeks_Animal3_Capture2_CCCAATCAGAGAACAG,1.13523862169431,1.0508267449490507,0.9882714171790564,0.9480648892641949
Hepatocyte_15weeks_Animal3_Capture2_CCCTCCTAGCTTCGCG,0.959432344066174,0.9736827939329104,0.98114712629773,0.983809948843826
Hepatocyte_15weeks_Animal3_Capture2_CCTAAAGTCGCATGGC,0.926408205443971,0.8950351212741159,0.8629447968130876,0.8318279060692287
Hepatocyte_15weeks_Animal3_Capture2_CCTATTAGTGCTAGCC,1.04499233750691,1.055884742300618,1.0597283014303394,1.0586582471695554
Hepatocyte_15weeks_Animal3_Capture2_CCTCAGTAGCACCGCT,1.04980528453424,1.068369358183543,1.0797026127643876,1.0856119595275004
Hepatocyte_15weeks_Animal3_Capture2_CCTTCGAAGTCGTTTG,1.03639957309335,1.0439091562055984,1.0443937972333388,1.0402025885188255
Hepatocyte_15weeks_Animal3_Capture2_CCTTCGATCCACTGGG,0.996560016136297,1.012117306223389,1.0207013807347072,1.024270907226888
Hepatocyte_15weeks_Animal3_Capture2_CGCCAAGAGGTGACCA,0.989096002386941,0.9988749080744216,1.0018166760357772,1.0001437335381935
Hepatocyte_15weeks_Animal3_Capture2_CGCTATCTCGTATCAG,1.02326874386232,1.0321470230442704,1.0362479530114337,1.0370085591623754
Hepatocyte_15weeks_Animal3_Capture2_CGCTGGATCCGTCATC,1.04341544601616,1.0540827627908598,1.057873327513421,1.0566709032180066
Hepatocyte_15weeks_Animal3_Capture2_CGCTTCACACATCCAA,1.11773678498369,1.121906912538298,1.118744626364074,1.1107488726858947
Hepatocyte_15weeks_Animal3_Capture2_CGGACACTCGTCCAGG,1.0200442512691,1.006639011444936,0.9922782706256074,0.9782945835193176
Hepatocyte_15weeks_Animal3_Capture2_CGGACTGAGGGTGTTG,0.899104072748776,0.915818705069351,0.9263099423255724,0.931765814199181
Hepatocyte_15weeks_Animal3_Capture2_CGGCTAGAGTGTCCCG,1.13010489099026,1.1282831225136023,1.1193778132482943,1.1060672985400923
Hepatocyte_15weeks_Animal3_Capture2_CGGCTAGCAACGCACC,1.04148750226272,0.9909280457252276,0.9539013440479304,0.9338859001948284
Hepatocyte_15weeks_Animal3_Capture2_CGTAGCGCAATCCGAT,0.912780522518011,0.9281255019645768,0.9378384633758992,0.9428795385421844
Hepatocyte_15weeks_Animal3_Capture2_CGTAGGCGTCACCCAG,1.03719017873358,1.046123263653588,1.0486645219930686,1.0463083611085255
Hepatocyte_15weeks_Animal3_Capture2_CGTAGGCGTGGCTCCA,1.01575442060221,0.9942804869382854,0.9730040840286356,0.9534231758675906
Hepatocyte_15weeks_Animal3_Capture2_CGTAGGCTCGAGCCCA,1.02602880774056,0.9719802275884492,0.9332021545244862,0.9118672710011058
Hepatocyte_15weeks_Animal3_Capture2_CGTCCATCACAACGTT,0.911414691086226,0.8676146315549778,0.8368954569717678,0.8217188201441883
Hepatocyte_15weeks_Animal3_Capture2_CGTTGGGTCGAATGGG,1.04004924770133,1.0550220280361822,1.062686227595655,1.0650997732762744
Hepatocyte_15weeks_Animal3_Capture2_CTAGAGTTCTGGTGTA,1.01717362878711,0.983535046911749,0.9548108505248974,0.9318311915984332
Hepatocyte_15weeks_Animal3_Capture2_CTAGCCTGTATTCGTG,0.914554180727533,0.8805340320733851,0.8454878365088458,0.8231579975213758
Hepatocyte_15weeks_Animal3_Capture2_CTCAGAAAGATCCCAT,0.98455494343893,0.9994952882491056,1.007455971929599,1.0104680745601082
Hepatocyte_15weeks_Animal3_Capture2_CTCATTATCACCATAG,1.05087473231978,1.0555753965266297,1.0535919135114595,1.0469342663525545
Hepatocyte_15weeks_Animal3_Capture2_CTCGAGGCATCATCCC,1.01668215769282,0.9909446218762838,0.9657843911112116,0.942354922353977
Hepatocyte_15weeks_Animal3_Capture2_CTCGTACTCCGAAGAG,1.02423033129058,1.0114095116540471,0.9981431215288792,0.9856264054602611
Hepatocyte_15weeks_Animal3_Capture2_CTGATAGAGGGTGTTG,1.01122106794598,0.9970407018003404,0.9822822220323602,0.9681698354573832
Hepatocyte_15weeks_Animal3_Capture2_CTGATAGTCTCACATT,0.91743422211477,0.8855871467776602,0.8542946508726077,0.835694106610628
Hepatocyte_15weeks_Animal3_Capture2_CTGGTCTAGTGGGTTG,1.05458915390672,1.065421033201388,1.0689173812305424,1.067343904305598
Hepatocyte_15weeks_Animal3_Capture2_CTGGTCTTCTGCCAGG,1.01622918524631,0.9714065587303716,0.9296772031752824,0.8921469572289021
Hepatocyte_15weeks_Animal3_Capture2_CTGTGCTGTTAAAGTG,1.02087005013271,0.9857776194011229,0.9508439035557044,0.9185933978308204
Hepatocyte_15weeks_Animal3_Capture2_CTTAACTCAGTAACGG,1.04428006384591,1.052373150608484,1.053423242814117,1.0496987694681554
Hepatocyte_15weeks_Animal3_Capture2_CTTCTCTAGCTCCCAG,1.02366383803031,0.9691721649429282,0.9223594768099356,0.8931924719891325
Hepatocyte_15weeks_Animal3_Capture2_GAACATCTCAGGATCT,1.03556910418885,0.983902934374948,0.9397985188846264,0.9124279247907778
Hepatocyte_15weeks_Animal3_Capture2_GACGGCTAGAGCTTCT,0.999274182211494,1.0077898077808385,1.009417715054466,1.0064134097608788
Hepatocyte_15weeks_Animal3_Capture2_GACGGCTAGTTGAGTA,1.00787730604796,1.01765237011958,1.0204522038327188,1.0184813548729192
Hepatocyte_15weeks_Animal3_Capture2_GAGTCCGAGGTTCCTA,1.01826417190362,1.0026850507520084,0.9851514596771174,0.9675763461590344
Hepatocyte_15weeks_Animal3_Capture2_GATGAGGCACACAGAG,1.04878225053094,0.9987841353136572,0.9623239437783174,0.9426787523410782
Hepatocyte_15weeks_Animal3_Capture2_GCAGCCACATTTCAGG,1.02946914396261,0.984912947899648,0.9418223936273727,0.901410185073018
Hepatocyte_15weeks_Animal3_Capture2_GCATGCGGTCTCACCT,1.01338072953636,0.9886648074970248,0.9624141421987884,0.9357903913673424
Hepatocyte_15weeks_Animal3_Capture2_GCCTCTAAGCAATATG,1.04674124917688,1.0512915202909752,1.04888691538902,1.041908562132886
Hepatocyte_15weeks_Animal3_Capture2_GCGCAGTAGTCGTTTG,0.839417942249436,0.8061085882176325,0.782921266668781,0.7728795685369825
Hepatocyte_15weeks_Animal3_Capture2_GCTGCAGAGAACAACT,0.954400328778279,0.9649133344405122,0.9687577304349912,0.9680437686249131
Hepatocyte_15weeks_Animal3_Capture2_GCTGCAGGTCTCCATC,1.04928814524991,1.057974502820011,1.0595209805127712,1.0562495095634177
Hepatocyte_15weeks_Animal3_Capture2_GCTTGAAAGCCGCCTA,1.01849171668408,1.003271654979648,0.9849040442568374,0.9646553006681248
Hepatocyte_15weeks_Animal3_Capture2_GGACAAGGTTGGGACA,1.02340558318945,0.9694734973064684,0.9306296875073614,0.9087560183682384
Hepatocyte_15weeks_Animal3_Capture2_GGACATTGTTAGTGGG,0.939711826961889,0.8920182715183039,0.854748433398483,0.8331928999684566
Hepatocyte_15weeks_Animal3_Capture2_GGATTACGTGTGAAAT,1.02275625478642,0.9947228387533708,0.968648382688348,0.945908309388758
Hepatocyte_15weeks_Animal3_Capture2_GGGAGATGTCACACGC,1.04499967694886,1.0683652138228792,1.0849274888670462,1.0956488463224308
Hepatocyte_15weeks_Animal3_Capture2_GGTGCGTTCGCGTTTC,1.04482699780049,1.0520337526331178,1.052764133744441,1.048446800093057
Hepatocyte_15weeks_Animal3_Capture2_GTAACTGTCATGTGGT,0.988598508282368,0.99908415953485,1.003331553786426,1.0025905890455733
Hepatocyte_15weeks_Animal3_Capture2_GTACTTTTCTCAAACG,1.03231870474845,0.9766146779872296,0.9369171558448298,0.9149412300620322
Hepatocyte_15weeks_Animal3_Capture2_GTCATTTCATGCAATC,1.15781813194169,1.1079476146033935,1.060414035184132,1.0165675665918752
Hepatocyte_15weeks_Animal3_Capture2_GTCGGGTCAGGTTTCA,1.05403682427618,1.0715246622821788,1.081679688225307,1.0864877547431722
Hepatocyte_15weeks_Animal3_Capture2_GTGTTAGAGATGCCTT,1.02103432517296,0.9957406034454104,0.969844014039758,0.94508613701156
Hepatocyte_15weeks_Animal3_Capture2_GTGTTAGTCCACTCCA,1.04658849686383,1.055474306134877,1.0572236138239206,1.0541269503456268
Hepatocyte_15weeks_Animal3_Capture2_GTTAAGCTCCTTGACC,1.01571169794057,0.9946802957538023,0.9738804151698528,0.9544460868445164
Hepatocyte_15weeks_Animal3_Capture2_GTTACAGGTACAAGTA,1.04688741641926,1.059626975649007,1.0657898385304672,1.066581710412045
Hepatocyte_15weeks_Animal3_Capture2_TACACGAAGACTTTCG,0.981381672135073,0.9923377406956456,0.996783145541039,0.9965365630171796
Hepatocyte_15weeks_Animal3_Capture2_TACACGATCATTTGGG,1.01990356606038,0.9886947972904274,0.959015613199588,0.9318370637000738
Hepatocyte_15weeks_Animal3_Capture2_TACCTTACACCACGTG,0.837497373216879,0.853686112866146,0.8649381032018882,0.8720733616251858
Hepatocyte_15weeks_Animal3_Capture2_TACTCGCGTGCAGGTA,1.00007322581813,1.011147920561944,1.0155479900292264,1.014766853295181
Hepatocyte_15weeks_Animal3_Capture2_TAGGCATCACTCTGTC,1.04029046774052,1.0489589190860318,1.0516716608742989,1.0496320650333018
Hepatocyte_15weeks_Animal3_Capture2_TAGGCATCATCCCATC,1.01750228733861,1.0263357998798346,1.0312626596154342,1.032607637891466
Hepatocyte_15weeks_Animal3_Capture2_TAGTGGTAGTTAACGA,1.01644004184043,0.984035151473923,0.9537008988167988,0.9275056334454372
Hepatocyte_15weeks_Animal3_Capture2_TATCAGGTCTCATTCA,1.04424962980694,1.0509671247423356,1.0511927037047195,1.0463204101752626
Hepatocyte_15weeks_Animal3_Capture2_TCAATCTGTCATCGGC,1.04386572103162,1.0585689435084449,1.0662314991068649,1.0683761475844011
Hepatocyte_15weeks_Animal3_Capture2_TCAATCTTCCATGAGT,0.936164880043726,0.89341137440814,0.8633471201282794,0.8486198645472308
Hepatocyte_15weeks_Animal3_Capture2_TCAGGATTCGCATGGC,1.01743626673844,1.0014906270652553,0.9848225261700264,0.9689587372723604
Hepatocyte_15weeks_Animal3_Capture2_TCCACACTCCTTCAAT,1.01876390988532,0.9718323959431158,0.9271213749123582,0.8876566284108722
Hepatocyte_15weeks_Animal3_Capture2_TCGCGAGTCTTCGAGA,1.01944818910841,1.0008791528036949,0.979849838303173,0.958240858082882
Hepatocyte_15weeks_Animal3_Capture2_TCGTACCAGGCTACGA,1.03224423941336,1.0007132123191873,0.967166488018977,0.9366338510936408
Hepatocyte_15weeks_Animal3_Capture2_TCTTCGGGTTATCGGT,1.05137455938418,1.0618868733312965,1.0652640183804605,1.06373978870704
Hepatocyte_15weeks_Animal3_Capture2_TGAGCCGAGATGGGTC,1.05209897980667,1.0633078647454115,1.0680357851970803,1.0675306623345495
Hepatocyte_15weeks_Animal3_Capture2_TGCCCATTCCAGTATG,1.03020845883746,1.033141376089863,1.0307076331960388,1.0243922459961423
Hepatocyte_15weeks_Animal3_Capture2_TGGACGCAGCCGTCGT,1.02563559565547,0.9798727334131137,0.9355426937918588,0.8945538179539327
Hepatocyte_15weeks_Animal3_Capture2_TGGACGCGTAGCGTGA,0.922059197822685,0.8747299975667446,0.8402315669750685,0.8209798147343041
Hepatocyte_15weeks_Animal3_Capture2_TGGTTAGAGTGGACGT,1.01889345730157,1.0012712445362677,0.9832762926614788,0.9662241595334248
Hepatocyte_15weeks_Animal3_Capture2_TGTGTTTAGCTAGTCT,1.11130340771515,1.122734595108412,1.126917157263014,1.125286701167917
Hepatocyte_15weeks_Animal3_Capture2_TGTGTTTTCTCTGTCG,1.01945741052182,0.9923021376177412,0.96527266789121,0.940193204780834
Hepatocyte_15weeks_Animal3_Capture2_TGTTCCGTCGCATGGC,1.01682242842598,0.9913642674148796,0.9648662363693112,0.9392571470029896
Hepatocyte_15weeks_Animal3_Capture2_TTATGCTCATGCCTTC,1.04506264942598,1.054343624257133,1.0565966204484116,1.0540321940814703
Hepatocyte_15weeks_Animal3_Capture2_TTCGAAGCATCTCGCT,1.12357826897846,1.128114231055216,1.1253500044147386,1.1177292405939296
Hepatocyte_15weeks_Animal3_Capture2_TTCGGTCAGACCCACC,1.01666859238165,0.995900373011814,0.9753421848219572,0.956217148852627
Hepatocyte_15weeks_Animal3_Capture2_TTCTCCTCATGGTCTA,0.929462535261225,0.9457825850644648,0.9571860989621588,0.9647921675013138
Hepatocyte_15weeks_Animal3_Capture2_TTCTCCTCATTGGCGC,0.988500568714096,1.0115234972445246,1.027576696123662,1.0377377825307752
Hepatocyte_15weeks_Animal3_Capture2_TTTACTGGTGACAAAT,0.938101258883538,0.9207266281068568,0.9003517336717372,0.8822407514192808
Hepatocyte_15weeks_Animal2_Capture2_ACTTTCATCCTATTCA,1.02023508858105,0.976813015562664,0.9461514875754112,0.9315773498729236
Hepatocyte_15weeks_Animal2_Capture2_AGCAGCCCAGCTGTAT,0.952865274380275,0.9187434953934602,0.8934763055141469,0.8825971256835617
Hepatocyte_15weeks_Animal2_Capture2_CAAGGCCCAGCTCCGA,1.03252311327102,1.0024805725487242,0.9698578084600492,0.945890831286544
Hepatocyte_15weeks_Animal2_Capture2_CATCGGGAGCTGATAA,1.02426039800109,0.9956881030610488,0.9666135587396804,0.9439583714127376
Hepatocyte_15weeks_Animal2_Capture2_CCTACCATCAGGATCT,0.923651563711715,0.9463252154671864,0.9627302782572692,0.9740436726919032
Hepatocyte_15weeks_Animal2_Capture2_CGGTTAAAGTGTGGCA,1.01384831589482,1.0136904673058629,1.010469825536649,1.0060447141312572
Hepatocyte_15weeks_Animal2_Capture2_CTCGGAGAGATAGGAG,0.928167723329458,0.8935989245360423,0.8705740355469005,0.8621530318293167
Hepatocyte_15weeks_Animal2_Capture2_CTCGTACGTCCATCCT,0.916041757654292,0.8815970462960879,0.8534320969320056,0.8387534949531079
Hepatocyte_15weeks_Animal2_Capture2_GATCAGTTCTGCGGCA,1.02438773998864,0.9892640832012414,0.9600460063896376,0.9460292820847368
Hepatocyte_15weeks_Animal2_Capture2_GCGCAACTCGCCATAA,1.02861583200974,0.9871647405794046,0.9590426587734092,0.9473803271916128
Hepatocyte_15weeks_Animal2_Capture2_GCTCCTAAGGGCTTGA,1.02892067002406,1.0259340408996815,1.020221676533146,1.01387642035009
Hepatocyte_15weeks_Animal2_Capture2_GGGAATGCAGACACTT,1.02893893371855,0.9790941673535354,0.9433191942633152,0.9242244515131396
Hepatocyte_15weeks_Animal2_Capture2_GTAGGCCCACAAGACG,1.0254837619984,1.0236183086640045,1.017922141189321,1.0109192951873625
Hepatocyte_15weeks_Animal2_Capture2_GTGCTTCCATCTCCCA,1.13587555499059,1.079256013825157,1.0382559795812132,1.0156174771427455
Hepatocyte_15weeks_Animal2_Capture2_GTTCGGGAGCTGAAAT,1.02905280413047,0.9842982890943184,0.9532143790238998,0.9384919049230448
Hepatocyte_15weeks_Animal2_Capture2_TATCTCAGTTAAGACA,0.916970552026368,0.9225397002709927,0.925972712084475,0.9285551319697536
Hepatocyte_15weeks_Animal2_Capture2_TGAGAGGTCTTTACGT,1.01675382425301,1.0057014702472509,0.9945797050954044,0.9852040837973418
Hepatocyte_15weeks_Animal2_Capture2_TTAACTCGTTCTGAAC,0.909251970849326,0.9119345736602754,0.9141743149070258,0.9170211512759951
Hepatocyte_15weeks_Animal2_Capture2_TTCCCAGCAGCTCGAC,1.02581970657621,1.0290592380137926,1.0277374193146402,1.023656900876618
Hepatocyte_15weeks_Animal2_Capture2_TTCGAAGAGAAACCGC,1.01611085519261,1.0176108728315798,1.0150406606155586,1.0105654234219248
Hepatocyte_15weeks_Animal2_Capture1_ACCTTTAAGATACACA,1.03758262006481,1.0170024907383626,0.993057659523341,0.97366498735986
Hepatocyte_15weeks_Animal2_Capture1_AGCGGTCCATTCCTCG,1.03319867948877,1.003200212468398,0.9779866009260556,0.9655325731929528
Hepatocyte_15weeks_Animal2_Capture1_ATCATCTGTCTCCCTA,0.941522020637741,0.918617458804956,0.8952867492690549,0.8844899959349796
Hepatocyte_15weeks_Animal2_Capture1_ATTACTCTCGGTGTTA,1.02725130560695,1.0055009694459496,0.9862983765589004,0.9761476761945754
Hepatocyte_15weeks_Animal2_Capture1_ATTTCTGGTAAGGGAA,0.916566986069171,0.8900351178791508,0.8638777886054112,0.8504802395567689
Hepatocyte_15weeks_Animal2_Capture1_CAACCAAAGACCTTTG,0.925750820657984,0.9060971326602656,0.8843706007409688,0.8729489725245155
Hepatocyte_15weeks_Animal2_Capture1_CACACCTTCAATCTCT,1.02603628500826,0.9993863347823718,0.969562611730797,0.9479123442426772
Hepatocyte_15weeks_Animal2_Capture1_CAGGTGCAGCCACTAT,0.941649357309499,0.9079458768285608,0.8855797416420944,0.8779928962660877
Hepatocyte_15weeks_Animal2_Capture1_CATGACACAATGACCT,1.03871750155443,0.9962437338881828,0.9668964058995878,0.9539948635677468
Hepatocyte_15weeks_Animal2_Capture1_CCATTCGCAAACAACA,1.0352866349558,1.0517995905858155,1.0614089086958394,1.0655773135845443
Hepatocyte_15weeks_Animal2_Capture1_CCCAGTTCATAGACTC,1.02832683374342,1.021536765105218,1.0096629986614851,0.9944770771607728
Hepatocyte_15weeks_Animal2_Capture1_CCGTACTGTCGTCTTC,1.02915001664525,1.0482749318800362,1.0603159420467956,1.0667496487760826
Hepatocyte_15weeks_Animal2_Capture1_CGGACTGAGTACGCGA,1.03904008745337,0.9960426620194988,0.9600582737653696,0.9409722308206048
Hepatocyte_15weeks_Animal2_Capture1_CGTCCATCACTATCTT,1.0246142289629,0.9876253232957126,0.9605814273001017,0.9491318354621482
Hepatocyte_15weeks_Animal2_Capture1_CGTTAGAGTGTAAGTA,1.01974829027418,1.0281907752985338,1.0312907014918824,1.0310771536891343
Hepatocyte_15weeks_Animal2_Capture1_CTAAGACTCCAGAAGG,1.01883225443679,0.978576930182916,0.9466722258983268,0.9302659754535798
Hepatocyte_15weeks_Animal2_Capture1_CTAATGGGTCACAAGG,0.936537795335495,0.8999717073970984,0.8744404677099622,0.8633946040993449
Hepatocyte_15weeks_Animal2_Capture1_CTCGGGAAGCCTTGAT,1.02645188352741,0.9987953683052472,0.9749916298874548,0.9662003732398216
Hepatocyte_15weeks_Animal2_Capture1_CTGAAGTCAATCTGCA,1.02740412175806,0.9995934184029872,0.9691504821822176,0.9498026379212056
Hepatocyte_15weeks_Animal2_Capture1_GACTACATCTTCGGTC,1.02616211527347,0.9916239649976158,0.962813014809036,0.9497604063136894
Hepatocyte_15weeks_Animal2_Capture1_GCTGCGAAGCTGATAA,1.03048700559728,0.996575633521708,0.96362174924964,0.943569820053422
Hepatocyte_15weeks_Animal2_Capture1_GGACAAGGTTCCACGG,1.03568380759294,1.0534056842272643,1.064392327237099,1.0700127415526377
Hepatocyte_15weeks_Animal2_Capture1_GGCCGATTCTCCGGTT,0.936563288246723,0.90580201003461,0.8833711978287253,0.8741860230291699
Hepatocyte_15weeks_Animal2_Capture1_TACTCATAGTCTCAAC,1.12515500340596,1.0765810087995975,1.041761058843945,1.0249875097521193
Hepatocyte_15weeks_Animal2_Capture1_TCGCGAGCAAAGCGGT,1.03654124720536,0.99759607320687,0.957752479520104,0.9314944510700144
Hepatocyte_15weeks_Animal2_Capture1_TGGTTCCTCGAACTGT,1.0324524812564,0.9987038972977892,0.9703990447739292,0.9579014587570224
Hepatocyte_15weeks_Animal2_Capture1_TGTTCCGAGCGCCTCA,0.830316581932096,0.8090697439421697,0.7907678266396957,0.7831432497855505
Hepatocyte_15weeks_Animal2_Capture1_TTAGTTCCACATTTCT,1.02374673238786,1.0247181956859763,1.0209914065499388,1.014805425598527
Hepatocyte_15weeks_Animal2_Capture1_TTGACTTCACAACTGT,1.02958922955181,0.9846857137278292,0.9514569250045846,0.9346117310435922
Hepatocyte_15weeks_Animal1_Capture1_ACGGCCAAGCGCTCCA,1.03106415738212,1.0672153993930773,1.0961654096676812,1.1186056242653015
Hepatocyte_15weeks_Animal1_Capture1_ACTGAACGTAAATGTG,0.852188060650839,0.8824466144288887,0.9064663866495928,0.9251644820227816
Hepatocyte_15weeks_Animal1_Capture1_CAGCAGCTCCAAACAC,1.03764208297713,1.0704624849338895,1.0961866269577876,1.1157707091253273
Hepatocyte_15weeks_Animal1_Capture1_CCTTCGATCAGTTTGG,1.03241923503692,1.0570211623391,1.0736196806702625,1.083703704980653
Hepatocyte_15weeks_Animal1_Capture1_GATTCAGCAAGGTTCT,0.956543604538721,0.991385764012431,1.018886571685393,1.0401348577195382
Hepatocyte_15weeks_Animal1_Capture1_GATTCAGTCGTTTATC,0.95964609975073,0.9850610203874608,1.003231677397501,1.0154512443313215
Hepatocyte_15weeks_Animal1_Capture1_GCCTCTAAGAGGTAGA,1.03110234644945,1.0586024038609836,1.0783514208339997,1.0915906792860588
Hepatocyte_15weeks_Animal1_Capture1_TCTCTAAGTTCAGGCC,0.969830747206299,1.0001832285394374,1.0237999498034858,1.0414927970772718
Hepatocyte_15weeks_Animal1_Capture1_TGACAACTCACCTTAT,0.953531474935963,0.9740606839291304,0.9872080946003692,0.9943837834784632
Hepatocyte_15weeks_Animal1_Capture2_CCCAGTTAGAGTTGGC,1.0242692512638,1.0532022871968023,1.075298206624434,1.091781279366989
Hepatocyte_15weeks_Animal1_Capture2_CCTAGCTGTGAGTATA,1.03284086830899,1.0598138172993306,1.0802675183669606,1.095417282581121
Hepatocyte_15weeks_Animal1_Capture2_CCTTTCTCACGGCCAT,0.997076634446798,1.0159117686493595,1.0294433627985071,1.03777235647015
Hepatocyte_15weeks_Animal1_Capture2_CTGCCTATCCATGCTC,1.04124224677078,1.0662159995467988,1.0841320690246994,1.0962491842133577
Hepatocyte_15weeks_Animal1_Capture2_GATCAGTAGCGATTCT,1.03003085505648,1.0454350146491769,1.0545561180529062,1.058831625477423
Hepatocyte_15weeks_Animal1_Capture2_GATCGATGTGTGCGTC,1.02997977977536,1.048367514145416,1.059826542810378,1.065786261976277
Hepatocyte_15weeks_Animal1_Capture2_GATCGCGTCTCTTGAT,1.02834835441905,1.0408832826922003,1.0475237380908564,1.049506760552617
Hepatocyte_15weeks_Animal1_Capture2_GCACTCTGTTTGTGTG,0.940298800881264,0.9732978156449512,0.9992083027177682,1.0190275237965365
Hepatocyte_15weeks_Animal1_Capture2_GCGCAGTGTGCAGGTA,1.04453921141252,1.0563016647280632,1.060550098268055,1.0589467212485264
Hepatocyte_15weeks_Animal1_Capture2_GGGTCTGGTCCAGTAT,1.04488682937762,1.0621467567092535,1.0717042447126994,1.0750864727182567
Hepatocyte_15weeks_Animal1_Capture2_GTCTCGTTCAACGGCC,1.03044033531087,1.05876694927184,1.0802287398789585,1.0958633999643326
Hepatocyte_15weeks_Animal1_Capture2_GTGCGGTCAACACCTA,1.1416897777404,1.162069410982884,1.1740032609798623,1.1790044635668928
Hepatocyte_15weeks_Animal1_Capture2_TCTCTAAAGTCACGCC,1.03374805796422,1.0604061126691575,1.0795290122909833,1.092392375022443
Hepatocyte_15weeks_Animal3_Capture1_AAGACCTTCCTGCAGG,1.03182728470115,0.9839596045065748,0.949050301024168,0.9306534513568026
Hepatocyte_15weeks_Animal3_Capture1_ACGAGGATCTGTCTAT,0.882054186021226,0.8752157062344215,0.8698064703081204,0.8673715326318242
Hepatocyte_15weeks_Animal3_Capture1_ACGCCGAAGATCCGAG,1.02516701489942,1.027169160558692,1.0235317305004656,1.0158676220540968
Hepatocyte_15weeks_Animal3_Capture1_AGAGTGGAGCGTTCCG,0.926642847499203,0.9423103830328778,0.9516896307697,0.9562172971886024
Hepatocyte_15weeks_Animal3_Capture1_AGATCTGCACGGCGTT,1.0308075994016,0.9820339713750982,0.9379057621925208,0.9102858777010524
Hepatocyte_15weeks_Animal3_Capture1_AGCATACTCTACCTGC,0.900983519099571,0.8735021355939083,0.8447993721897743,0.8271960377574178
Hepatocyte_15weeks_Animal3_Capture1_AGGTCATGTTAGAACA,1.02958240984594,0.9903442415935088,0.9493235870177098,0.9179213834519576
Hepatocyte_15weeks_Animal3_Capture1_ATCATCTCAAGTAGTA,1.02577511074108,0.970471151653259,0.9301712143143654,0.9072981753159954
Hepatocyte_15weeks_Animal3_Capture1_ATTATCCAGTGGGTTG,1.01732831764291,0.9759798023986042,0.9352024960557992,0.9079907420255694
Hepatocyte_15weeks_Animal3_Capture1_CACATAGGTTAGAACA,1.03987198492453,1.0499291569586964,1.0530621512981555,1.0509356375645167
Hepatocyte_15weeks_Animal3_Capture1_CAGAGAGTCTTGACGA,1.02668620312367,0.995109097795194,0.9616165607282012,0.9322410482822416
Hepatocyte_15weeks_Animal3_Capture1_CAGCTGGCAGTCAGAG,1.03043327702613,1.0441003296359903,1.0518400906207876,1.054766184885777
Hepatocyte_15weeks_Animal3_Capture1_CCAGCGAGTCACCCAG,0.796590658741065,0.7728789124024068,0.7566847360392714,0.7516174525452837
Hepatocyte_15weeks_Animal3_Capture1_CCGTGGAAGTAGTGCG,1.01935810657342,0.97147278570235,0.93766323177262,0.9204578043430564
Hepatocyte_15weeks_Animal3_Capture1_CGAGCACTCCGCAAGC,1.01311176407255,0.9959854557759,0.9791726755973352,0.9645807076975664
Hepatocyte_15weeks_Animal3_Capture1_CGATTGATCCTCAATT,1.02737674843944,0.992969122310018,0.9574979268973036,0.932615244972998
Hepatocyte_15weeks_Animal3_Capture1_CGCTTCAGTAGCACGA,1.0148415682127,0.971138680612556,0.9301057437434012,0.9047002781101312
Hepatocyte_15weeks_Animal3_Capture1_CTAATGGGTATCGCAT,1.02809258898326,1.037263196897003,1.039896508372329,1.0376749271784829
Hepatocyte_15weeks_Animal3_Capture1_CTACATTTCACATAGC,1.03733979976905,0.9996528325141486,0.9662050054319536,0.948944635013209
Hepatocyte_15weeks_Animal3_Capture1_CTCACACAGCCAGTTT,1.02834187374422,1.0420729484489564,1.0486592321349504,1.0497302833644708
Hepatocyte_15weeks_Animal3_Capture1_CTCACACTCCATTCTA,1.03579147742899,0.985326725000643,0.9486950204934984,0.9291003749730328
Hepatocyte_15weeks_Animal3_Capture1_CTCATTATCTGTACGA,1.01678370249042,0.9831061591033378,0.9507314748807372,0.9321079760557276
Hepatocyte_15weeks_Animal3_Capture1_CTGATCCAGCTAGTCT,1.02538377902349,1.0311551157596683,1.0304209972714995,1.0249314342689797
Hepatocyte_15weeks_Animal3_Capture1_GAAGCAGAGATGCCTT,1.01085310542449,0.9958925036844544,0.9818638618117994,0.9700859691297588
Hepatocyte_15weeks_Animal3_Capture1_GACTAACGTGAGCGAT,0.916061905877872,0.8902245915675145,0.8692952904491509,0.8616379000449748
Hepatocyte_15weeks_Animal3_Capture1_GCTCTGTGTGAAAGAG,0.911151959195585,0.8749897657078949,0.8504047247331532,0.8401139577011562
Hepatocyte_15weeks_Animal3_Capture1_GGGCACTGTGTTTGTG,1.00977347312019,0.9990693010323748,0.9894503282178354,0.982288938053062
Hepatocyte_15weeks_Animal3_Capture1_GTCACAACATGCTGGC,1.00826342186608,0.9949555455941214,0.9828808862741796,0.973357012163682
Hepatocyte_15weeks_Animal3_Capture1_GTCACGGGTCGGCATC,1.03143601138466,1.0317820488218947,1.0258339724393517,1.0155470514316836
Hepatocyte_15weeks_Animal3_Capture1_GTCGGGTAGACTTGAA,1.03172441218513,1.0380712140655697,1.037840679867519,1.032696558982562
Hepatocyte_15weeks_Animal3_Capture1_TACCTTACAGATCCAT,1.02306749030362,0.9708640681035576,0.9327558099117292,0.911321846406616
Hepatocyte_15weeks_Animal3_Capture1_TACTCATAGAAACCGC,1.03733515556207,0.9856191463077598,0.948094231844676,0.927713709114879
Hepatocyte_15weeks_Animal3_Capture1_TAGCCGGCAGACGCAA,0.883526155481348,0.8530748814046936,0.8267619706804663,0.8133626741032828
Hepatocyte_15weeks_Animal3_Capture1_TAGTGGTCAATGGAGC,1.03264789249666,0.9825256647558636,0.9468162458268616,0.9279887818585504
Hepatocyte_15weeks_Animal3_Capture1_TGAAAGACACCGGAAA,1.01786975282453,1.0017985210382483,0.98687171998888,0.974096069252301
Hepatocyte_15weeks_Animal3_Capture1_TGGCCAGAGATGCCTT,1.02476030924494,1.018106493077144,1.0054535901200394,0.9888086438629028
Hepatocyte_15weeks_Animal3_Capture1_TTATGCTTCGCCCTTA,1.02767087676164,0.9840448854272784,0.948197172313784,0.9289114770771774
Hepatocyte_15weeks_Animal3_Capture1_TTTATGCCAAGTACCT,1.02694527377529,0.9925250052256068,0.9653569032862837,0.9529170374874636
Hepatocyte_15weeks_Animal3_Capture2_AAGGTTCGTAAGAGAG,1.02429426166806,1.0211170855906482,1.0129462433579726,1.0013003436224142
Hepatocyte_15weeks_Animal3_Capture2_ACCCACTCAGTCACTA,1.01114262962165,0.994670461150041,0.9781292735647092,0.9628852811306876
Hepatocyte_15weeks_Animal3_Capture2_ACTGATGCATTTCACT,1.00997891368707,0.9956106721521456,0.9822572721900285,0.9710968211362287
Hepatocyte_15weeks_Animal3_Capture2_ATAAGAGAGCTAACTC,1.02915243509694,1.033052683006847,1.030677078662018,1.0236599868139202
Hepatocyte_15weeks_Animal3_Capture2_ATCTACTTCATCTGCC,1.03652929232881,1.040398595920888,1.03810340756095,1.03175404503627
Hepatocyte_15weeks_Animal3_Capture2_ATTCTACGTGCAGGTA,1.01123695526175,0.999103494106794,0.9867276459096732,0.9756483305760076
Hepatocyte_15weeks_Animal3_Capture2_ATTGGTGAGCTGTCTA,1.03361487865256,1.029052271727648,1.018196677627666,1.0031333820645123
Hepatocyte_15weeks_Animal3_Capture2_CACACCTAGGTGATAT,1.0162433952442,0.9649119305069191,0.9269963930701016,0.9057258159868252
Hepatocyte_15weeks_Animal3_Capture2_CAGCCGATCGCTTAGA,1.02408066325136,1.0407529208479331,1.0503382299151045,1.0543948835094898
Hepatocyte_15weeks_Animal3_Capture2_CCACGGACATCTCCCA,1.01666535817029,0.979282466418113,0.942794808832163,0.919842115281153
Hepatocyte_15weeks_Animal3_Capture2_CCATTCGAGTCCATAC,0.909030815353567,0.9197753724639588,0.924215436974038,0.9239051184207336
Hepatocyte_15weeks_Animal3_Capture2_CCCATACTCCTTTCTC,1.01443194442819,1.000292296085105,0.985883778260622,0.972540290954692
Hepatocyte_15weeks_Animal3_Capture2_CGCGGTACATATGCTG,1.01722935299046,1.008563318727555,0.9978249630956882,0.9870197971455988
Hepatocyte_15weeks_Animal3_Capture2_CGGTTAACAAGTACCT,0.927788913660078,0.8882989205184422,0.8600647123966686,0.8461374019906669
Hepatocyte_15weeks_Animal3_Capture2_CGTGTCTAGGAACTGC,1.02989407234523,0.9886056838190924,0.9520664845887052,0.9313404963932276
Hepatocyte_15weeks_Animal3_Capture2_CTCTAATCAAAGCAAT,1.02801547689465,1.0291477463835867,1.0238083018386583,1.013907031662027
Hepatocyte_15weeks_Animal3_Capture2_GACTACAAGACAAAGG,1.03327722912878,1.0408893188585724,1.0435507736999368,1.0426984576656022
Hepatocyte_15weeks_Animal3_Capture2_GAGTCCGGTTCGGGCT,1.04071770320033,0.9928765758239892,0.9545478778523668,0.9329546129352622
Hepatocyte_15weeks_Animal3_Capture2_GCCAAATAGTATGACA,1.01038019962347,0.9949965089660476,0.9796187561189368,0.9658003925175506
Hepatocyte_15weeks_Animal3_Capture2_GCTGCTTGTAGGACAC,1.02823134287086,1.0395559665576413,1.044087691920792,1.043443312232621
Hepatocyte_15weeks_Animal3_Capture2_GGCCGATTCGCATGAT,1.02811408479187,0.9755173876625626,0.9363041928900744,0.913940034178892
Hepatocyte_15weeks_Animal3_Capture2_GGGAATGCACAAGTAA,1.01209524590623,0.996676476853586,0.9832487284453316,0.972828172967853
Hepatocyte_15weeks_Animal3_Capture2_GTACTCCGTCGAATCT,0.906997140870934,0.8629396853488014,0.8295488577975263,0.8109254465777266
Hepatocyte_15weeks_Animal3_Capture2_GTGTGCGTCAGTACGT,1.01880918101919,0.998195754734938,0.9743181253089837,0.9509147064629736
Hepatocyte_15weeks_Animal3_Capture2_TAGTGGTGTTACTGAC,1.01203544221971,0.9862828637978204,0.9582954454702248,0.934750103246681
Hepatocyte_15weeks_Animal3_Capture2_TGAGCCGAGGCCATAG,1.0097314319029,0.9985724365737167,0.9873980843444184,0.9777187057066452
Hepatocyte_15weeks_Animal3_Capture2_TGCTACCCAGGGTACA,1.01887247459517,1.0028671954554205,0.9868345553902292,0.9721111197852133
Hepatocyte_15weeks_Animal3_Capture2_TTAGGACGTTTAAGCC,1.00894498104862,0.9875609855124364,0.9664778013794196,0.9469364909594834
Hepatocyte_15weeks_Animal3_Capture2_TTCGAAGAGTGCCAGA,1.02473221925052,0.9767950690543576,0.9405954273971022,0.920768239505106
Hepatocyte_15weeks_Animal1_Capture1_GCAGTTATCGTACGGC,0.916803306478786,0.9160018999440844,0.9120839355910624,0.9048358892497316
Hepatocyte_15weeks_Animal1_Capture2_TGTCCCAGTCGGCATC,0.869775543582717,0.8704117431628076,0.8693595644965396,0.8682342382180699
Hepatocyte_15weeks_Animal2_Capture1_GTATTCTTCCGAAGAG,1.00579955999297,0.9782055871363196,0.9516859011619868,0.9265485086495192
Hepatocyte_15weeks_Animal1_Capture1_CGAATGTCAGATCGGA,1.01179148916692,0.9777855544858238,0.9450585987879908,0.914622986286703
Hepatocyte_15weeks_Animal3_Capture2_TTCCCAGTCTGTCAAG,1.04902827251293,1.0529486881418768,1.0499466085743965,1.0419984598448324
Hepatocyte_15weeks_Animal2_Capture2_AGCTTGATCACTTATC,1.09781689569427,1.114924687539378,1.123899685911054,1.12637879555608
Hepatocyte_15weeks_Animal2_Capture2_CTGCTGTAGGAGCGTT,1.2641258258027,1.2621500986244223,1.2531256580740826,1.239230639651992
Hepatocyte_15weeks_Animal2_Capture2_TCATTTGAGAGTACAT,1.31791702323498,1.2892151858206435,1.2581745993776594,1.226831659572892
Hepatocyte_15weeks_Animal2_Capture1_AGATCTGAGTGACTCT,0.917180811950661,0.918076612571298,0.9169098626293232,0.9151160854211652
Hepatocyte_15weeks_Animal2_Capture1_CAGGTGCTCAGCATGT,1.319438672113,1.3148107945546108,1.30311910479701,1.2865006657264566
Hepatocyte_15weeks_Animal2_Capture1_CTCGAGGTCTTGCATT,1.03355875415271,1.0537880344133392,1.067053974596874,1.0747440955935967
Hepatocyte_15weeks_Animal2_Capture1_GCAGTTAAGCGATTCT,1.03560144092194,1.0627897711642662,1.0824992654330787,1.0960481733515384
Hepatocyte_15weeks_Animal2_Capture1_TACGGGCAGACCGGAT,1.0336881240994,1.0248086268172372,1.0148260762912988,1.0050815330806435
Hepatocyte_15weeks_Animal2_Capture1_TGACTAGGTTAAAGAC,1.18924019424508,1.1971041746389794,1.197745940377021,1.1929697922020914
Hepatocyte_15weeks_Animal2_Capture1_TGTGGTAAGAGTTGGC,1.47555117652607,1.4729450354455391,1.4615838415166515,1.4438334681504543
Hepatocyte_15weeks_Animal2_Capture1_TTAACTCTCGCTTAGA,1.16357293309783,1.1394562197826876,1.1158291123447852,1.0939379994681744
Hepatocyte_15weeks_Animal1_Capture1_AAGGAGCCAGCATACT,1.2559123366132,1.2570066023527515,1.2504284345029115,1.2384122832745077
Hepatocyte_15weeks_Animal1_Capture1_ACCGTAATCAACTCTT,0.97658541620228,0.9639564345751264,0.9505507835286878,0.9375606529481748
Hepatocyte_15weeks_Animal1_Capture1_ACGAGCCCATTATCTC,1.06263268345823,1.089560228761436,1.108535750711823,1.12088139691428
Hepatocyte_15weeks_Animal1_Capture1_ACGCAGCGTAACGTTC,1.07914115758985,1.0643235701927014,1.0497311606353208,1.0361443247754734
Hepatocyte_15weeks_Animal1_Capture1_ACTATCTCACCACCAG,0.99865552907858,0.9885393641995188,0.9782396674884712,0.9686167585907822
Hepatocyte_15weeks_Animal1_Capture1_ACTGTCCGTCGCTTTC,1.13157168682272,1.1156209882357695,1.0991313042118636,1.0833833067684149
Hepatocyte_15weeks_Animal1_Capture1_AGATCTGTCCACGAAT,1.16860044641975,1.1296588439700073,1.0931972397982077,1.0604342105513271
Hepatocyte_15weeks_Animal1_Capture1_AGCAGCCCAATCTACG,1.04639757320212,1.0422026923080765,1.0365304809258868,1.0307990518256154
Hepatocyte_15weeks_Animal1_Capture1_AGGCCACGTTCAGTAC,0.950492259958322,0.9495750971646386,0.9438576669394286,0.9362061355396688
Hepatocyte_15weeks_Animal1_Capture1_CACACTCAGGCATGGT,1.24676497065452,1.2055192632872906,1.166887025583981,1.1315301053192683
Hepatocyte_15weeks_Animal1_Capture1_CAGCGACGTCAATACC,1.13666937881272,1.1036700123933494,1.0716662435255635,1.041480760434273
Hepatocyte_15weeks_Animal1_Capture1_CAGTCCTTCTAACTTC,1.12203993488618,1.1109110806966922,1.0984509224178385,1.0861858987229178
Hepatocyte_15weeks_Animal1_Capture1_CATCCACAGCTGGAAC,0.980414302901314,0.9786746387754997,0.97269128509354,0.9636156514977228
Hepatocyte_15weeks_Animal1_Capture1_CCAATCCGTAGGACAC,1.13846930604133,1.1192586354046512,1.098929044148912,1.0792185189591983
Hepatocyte_15weeks_Animal1_Capture1_CCACCTATCAGTTGAC,0.992789639353543,1.021170470107115,1.041422766862039,1.0548953198309692
Hepatocyte_15weeks_Animal1_Capture1_CCATGTCCACGAAAGC,1.18571084973914,1.152925068609097,1.121407973463082,1.0922088154048348
Hepatocyte_15weeks_Animal1_Capture1_CCGTGGACAAGCGAGT,1.10245479080061,1.1320776837515003,1.1530194864491574,1.166792288387464
Hepatocyte_15weeks_Animal1_Capture1_CGAATGTAGAGACTAT,1.13472980189026,1.125429720426233,1.112178417762398,1.0971458599209574
Hepatocyte_15weeks_Animal1_Capture1_CGCTTCATCCTTCAAT,1.0300250296264,1.0228518253619077,1.0151895872989385,1.0079441821411477
Hepatocyte_15weeks_Animal1_Capture1_CGGAGCTCACGTAAGG,1.08107168972423,1.0966327776253464,1.1061510232534464,1.1106069669977254
Hepatocyte_15weeks_Animal1_Capture1_CGGCTAGTCTGAGGGA,1.09499186638988,1.1185913954820752,1.1345062223385571,1.1441655266647308
Hepatocyte_15weeks_Animal1_Capture1_CGTAGGCGTCCAGTTA,1.04791766317738,1.0649369807333695,1.0754600667005352,1.0806867815440129
Hepatocyte_15weeks_Animal1_Capture1_CGTGTCTTCTTTCCTC,1.10172717623613,1.1271039599944774,1.1436492282787496,1.1528854191565108
Hepatocyte_15weeks_Animal1_Capture1_CGTTGGGAGCCCTAAT,0.892541881067331,0.9251606017009938,0.9511561041099008,0.9712712261329032
Hepatocyte_15weeks_Animal1_Capture1_CTAATGGCAGACTCGC,1.02078308796579,0.99724657899088,0.974841260281796,0.9542290206396308
Hepatocyte_15weeks_Animal1_Capture1_CTGTGCTCATGAAGTA,0.979446656766457,0.979832634540434,0.9789217445360786,0.977800885539069
Hepatocyte_15weeks_Animal1_Capture1_CTTAACTGTGTTAAGA,0.843098761628326,0.8764067912269207,0.903234632202314,0.9243215194768476
Hepatocyte_15weeks_Animal1_Capture1_CTTCTCTTCTGCGTAA,1.00816591688628,1.0300225740844238,1.0449709509220677,1.0541996091450578
Hepatocyte_15weeks_Animal1_Capture1_GAAGCAGAGCTAAGAT,0.984840227186043,0.9852859858204324,0.9848357965971164,0.9843724107979914
Hepatocyte_15weeks_Animal1_Capture1_GACCTGGGTGCACGAA,1.16855895086132,1.186837543658712,1.1967478946892731,1.2000067905993133
Hepatocyte_15weeks_Animal1_Capture1_GCAAACTGTTAGATGA,1.04474314801419,1.0288190053256323,1.011503372354951,0.9943175431673617
Hepatocyte_15weeks_Animal1_Capture1_GCATGATCAAGTACCT,1.23694114911424,1.2352479015629634,1.2262023617449374,1.212092400414635
Hepatocyte_15weeks_Animal1_Capture1_GCATGATTCATCTGCC,1.09452678240865,1.1133480070340027,1.1249117864170266,1.130480637863416
Hepatocyte_15weeks_Animal1_Capture1_GCTTCCAAGGTGCTTT,1.18262311332831,1.1553901408525322,1.129332800887305,1.1051984447329026
Hepatocyte_15weeks_Animal1_Capture1_GGCCGATGTAGTACCT,0.976156434214886,0.975323134570809,0.9737764983239718,0.9723233796775762
Hepatocyte_15weeks_Animal1_Capture1_GGGACCTAGGTACTCT,0.952475027100381,0.9846691550461668,1.0103073619329055,1.0300378541406203
Hepatocyte_15weeks_Animal1_Capture1_GGGTCTGCAAGTACCT,1.171256929442,1.1524368738211614,1.1312328258572704,1.1097288464716526
Hepatocyte_15weeks_Animal1_Capture1_GGGTCTGGTTCGGGCT,1.11233916859181,1.0954572694676858,1.078861507070316,1.0633671013054908
Hepatocyte_15weeks_Animal1_Capture1_GTGCATACAGACACTT,1.04311285729064,1.0695910531474369,1.088859515776689,1.1019012129138188
Hepatocyte_15weeks_Animal1_Capture1_GTGCGGTTCATTGCCC,0.971579008586831,0.9655363704305844,0.9577564060298744,0.949689866783594
Hepatocyte_15weeks_Animal1_Capture1_TAAGTGCTCACAACGT,1.0514775130813,1.0293474771143107,1.007752405796657,0.9876466020656376
Hepatocyte_15weeks_Animal1_Capture1_TACTCGCCACTGAAGG,1.07530478814148,1.0917649451688172,1.1006416254769542,1.1035276371845364
Hepatocyte_15weeks_Animal1_Capture1_TACTTGTTCTCTTGAT,1.13483570484045,1.100887661550741,1.0688729178953542,1.0393830185098598
Hepatocyte_15weeks_Animal1_Capture1_TATCAGGGTCGTTGTA,1.32128865249535,1.3400819046550445,1.350294640759114,1.3534737739888292
Hepatocyte_15weeks_Animal1_Capture1_TCAGCTCTCCAAGCCG,0.98835990325604,1.009870066973108,1.0243406460856777,1.0328932261103223
Hepatocyte_15weeks_Animal1_Capture1_TCCACACCAGATGGCA,1.12429513622048,1.118680763441251,1.112319691010612,1.1062363097654428
Hepatocyte_15weeks_Animal1_Capture1_TCGGTAAAGCTGATAA,1.04983982829657,1.0770822186249285,1.0973657067886573,1.1115852907331778
Hepatocyte_15weeks_Animal1_Capture1_TCTCTAAGTCGCGAAA,1.00112801758105,1.0117255601203567,1.016900589586428,1.0173994069391048
Hepatocyte_15weeks_Animal1_Capture1_TCTGGAAAGGTAGCTG,0.951810205964505,0.950294905604128,0.9480538989900016,0.9459103500913828
Hepatocyte_15weeks_Animal1_Capture1_TCTTTCCGTCGTCTTC,1.18117833281933,1.1511128588899502,1.122061658848923,1.0951148582069108
Hepatocyte_15weeks_Animal1_Capture1_TGACGGCGTACGACCC,1.29319231509351,1.2554124606887098,1.2197612095762742,1.1871628736115942
Hepatocyte_15weeks_Animal1_Capture1_TGCCCTACAGCTGTAT,0.944905427395849,0.937769646240912,0.9289225330827316,0.919791058545132
Hepatocyte_15weeks_Animal1_Capture1_TGTTCCGTCACAGTAC,1.02852057774685,1.0202842447124632,1.0117349468202808,1.003717450803482
Hepatocyte_15weeks_Animal1_Capture1_TTAGTTCTCAAACAAG,0.927598049752544,0.932254348702217,0.936002107395847,0.93961054328893
Hepatocyte_15weeks_Animal1_Capture1_TTGCCGTAGTCATGCT,1.19736322311873,1.1617064912793549,1.1273078883588137,1.095357380396898
Hepatocyte_15weeks_Animal1_Capture1_TTGCCGTAGTTGAGTA,0.970395270132999,0.9936028111427369,1.009600724980844,1.0196022114314836
Hepatocyte_15weeks_Animal1_Capture2_AAATGCCGTGCGAAAC,1.04115827496152,1.0115791439617057,0.9837380712457456,0.9582122024687058
Hepatocyte_15weeks_Animal1_Capture2_AAGACCTTCAACCAAC,0.973543429012115,0.998971959923594,1.0178441125399924,1.031448440221762
Hepatocyte_15weeks_Animal1_Capture2_AATCCAGAGACCACGA,1.06140529796035,1.0794051190580571,1.089974670532193,1.0946074196015956
Hepatocyte_15weeks_Animal1_Capture2_ACCTTTACAGCCTGTG,1.06416248535906,1.0885595436551443,1.1050049825231092,1.114975752488688
Hepatocyte_15weeks_Animal1_Capture2_ACGGGTCCACCACGTG,0.907934107169174,0.9159492907454267,0.9227391811766262,0.9291654753742123
Hepatocyte_15weeks_Animal1_Capture2_ACTGTCCCATGATCCA,1.02203385265391,1.0073595737134329,0.9923824767890888,0.9781388889105403
Hepatocyte_15weeks_Animal1_Capture2_AGAGCGACAAGTTAAG,1.08446219856734,1.0982962372696716,1.1042001102377592,1.1038467400908314
Hepatocyte_15weeks_Animal1_Capture2_AGAGTGGCAGTGGAGT,1.11498145088214,1.1083255461652226,1.1012146181430218,1.0945600593857836
Hepatocyte_15weeks_Animal1_Capture2_AGGGAGTGTACCATCA,1.04307010427758,1.0426722904553365,1.0414777805118949,1.0403977563898912
Hepatocyte_15weeks_Animal1_Capture2_AGTAGTCCACGCATCG,1.0449797802328,1.0397038927874334,1.0337129940159986,1.027977764602033
Hepatocyte_15weeks_Animal1_Capture2_ATCACGAGTCCAAGTT,1.33223019789794,1.3307695690903518,1.321747850395115,1.3073281522353892
Hepatocyte_15weeks_Animal1_Capture2_ATCATGGAGAGTACAT,1.11801966228635,1.1117582070920224,1.101886715314371,1.0904067633762642
Hepatocyte_15weeks_Animal1_Capture2_ATGCGATCAGTAGAGC,1.13746663755058,1.1649721771968031,1.1834547422882369,1.1945432394414848
Hepatocyte_15weeks_Animal1_Capture2_ATTATCCGTTGTACAC,1.06568611975681,1.029540750310511,0.9929333729564704,0.9560068930052766
Hepatocyte_15weeks_Animal1_Capture2_ATTCTACTCCGATATG,1.03182393485391,1.0186089101358424,1.0054536072641704,0.9931532709176408
Hepatocyte_15weeks_Animal1_Capture2_CAAGTTGAGAGTCGGT,1.12522024039412,1.0952819372655855,1.065306873289677,1.036947152344824
Hepatocyte_15weeks_Animal1_Capture2_CACAGGCCAATCGAAA,1.09318820493821,1.0706017828262815,1.0469298907475886,1.024309202680444
Hepatocyte_15weeks_Animal1_Capture2_CACATAGAGAAGCCCA,1.03689120133583,1.0653485648761594,1.0852613229274664,1.0979908623468475
Hepatocyte_15weeks_Animal1_Capture2_CATATTCTCGGAATCT,0.922412614423123,0.93504991677515,0.9422759501507952,0.945503713107804
Hepatocyte_15weeks_Animal1_Capture2_CCGGTAGAGAGGTACC,1.2325098629626,1.2451685633384473,1.2491073808682691,1.2463108919306565
Hepatocyte_15weeks_Animal1_Capture2_CCTAGCTCATTCTCAT,1.192255012076,1.1620029468959745,1.1319054410780558,1.1034362447773227
Hepatocyte_15weeks_Animal1_Capture2_CCTAGCTGTACTCAAC,0.976530312337358,0.9893961184329108,0.995536644540158,0.9963687931959572
Hepatocyte_15weeks_Animal1_Capture2_CCTATTATCCACGAAT,1.22157602881898,1.176593868449402,1.1349412577813816,1.0967041526559866
Hepatocyte_15weeks_Animal1_Capture2_CGAGCCAAGGGAACGG,1.05599867032562,1.0773190099086851,1.091901735444367,1.1007463013911996
Hepatocyte_15weeks_Animal1_Capture2_CGAGCCACAGGAATGC,1.13682971962619,1.1060846399050823,1.075232597633152,1.0456084166540671
Hepatocyte_15weeks_Animal1_Capture2_CGATGTAGTCTAGCCG,1.12799192570379,1.1066809805075288,1.086077286550084,1.0670245227198123
Hepatocyte_15weeks_Animal1_Capture2_CTGCTGTGTCGGATCC,1.15037158253935,1.162110260510984,1.166321927796342,1.1647582026935257
Hepatocyte_15weeks_Animal1_Capture2_CTGGTCTTCAGTTCGA,1.03684556820479,1.0186474653837856,1.0008514094422074,0.984265852739206
Hepatocyte_15weeks_Animal1_Capture2_CTGTGCTCATTGAGCT,0.974592627686786,0.995091033568968,1.0081122230313804,1.015100361106128
Hepatocyte_15weeks_Animal1_Capture2_GAAATGAAGTTTGCGT,1.10269012693359,1.0765263264886498,1.0515627973572688,1.0284968786178192
Hepatocyte_15weeks_Animal1_Capture2_GAAGCAGCAGTGGGAT,1.38118190708795,1.3857375573929271,1.3817363430987712,1.3713005242319816
Hepatocyte_15weeks_Animal1_Capture2_GACCTGGAGCGATAGC,1.02739666251082,1.0252348581666273,1.0177072281538373,1.0061489530759993
Hepatocyte_15weeks_Animal1_Capture2_GACGGCTAGACTAGGC,1.02900255453804,1.008562777862051,0.9886447907090776,0.9700885091223762
Hepatocyte_15weeks_Animal1_Capture2_GACGTGCCATGGTAGG,0.950803896930345,0.966152210589894,0.9748336860371376,0.9781880463510748
Hepatocyte_15weeks_Animal1_Capture2_GAGCAGATCAGCCTAA,1.05883668684923,1.0880890566176498,1.1098180299056488,1.1251933490946011
Hepatocyte_15weeks_Animal1_Capture2_GATCAGTTCCGCGGTA,1.05497861378997,1.0337386328929552,1.013338725733958,0.9945013681372568
Hepatocyte_15weeks_Animal1_Capture2_GATGAAAAGACTAGAT,1.04371373829083,1.0170558360447122,0.9917946032964564,0.9685187858377868
Hepatocyte_15weeks_Animal1_Capture2_GGAACTTTCCGAATGT,0.982899689970365,0.9823318654899136,0.9779493788349491,0.9705430803435549
Hepatocyte_15weeks_Animal1_Capture2_GGGCATCAGAGTGACC,1.22355305889445,1.1769906081762858,1.1340614437920824,1.0951335514780147
Hepatocyte_15weeks_Animal1_Capture2_GTATCTTCAATCACAC,1.13395058675078,1.0932079377549448,1.054722186280223,1.0190071299515937
Hepatocyte_15weeks_Animal1_Capture2_GTGGGTCGTCGCGTGT,1.21474409964841,1.1801124165178023,1.145825407634843,1.1133400065195582
Hepatocyte_15weeks_Animal1_Capture2_TACGGGCAGCCCGAAA,1.08281565010626,1.0947830450690692,1.0997588904002047,1.0990717212004717
Hepatocyte_15weeks_Animal1_Capture2_TACTCGCAGCGTGAAC,1.02904378132998,1.0235388707039277,1.0168582422834105,1.0102264399810834
Hepatocyte_15weeks_Animal1_Capture2_TACTCGCTCCCTAACC,1.04607576354756,1.0269163352610964,1.006777120736252,0.9871062235938868
Hepatocyte_15weeks_Animal1_Capture2_TAGAGCTTCAGCAACT,1.11852757085254,1.1002221139327253,1.0823147100989456,1.0656562572923085
Hepatocyte_15weeks_Animal1_Capture2_TATCTCAAGTAGGCCA,0.927774242267664,0.9241595171200822,0.920106508615697,0.9163692814692236
Hepatocyte_15weeks_Animal1_Capture2_TCAGCTCAGTTTAGGA,1.01785829885603,1.0458535660297776,1.066555427734725,1.081164046407446
Hepatocyte_15weeks_Animal1_Capture2_TCAGGTAGTGCAACTT,1.11905000851239,1.0967181944877935,1.073538970863132,1.0510909289723394
Hepatocyte_15weeks_Animal1_Capture2_TCGGGACTCATTATCC,1.19342964978185,1.1633227185482664,1.1341211810167715,1.1072755893428277
Hepatocyte_15weeks_Animal1_Capture2_TCTCTAATCCCTGACT,1.07353333059745,1.067327806412022,1.0603641111578332,1.0537314447409054
Hepatocyte_15weeks_Animal1_Capture2_TGACTTTGTAAGGGCT,1.08891619862878,1.0633791090841904,1.038445290801168,1.0152262665112437
Hepatocyte_15weeks_Animal1_Capture2_TGATTTCCAACTTGAC,1.03429143754021,1.0353642823017128,1.035102878169176,1.034622341204804
Hepatocyte_15weeks_Animal1_Capture2_TGCGCAGAGGCTAGGT,1.33733116404473,1.297661910779647,1.2578397153110563,1.2196118561947484
Hepatocyte_15weeks_Animal1_Capture2_TGGGAAGGTTCTGGTA,1.02789470575167,1.0475084495505225,1.059487212356222,1.0653546946471022
Hepatocyte_15weeks_Animal1_Capture2_TGTGTTTAGAGCTGGT,0.957780890516715,0.943375664492934,0.9291135676115316,0.9158263219160544
Hepatocyte_15weeks_Animal1_Capture2_TTAACTCCACAGACAG,1.28021196854152,1.2268809413099868,1.1778434479879127,1.1333935602064158
Hepatocyte_15weeks_Animal1_Capture2_TTAGGCAGTCCCTACT,0.925141466338466,0.9278710898855071,0.9296133395718648,0.9312313741239996
Hepatocyte_15weeks_Animal1_Capture2_TTCGGTCCAGTCCTTC,1.04090198579205,1.0190777396038273,0.9981804492820012,0.9789337402167936
Hepatocyte_15weeks_Animal1_Capture2_TTCGGTCGTCGCATCG,1.03537875710916,1.0204079542001028,1.0045706492587567,0.98923856385594
Hepatocyte_15weeks_Animal1_Capture2_TTCTCAACACCGCTAG,1.04643057674455,1.038253099159231,1.0293049439708857,1.020735196731862
Hepatocyte_15weeks_Animal1_Capture2_TTGAACGCATCGGAAG,1.10616908368221,1.090366667860105,1.0723713503605483,1.053987493057988
Hepatocyte_15weeks_Animal1_Capture2_TTGGCAACATGGGAAC,1.00090464201762,1.026395624627084,1.0438796929233456,1.054788452988041
Hepatocyte_15weeks_Animal3_Capture2_CCACTACCACCGGAAA,1.00954330526546,1.013907621722475,1.0121553615579555,1.0060211934335437
Hepatocyte_15weeks_Animal1_Capture1_CGCCAAGTCGTACGGC,1.01316314964981,1.013390292125684,1.012592834654126,1.0117122096159703
Hepatocyte_15weeks_Animal1_Capture2_CTGAAGTCACGAAACG,0.866839763927105,0.8637588379134694,0.8595209245655052,0.8553247106901132
Hepatocyte_15weeks_Animal1_Capture1_ACCTTTAGTTTGGCGC,1.00638982113806,0.9590788143410112,0.9153767037392332,0.8753297274021326
Hepatocyte_15weeks_Animal1_Capture1_CAGATCAAGAAGGACA,1.00592225235002,0.9597126230604408,0.9168970470657004,0.8773616497367477
Hepatocyte_15weeks_Animal1_Capture1_CGATCGGAGTACTTGC,1.00525216744827,0.94672802916564,0.8935960405768237,0.8453630885947484
Hepatocyte_15weeks_Animal1_Capture1_CGCGTTTGTTAAGTAG,1.00650993789329,0.9551477822433488,0.9079997389723308,0.864925655930606
Hepatocyte_15weeks_Animal1_Capture1_CGGAGTCAGAATAGGG,1.00674939851901,0.9558476193852724,0.9091654509997796,0.866674498932655
Hepatocyte_15weeks_Animal1_Capture1_CTCGGAGGTCCAGTTA,1.00083220915002,0.9445629231336636,0.8933144628009593,0.8467750649746124
Hepatocyte_15weeks_Animal1_Capture1_GACACGCGTAGCTTGT,1.00773615449837,0.9570355715177448,0.9104661503720776,0.8679366296033139
Hepatocyte_15weeks_Animal1_Capture1_GGAGCAATCGGTTCGG,0.946957152092085,0.9039171879062654,0.8640913603069174,0.8276359353397357
Hepatocyte_15weeks_Animal1_Capture1_TTTACTGTCAAGGCTT,1.07586271626059,1.019862027696013,0.9686597762708182,0.9219948730442942
Hepatocyte_15weeks_Animal1_Capture2_CACACTCAGGATCGCA,1.00648965755285,0.9270852526856906,0.8562342481270049,0.7932979053375703
Hepatocyte_15weeks_Animal1_Capture2_TAGTTGGGTCATATCG,1.00329827325444,0.9484792693399392,0.89830080236192,0.8525861270713782
