id,raw_entropy,week
Hepatocyte_15weeks_Animal2_Capture2_AAACCTGCAGCGTAAG,4.851389808089339,15
Hepatocyte_15weeks_Animal2_Capture2_AAACGGGCAGCTCGCA,4.838092719249987,15
Hepatocyte_15weeks_Animal2_Capture2_AAAGATGAGAAGGTTT,5.540359761269149,15
Hepatocyte_15weeks_Animal2_Capture2_AAAGATGCAGTTCATG,5.214005400655405,15
Hepatocyte_15weeks_Animal2_Capture2_AAAGTAGGTTATTCTC,4.775453991264907,15
Hepatocyte_15weeks_Animal2_Capture2_AACACGTGTCTCCACT,4.67012774091797,15
Hepatocyte_15weeks_Animal2_Capture2_AACACGTGTTCCACTC,4.898413067209386,15
Hepatocyte_15weeks_Animal2_Capture2_AACACGTTCGGTGTTA,5.479366698614227,15
Hepatocyte_15weeks_Animal2_Capture2_AACCGCGAGCTGCAAG,5.076708937916379,15
Hepatocyte_15weeks_Animal2_Capture2_AACCGCGTCACGATGT,5.30853134554134,15
Hepatocyte_15weeks_Animal2_Capture2_AACCGCGTCGACAGCC,4.8337392864506645,15
Hepatocyte_15weeks_Animal2_Capture2_AACTCTTAGCCTATGT,5.191029777913741,15
Hepatocyte_15weeks_Animal2_Capture2_AACTTTCAGAAGGACA,5.119464536441609,15
Hepatocyte_15weeks_Animal2_Capture2_AACTTTCCATTATCTC,5.016430079196542,15
Hepatocyte_15weeks_Animal2_Capture2_AAGACCTTCCTGCCAT,4.742830015078468,15
Hepatocyte_15weeks_Animal2_Capture2_AAGCCGCGTAACGTTC,4.753251066445549,15
Hepatocyte_15weeks_Animal2_Capture2_AAGGAGCGTTCAGACT,5.464792576694125,15
Hepatocyte_15weeks_Animal2_Capture2_AAGGCAGAGCCCAATT,5.276773009349738,15
Hepatocyte_15weeks_Animal2_Capture2_AAGGCAGCATCCGGGT,5.1500414023344465,15
Hepatocyte_15weeks_Animal2_Capture2_AAGGTTCCACCAGGTC,4.836379914087856,15
Hepatocyte_15weeks_Animal2_Capture2_AAGTCTGCAATGAATG,4.678076845207155,15
Hepatocyte_15weeks_Animal2_Capture2_AAGTCTGGTGAAGGCT,4.950545247659266,15
Hepatocyte_15weeks_Animal2_Capture2_AATCGGTGTTTGTTTC,5.460101124664513,15
Hepatocyte_15weeks_Animal2_Capture2_ACACCAAAGTGCAAGC,4.6795709485033035,15
Hepatocyte_15weeks_Animal2_Capture2_ACACCAACATGTAAGA,4.997915375776184,15
Hepatocyte_15weeks_Animal2_Capture2_ACACCAAGTCTCCATC,5.039059404091083,15
Hepatocyte_15weeks_Animal2_Capture2_ACACCCTCACTAAGTC,5.690272952585295,15
Hepatocyte_15weeks_Animal2_Capture2_ACACCGGGTCGCGAAA,6.017281129868572,15
Hepatocyte_15weeks_Animal2_Capture2_ACACCGGGTTCCCGAG,4.995080946376856,15
Hepatocyte_15weeks_Animal2_Capture2_ACAGCCGAGTGGTAGC,4.836930802535113,15
Hepatocyte_15weeks_Animal2_Capture2_ACATGGTCAATGCCAT,4.851284893519154,15
Hepatocyte_15weeks_Animal2_Capture2_ACCAGTATCAGAGCTT,4.724778235076487,15
Hepatocyte_15weeks_Animal2_Capture2_ACCCACTAGTGGGATC,5.24227882341758,15
Hepatocyte_15weeks_Animal2_Capture2_ACCCACTGTCTAAACC,4.637465756610645,15
Hepatocyte_15weeks_Animal2_Capture2_ACCTTTAAGAATGTTG,5.02297274779276,15
Hepatocyte_15weeks_Animal2_Capture2_ACCTTTACAAGGTTCT,4.911627645320335,15
Hepatocyte_15weeks_Animal2_Capture2_ACGAGCCTCGTCTGCT,4.964946374189324,15
Hepatocyte_15weeks_Animal2_Capture2_ACGATACGTAAGAGAG,5.355375870810069,15
Hepatocyte_15weeks_Animal2_Capture2_ACGATGTTCACCCTCA,4.848343031996195,15
Hepatocyte_15weeks_Animal2_Capture2_ACGATGTTCACGGTTA,5.00884601415107,15
Hepatocyte_15weeks_Animal2_Capture2_ACGCCAGAGTATTGGA,5.2401670949927475,15
Hepatocyte_15weeks_Animal2_Capture2_ACGCCAGTCCCTGACT,4.839157516840834,15
Hepatocyte_15weeks_Animal2_Capture2_ACGGAGACACAACGCC,5.354451997987992,15
Hepatocyte_15weeks_Animal2_Capture2_ACGGAGAGTGTATGGG,5.242441128085264,15
Hepatocyte_15weeks_Animal2_Capture2_ACGGCCACAAGGCTCC,4.930062621330718,15
Hepatocyte_15weeks_Animal2_Capture2_ACGGCCACATCACGAT,5.778367552210387,15
Hepatocyte_15weeks_Animal2_Capture2_ACGGGCTCATGGTAGG,4.93815662722421,15
Hepatocyte_15weeks_Animal2_Capture2_ACGGGCTTCGTCACGG,4.838925465285868,15
Hepatocyte_15weeks_Animal2_Capture2_ACGTCAATCCGCGCAA,4.926694078345109,15
Hepatocyte_15weeks_Animal2_Capture2_ACTGAACAGGGCTCTC,4.78898581468032,15
Hepatocyte_15weeks_Animal2_Capture2_ACTGATGTCTGCCAGG,4.895707607402391,15
Hepatocyte_15weeks_Animal2_Capture2_ACTTACTTCATTATCC,5.048451757691204,15
Hepatocyte_15weeks_Animal2_Capture2_ACTTGTTTCCTGCCAT,5.09214390271549,15
Hepatocyte_15weeks_Animal2_Capture2_ACTTTCACACTCGACG,5.486904856240324,15
Hepatocyte_15weeks_Animal2_Capture2_AGAATAGTCACGACTA,4.95216005124536,15
Hepatocyte_15weeks_Animal2_Capture2_AGAGCGATCTGTCTCG,4.856121632475746,15
Hepatocyte_15weeks_Animal2_Capture2_AGAGCTTAGATCTGCT,5.000390710549785,15
Hepatocyte_15weeks_Animal2_Capture2_AGATCTGCACCGATAT,5.045498332015001,15
Hepatocyte_15weeks_Animal2_Capture2_AGATTGCTCCCAACGG,5.7442780476609325,15
Hepatocyte_15weeks_Animal2_Capture2_AGCATACTCCACGTTC,4.795671131866776,15
Hepatocyte_15weeks_Animal2_Capture2_AGCGGTCAGATGTAAC,4.635576607305349,15
Hepatocyte_15weeks_Animal2_Capture2_AGCGGTCAGCGATGAC,4.9495212311726515,15
Hepatocyte_15weeks_Animal2_Capture2_AGCGGTCCAAGAGTCG,5.278162607939237,15
Hepatocyte_15weeks_Animal2_Capture2_AGCGGTCCAAGCTGAG,5.458901709164666,15
Hepatocyte_15weeks_Animal2_Capture2_AGCGTCGTCACTATTC,5.011284400169466,15
Hepatocyte_15weeks_Animal2_Capture2_AGCTCCTTCGCGCCAA,4.967108658247019,15
Hepatocyte_15weeks_Animal2_Capture2_AGCTTGAAGTATCGAA,4.811209431012243,15
Hepatocyte_15weeks_Animal2_Capture2_AGCTTGACACGAAACG,5.503822658350638,15
Hepatocyte_15weeks_Animal2_Capture2_AGGCCACAGCTAACAA,5.057234606492555,15
Hepatocyte_15weeks_Animal2_Capture2_AGGCCGTAGTAAGTAC,5.131928889014723,15
Hepatocyte_15weeks_Animal2_Capture2_AGGGAGTGTGCCTTGG,4.804819577512422,15
Hepatocyte_15weeks_Animal2_Capture2_AGGGAGTGTTTGGGCC,4.998586675847947,15
Hepatocyte_15weeks_Animal2_Capture2_AGGGATGAGACACTAA,4.667051750403287,15
Hepatocyte_15weeks_Animal2_Capture2_AGGGATGCAGATCGGA,4.790411797226103,15
Hepatocyte_15weeks_Animal2_Capture2_AGGGTGATCAAGGCTT,4.85649595662421,15
Hepatocyte_15weeks_Animal2_Capture2_AGTGGGACATAACCTG,5.318631055431496,15
Hepatocyte_15weeks_Animal2_Capture2_AGTGTCAGTCTCTTTA,5.174909585318847,15
Hepatocyte_15weeks_Animal2_Capture2_ATAAGAGCAATGGATA,4.936026303379634,15
Hepatocyte_15weeks_Animal2_Capture2_ATAAGAGCATGAACCT,4.766803035040472,15
Hepatocyte_15weeks_Animal2_Capture2_ATAGACCCACATTAGC,4.9289512517531415,15
Hepatocyte_15weeks_Animal2_Capture2_ATCACGAAGACTACAA,4.851398732336167,15
Hepatocyte_15weeks_Animal2_Capture2_ATCACGACACGAAATA,5.5611182036033275,15
Hepatocyte_15weeks_Animal2_Capture2_ATCACGAGTAGCGTCC,5.026165864374226,15
Hepatocyte_15weeks_Animal2_Capture2_ATCATCTAGCGACGTA,4.944727089473033,15
Hepatocyte_15weeks_Animal2_Capture2_ATCCACCAGTAACCCT,4.782453397537979,15
Hepatocyte_15weeks_Animal2_Capture2_ATCCACCTCAGTTCGA,4.7374885482644125,15
Hepatocyte_15weeks_Animal2_Capture2_ATCCACCTCTCTAAGG,5.203430467243881,15
Hepatocyte_15weeks_Animal2_Capture2_ATCCGAATCCGTTGTC,5.012409564178215,15
Hepatocyte_15weeks_Animal2_Capture2_ATCTGCCAGGGTTTCT,5.143003927446241,15
Hepatocyte_15weeks_Animal2_Capture2_ATCTGCCCATGCATGT,5.325585334041463,15
Hepatocyte_15weeks_Animal2_Capture2_ATGAGGGGTTACGACT,5.395075124071003,15
Hepatocyte_15weeks_Animal2_Capture2_ATGAGGGTCTCCTATA,5.624370784863677,15
Hepatocyte_15weeks_Animal2_Capture2_ATGGGAGCAGCCTTTC,4.851596211959961,15
Hepatocyte_15weeks_Animal2_Capture2_ATGTGTGAGGCTACGA,5.442152152168134,15
Hepatocyte_15weeks_Animal2_Capture2_ATTACTCCAATTGCTG,4.917990443563808,15
Hepatocyte_15weeks_Animal2_Capture2_ATTATCCCACGGACAA,5.410948536908633,15
Hepatocyte_15weeks_Animal2_Capture2_ATTCTACCAGTCGTGC,4.923928591282683,15
Hepatocyte_15weeks_Animal2_Capture2_ATTGGACCAAAGTCAA,5.091943311920293,15
Hepatocyte_15weeks_Animal2_Capture2_ATTGGACCAGGTTTCA,4.917968480886131,15
Hepatocyte_15weeks_Animal2_Capture2_ATTGGACGTAATAGCA,5.106901969594018,15
Hepatocyte_15weeks_Animal2_Capture2_ATTGGACGTTGCCTCT,5.34209296607002,15
Hepatocyte_15weeks_Animal2_Capture2_ATTTCTGTCACCAGGC,5.719938491265989,15
Hepatocyte_15weeks_Animal2_Capture2_CAACCAAAGCTGATAA,5.350826120433546,15
Hepatocyte_15weeks_Animal2_Capture2_CAACCAAGTATCAGTC,5.2675624092675335,15
Hepatocyte_15weeks_Animal2_Capture2_CAACCAAGTGTAATGA,5.830897776415131,15
Hepatocyte_15weeks_Animal2_Capture2_CAACCTCCAAGAGTCG,5.013646341672638,15
Hepatocyte_15weeks_Animal2_Capture2_CAAGATCCATCATCCC,5.057869366160918,15
Hepatocyte_15weeks_Animal2_Capture2_CAAGTTGAGTACGTTC,4.79036278641969,15
Hepatocyte_15weeks_Animal2_Capture2_CACACAAGTCGAGTTT,5.002136813505808,15
Hepatocyte_15weeks_Animal2_Capture2_CACACCTAGAGTACCG,4.779673578512588,15
Hepatocyte_15weeks_Animal2_Capture2_CACCACTTCAGTGCAT,5.033979711192346,15
Hepatocyte_15weeks_Animal2_Capture2_CACCAGGTCGATGAGG,4.942140626558894,15
Hepatocyte_15weeks_Animal2_Capture2_CACCTTGAGACTTGAA,5.097296538062476,15
Hepatocyte_15weeks_Animal2_Capture2_CACTCCAAGGTAGCTG,4.956642491156134,15
Hepatocyte_15weeks_Animal2_Capture2_CACTCCAAGGTGTTAA,4.847369291452933,15
Hepatocyte_15weeks_Animal2_Capture2_CAGAGAGGTCTAAAGA,4.960846687539005,15
Hepatocyte_15weeks_Animal2_Capture2_CAGATCATCTGTTGAG,4.855776607366906,15
Hepatocyte_15weeks_Animal2_Capture2_CAGCATAGTAAGGATT,5.3895136626067,15
Hepatocyte_15weeks_Animal2_Capture2_CAGCATATCAACACTG,4.751263779449203,15
Hepatocyte_15weeks_Animal2_Capture2_CAGCCGACACAACTGT,4.783551586291128,15
Hepatocyte_15weeks_Animal2_Capture2_CAGCGACCATTCCTCG,5.04244378301238,15
Hepatocyte_15weeks_Animal2_Capture2_CAGCTAAGTCCAACTA,4.798483838588076,15
Hepatocyte_15weeks_Animal2_Capture2_CAGCTGGCAAACTGCT,5.035773901640486,15
Hepatocyte_15weeks_Animal2_Capture2_CAGCTGGGTAAATACG,4.805161674868519,15
Hepatocyte_15weeks_Animal2_Capture2_CAGGTGCCACACATGT,4.89644242989416,15
Hepatocyte_15weeks_Animal2_Capture2_CAGGTGCCATGAAGTA,4.938815080930127,15
Hepatocyte_15weeks_Animal2_Capture2_CAGGTGCTCAGCTGGC,4.751040338821072,15
Hepatocyte_15weeks_Animal2_Capture2_CAGGTGCTCATTTGGG,4.974206930334017,15
Hepatocyte_15weeks_Animal2_Capture2_CATATGGTCCTCGCAT,5.112771430011385,15
Hepatocyte_15weeks_Animal2_Capture2_CATCAAGGTAGTAGTA,5.63253284005686,15
Hepatocyte_15weeks_Animal2_Capture2_CATCGGGAGCCCGAAA,4.9509354682449755,15
Hepatocyte_15weeks_Animal2_Capture2_CATCGGGCACGACGAA,4.713817392202391,15
Hepatocyte_15weeks_Animal2_Capture2_CATCGGGTCAGCTGGC,5.539379012831117,15
Hepatocyte_15weeks_Animal2_Capture2_CATGACAAGCTGTCTA,5.117917165580079,15
Hepatocyte_15weeks_Animal2_Capture2_CATGCCTCAGACGTAG,4.784987380412163,15
Hepatocyte_15weeks_Animal2_Capture2_CATGCCTTCTCTAGGA,5.132711282600415,15
Hepatocyte_15weeks_Animal2_Capture2_CCACCTATCTGGAGCC,5.061400429275743,15
Hepatocyte_15weeks_Animal2_Capture2_CCCAGTTTCAGAGGTG,5.126625352041673,15
Hepatocyte_15weeks_Animal2_Capture2_CCCATACCACCACCAG,5.317011254661381,15
Hepatocyte_15weeks_Animal2_Capture2_CCCTCCTCAGGTGGAT,4.833872005078918,15
Hepatocyte_15weeks_Animal2_Capture2_CCCTCCTGTCTTGCGG,5.014160838742509,15
Hepatocyte_15weeks_Animal2_Capture2_CCGGTAGTCCTTCAAT,4.985712308291198,15
Hepatocyte_15weeks_Animal2_Capture2_CCGTACTAGGCATTGG,4.902360150892337,15
Hepatocyte_15weeks_Animal2_Capture2_CCGTACTCAAAGAATC,5.138773933580511,15
Hepatocyte_15weeks_Animal2_Capture2_CCGTTCACAGGGCATA,5.025979587590218,15
Hepatocyte_15weeks_Animal2_Capture2_CCTAAAGCATTCTTAC,4.806575335791201,15
Hepatocyte_15weeks_Animal2_Capture2_CCTACCAGTCAATACC,4.965245727182374,15
Hepatocyte_15weeks_Animal2_Capture2_CCTAGCTTCAACGAAA,4.72742916294901,15
Hepatocyte_15weeks_Animal2_Capture2_CCTCAGTGTGCGATAG,4.779332838169163,15
Hepatocyte_15weeks_Animal2_Capture2_CCTTACGCAGATGGGT,4.9193254672028495,15
Hepatocyte_15weeks_Animal2_Capture2_CCTTACGCAGCCTTGG,4.974239710839818,15
Hepatocyte_15weeks_Animal2_Capture2_CCTTCCCCATTGGTAC,5.0844462617106245,15
Hepatocyte_15weeks_Animal2_Capture2_CCTTCCCTCTGTTGAG,4.787548373145162,15
Hepatocyte_15weeks_Animal2_Capture2_CCTTCGAAGAGAGCTC,5.333715982449663,15
Hepatocyte_15weeks_Animal2_Capture2_CGAACATAGTACGCCC,4.8401602509590855,15
Hepatocyte_15weeks_Animal2_Capture2_CGAACATAGTCCGGTC,4.92241054623087,15
Hepatocyte_15weeks_Animal2_Capture2_CGACCTTGTCATTAGC,4.858682442322932,15
Hepatocyte_15weeks_Animal2_Capture2_CGAGCACAGACTAAGT,5.375319474809987,15
Hepatocyte_15weeks_Animal2_Capture2_CGAGCCACAGGTGGAT,5.558443831022443,15
Hepatocyte_15weeks_Animal2_Capture2_CGATGTATCCCAGGTG,4.886802369227679,15
Hepatocyte_15weeks_Animal2_Capture2_CGATTGAGTTGTGGAG,4.878489055200429,15
Hepatocyte_15weeks_Animal2_Capture2_CGCGGTATCCACGTTC,4.8883179947231215,15
Hepatocyte_15weeks_Animal2_Capture2_CGCTGGAAGCTTATCG,4.8574903965573135,15
Hepatocyte_15weeks_Animal2_Capture2_CGCTTCATCACGCATA,4.826498679230374,15
Hepatocyte_15weeks_Animal2_Capture2_CGGACACAGCTAGTCT,4.810289158755378,15
Hepatocyte_15weeks_Animal2_Capture2_CGGACACTCCGATATG,4.85785605786994,15
Hepatocyte_15weeks_Animal2_Capture2_CGGACGTCAATGGACG,4.95945291215831,15
Hepatocyte_15weeks_Animal2_Capture2_CGGAGTCAGATGCCTT,5.139151607482364,15
Hepatocyte_15weeks_Animal2_Capture2_CGGGTCATCTCCAGGG,4.828196683962128,15
Hepatocyte_15weeks_Animal2_Capture2_CGGTTAATCATGGTCA,5.232428518929318,15
Hepatocyte_15weeks_Animal2_Capture2_CGTAGCGAGTACGTAA,4.775972102113936,15
Hepatocyte_15weeks_Animal2_Capture2_CGTAGCGGTAAGGATT,5.604100794734942,15
Hepatocyte_15weeks_Animal2_Capture2_CGTAGCGGTATATGAG,4.952395638669444,15
Hepatocyte_15weeks_Animal2_Capture2_CGTCACTTCAGGTTCA,5.4495377846240185,15
Hepatocyte_15weeks_Animal2_Capture2_CGTCTACAGACCGGAT,4.8287838270256325,15
Hepatocyte_15weeks_Animal2_Capture2_CGTCTACAGCCACGTC,5.202486823965221,15
Hepatocyte_15weeks_Animal2_Capture2_CGTCTACCATGGTAGG,5.037736034686395,15
Hepatocyte_15weeks_Animal2_Capture2_CGTGAGCAGGGATCTG,4.997993422075592,15
Hepatocyte_15weeks_Animal2_Capture2_CGTGTAATCAGGCGAA,5.018177744900358,15
Hepatocyte_15weeks_Animal2_Capture2_CGTTCTGGTCAACTGT,4.871963536946209,15
Hepatocyte_15weeks_Animal2_Capture2_CGTTGGGGTCGGCACT,4.724502790355848,15
Hepatocyte_15weeks_Animal2_Capture2_CGTTGGGTCCTGCCAT,4.951884892957275,15
Hepatocyte_15weeks_Animal2_Capture2_CGTTGGGTCCTTGACC,4.899204182856959,15
Hepatocyte_15weeks_Animal2_Capture2_CTAATGGCATATGCTG,5.1870619842175465,15
Hepatocyte_15weeks_Animal2_Capture2_CTACACCTCAGCTTAG,5.002693159313818,15
Hepatocyte_15weeks_Animal2_Capture2_CTACCCACATCGGAAG,4.833566275455031,15
Hepatocyte_15weeks_Animal2_Capture2_CTACGTCTCCCTTGCA,5.537857043275344,15
Hepatocyte_15weeks_Animal2_Capture2_CTAGAGTAGCTCCTTC,4.914211325508836,15
Hepatocyte_15weeks_Animal2_Capture2_CTAGCCTAGCGGCTTC,4.949354747259825,15
Hepatocyte_15weeks_Animal2_Capture2_CTAGTGACAATCACAC,4.983658898644804,15
Hepatocyte_15weeks_Animal2_Capture2_CTCGAAAAGGAGTAGA,5.025971703628212,15
Hepatocyte_15weeks_Animal2_Capture2_CTCGAAACAGTATAAG,5.035887873129212,15
Hepatocyte_15weeks_Animal2_Capture2_CTCGAAATCCAGTAGT,5.055790096137007,15
Hepatocyte_15weeks_Animal2_Capture2_CTCGGAGGTCCTCTTG,5.0937331923446285,15
Hepatocyte_15weeks_Animal2_Capture2_CTCGGAGTCGCTTAGA,5.038552380496226,15
Hepatocyte_15weeks_Animal2_Capture2_CTCGTCAAGGTTCCTA,4.663351092077913,15
Hepatocyte_15weeks_Animal2_Capture2_CTCTACGCAGTCGATT,5.090999183013474,15
Hepatocyte_15weeks_Animal2_Capture2_CTCTACGTCGGTCCGA,4.867562432167611,15
Hepatocyte_15weeks_Animal2_Capture2_CTCTGGTAGTAACCCT,4.950250689034232,15
Hepatocyte_15weeks_Animal2_Capture2_CTCTGGTCAGCTCGCA,5.231450266377902,15
Hepatocyte_15weeks_Animal2_Capture2_CTGAAACGTAGTACCT,4.900084011595698,15
Hepatocyte_15weeks_Animal2_Capture2_CTGAAGTCACCACCAG,5.0901549675113555,15
Hepatocyte_15weeks_Animal2_Capture2_CTGAAGTCAGACGCTC,4.935451316019275,15
Hepatocyte_15weeks_Animal2_Capture2_CTGATAGTCAGTACGT,5.056119349485144,15
Hepatocyte_15weeks_Animal2_Capture2_CTGATAGTCGCCATAA,4.93948657111852,15
Hepatocyte_15weeks_Animal2_Capture2_CTGCCTAGTAAATGTG,4.7372234640539155,15
Hepatocyte_15weeks_Animal2_Capture2_CTGCCTAGTACCGAGA,5.086863827260572,15
Hepatocyte_15weeks_Animal2_Capture2_CTGCGGAAGATAGGAG,4.863774234664632,15
Hepatocyte_15weeks_Animal2_Capture2_CTGCTGTCAGATTGCT,5.673378250483822,15
Hepatocyte_15weeks_Animal2_Capture2_CTGCTGTCATCCCACT,4.967840934249174,15
Hepatocyte_15weeks_Animal2_Capture2_CTGTTTAAGAGGTTAT,4.978683547630365,15
Hepatocyte_15weeks_Animal2_Capture2_CTGTTTATCGGATGGA,4.821655749689111,15
Hepatocyte_15weeks_Animal2_Capture2_CTTAACTAGGGTCTCC,4.876924045800855,15
Hepatocyte_15weeks_Animal2_Capture2_CTTACCGCACCAACCG,5.057071998439071,15
Hepatocyte_15weeks_Animal2_Capture2_CTTAGGAAGACCTTTG,5.372776085843176,15
Hepatocyte_15weeks_Animal2_Capture2_CTTAGGAAGGGCATGT,4.8542240738799585,15
Hepatocyte_15weeks_Animal2_Capture2_CTTAGGACAAGTTGTC,4.802315968959599,15
Hepatocyte_15weeks_Animal2_Capture2_CTTCTCTAGCCTTGAT,4.8819910664045905,15
Hepatocyte_15weeks_Animal2_Capture2_CTTTGCGCACCGTTGG,4.862241673240165,15
Hepatocyte_15weeks_Animal2_Capture2_CTTTGCGTCTGTTTGT,4.842034820325214,15
Hepatocyte_15weeks_Animal2_Capture2_CTTTGCGTCTTGTTTG,4.973806310012505,15
Hepatocyte_15weeks_Animal2_Capture2_GAAACTCTCTGTTTGT,5.412509901253928,15
Hepatocyte_15weeks_Animal2_Capture2_GAAATGAAGCGATGAC,4.897010866216965,15
Hepatocyte_15weeks_Animal2_Capture2_GAACATCAGTCCAGGA,5.374787314851181,15
Hepatocyte_15weeks_Animal2_Capture2_GAACATCCAGTAACGG,5.015963443981024,15
Hepatocyte_15weeks_Animal2_Capture2_GAACATCGTACGCTGC,5.284334312089092,15
Hepatocyte_15weeks_Animal2_Capture2_GAAGCAGAGCTCCTCT,4.832637905673699,15
Hepatocyte_15weeks_Animal2_Capture2_GAAGCAGCACGGCGTT,5.009741095722793,15
Hepatocyte_15weeks_Animal2_Capture2_GAATAAGCAAAGAATC,5.061038358968889,15
Hepatocyte_15weeks_Animal2_Capture2_GAATAAGCATCCCATC,4.813876848900692,15
Hepatocyte_15weeks_Animal2_Capture2_GAATGAACACGGCCAT,4.925650802902894,15
Hepatocyte_15weeks_Animal2_Capture2_GAATGAAGTGTGACGA,4.972588226116368,15
Hepatocyte_15weeks_Animal2_Capture2_GAATGAATCCGTCAAA,4.769620757921025,15
Hepatocyte_15weeks_Animal2_Capture2_GACAGAGGTTATGTGC,5.018979261792979,15
Hepatocyte_15weeks_Animal2_Capture2_GACAGAGTCTTGTACT,4.723226231752443,15
Hepatocyte_15weeks_Animal2_Capture2_GACCAATAGAATTGTG,4.852206227726226,15
Hepatocyte_15weeks_Animal2_Capture2_GACGCGTTCGTGGGAA,5.361733097454293,15
Hepatocyte_15weeks_Animal2_Capture2_GACGGCTTCCCATTTA,4.663610140176109,15
Hepatocyte_15weeks_Animal2_Capture2_GACGGCTTCTGCTGTC,4.892848393580619,15
Hepatocyte_15weeks_Animal2_Capture2_GACTGCGTCCAGTAGT,4.873362169703867,15
Hepatocyte_15weeks_Animal2_Capture2_GAGGTGAGTCACCCAG,5.273703801029329,15
Hepatocyte_15weeks_Animal2_Capture2_GAGTCCGAGAGTCGGT,4.663614797270934,15
Hepatocyte_15weeks_Animal2_Capture2_GATCAGTAGTGGCACA,4.853252092253347,15
Hepatocyte_15weeks_Animal2_Capture2_GATCGATGTGACGCCT,5.142099715850556,15
Hepatocyte_15weeks_Animal2_Capture2_GATCGCGTCTATCCCG,4.824139262034793,15
Hepatocyte_15weeks_Animal2_Capture2_GATCGTACAACCGCCA,5.390086277595035,15
Hepatocyte_15weeks_Animal2_Capture2_GATCGTAGTATGGTTC,5.15421022411414,15
Hepatocyte_15weeks_Animal2_Capture2_GATCTAGTCGAGAGCA,4.7070113239920754,15
Hepatocyte_15weeks_Animal2_Capture2_GATCTAGTCTCGAGTA,4.753281892480971,15
Hepatocyte_15weeks_Animal2_Capture2_GATGAAAAGCTAGCCC,4.759684864725481,15
Hepatocyte_15weeks_Animal2_Capture2_GATGAGGCACCTCGTT,5.056858312781209,15
Hepatocyte_15weeks_Animal2_Capture2_GATGAGGTCTCACATT,4.9244263111571245,15
Hepatocyte_15weeks_Animal2_Capture2_GATGCTAGTAAATGTG,4.939697405275767,15
Hepatocyte_15weeks_Animal2_Capture2_GATGCTAGTCATCCCT,5.492314453840026,15
Hepatocyte_15weeks_Animal2_Capture2_GATGCTAGTTCAGGCC,5.592026394668308,15
Hepatocyte_15weeks_Animal2_Capture2_GATGCTATCTCCCTGA,4.805083696650266,15
Hepatocyte_15weeks_Animal2_Capture2_GATTCAGAGCTGATAA,4.954724581461377,15
Hepatocyte_15weeks_Animal2_Capture2_GATTCAGCAACGATGG,5.12226155250475,15
Hepatocyte_15weeks_Animal2_Capture2_GCAAACTTCTTGCATT,5.126773018162448,15
Hepatocyte_15weeks_Animal2_Capture2_GCACATATCTCGTATT,5.557887712566105,15
Hepatocyte_15weeks_Animal2_Capture2_GCACTCTAGGGCACTA,5.392092661153083,15
Hepatocyte_15weeks_Animal2_Capture2_GCAGCCATCTTTCCTC,5.193173813646347,15
Hepatocyte_15weeks_Animal2_Capture2_GCATGCGGTTCGTGAT,5.04807948289919,15
Hepatocyte_15weeks_Animal2_Capture2_GCATGCGGTTGGTAAA,5.080448759590228,15
Hepatocyte_15weeks_Animal2_Capture2_GCATGTATCAACACCA,4.784411350822319,15
Hepatocyte_15weeks_Animal2_Capture2_GCCAAATTCGACCAGC,5.058727194971376,15
Hepatocyte_15weeks_Animal2_Capture2_GCCTCTACACTTACGA,4.732993117348634,15
Hepatocyte_15weeks_Animal2_Capture2_GCGCAACTCTAACTCT,5.0893075362628455,15
Hepatocyte_15weeks_Animal2_Capture2_GCGCAACTCTCCCTGA,4.845714803561187,15
Hepatocyte_15weeks_Animal2_Capture2_GCGCGATAGAACTGTA,4.850475724728033,15
Hepatocyte_15weeks_Animal2_Capture2_GCTCCTACACCCATTC,4.9828191515447875,15
Hepatocyte_15weeks_Animal2_Capture2_GCTCTGTCATGCAATC,4.580310566700657,15
Hepatocyte_15weeks_Animal2_Capture2_GCTCTGTTCACGAAGG,5.293572387274901,15
Hepatocyte_15weeks_Animal2_Capture2_GCTGCAGAGCCAGTTT,4.812859330485379,15
Hepatocyte_15weeks_Animal2_Capture2_GCTGCAGCACATTCGA,4.782076856735737,15
Hepatocyte_15weeks_Animal2_Capture2_GCTGCAGCACCAGTTA,5.087309862883741,15
Hepatocyte_15weeks_Animal2_Capture2_GCTGCTTGTCTCTCTG,5.082256476204166,15
Hepatocyte_15weeks_Animal2_Capture2_GCTGGGTCATCCTAGA,5.184200105918535,15
Hepatocyte_15weeks_Animal2_Capture2_GCTGGGTGTACACCGC,5.013210562279664,15
Hepatocyte_15weeks_Animal2_Capture2_GCTTCCATCATTCACT,4.945777631165787,15
Hepatocyte_15weeks_Animal2_Capture2_GCTTCCATCGCCTGTT,4.808648664396047,15
Hepatocyte_15weeks_Animal2_Capture2_GCTTCCATCTGTCTAT,4.779607610173492,15
Hepatocyte_15weeks_Animal2_Capture2_GCTTGAACACCATCCT,4.8119344033982685,15
Hepatocyte_15weeks_Animal2_Capture2_GCTTGAATCTTTAGGG,5.040258641240228,15
Hepatocyte_15weeks_Animal2_Capture2_GGACAAGTCCGATATG,4.947218249951272,15
Hepatocyte_15weeks_Animal2_Capture2_GGACATTCACATGGGA,4.8990041302927265,15
Hepatocyte_15weeks_Animal2_Capture2_GGACGTCTCCTAGAAC,4.92707069814331,15
Hepatocyte_15weeks_Animal2_Capture2_GGATGTTAGCTAGTTC,5.47374885742121,15
Hepatocyte_15weeks_Animal2_Capture2_GGATTACGTCTTTCAT,4.869973736423418,15
Hepatocyte_15weeks_Animal2_Capture2_GGCCGATCAGGTGGAT,5.505447239207099,15
Hepatocyte_15weeks_Animal2_Capture2_GGCCGATGTAATCACC,4.953813435091288,15
Hepatocyte_15weeks_Animal2_Capture2_GGCGTGTGTTGGTGGA,5.140500336014543,15
Hepatocyte_15weeks_Animal2_Capture2_GGCTCGAGTCGTGGCT,5.523211030933796,15
Hepatocyte_15weeks_Animal2_Capture2_GGCTCGATCGGCGCTA,4.9095598567320575,15
Hepatocyte_15weeks_Animal2_Capture2_GGCTGGTGTACAGACG,4.761490272848717,15
Hepatocyte_15weeks_Animal2_Capture2_GGCTGGTGTTTCCACC,5.098868024997975,15
Hepatocyte_15weeks_Animal2_Capture2_GGGAATGAGCAATATG,5.430561492323623,15
Hepatocyte_15weeks_Animal2_Capture2_GGGAGATCAGTCGATT,5.089216292065197,15
Hepatocyte_15weeks_Animal2_Capture2_GGGCACTGTTTGTTGG,4.9823496186433935,15
Hepatocyte_15weeks_Animal2_Capture2_GGGCACTTCCCTTGTG,4.822993838211383,15
Hepatocyte_15weeks_Animal2_Capture2_GGGTCTGCATACAGCT,5.438315225992937,15
Hepatocyte_15weeks_Animal2_Capture2_GGTATTGGTGTGAAAT,4.928324514922052,15
Hepatocyte_15weeks_Animal2_Capture2_GGTGAAGCAGTGACAG,5.158089339221177,15
Hepatocyte_15weeks_Animal2_Capture2_GGTGAAGGTACAGACG,4.848784919001639,15
Hepatocyte_15weeks_Animal2_Capture2_GGTGTTATCGGAATCT,4.736527406466511,15
Hepatocyte_15weeks_Animal2_Capture2_GTACGTATCGCTGATA,4.7498456293624605,15
Hepatocyte_15weeks_Animal2_Capture2_GTACGTATCTCGCATC,4.886251882528732,15
Hepatocyte_15weeks_Animal2_Capture2_GTACTCCCACCAGGCT,4.863464818405052,15
Hepatocyte_15weeks_Animal2_Capture2_GTACTCCGTAACGACG,5.003394014245675,15
Hepatocyte_15weeks_Animal2_Capture2_GTAGGCCGTAAGAGAG,4.693845983130587,15
Hepatocyte_15weeks_Animal2_Capture2_GTATCTTAGAGCTTCT,4.864746420972421,15
Hepatocyte_15weeks_Animal2_Capture2_GTATCTTCAATCACAC,5.075541447345406,15
Hepatocyte_15weeks_Animal2_Capture2_GTATCTTGTAGGCTGA,4.732312847638484,15
Hepatocyte_15weeks_Animal2_Capture2_GTCACAACACTCAGGC,5.01104123209689,15
Hepatocyte_15weeks_Animal2_Capture2_GTCATTTGTCCTCTTG,4.865264005550776,15
Hepatocyte_15weeks_Animal2_Capture2_GTCATTTTCAGGCAAG,5.129556939767845,15
Hepatocyte_15weeks_Animal2_Capture2_GTCCTCACACCTATCC,4.759892656175192,15
Hepatocyte_15weeks_Animal2_Capture2_GTGCATATCTTACCTA,4.6636525416164005,15
Hepatocyte_15weeks_Animal2_Capture2_GTGCGGTGTTCCACGG,5.040121324149357,15
Hepatocyte_15weeks_Animal2_Capture2_GTGCTTCCACCATGTA,5.1823766260494875,15
Hepatocyte_15weeks_Animal2_Capture2_GTGGGTCGTCAACTGT,5.062935708462472,15
Hepatocyte_15weeks_Animal2_Capture2_GTGGGTCTCAGCGACC,5.319339556981048,15
Hepatocyte_15weeks_Animal2_Capture2_GTGTGCGTCTCCCTGA,4.807387643966633,15
Hepatocyte_15weeks_Animal2_Capture2_GTGTTAGTCTCAACTT,5.634413614208554,15
Hepatocyte_15weeks_Animal2_Capture2_GTTACAGCACACTGCG,4.867332655250303,15
Hepatocyte_15weeks_Animal2_Capture2_GTTACAGCAGGACGTA,4.890584793172017,15
Hepatocyte_15weeks_Animal2_Capture2_GTTCGGGAGTGACTCT,4.777791078660998,15
Hepatocyte_15weeks_Animal2_Capture2_GTTTCTACAGGGATTG,4.629234790168104,15
Hepatocyte_15weeks_Animal2_Capture2_TAAACCGAGACTAAGT,4.861344955924854,15
Hepatocyte_15weeks_Animal2_Capture2_TAAACCGAGGCCGAAT,4.716787566535591,15
Hepatocyte_15weeks_Animal2_Capture2_TAAACCGGTGCCTGCA,5.574542784572052,15
Hepatocyte_15weeks_Animal2_Capture2_TACACGAAGCACACAG,5.276261482895187,15
Hepatocyte_15weeks_Animal2_Capture2_TACAGTGGTCATATGC,5.457838041947958,15
Hepatocyte_15weeks_Animal2_Capture2_TACAGTGTCTGCGTAA,4.96335252494255,15
Hepatocyte_15weeks_Animal2_Capture2_TACAGTGTCTGTACGA,4.776057563429969,15
Hepatocyte_15weeks_Animal2_Capture2_TACCTATTCAGCATGT,5.562096709094261,15
Hepatocyte_15weeks_Animal2_Capture2_TACCTTAAGGCAGTCA,4.854317178348143,15
Hepatocyte_15weeks_Animal2_Capture2_TACCTTAGTCCAGTAT,5.521731945822133,15
Hepatocyte_15weeks_Animal2_Capture2_TACGGATAGGACGAAA,4.699504048764209,15
Hepatocyte_15weeks_Animal2_Capture2_TACGGATTCTTACCGC,4.873411641325333,15
Hepatocyte_15weeks_Animal2_Capture2_TACGGGCCACCCATGG,4.922045392905843,15
Hepatocyte_15weeks_Animal2_Capture2_TACGGTAGTTCAGCGC,4.750513131427999,15
Hepatocyte_15weeks_Animal2_Capture2_TACTCGCCAAGTACCT,5.014271110897539,15
Hepatocyte_15weeks_Animal2_Capture2_TACTCGCCATAAGACA,4.865019620653998,15
Hepatocyte_15weeks_Animal2_Capture2_TACTTACAGGTAGCTG,5.536574709745112,15
Hepatocyte_15weeks_Animal2_Capture2_TACTTACCATCTGGTA,5.032332619078371,15
Hepatocyte_15weeks_Animal2_Capture2_TACTTACTCTCTGAGA,5.174798272457195,15
Hepatocyte_15weeks_Animal2_Capture2_TACTTGTTCTCCGGTT,4.8552146254627955,15
Hepatocyte_15weeks_Animal2_Capture2_TAGACCAGTAGCTTGT,4.916762441603621,15
Hepatocyte_15weeks_Animal2_Capture2_TAGCCGGGTTTGACTG,5.459807510801239,15
Hepatocyte_15weeks_Animal2_Capture2_TAGGCATTCTCACATT,4.879832092264079,15
Hepatocyte_15weeks_Animal2_Capture2_TAGTGGTGTACGCTGC,5.091255557226138,15
Hepatocyte_15weeks_Animal2_Capture2_TAGTGGTGTGCCTGCA,4.643931700724638,15
Hepatocyte_15weeks_Animal2_Capture2_TAGTTGGAGTCTCGGC,5.603792261906822,15
Hepatocyte_15weeks_Animal2_Capture2_TATCAGGAGATAGCAT,5.086675010876073,15
Hepatocyte_15weeks_Animal2_Capture2_TATCAGGAGATCGGGT,5.399340417230999,15
Hepatocyte_15weeks_Animal2_Capture2_TATCAGGAGGCGCTCT,5.123488460115535,15
Hepatocyte_15weeks_Animal2_Capture2_TATCAGGCAGTCACTA,4.750114163627845,15
Hepatocyte_15weeks_Animal2_Capture2_TATTACCTCTCTGAGA,4.92346375767997,15
Hepatocyte_15weeks_Animal2_Capture2_TCACGAAAGCTGAAAT,4.999249146390775,15
Hepatocyte_15weeks_Animal2_Capture2_TCACGAACACCTCGGA,5.004137018449886,15
Hepatocyte_15weeks_Animal2_Capture2_TCACGAATCTGCCAGG,4.812653119717159,15
Hepatocyte_15weeks_Animal2_Capture2_TCAGATGCACCCAGTG,5.283716448394129,15
Hepatocyte_15weeks_Animal2_Capture2_TCAGCAATCTAACCGA,4.844196308806462,15
Hepatocyte_15weeks_Animal2_Capture2_TCAGCAATCTGGAGCC,4.843265087585274,15
Hepatocyte_15weeks_Animal2_Capture2_TCAGCTCTCACGGTTA,5.272385503302036,15
Hepatocyte_15weeks_Animal2_Capture2_TCAGGATAGCGTGAGT,4.8183170269762705,15
Hepatocyte_15weeks_Animal2_Capture2_TCAGGATGTTAGATGA,4.879066660394985,15
Hepatocyte_15weeks_Animal2_Capture2_TCATTACCAGTCCTTC,5.2243635283986665,15
Hepatocyte_15weeks_Animal2_Capture2_TCCACACAGGAGTACC,5.208050185917223,15
Hepatocyte_15weeks_Animal2_Capture2_TCCACACTCGTGTAGT,5.182858027050832,15
Hepatocyte_15weeks_Animal2_Capture2_TCCCGATAGAAACGCC,4.7862676843172025,15
Hepatocyte_15weeks_Animal2_Capture2_TCCCGATAGACGCACA,4.996422345791702,15
Hepatocyte_15weeks_Animal2_Capture2_TCCCGATAGGCACATG,5.079393152151887,15
Hepatocyte_15weeks_Animal2_Capture2_TCCCGATCAAATTGCC,4.827781944404806,15
Hepatocyte_15weeks_Animal2_Capture2_TCCCGATGTACTCTCC,4.982159715890362,15
Hepatocyte_15weeks_Animal2_Capture2_TCGCGAGCATAAGACA,5.014492756004742,15
Hepatocyte_15weeks_Animal2_Capture2_TCGCGTTCACCTCGGA,4.910398998475392,15
Hepatocyte_15weeks_Animal2_Capture2_TCGGGACTCTCCCTGA,5.456518923981745,15
Hepatocyte_15weeks_Animal2_Capture2_TCGGTAAGTCGGATCC,4.977607237852094,15
Hepatocyte_15weeks_Animal2_Capture2_TCGTAGAGTATTACCG,5.330423009129449,15
Hepatocyte_15weeks_Animal2_Capture2_TCGTAGATCCTTGGTC,5.126992981218089,15
Hepatocyte_15weeks_Animal2_Capture2_TGAAAGAAGCTGCCCA,4.921839863054132,15
Hepatocyte_15weeks_Animal2_Capture2_TGACAACAGAAACCAT,5.355631078606921,15
Hepatocyte_15weeks_Animal2_Capture2_TGACAACAGACCACGA,4.756928423662085,15
Hepatocyte_15weeks_Animal2_Capture2_TGACTAGTCGTAGGTT,5.264988257432074,15
Hepatocyte_15weeks_Animal2_Capture2_TGAGAGGGTCTGGAGA,5.34891322125801,15
Hepatocyte_15weeks_Animal2_Capture2_TGAGCCGCAAGCCCAC,5.26523982089678,15
Hepatocyte_15weeks_Animal2_Capture2_TGAGCCGCACGGTTTA,4.681022281466712,15
Hepatocyte_15weeks_Animal2_Capture2_TGAGGGACAGATGAGC,5.042944929913204,15
Hepatocyte_15weeks_Animal2_Capture2_TGATTTCAGATGCCTT,4.619082231849136,15
Hepatocyte_15weeks_Animal2_Capture2_TGCCCATAGCCCAACC,5.03186622303123,15
Hepatocyte_15weeks_Animal2_Capture2_TGCCCTACAGGACCCT,4.884486044125683,15
Hepatocyte_15weeks_Animal2_Capture2_TGCCCTATCACAATGC,5.127410863602,15
Hepatocyte_15weeks_Animal2_Capture2_TGCGCAGAGTTGAGTA,4.8478326023997145,15
Hepatocyte_15weeks_Animal2_Capture2_TGCGCAGGTTCTCATT,5.098693635414081,15
Hepatocyte_15weeks_Animal2_Capture2_TGCGTGGGTGGCTCCA,4.954811248730879,15
Hepatocyte_15weeks_Animal2_Capture2_TGGACGCTCCGCGGTA,4.7989028990449585,15
Hepatocyte_15weeks_Animal2_Capture2_TGGACGCTCTGGAGCC,5.268828041042539,15
Hepatocyte_15weeks_Animal2_Capture2_TGGCCAGAGACAGAGA,4.919947770406108,15
Hepatocyte_15weeks_Animal2_Capture2_TGGCTGGGTTTGACAC,5.162711048739482,15
Hepatocyte_15weeks_Animal2_Capture2_TGGCTGGTCACGCATA,5.140260847548605,15
Hepatocyte_15weeks_Animal2_Capture2_TGGCTGGTCATATCGG,4.89668538124323,15
Hepatocyte_15weeks_Animal2_Capture2_TGGTTAGAGCCAACAG,4.85863617824243,15
Hepatocyte_15weeks_Animal2_Capture2_TGGTTAGCATTTGCCC,5.166721664349692,15
Hepatocyte_15weeks_Animal2_Capture2_TGTGGTAGTCGAGTTT,5.325676676453255,15
Hepatocyte_15weeks_Animal2_Capture2_TGTTCCGAGAAGGCCT,5.400492685022391,15
Hepatocyte_15weeks_Animal2_Capture2_TGTTCCGCAATCGAAA,5.157759010980393,15
Hepatocyte_15weeks_Animal2_Capture2_TTAACTCAGCCGGTAA,5.3480930631273225,15
Hepatocyte_15weeks_Animal2_Capture2_TTAGGACCACCCATTC,4.982414082939522,15
Hepatocyte_15weeks_Animal2_Capture2_TTAGGCACACCTTGTC,4.822938776970831,15
Hepatocyte_15weeks_Animal2_Capture2_TTAGTTCAGTTCGATC,4.8011380034701725,15
Hepatocyte_15weeks_Animal2_Capture2_TTATGCTCACATCCAA,5.7186355650872756,15
Hepatocyte_15weeks_Animal2_Capture2_TTCGAAGAGGATGGAA,4.770834782038135,15
Hepatocyte_15weeks_Animal2_Capture2_TTCGAAGAGGTGCACA,5.067215405492634,15
Hepatocyte_15weeks_Animal2_Capture2_TTCTACATCATCGGAT,4.8837520599829904,15
Hepatocyte_15weeks_Animal2_Capture2_TTCTTAGTCCTATGTT,5.294073044752488,15
Hepatocyte_15weeks_Animal2_Capture2_TTGAACGAGGGTATCG,4.81809201728292,15
Hepatocyte_15weeks_Animal2_Capture2_TTGGCAAAGGGCTTGA,4.769225922871163,15
Hepatocyte_15weeks_Animal2_Capture2_TTGGCAAAGTGTCTCA,5.0372242649756656,15
Hepatocyte_15weeks_Animal2_Capture2_TTGGCAAAGTTGTCGT,5.485305825850979,15
Hepatocyte_15weeks_Animal2_Capture2_TTGTAGGCATGGTCAT,4.566350426383881,15
Hepatocyte_15weeks_Animal2_Capture2_TTTACTGTCTACTCAT,4.762379255045397,15
Hepatocyte_15weeks_Animal2_Capture2_TTTATGCTCTGTCTCG,5.640990318346668,15
Hepatocyte_15weeks_Animal2_Capture2_TTTATGCTCTTCTGGC,5.2987498090726515,15
Hepatocyte_15weeks_Animal2_Capture2_TTTGCGCTCACGATGT,4.978788772562286,15
Hepatocyte_15weeks_Animal2_Capture1_AAAGCAAGTTTGGCGC,5.260013312953314,15
Hepatocyte_15weeks_Animal2_Capture1_AAAGTAGTCGTCTGAA,5.509816714794283,15
Hepatocyte_15weeks_Animal2_Capture1_AAATGCCCACGAAATA,5.296586025346716,15
Hepatocyte_15weeks_Animal2_Capture1_AAATGCCTCTAGCACA,4.842089747317453,15
Hepatocyte_15weeks_Animal2_Capture1_AACACGTTCGTGGTCG,5.099539195184635,15
Hepatocyte_15weeks_Animal2_Capture1_AACTCTTTCCAAACAC,5.188146904981866,15
Hepatocyte_15weeks_Animal2_Capture1_AACTTTCCATGCCTAA,5.364992841638269,15
Hepatocyte_15weeks_Animal2_Capture1_AACTTTCGTTGGTAAA,5.161509519811152,15
Hepatocyte_15weeks_Animal2_Capture1_AAGGAGCGTTAGAACA,5.463334520521848,15
Hepatocyte_15weeks_Animal2_Capture1_AAGGCAGAGTGCGATG,4.6628545431389306,15
Hepatocyte_15weeks_Animal2_Capture1_AAGGCAGGTAGGCATG,4.813185596732487,15
Hepatocyte_15weeks_Animal2_Capture1_AATCGGTAGTTACCCA,5.079299407316485,15
Hepatocyte_15weeks_Animal2_Capture1_ACACCGGAGTGAAGAG,5.386076500691951,15
Hepatocyte_15weeks_Animal2_Capture1_ACACTGATCATAGCAC,5.4416993726074185,15
Hepatocyte_15weeks_Animal2_Capture1_ACAGCCGGTCTCTCTG,5.140491954218215,15
Hepatocyte_15weeks_Animal2_Capture1_ACAGCTACACGACGAA,4.941159146922824,15
Hepatocyte_15weeks_Animal2_Capture1_ACATCAGCAAAGGTGC,5.334079889726841,15
Hepatocyte_15weeks_Animal2_Capture1_ACATCAGCAGTCGATT,5.15142168937653,15
Hepatocyte_15weeks_Animal2_Capture1_ACCTTTAGTAAACGCG,5.028774942606236,15
Hepatocyte_15weeks_Animal2_Capture1_ACGAGCCAGTGCGATG,4.989265276879663,15
Hepatocyte_15weeks_Animal2_Capture1_ACGATACCATGCCTTC,4.946789430148929,15
Hepatocyte_15weeks_Animal2_Capture1_ACGCAGCAGCACACAG,4.993485834798829,15
Hepatocyte_15weeks_Animal2_Capture1_ACGCCAGGTGAGTATA,5.136288514029492,15
Hepatocyte_15weeks_Animal2_Capture1_ACGGCCAAGTAGGCCA,5.390498466384832,15
Hepatocyte_15weeks_Animal2_Capture1_ACGGGCTCAGCGATCC,4.8517378325729545,15
Hepatocyte_15weeks_Animal2_Capture1_ACGGGCTTCAACACGT,4.88341979455586,15
Hepatocyte_15weeks_Animal2_Capture1_ACGGGTCAGCGCCTCA,5.628027433590093,15
Hepatocyte_15weeks_Animal2_Capture1_ACTATCTAGAGAACAG,5.0443204087225375,15
Hepatocyte_15weeks_Animal2_Capture1_ACTGCTCGTTAAAGTG,4.976600354262921,15
Hepatocyte_15weeks_Animal2_Capture1_ACTGTCCCATCAGTCA,5.086778339608999,15
Hepatocyte_15weeks_Animal2_Capture1_ACTTTCATCTGAGGGA,5.312687224967531,15
Hepatocyte_15weeks_Animal2_Capture1_AGAATAGGTAGAGGAA,4.8978284223258,15
Hepatocyte_15weeks_Animal2_Capture1_AGACGTTTCGGTGTTA,5.6412656987939,15
Hepatocyte_15weeks_Animal2_Capture1_AGAGCGAAGATCTGCT,5.179560085077609,15
Hepatocyte_15weeks_Animal2_Capture1_AGAGTGGAGCGTGTCC,4.8316998817214,15
Hepatocyte_15weeks_Animal2_Capture1_AGAGTGGGTCACACGC,5.456536828706234,15
Hepatocyte_15weeks_Animal2_Capture1_AGATTGCGTATCTGCA,5.015790862424844,15
Hepatocyte_15weeks_Animal2_Capture1_AGCAGCCCAGCTGGCT,5.386112235240833,15
Hepatocyte_15weeks_Animal2_Capture1_AGCCTAACATATACCG,5.105246372976962,15
Hepatocyte_15weeks_Animal2_Capture1_AGCGTATAGCGAAGGG,5.055278395656936,15
Hepatocyte_15weeks_Animal2_Capture1_AGCGTCGCAATCTACG,5.123153668514679,15
Hepatocyte_15weeks_Animal2_Capture1_AGCTCTCGTGTGACGA,5.660931468122718,15
Hepatocyte_15weeks_Animal2_Capture1_AGCTTGATCATTCACT,5.381524690225538,15
Hepatocyte_15weeks_Animal2_Capture1_AGGCCGTCACACCGCA,4.730397816556621,15
Hepatocyte_15weeks_Animal2_Capture1_AGGGAGTTCTTGAGAC,5.1468073962548155,15
Hepatocyte_15weeks_Animal2_Capture1_AGGTCATTCTAGCACA,4.872892527671423,15
Hepatocyte_15weeks_Animal2_Capture1_AGGTCCGAGCTACCTA,5.010037879802208,15
Hepatocyte_15weeks_Animal2_Capture1_AGGTCCGCAAACCCAT,4.929334706282585,15
Hepatocyte_15weeks_Animal2_Capture1_AGTAGTCAGCAGATCG,5.156950546606487,15
Hepatocyte_15weeks_Animal2_Capture1_AGTAGTCTCTACTATC,5.020622132222828,15
Hepatocyte_15weeks_Animal2_Capture1_AGTCTTTCAAGCCCAC,5.385216153319304,15
Hepatocyte_15weeks_Animal2_Capture1_AGTTGGTAGGTGTTAA,4.72749931695725,15
Hepatocyte_15weeks_Animal2_Capture1_AGTTGGTGTGGCGAAT,5.146109361963502,15
Hepatocyte_15weeks_Animal2_Capture1_ATAACGCAGGCTATCT,4.83365156504391,15
Hepatocyte_15weeks_Animal2_Capture1_ATAGACCGTGGTACAG,4.935722031615471,15
Hepatocyte_15weeks_Animal2_Capture1_ATCATCTCAGCTCGAC,5.040590091816934,15
Hepatocyte_15weeks_Animal2_Capture1_ATCATGGGTTCCGTCT,5.425742975386632,15
Hepatocyte_15weeks_Animal2_Capture1_ATCCACCAGTCGTACT,5.014217888538999,15
Hepatocyte_15weeks_Animal2_Capture1_ATCCACCCAGTATGCT,5.539457745317042,15
Hepatocyte_15weeks_Animal2_Capture1_ATCCGAATCGTGACAT,4.764913626922617,15
Hepatocyte_15weeks_Animal2_Capture1_ATCTGCCAGACTAAGT,5.28407734286561,15
Hepatocyte_15weeks_Animal2_Capture1_ATGCGATAGGCGACAT,4.712069460079814,15
Hepatocyte_15weeks_Animal2_Capture1_ATGCGATTCCTATTCA,5.113781739549509,15
Hepatocyte_15weeks_Animal2_Capture1_ATGGGAGAGGCGTACA,5.280806598255622,15
Hepatocyte_15weeks_Animal2_Capture1_ATTACTCCATATGCTG,4.868514467906138,15
Hepatocyte_15weeks_Animal2_Capture1_ATTATCCCACGACGAA,5.315459624141819,15
Hepatocyte_15weeks_Animal2_Capture1_ATTGGACAGCTAAGAT,4.999453018174235,15
Hepatocyte_15weeks_Animal2_Capture1_ATTGGTGTCAGGCCCA,5.479566319490888,15
Hepatocyte_15weeks_Animal2_Capture1_CAACCAATCGGATGGA,5.779258102923038,15
Hepatocyte_15weeks_Animal2_Capture1_CAACCTCAGAGTTGGC,4.934726651230653,15
Hepatocyte_15weeks_Animal2_Capture1_CAAGATCCAAGTTGTC,4.88758182889789,15
Hepatocyte_15weeks_Animal2_Capture1_CAAGGCCAGCACCGCT,5.063852856494066,15
Hepatocyte_15weeks_Animal2_Capture1_CAAGGCCCAGCTTAAC,5.252104799404397,15
Hepatocyte_15weeks_Animal2_Capture1_CACAAACAGCTAAACA,5.404541184041147,15
Hepatocyte_15weeks_Animal2_Capture1_CACACAAGTTCACGGC,5.010410327063672,15
Hepatocyte_15weeks_Animal2_Capture1_CACACAATCACCACCT,5.001148080448848,15
Hepatocyte_15weeks_Animal2_Capture1_CACACTCCAGGCGATA,5.353681644428152,15
Hepatocyte_15weeks_Animal2_Capture1_CACAGGCCATCATCCC,4.935257743598196,15
Hepatocyte_15weeks_Animal2_Capture1_CACATAGCAGTTCCCT,4.936101791094055,15
Hepatocyte_15weeks_Animal2_Capture1_CACATTTAGAAGAAGC,4.912703426562813,15
Hepatocyte_15weeks_Animal2_Capture1_CACCACTTCTCTGCTG,4.859940688410354,15
Hepatocyte_15weeks_Animal2_Capture1_CACCAGGAGTACGCGA,4.777136341400929,15
Hepatocyte_15weeks_Animal2_Capture1_CACCAGGCAGTTCCCT,5.37813051372035,15
Hepatocyte_15weeks_Animal2_Capture1_CACTCCAGTCCAGTAT,5.000481704467973,15
Hepatocyte_15weeks_Animal2_Capture1_CAGAATCAGTGGTAAT,5.035482943124472,15
Hepatocyte_15weeks_Animal2_Capture1_CAGCAGCAGCTAGGCA,4.919379625738147,15
Hepatocyte_15weeks_Animal2_Capture1_CAGCCGACATTGGCGC,4.778509232767002,15
Hepatocyte_15weeks_Animal2_Capture1_CAGCGACGTAGCGCAA,5.150572983333696,15
Hepatocyte_15weeks_Animal2_Capture1_CAGCGACGTCTAGTCA,5.081235354772135,15
Hepatocyte_15weeks_Animal2_Capture1_CAGCTAAAGAGGTACC,4.823446589805258,15
Hepatocyte_15weeks_Animal2_Capture1_CAGCTAACAGTGAGTG,4.953466313447989,15
Hepatocyte_15weeks_Animal2_Capture1_CAGCTGGTCAGAGACG,5.4394546157477315,15
Hepatocyte_15weeks_Animal2_Capture1_CAGGTGCTCCATGCTC,5.539462312968242,15
Hepatocyte_15weeks_Animal2_Capture1_CAGTCCTAGAAGAAGC,5.627390508768901,15
Hepatocyte_15weeks_Animal2_Capture1_CATATTCCAATGTAAG,5.068599846429031,15
Hepatocyte_15weeks_Animal2_Capture1_CATCAAGGTGTGTGCC,5.16347617434071,15
Hepatocyte_15weeks_Animal2_Capture1_CATCAGATCGATGAGG,4.921669519333744,15
Hepatocyte_15weeks_Animal2_Capture1_CATCGGGCAGCCTTTC,5.498866157337286,15
Hepatocyte_15weeks_Animal2_Capture1_CATCGGGTCTCAAGTG,4.876085504702109,15
Hepatocyte_15weeks_Animal2_Capture1_CATGACAGTATCACCA,5.27858540626454,15
Hepatocyte_15weeks_Animal2_Capture1_CATGACATCGCGATCG,5.179453978412221,15
Hepatocyte_15weeks_Animal2_Capture1_CATGCCTCAATGCCAT,4.9778091723174045,15
Hepatocyte_15weeks_Animal2_Capture1_CATTATCTCCACGACG,5.366110162835028,15
Hepatocyte_15weeks_Animal2_Capture1_CCACCTAGTGTCGCTG,5.137271058270871,15
Hepatocyte_15weeks_Animal2_Capture1_CCATGTCTCCAAACAC,5.416141616746588,15
Hepatocyte_15weeks_Animal2_Capture1_CCATGTCTCCAACCAA,5.082440514632708,15
Hepatocyte_15weeks_Animal2_Capture1_CCCAATCGTGAACCTT,5.43080758783675,15
Hepatocyte_15weeks_Animal2_Capture1_CCCAGTTAGTGGGCTA,5.050969905764157,15
Hepatocyte_15weeks_Animal2_Capture1_CCGGTAGCATGGGAAC,4.761544737887862,15
Hepatocyte_15weeks_Animal2_Capture1_CCGGTAGGTGCACTTA,5.548127858091874,15
Hepatocyte_15weeks_Animal2_Capture1_CCGGTAGTCAATAAGG,4.945037853112007,15
Hepatocyte_15weeks_Animal2_Capture1_CGAACATGTTTGTTTC,5.2436793076017265,15
Hepatocyte_15weeks_Animal2_Capture1_CGAACATTCTGCCCTA,4.6965793027702905,15
Hepatocyte_15weeks_Animal2_Capture1_CGAATGTTCTTCCTTC,5.496717165128485,15
Hepatocyte_15weeks_Animal2_Capture1_CGACCTTCAGGCGATA,5.507992476909192,15
Hepatocyte_15weeks_Animal2_Capture1_CGACCTTTCAACGGGA,5.435216335466769,15
Hepatocyte_15weeks_Animal2_Capture1_CGAGCCAAGGCAGTCA,4.960026749778331,15
Hepatocyte_15weeks_Animal2_Capture1_CGAGCCACACGCGAAA,4.993281553054022,15
Hepatocyte_15weeks_Animal2_Capture1_CGAGCCAGTGACCAAG,4.95293319430423,15
Hepatocyte_15weeks_Animal2_Capture1_CGATCGGAGCGACGTA,5.381213101488634,15
Hepatocyte_15weeks_Animal2_Capture1_CGATCGGGTTACAGAA,4.953579093265257,15
Hepatocyte_15weeks_Animal2_Capture1_CGATGGCAGTTAGGTA,5.108592943003733,15
Hepatocyte_15weeks_Animal2_Capture1_CGATGGCGTCAGAATA,4.86871521510603,15
Hepatocyte_15weeks_Animal2_Capture1_CGCGTTTGTGATGCCC,4.7584631176670475,15
Hepatocyte_15weeks_Animal2_Capture1_CGGACGTAGTCCAGGA,5.203344183861962,15
Hepatocyte_15weeks_Animal2_Capture1_CGGACTGGTTCCATGA,5.102868978115509,15
Hepatocyte_15weeks_Animal2_Capture1_CGGAGCTTCTGTGCAA,4.803658054018519,15
Hepatocyte_15weeks_Animal2_Capture1_CGGGTCAGTGTTGAGG,4.932956883845679,15
Hepatocyte_15weeks_Animal2_Capture1_CGTAGCGAGGCTCAGA,5.089461815487507,15
Hepatocyte_15weeks_Animal2_Capture1_CGTAGCGTCAATCACG,5.02965305491691,15
Hepatocyte_15weeks_Animal2_Capture1_CGTCTACAGGACACCA,5.782475947514222,15
Hepatocyte_15weeks_Animal2_Capture1_CGTGTAAGTTTGTTGG,5.007937561904213,15
Hepatocyte_15weeks_Animal2_Capture1_CGTGTAATCTGCGGCA,5.109963143692956,15
Hepatocyte_15weeks_Animal2_Capture1_CGTTAGACACTAGTAC,5.66859100079167,15
Hepatocyte_15weeks_Animal2_Capture1_CGTTCTGCATAAGACA,5.453640889617036,15
Hepatocyte_15weeks_Animal2_Capture1_CTAACTTTCTACCAGA,4.947341196545283,15
Hepatocyte_15weeks_Animal2_Capture1_CTAAGACTCGCCTGTT,5.281729406118837,15
Hepatocyte_15weeks_Animal2_Capture1_CTAATGGGTATAGTAG,5.3699132120579005,15
Hepatocyte_15weeks_Animal2_Capture1_CTACACCAGGCAATTA,4.83703933177785,15
Hepatocyte_15weeks_Animal2_Capture1_CTACGTCGTATCGCAT,4.929419308249182,15
Hepatocyte_15weeks_Animal2_Capture1_CTAGAGTAGAGCAATT,5.211435094283286,15
Hepatocyte_15weeks_Animal2_Capture1_CTAGCCTTCATAACCG,5.384762207090231,15
Hepatocyte_15weeks_Animal2_Capture1_CTAGTGAGTTGTTTGG,5.383066774508654,15
Hepatocyte_15weeks_Animal2_Capture1_CTCCTAGAGTTACGGG,4.942950241061002,15
Hepatocyte_15weeks_Animal2_Capture1_CTCCTAGGTTCGTCTC,4.779681980129457,15
Hepatocyte_15weeks_Animal2_Capture1_CTCGAAAGTCGGCACT,5.010124024010192,15
Hepatocyte_15weeks_Animal2_Capture1_CTCGAGGTCCGCATCT,5.049381100937168,15
Hepatocyte_15weeks_Animal2_Capture1_CTCGGGAAGTAGTGCG,5.338569502478497,15
Hepatocyte_15weeks_Animal2_Capture1_CTCGGGAAGTGATCGG,5.11598868318714,15
Hepatocyte_15weeks_Animal2_Capture1_CTCGGGATCTGCTGCT,5.177754338898639,15
Hepatocyte_15weeks_Animal2_Capture1_CTCGTACTCAGTCAGT,4.913070979632495,15
Hepatocyte_15weeks_Animal2_Capture1_CTGAAACAGCGAGAAA,4.925258612854818,15
Hepatocyte_15weeks_Animal2_Capture1_CTGATAGAGTTAACGA,4.994728306090757,15
Hepatocyte_15weeks_Animal2_Capture1_CTGATAGCAAGACGTG,5.132738528788726,15
Hepatocyte_15weeks_Animal2_Capture1_CTGATCCGTCGGGTCT,5.056101680057818,15
Hepatocyte_15weeks_Animal2_Capture1_CTGATCCTCTACTCAT,4.933130700200747,15
Hepatocyte_15weeks_Animal2_Capture1_CTGCCTATCGCCTGAG,5.167482431093757,15
Hepatocyte_15weeks_Animal2_Capture1_CTGCTGTTCCTGCAGG,5.307513442955441,15
Hepatocyte_15weeks_Animal2_Capture1_CTGTTTAAGCTTTGGT,5.545455019822355,15
Hepatocyte_15weeks_Animal2_Capture1_CTTAACTCACCTTGTC,4.929225273501801,15
Hepatocyte_15weeks_Animal2_Capture1_GAAACTCAGGTTACCT,4.891644277900415,15
Hepatocyte_15weeks_Animal2_Capture1_GAACGGAGTCTCCCTA,5.122464808364677,15
Hepatocyte_15weeks_Animal2_Capture1_GAAGCAGCAATCGGTT,5.127786296856298,15
Hepatocyte_15weeks_Animal2_Capture1_GAAGCAGGTTGGTTTG,5.632162610271003,15
Hepatocyte_15weeks_Animal2_Capture1_GAATAAGTCGTATCAG,4.649661928840886,15
Hepatocyte_15weeks_Animal2_Capture1_GACAGAGTCGGCGCTA,5.200886588457777,15
Hepatocyte_15weeks_Animal2_Capture1_GACCAATTCGGTGTCG,5.134796534888791,15
Hepatocyte_15weeks_Animal2_Capture1_GACGCGTTCTCCAACC,5.297921752828688,15
Hepatocyte_15weeks_Animal2_Capture1_GACGGCTCATCGTCGG,5.05455670061091,15
Hepatocyte_15weeks_Animal2_Capture1_GACGTGCAGCGTGAGT,5.286215990453904,15
Hepatocyte_15weeks_Animal2_Capture1_GACGTGCCATCACGAT,5.3917504629597985,15
Hepatocyte_15weeks_Animal2_Capture1_GACTACATCATAACCG,4.722333404096814,15
Hepatocyte_15weeks_Animal2_Capture1_GACTGCGGTTCGTTGA,5.338699396834318,15
Hepatocyte_15weeks_Animal2_Capture1_GAGCAGAGTTGTCGCG,4.988738162487223,15
Hepatocyte_15weeks_Animal2_Capture1_GAGCAGATCTAGCACA,5.1138125921823505,15
Hepatocyte_15weeks_Animal2_Capture1_GATCGTATCCTCAATT,4.922983360461145,15
Hepatocyte_15weeks_Animal2_Capture1_GATGCTACACTCTGTC,4.923609102972765,15
Hepatocyte_15weeks_Animal2_Capture1_GATTCAGAGCGTTCCG,5.307679791622008,15
Hepatocyte_15weeks_Animal2_Capture1_GCAATCACATGGGACA,5.397336586089132,15
Hepatocyte_15weeks_Animal2_Capture1_GCAATCAGTAGCTCCG,5.170373790117445,15
Hepatocyte_15weeks_Animal2_Capture1_GCAATCAGTAGGGTAC,5.198101137823186,15
Hepatocyte_15weeks_Animal2_Capture1_GCACATAAGAGGGATA,5.6121321627230465,15
Hepatocyte_15weeks_Animal2_Capture1_GCACATAGTTGGAGGT,4.901142734402814,15
Hepatocyte_15weeks_Animal2_Capture1_GCACTCTCATCAGTAC,5.07504065012176,15
Hepatocyte_15weeks_Animal2_Capture1_GCAGCCACATCTACGA,5.264904037179372,15
Hepatocyte_15weeks_Animal2_Capture1_GCAGTTACATGCTAGT,4.8878377906784065,15
Hepatocyte_15weeks_Animal2_Capture1_GCATACAGTGGTGTAG,4.833442704231127,15
Hepatocyte_15weeks_Animal2_Capture1_GCATGCGAGTGCCATT,4.812615451198568,15
Hepatocyte_15weeks_Animal2_Capture1_GCCAAATAGACGACGT,4.895146619884505,15
Hepatocyte_15weeks_Animal2_Capture1_GCCTCTAAGCGTTTAC,4.917933286066199,15
Hepatocyte_15weeks_Animal2_Capture1_GCGACCAAGGCCGAAT,5.540218940313736,15
Hepatocyte_15weeks_Animal2_Capture1_GCGAGAATCTAGAGTC,5.305419153683671,15
Hepatocyte_15weeks_Animal2_Capture1_GCGCAACAGCGACGTA,4.867935880585886,15
Hepatocyte_15weeks_Animal2_Capture1_GCGCAACTCACCCGAG,5.057774165943998,15
Hepatocyte_15weeks_Animal2_Capture1_GCGCCAACAAACCCAT,5.278353966930435,15
Hepatocyte_15weeks_Animal2_Capture1_GCGCCAACATGGAATA,5.02605063376909,15
Hepatocyte_15weeks_Animal2_Capture1_GCGCGATGTAGAGTGC,5.189970673526368,15
Hepatocyte_15weeks_Animal2_Capture1_GCTCTGTGTTACCGAT,5.188398949155568,15
Hepatocyte_15weeks_Animal2_Capture1_GCTGCAGTCAAACGGG,4.861164103809637,15
Hepatocyte_15weeks_Animal2_Capture1_GCTGCGAAGCTCTCGG,5.4187485130664355,15
Hepatocyte_15weeks_Animal2_Capture1_GCTGGGTTCAGGTAAA,5.394492573716652,15
Hepatocyte_15weeks_Animal2_Capture1_GCTTCCAAGGACACCA,4.765926167046335,15
Hepatocyte_15weeks_Animal2_Capture1_GCTTGAAAGTAGGCCA,4.985061582389212,15
Hepatocyte_15weeks_Animal2_Capture1_GGAACTTAGTCTCCTC,5.161327534634407,15
Hepatocyte_15weeks_Animal2_Capture1_GGAATAACATTCCTCG,4.7874146967077404,15
Hepatocyte_15weeks_Animal2_Capture1_GGAATAAGTCCATCCT,4.970280917005612,15
Hepatocyte_15weeks_Animal2_Capture1_GGACAGAAGTGTACGG,5.132039788035396,15
Hepatocyte_15weeks_Animal2_Capture1_GGACATTAGCGTTGCC,4.950698639412878,15
Hepatocyte_15weeks_Animal2_Capture1_GGACATTAGCTCAACT,4.996858079758164,15
Hepatocyte_15weeks_Animal2_Capture1_GGATGTTAGACTTGAA,4.972762858795736,15
Hepatocyte_15weeks_Animal2_Capture1_GGATGTTAGCGTCTAT,5.1114500854534874,15
Hepatocyte_15weeks_Animal2_Capture1_GGATGTTCATTAACCG,5.40259709639312,15
Hepatocyte_15weeks_Animal2_Capture1_GGATTACCACGTGAGA,4.722591788227323,15
Hepatocyte_15weeks_Animal2_Capture1_GGCAATTAGCCGCCTA,4.773544604850979,15
Hepatocyte_15weeks_Animal2_Capture1_GGCGTGTGTCTAGTCA,4.931206268451307,15
Hepatocyte_15weeks_Animal2_Capture1_GGCTCGATCAGCTGGC,5.814078957187175,15
Hepatocyte_15weeks_Animal2_Capture1_GGCTGGTGTAGAGTGC,4.93266374963064,15
Hepatocyte_15weeks_Animal2_Capture1_GGGAATGTCGTTACGA,4.713726852877107,15
Hepatocyte_15weeks_Animal2_Capture1_GGGCACTCAATGGACG,5.069717164471835,15
Hepatocyte_15weeks_Animal2_Capture1_GGGCACTCAGTTCATG,5.041087009513886,15
Hepatocyte_15weeks_Animal2_Capture1_GGGCATCTCACATGCA,5.085499012816555,15
Hepatocyte_15weeks_Animal2_Capture1_GGGTCTGAGAGTAATC,5.0607491845659265,15
Hepatocyte_15weeks_Animal2_Capture1_GGGTCTGCATCACGAT,5.2451324060743705,15
Hepatocyte_15weeks_Animal2_Capture1_GGTGAAGGTATAAACG,4.774460101492428,15
Hepatocyte_15weeks_Animal2_Capture1_GGTGTTAAGGCGTACA,4.979478793198081,15
Hepatocyte_15weeks_Animal2_Capture1_GTACGTAAGCTGGAAC,5.000529512597799,15
Hepatocyte_15weeks_Animal2_Capture1_GTACGTAGTCAGAGGT,4.961274011544922,15
Hepatocyte_15weeks_Animal2_Capture1_GTAGGCCGTACAGCAG,4.851847212050505,15
Hepatocyte_15weeks_Animal2_Capture1_GTATCTTTCGGAAACG,4.7331002619060705,15
Hepatocyte_15weeks_Animal2_Capture1_GTATTCTTCTATCGCC,5.009840797113058,15
Hepatocyte_15weeks_Animal2_Capture1_GTCACGGGTTCCTCCA,4.870703998835371,15
Hepatocyte_15weeks_Animal2_Capture1_GTCCTCAAGATCGATA,5.070976779106095,15
Hepatocyte_15weeks_Animal2_Capture1_GTCCTCACAGCTGGCT,5.580078099316562,15
Hepatocyte_15weeks_Animal2_Capture1_GTCGGGTTCGGAGGTA,5.119463007667633,15
Hepatocyte_15weeks_Animal2_Capture1_GTCGTAAAGAATGTTG,4.862597739090655,15
Hepatocyte_15weeks_Animal2_Capture1_GTGCGGTCACGCCAGT,5.004637625330765,15
Hepatocyte_15weeks_Animal2_Capture1_GTGCTTCCATGGATGG,4.954448425944909,15
Hepatocyte_15weeks_Animal2_Capture1_GTTCATTTCACGACTA,5.091564020785599,15
Hepatocyte_15weeks_Animal2_Capture1_GTTCGGGCACAGAGGT,4.886985166018558,15
Hepatocyte_15weeks_Animal2_Capture1_GTTCTCGAGGTAGCCA,4.979552904750595,15
Hepatocyte_15weeks_Animal2_Capture1_TAAGAGAAGACTGTAA,4.895450026290114,15
Hepatocyte_15weeks_Animal2_Capture1_TAAGAGAGTCTGATCA,4.9261702179335884,15
Hepatocyte_15weeks_Animal2_Capture1_TACAGTGGTCAACATC,4.856229848492662,15
Hepatocyte_15weeks_Animal2_Capture1_TACCTATGTATCTGCA,5.389367128248002,15
Hepatocyte_15weeks_Animal2_Capture1_TACCTTAGTTCGCTAA,5.388503863200835,15
Hepatocyte_15weeks_Animal2_Capture1_TACGGTATCAGCGACC,5.010263578737618,15
Hepatocyte_15weeks_Animal2_Capture1_TACGGTATCTAACCGA,4.832713068579218,15
Hepatocyte_15weeks_Animal2_Capture1_TACTCGCGTCCCTACT,5.085280813158292,15
Hepatocyte_15weeks_Animal2_Capture1_TACTTACAGCACACAG,4.980708759226237,15
Hepatocyte_15weeks_Animal2_Capture1_TACTTACTCTTCCTTC,4.7682298046427,15
Hepatocyte_15weeks_Animal2_Capture1_TAGCCGGCATCATCCC,5.442582545182244,15
Hepatocyte_15weeks_Animal2_Capture1_TAGCCGGGTACTTGAC,4.882710158160413,15
Hepatocyte_15weeks_Animal2_Capture1_TAGTGGTTCGGATGTT,4.813679713046259,15
Hepatocyte_15weeks_Animal2_Capture1_TAGTTGGAGTACGTAA,5.112715002060044,15
Hepatocyte_15weeks_Animal2_Capture1_TATCTCAGTTCGTGAT,4.95829346420828,15
Hepatocyte_15weeks_Animal2_Capture1_TATTACCGTCCGAACC,4.980786140842193,15
Hepatocyte_15weeks_Animal2_Capture1_TCAACGATCACGAAGG,4.819153757764065,15
Hepatocyte_15weeks_Animal2_Capture1_TCACAAGCAAGTTCTG,5.307841191650443,15
Hepatocyte_15weeks_Animal2_Capture1_TCACGAATCACGATGT,5.5445284156124,15
Hepatocyte_15weeks_Animal2_Capture1_TCAGGATAGACATAAC,4.846908072472405,15
Hepatocyte_15weeks_Animal2_Capture1_TCAGGTACATGACGGA,4.811248701265287,15
Hepatocyte_15weeks_Animal2_Capture1_TCCCGATCACATTTCT,5.744574522606676,15
Hepatocyte_15weeks_Animal2_Capture1_TCCCGATGTCGTTGTA,5.37095063271996,15
Hepatocyte_15weeks_Animal2_Capture1_TCGCGAGGTCTTTCAT,5.11959286917002,15
Hepatocyte_15weeks_Animal2_Capture1_TCGCGTTTCCTGTAGA,4.919586943831211,15
Hepatocyte_15weeks_Animal2_Capture1_TCTATTGCATACGCCG,4.86071982216742,15
Hepatocyte_15weeks_Animal2_Capture1_TCTGAGATCGGTGTTA,5.139281294030958,15
Hepatocyte_15weeks_Animal2_Capture1_TCTGAGATCTGCAGTA,5.477279754074567,15
Hepatocyte_15weeks_Animal2_Capture1_TCTGGAATCCCTTGCA,5.619497056928045,15
Hepatocyte_15weeks_Animal2_Capture1_TCTTCGGCACTTCTGC,5.367385052494245,15
Hepatocyte_15weeks_Animal2_Capture1_TCTTTCCCAGATTGCT,4.973344349841504,15
Hepatocyte_15weeks_Animal2_Capture1_TCTTTCCCATAGTAAG,4.723572342393354,15
Hepatocyte_15weeks_Animal2_Capture1_TGACGGCCATTCGACA,4.777835146662309,15
Hepatocyte_15weeks_Animal2_Capture1_TGACTAGTCAGTTGAC,5.255576372833961,15
Hepatocyte_15weeks_Animal2_Capture1_TGACTTTGTTACGGAG,4.9694249100512895,15
Hepatocyte_15weeks_Animal2_Capture1_TGAGCATAGGTGACCA,5.158088337740681,15
Hepatocyte_15weeks_Animal2_Capture1_TGCCCATCAAGGTTTC,4.936233471006372,15
Hepatocyte_15weeks_Animal2_Capture1_TGCCCATTCATGGTCA,4.926230077386949,15
Hepatocyte_15weeks_Animal2_Capture1_TGCCCTACACCAGCAC,5.139878996067021,15
Hepatocyte_15weeks_Animal2_Capture1_TGCCCTAGTTAGAACA,5.390382052264082,15
Hepatocyte_15weeks_Animal2_Capture1_TGCGCAGAGCTGCCCA,5.184574922196069,15
Hepatocyte_15weeks_Animal2_Capture1_TGCGGGTCAAAGGAAG,5.431590313505334,15
Hepatocyte_15weeks_Animal2_Capture1_TGGACGCCAGCCTTTC,4.78580674872319,15
Hepatocyte_15weeks_Animal2_Capture1_TGGCGCAAGCGACGTA,5.2874507978735465,15
Hepatocyte_15weeks_Animal2_Capture1_TGGTTCCCATACTACG,4.791278333747273,15
Hepatocyte_15weeks_Animal2_Capture1_TGTCCCATCCTTCAAT,5.069314784381879,15
Hepatocyte_15weeks_Animal2_Capture1_TGTGGTACATGTCCTC,4.797344655186997,15
Hepatocyte_15weeks_Animal2_Capture1_TGTGGTAGTCTTTCAT,5.049463496956194,15
Hepatocyte_15weeks_Animal2_Capture1_TTAACTCCATTCCTCG,5.4668703283754105,15
Hepatocyte_15weeks_Animal2_Capture1_TTAGTTCTCACCTTAT,5.2614083617452705,15
Hepatocyte_15weeks_Animal2_Capture1_TTCCCAGAGACAAAGG,4.823668683713921,15
Hepatocyte_15weeks_Animal2_Capture1_TTCGAAGAGTCCAGGA,5.317888012646428,15
Hepatocyte_15weeks_Animal2_Capture1_TTCGGTCTCGGAAATA,5.075187237926522,15
Hepatocyte_15weeks_Animal2_Capture1_TTCTCAATCCGAACGC,5.063406665685168,15
Hepatocyte_15weeks_Animal2_Capture1_TTCTCCTTCTTATCTG,5.007838799331932,15
Hepatocyte_15weeks_Animal2_Capture1_TTGCGTCGTTACGCGC,5.454733811422891,15
Hepatocyte_15weeks_Animal2_Capture1_TTGGAACAGTGCTGCC,5.096815707864317,15
Hepatocyte_15weeks_Animal2_Capture1_TTGGAACCAGCTGTAT,5.067540485018301,15
Hepatocyte_15weeks_Animal2_Capture1_TTGTAGGAGGCAAAGA,5.139403540704023,15
Hepatocyte_15weeks_Animal2_Capture1_TTTATGCAGTGCTGCC,5.494526038863084,15
Hepatocyte_15weeks_Animal2_Capture1_TTTATGCTCTATCCTA,5.243000896094999,15
Hepatocyte_15weeks_Animal2_Capture1_TTTGCGCAGTAATCCC,4.678007895770332,15
Hepatocyte_15weeks_Animal2_Capture1_TTTGGTTCAGACGCTC,5.671534301828605,15
Hepatocyte_15weeks_Animal1_Capture1_AAACCTGGTGATGATA,5.109368053267596,15
Hepatocyte_15weeks_Animal1_Capture1_AAACCTGTCAGAGGTG,5.287610310554072,15
Hepatocyte_15weeks_Animal1_Capture1_AAACGGGCAGATCCAT,5.133220039996013,15
Hepatocyte_15weeks_Animal1_Capture1_AAACGGGTCGACAGCC,4.935042601786804,15
Hepatocyte_15weeks_Animal1_Capture1_AAAGATGTCGAGGTAG,4.9888997007080755,15
Hepatocyte_15weeks_Animal1_Capture1_AAAGCAAAGCTTATCG,5.099396616175236,15
Hepatocyte_15weeks_Animal1_Capture1_AAAGCAACAAACCTAC,5.421083548256439,15
Hepatocyte_15weeks_Animal1_Capture1_AAAGCAAGTGCTTCTC,5.331379768626239,15
Hepatocyte_15weeks_Animal1_Capture1_AAATGCCGTGCACGAA,5.004381664666663,15
Hepatocyte_15weeks_Animal1_Capture1_AAATGCCTCACTCTTA,5.09485045043624,15
Hepatocyte_15weeks_Animal1_Capture1_AACACGTCACAGCCCA,4.887577506776417,15
Hepatocyte_15weeks_Animal1_Capture1_AACACGTTCGCTTGTC,5.082217139198413,15
Hepatocyte_15weeks_Animal1_Capture1_AACCATGAGTTGAGAT,5.160545712142925,15
Hepatocyte_15weeks_Animal1_Capture1_AACCATGGTAATCGTC,4.844781107075885,15
Hepatocyte_15weeks_Animal1_Capture1_AACCATGGTGTGAATA,5.347397930209398,15
Hepatocyte_15weeks_Animal1_Capture1_AACGTTGCAGGAACGT,5.264668252989624,15
Hepatocyte_15weeks_Animal1_Capture1_AACGTTGGTGGCCCTA,5.634117005327951,15
Hepatocyte_15weeks_Animal1_Capture1_AACTCAGGTTCACGGC,5.005842661999413,15
Hepatocyte_15weeks_Animal1_Capture1_AACTCAGTCAGCTTAG,4.664795738435718,15
Hepatocyte_15weeks_Animal1_Capture1_AACTCCCCAGAGTGTG,5.336924129067983,15
Hepatocyte_15weeks_Animal1_Capture1_AACTCTTAGGAATTAC,4.7837443660385475,15
Hepatocyte_15weeks_Animal1_Capture1_AACTCTTCAAGCGATG,4.899429677205281,15
Hepatocyte_15weeks_Animal1_Capture1_AACTCTTGTTGTGGAG,5.103302678170447,15
Hepatocyte_15weeks_Animal1_Capture1_AACTCTTTCTGCCCTA,4.794532469687024,15
Hepatocyte_15weeks_Animal1_Capture1_AACTGGTAGAACTCGG,4.886147850594051,15
Hepatocyte_15weeks_Animal1_Capture1_AACTGGTCAACACCCG,4.942629429832715,15
Hepatocyte_15weeks_Animal1_Capture1_AACTTTCTCTCGTTTA,5.443458675472876,15
Hepatocyte_15weeks_Animal1_Capture1_AAGACCTGTCTTGTCC,4.681869378698031,15
Hepatocyte_15weeks_Animal1_Capture1_AAGCCGCGTTGCTCCT,4.87895802868425,15
Hepatocyte_15weeks_Animal1_Capture1_AAGGAGCCACGAAAGC,5.008725952818093,15
Hepatocyte_15weeks_Animal1_Capture1_AAGGAGCCATTTGCTT,4.972501896260636,15
Hepatocyte_15weeks_Animal1_Capture1_AAGGAGCGTAGCGTAG,5.255047623430659,15
Hepatocyte_15weeks_Animal1_Capture1_AAGGCAGAGTGGTAAT,5.558073659290393,15
Hepatocyte_15weeks_Animal1_Capture1_AAGGCAGCATGCTGGC,5.155547519366086,15
Hepatocyte_15weeks_Animal1_Capture1_AAGGCAGCATGGTTGT,5.477027212024537,15
Hepatocyte_15weeks_Animal1_Capture1_AAGGCAGTCACATAGC,5.113266953422702,15
Hepatocyte_15weeks_Animal1_Capture1_AAGGTTCAGATCCTGT,5.265630035307185,15
Hepatocyte_15weeks_Animal1_Capture1_AAGGTTCTCCGTCAAA,4.734691636744102,15
Hepatocyte_15weeks_Animal1_Capture1_AAGTCTGCACCAGGTC,4.986543119454714,15
Hepatocyte_15weeks_Animal1_Capture1_AAGTCTGGTCCAGTAT,5.169871284675106,15
Hepatocyte_15weeks_Animal1_Capture1_AAGTCTGGTTACCAGT,5.179476348292903,15
Hepatocyte_15weeks_Animal1_Capture1_AATCCAGTCCTTGCCA,5.169561894723202,15
Hepatocyte_15weeks_Animal1_Capture1_AATCGGTAGACTAGGC,4.908106264931039,15
Hepatocyte_15weeks_Animal1_Capture1_AATCGGTGTCACTTCC,5.052535728522717,15
Hepatocyte_15weeks_Animal1_Capture1_ACACCAAGTCGGATCC,4.861300876733935,15
Hepatocyte_15weeks_Animal1_Capture1_ACACCCTCACGGTAGA,4.846956708480244,15
Hepatocyte_15weeks_Animal1_Capture1_ACACCCTCAGCTGTAT,5.237296137202016,15
Hepatocyte_15weeks_Animal1_Capture1_ACACCCTTCTATCGCC,5.026370837101852,15
Hepatocyte_15weeks_Animal1_Capture1_ACACCGGAGGACGAAA,5.019761541698178,15
Hepatocyte_15weeks_Animal1_Capture1_ACACTGATCCGATATG,4.780118598478754,15
Hepatocyte_15weeks_Animal1_Capture1_ACAGCCGGTAGCTCCG,4.971333767300036,15
Hepatocyte_15weeks_Animal1_Capture1_ACAGCCGTCAGTACGT,4.870967459431638,15
Hepatocyte_15weeks_Animal1_Capture1_ACAGCTACAGCATACT,5.203262848400975,15
Hepatocyte_15weeks_Animal1_Capture1_ACATACGCAGTGACAG,5.184994259094475,15
Hepatocyte_15weeks_Animal1_Capture1_ACATACGGTCGGCACT,4.729680300263055,15
Hepatocyte_15weeks_Animal1_Capture1_ACCAGTAAGACAGAGA,4.850635926329021,15
Hepatocyte_15weeks_Animal1_Capture1_ACCAGTATCACGGTTA,4.730529080879433,15
Hepatocyte_15weeks_Animal1_Capture1_ACCAGTATCCCTCAGT,5.3150962092138565,15
Hepatocyte_15weeks_Animal1_Capture1_ACCGTAACAGATCGGA,5.060147598890732,15
Hepatocyte_15weeks_Animal1_Capture1_ACCTTTAAGTCCAGGA,5.227563934655871,15
Hepatocyte_15weeks_Animal1_Capture1_ACCTTTACATATACCG,4.99873062656024,15
Hepatocyte_15weeks_Animal1_Capture1_ACCTTTATCAACACTG,4.935559550957451,15
Hepatocyte_15weeks_Animal1_Capture1_ACGAGCCAGGTGCAAC,5.325170838466538,15
Hepatocyte_15weeks_Animal1_Capture1_ACGAGGAAGAATGTTG,5.006518645525868,15
Hepatocyte_15weeks_Animal1_Capture1_ACGAGGAAGGGTATCG,5.00079031958988,15
Hepatocyte_15weeks_Animal1_Capture1_ACGAGGACAGTCGTGC,4.976274362960378,15
Hepatocyte_15weeks_Animal1_Capture1_ACGAGGAGTTCGTGAT,4.819927751307573,15
Hepatocyte_15weeks_Animal1_Capture1_ACGAGGATCGTTGACA,5.139671330823067,15
Hepatocyte_15weeks_Animal1_Capture1_ACGATACCATCCAACA,5.015573702003439,15
Hepatocyte_15weeks_Animal1_Capture1_ACGATACGTTACCAGT,4.802196793113064,15
Hepatocyte_15weeks_Animal1_Capture1_ACGATACTCAGAAATG,5.238828080849842,15
Hepatocyte_15weeks_Animal1_Capture1_ACGATGTCAAGCCGCT,5.286338812488759,15
Hepatocyte_15weeks_Animal1_Capture1_ACGATGTCACGAAATA,5.048948300882096,15
Hepatocyte_15weeks_Animal1_Capture1_ACGATGTTCTCAAGTG,5.40637073111798,15
Hepatocyte_15weeks_Animal1_Capture1_ACGGAGAGTGTGCCTG,5.1236361726570525,15
Hepatocyte_15weeks_Animal1_Capture1_ACGGCCACAGTAAGCG,5.260556506501125,15
Hepatocyte_15weeks_Animal1_Capture1_ACGGCCATCGGCTACG,5.764908138739296,15
Hepatocyte_15weeks_Animal1_Capture1_ACGGGCTAGCGTAGTG,5.4988239593692105,15
Hepatocyte_15weeks_Animal1_Capture1_ACGGGCTCAAGTTAAG,5.132200074061947,15
Hepatocyte_15weeks_Animal1_Capture1_ACGGGTCTCCAATGGT,4.867930353537315,15
Hepatocyte_15weeks_Animal1_Capture1_ACTATCTTCCATTCTA,5.546636543471687,15
Hepatocyte_15weeks_Animal1_Capture1_ACTGAACCATAGACTC,5.679393957129239,15
Hepatocyte_15weeks_Animal1_Capture1_ACTGAGTTCACTCTTA,5.577353093230493,15
Hepatocyte_15weeks_Animal1_Capture1_ACTGAGTTCATGCATG,4.931255824368367,15
Hepatocyte_15weeks_Animal1_Capture1_ACTGCTCCATCGACGC,5.657268131266079,15
Hepatocyte_15weeks_Animal1_Capture1_ACTGTCCTCTTACCTA,5.031512886730485,15
Hepatocyte_15weeks_Animal1_Capture1_ACTTACTAGGGTTCCC,5.251148642445264,15
Hepatocyte_15weeks_Animal1_Capture1_ACTTACTGTCACACGC,5.0745694917959945,15
Hepatocyte_15weeks_Animal1_Capture1_ACTTGTTAGAGCTGCA,5.070305909876893,15
Hepatocyte_15weeks_Animal1_Capture1_ACTTGTTAGGTGTTAA,5.362857803162981,15
Hepatocyte_15weeks_Animal1_Capture1_ACTTGTTAGTGAACGC,4.948344070986522,15
Hepatocyte_15weeks_Animal1_Capture1_ACTTGTTCAAGTAGTA,5.1542607922176416,15
Hepatocyte_15weeks_Animal1_Capture1_ACTTTCACATCCTAGA,5.092710945301805,15
Hepatocyte_15weeks_Animal1_Capture1_AGAGCGACAACTGCGC,5.4550692011345205,15
Hepatocyte_15weeks_Animal1_Capture1_AGAGCTTAGAACAACT,5.088309668335151,15
Hepatocyte_15weeks_Animal1_Capture1_AGAGCTTAGTCTTGCA,5.167764400867107,15
Hepatocyte_15weeks_Animal1_Capture1_AGAGCTTCATTGGTAC,4.913499726997602,15
Hepatocyte_15weeks_Animal1_Capture1_AGAGTGGGTGCAGACA,5.089886066039169,15
Hepatocyte_15weeks_Animal1_Capture1_AGAGTGGTCTCGTATT,5.3778579121631775,15
Hepatocyte_15weeks_Animal1_Capture1_AGATCTGCAAGGTGTG,5.321835639524377,15
Hepatocyte_15weeks_Animal1_Capture1_AGATCTGCAGATCCAT,4.826269894858387,15
Hepatocyte_15weeks_Animal1_Capture1_AGATTGCCATGTCGAT,4.817950275251053,15
Hepatocyte_15weeks_Animal1_Capture1_AGATTGCGTCGCATCG,5.0837585315117995,15
Hepatocyte_15weeks_Animal1_Capture1_AGCAGCCAGGCAATTA,4.857724258981809,15
Hepatocyte_15weeks_Animal1_Capture1_AGCAGCCTCAACACTG,5.193389282513161,15
Hepatocyte_15weeks_Animal1_Capture1_AGCATACGTAACGACG,4.7942919678165845,15
Hepatocyte_15weeks_Animal1_Capture1_AGCCTAAAGAAGGTGA,4.709561453543063,15
Hepatocyte_15weeks_Animal1_Capture1_AGCCTAAAGATACACA,4.916606469282512,15
Hepatocyte_15weeks_Animal1_Capture1_AGCCTAACACGGCGTT,4.819160874699291,15
Hepatocyte_15weeks_Animal1_Capture1_AGCGGTCAGCTGTTCA,5.19236920997565,15
Hepatocyte_15weeks_Animal1_Capture1_AGCGTATCACAACTGT,5.589285773314456,15
Hepatocyte_15weeks_Animal1_Capture1_AGCGTATGTACCATCA,5.0024692570812155,15
Hepatocyte_15weeks_Animal1_Capture1_AGCGTATGTTATGTGC,5.33687922766563,15
Hepatocyte_15weeks_Animal1_Capture1_AGCGTATTCTCCCTGA,5.294613516069655,15
Hepatocyte_15weeks_Animal1_Capture1_AGCTCCTCACGAAAGC,5.507115632212127,15
Hepatocyte_15weeks_Animal1_Capture1_AGCTCCTCATCTGGTA,4.780771203769412,15
Hepatocyte_15weeks_Animal1_Capture1_AGCTCCTGTGGCTCCA,5.1182518651506985,15
Hepatocyte_15weeks_Animal1_Capture1_AGCTCCTTCCTGTAGA,5.263782539065945,15
Hepatocyte_15weeks_Animal1_Capture1_AGCTCTCAGACATAAC,4.771232622480148,15
Hepatocyte_15weeks_Animal1_Capture1_AGCTTGAGTTCCATGA,4.8572114122636165,15
Hepatocyte_15weeks_Animal1_Capture1_AGCTTGATCCCTTGCA,4.901811212804704,15
Hepatocyte_15weeks_Animal1_Capture1_AGCTTGATCTCCTATA,4.9656665519746195,15
Hepatocyte_15weeks_Animal1_Capture1_AGGCCGTCAGGTCGTC,5.2975759509040286,15
Hepatocyte_15weeks_Animal1_Capture1_AGGGAGTTCTGCAAGT,5.246214315510731,15
Hepatocyte_15weeks_Animal1_Capture1_AGGGATGAGATCACGG,4.6573544529900825,15
Hepatocyte_15weeks_Animal1_Capture1_AGGTCATGTCGTCTTC,5.219397058719558,15
Hepatocyte_15weeks_Animal1_Capture1_AGTGAGGCAAGGCTCC,5.61008264246513,15
Hepatocyte_15weeks_Animal1_Capture1_AGTGAGGTCATCGATG,5.411509263998995,15
Hepatocyte_15weeks_Animal1_Capture1_AGTGTCAAGAACAACT,5.237151774305172,15
Hepatocyte_15weeks_Animal1_Capture1_AGTGTCAAGCTGAACG,4.9634149983480755,15
Hepatocyte_15weeks_Animal1_Capture1_ATAACGCCACTACAGT,5.086775047976647,15
Hepatocyte_15weeks_Animal1_Capture1_ATAACGCTCGACCAGC,5.1504036461811635,15
Hepatocyte_15weeks_Animal1_Capture1_ATAGACCGTGCACTTA,4.898666328340971,15
Hepatocyte_15weeks_Animal1_Capture1_ATAGACCTCCCGACTT,5.2036904596050615,15
Hepatocyte_15weeks_Animal1_Capture1_ATCACGAAGCTAACTC,5.829667839028979,15
Hepatocyte_15weeks_Animal1_Capture1_ATCATCTAGTCCGTAT,5.151610630277112,15
Hepatocyte_15weeks_Animal1_Capture1_ATCATCTCAAATCCGT,5.051007043904403,15
Hepatocyte_15weeks_Animal1_Capture1_ATCATGGCAAGCTGGA,4.825876899824019,15
Hepatocyte_15weeks_Animal1_Capture1_ATCATGGGTCTAGAGG,5.579269426294941,15
Hepatocyte_15weeks_Animal1_Capture1_ATCATGGGTGACCAAG,4.888661089672136,15
Hepatocyte_15weeks_Animal1_Capture1_ATCCACCAGCCCAATT,5.337609274391782,15
Hepatocyte_15weeks_Animal1_Capture1_ATCCACCAGTGTTTGC,4.760606997579691,15
Hepatocyte_15weeks_Animal1_Capture1_ATCCACCTCAAGATCC,5.416087969092349,15
Hepatocyte_15weeks_Animal1_Capture1_ATCCACCTCAGTTGAC,5.7244570168860704,15
Hepatocyte_15weeks_Animal1_Capture1_ATCCGAAAGCTGCCCA,5.007283162732611,15
Hepatocyte_15weeks_Animal1_Capture1_ATCCGAAGTGCCTGGT,5.064534076748409,15
Hepatocyte_15weeks_Animal1_Capture1_ATCGAGTAGATCCGAG,5.128059296589158,15
Hepatocyte_15weeks_Animal1_Capture1_ATCTGCCTCCACGCAG,5.316526333634549,15
Hepatocyte_15weeks_Animal1_Capture1_ATGAGGGGTCCAGTTA,5.241769821540007,15
Hepatocyte_15weeks_Animal1_Capture1_ATGAGGGTCATGGTCA,4.945050702030139,15
Hepatocyte_15weeks_Animal1_Capture1_ATGCGATAGAAGAAGC,4.952404312786662,15
Hepatocyte_15weeks_Animal1_Capture1_ATGCGATAGGGTATCG,5.101695176293383,15
Hepatocyte_15weeks_Animal1_Capture1_ATGTGTGAGCCAGTAG,4.900691964305399,15
Hepatocyte_15weeks_Animal1_Capture1_ATGTGTGGTAACGCGA,5.203523980962345,15
Hepatocyte_15weeks_Animal1_Capture1_ATGTGTGTCATACGGT,4.9251299032478375,15
Hepatocyte_15weeks_Animal1_Capture1_ATTACTCAGGCAATTA,5.06105176830654,15
Hepatocyte_15weeks_Animal1_Capture1_ATTATCCAGTGGGCTA,5.090156776637678,15
Hepatocyte_15weeks_Animal1_Capture1_ATTCTACGTCTTCGTC,4.983153047398961,15
Hepatocyte_15weeks_Animal1_Capture1_ATTGGACTCTACTATC,5.2190403831133025,15
Hepatocyte_15weeks_Animal1_Capture1_ATTGGTGAGACGCACA,5.266750100946242,15
Hepatocyte_15weeks_Animal1_Capture1_ATTGGTGCATTGGGCC,5.1336770706271455,15
Hepatocyte_15weeks_Animal1_Capture1_CAACCAACATCATCCC,5.099450008840309,15
Hepatocyte_15weeks_Animal1_Capture1_CAACCAATCCGCGCAA,4.865146175804476,15
Hepatocyte_15weeks_Animal1_Capture1_CAACCTCAGCTGCAAG,5.379740538855259,15
Hepatocyte_15weeks_Animal1_Capture1_CAACCTCCACGGCCAT,4.965963345384033,15
Hepatocyte_15weeks_Animal1_Capture1_CAACCTCGTATTAGCC,4.988276382750804,15
Hepatocyte_15weeks_Animal1_Capture1_CAACCTCTCATTTGGG,5.707691475172426,15
Hepatocyte_15weeks_Animal1_Capture1_CAACCTCTCGAGAACG,5.272018339639621,15
Hepatocyte_15weeks_Animal1_Capture1_CAACTAGAGTCATGCT,5.0790771931289225,15
Hepatocyte_15weeks_Animal1_Capture1_CAACTAGCATATGGTC,5.14122082783919,15
Hepatocyte_15weeks_Animal1_Capture1_CAAGAAAAGCGATATA,5.50222628091689,15
Hepatocyte_15weeks_Animal1_Capture1_CAAGAAAGTACAAGTA,4.996781616803646,15
Hepatocyte_15weeks_Animal1_Capture1_CAAGAAATCCTAGAAC,5.229746228267587,15
Hepatocyte_15weeks_Animal1_Capture1_CAAGATCCACTTACGA,5.4760585333565155,15
Hepatocyte_15weeks_Animal1_Capture1_CAAGATCGTGAGGCTA,5.1265403896963955,15
Hepatocyte_15weeks_Animal1_Capture1_CAAGATCTCTTGTATC,5.159690332802403,15
Hepatocyte_15weeks_Animal1_Capture1_CAAGGCCAGGAATCGC,5.242818683496326,15
Hepatocyte_15weeks_Animal1_Capture1_CAAGGCCAGTTACGGG,5.742004256436509,15
Hepatocyte_15weeks_Animal1_Capture1_CAAGGCCGTCAAACTC,4.712683400188707,15
Hepatocyte_15weeks_Animal1_Capture1_CAAGGCCGTGAAATCA,5.269892980207296,15
Hepatocyte_15weeks_Animal1_Capture1_CAAGTTGGTCGTTGTA,5.088448482849465,15
Hepatocyte_15weeks_Animal1_Capture1_CAAGTTGTCTCTAGGA,5.1912875173772735,15
Hepatocyte_15weeks_Animal1_Capture1_CACAAACAGCAATCTC,4.938670639139182,15
Hepatocyte_15weeks_Animal1_Capture1_CACAAACGTGTGAAAT,5.36560527095982,15
Hepatocyte_15weeks_Animal1_Capture1_CACAAACGTTGTGGCC,5.510231127129933,15
Hepatocyte_15weeks_Animal1_Capture1_CACAAACTCAATACCG,5.186884967984446,15
Hepatocyte_15weeks_Animal1_Capture1_CACAAACTCCGTACAA,5.441361849293063,15
Hepatocyte_15weeks_Animal1_Capture1_CACACAACAGATAATG,5.17261301856099,15
Hepatocyte_15weeks_Animal1_Capture1_CACACAATCGGACAAG,4.94267188933523,15
Hepatocyte_15weeks_Animal1_Capture1_CACACCTCATGAAGTA,5.337691177117357,15
Hepatocyte_15weeks_Animal1_Capture1_CACAGGCTCAAGCCTA,5.012131526497616,15
Hepatocyte_15weeks_Animal1_Capture1_CACAGGCTCACTGGGC,4.900807098817695,15
Hepatocyte_15weeks_Animal1_Capture1_CACATAGGTAAGGGAA,5.023021291051374,15
Hepatocyte_15weeks_Animal1_Capture1_CACATTTGTAAGCACG,4.749232183075191,15
Hepatocyte_15weeks_Animal1_Capture1_CACATTTGTACGAAAT,5.068227601951637,15
Hepatocyte_15weeks_Animal1_Capture1_CACATTTGTTACCAGT,5.354939520890483,15
Hepatocyte_15weeks_Animal1_Capture1_CACATTTTCTCCTATA,4.851504785133619,15
Hepatocyte_15weeks_Animal1_Capture1_CACCACTCAACTGCGC,4.465610677092677,15
Hepatocyte_15weeks_Animal1_Capture1_CACCACTCAAGACACG,4.7032491514238295,15
Hepatocyte_15weeks_Animal1_Capture1_CACCACTCAGTGGGAT,4.868363075869063,15
Hepatocyte_15weeks_Animal1_Capture1_CACCACTGTCCATCCT,4.733115499277961,15
Hepatocyte_15weeks_Animal1_Capture1_CACCACTGTGGCCCTA,5.00405188309005,15
Hepatocyte_15weeks_Animal1_Capture1_CACCACTTCTGGAGCC,4.599912854946865,15
Hepatocyte_15weeks_Animal1_Capture1_CACCAGGTCAGAGCTT,5.41805633112323,15
Hepatocyte_15weeks_Animal1_Capture1_CACCTTGAGAGGGATA,5.0205424619759125,15
Hepatocyte_15weeks_Animal1_Capture1_CACTCCAGTCGGCTCA,4.982169103245818,15
Hepatocyte_15weeks_Animal1_Capture1_CACTCCATCCTAGAAC,5.279751907039012,15
Hepatocyte_15weeks_Animal1_Capture1_CAGAGAGAGACAGAGA,5.286354187676331,15
Hepatocyte_15weeks_Animal1_Capture1_CAGAGAGAGTGTTTGC,4.864787481734037,15
Hepatocyte_15weeks_Animal1_Capture1_CAGAGAGGTATGCTTG,5.251076567647729,15
Hepatocyte_15weeks_Animal1_Capture1_CAGAGAGGTGGTGTAG,4.584579307816043,15
Hepatocyte_15weeks_Animal1_Capture1_CAGATCAGTCGCTTTC,4.984874073158384,15
Hepatocyte_15weeks_Animal1_Capture1_CAGATCATCCCTTGCA,5.1446988047400595,15
Hepatocyte_15weeks_Animal1_Capture1_CAGCAGCGTTGTCGCG,4.861374439019194,15
Hepatocyte_15weeks_Animal1_Capture1_CAGCATAAGGGCTTGA,4.6684189175783315,15
Hepatocyte_15weeks_Animal1_Capture1_CAGCATACAATGACCT,5.231703233095562,15
Hepatocyte_15weeks_Animal1_Capture1_CAGCATATCTTGTTTG,5.142890761819504,15
Hepatocyte_15weeks_Animal1_Capture1_CAGCCGATCACCTCGT,5.254451083581403,15
Hepatocyte_15weeks_Animal1_Capture1_CAGCGACCATTGAGCT,5.4462019912434565,15
Hepatocyte_15weeks_Animal1_Capture1_CAGCGACGTAAAGTCA,5.192032155112694,15
Hepatocyte_15weeks_Animal1_Capture1_CAGCTAAAGCGTAATA,5.247615536671019,15
Hepatocyte_15weeks_Animal1_Capture1_CAGCTAAGTATATGGA,4.80422533195715,15
Hepatocyte_15weeks_Animal1_Capture1_CAGCTAATCTTTACAC,4.975857404027672,15
Hepatocyte_15weeks_Animal1_Capture1_CAGCTGGGTCTTCAAG,5.129435178173966,15
Hepatocyte_15weeks_Animal1_Capture1_CAGTCCTGTTCCGTCT,4.797620935560465,15
Hepatocyte_15weeks_Animal1_Capture1_CAGTCCTTCAGTCAGT,5.232661045048375,15
Hepatocyte_15weeks_Animal1_Capture1_CATATGGAGCCACGTC,5.296922701864097,15
Hepatocyte_15weeks_Animal1_Capture1_CATATTCTCTAAGCCA,4.913778563939227,15
Hepatocyte_15weeks_Animal1_Capture1_CATCAGAAGTGTGGCA,4.90800323844183,15
Hepatocyte_15weeks_Animal1_Capture1_CATCCACCACCGTTGG,5.048830857627843,15
Hepatocyte_15weeks_Animal1_Capture1_CATCCACGTTGTCGCG,5.005477146967099,15
Hepatocyte_15weeks_Animal1_Capture1_CATCGAACAGTTTACG,5.131326246310812,15
Hepatocyte_15weeks_Animal1_Capture1_CATCGGGTCTGCAGTA,5.2520758857178755,15
Hepatocyte_15weeks_Animal1_Capture1_CATGACAAGCTCCTCT,4.808798267427734,15
Hepatocyte_15weeks_Animal1_Capture1_CATGCCTAGACCCACC,4.978848277267223,15
Hepatocyte_15weeks_Animal1_Capture1_CATGCCTTCAACCAAC,5.372511214889359,15
Hepatocyte_15weeks_Animal1_Capture1_CATGCCTTCTCGATGA,4.696253847747705,15
Hepatocyte_15weeks_Animal1_Capture1_CATGGCGGTGACGCCT,5.032573331350505,15
Hepatocyte_15weeks_Animal1_Capture1_CATTATCCAAGCCGCT,4.952015756995255,15
Hepatocyte_15weeks_Animal1_Capture1_CATTCGCCAATGGATA,4.9262786151230875,15
Hepatocyte_15weeks_Animal1_Capture1_CATTCGCCAGATTGCT,4.8651942598043565,15
Hepatocyte_15weeks_Animal1_Capture1_CATTCGCTCTGCGTAA,5.1440166496993225,15
Hepatocyte_15weeks_Animal1_Capture1_CCAATCCGTGCGGTAA,5.141008485136435,15
Hepatocyte_15weeks_Animal1_Capture1_CCACCTACAGTTCATG,5.052787589370183,15
Hepatocyte_15weeks_Animal1_Capture1_CCACCTACATCACCCT,4.887304124257,15
Hepatocyte_15weeks_Animal1_Capture1_CCACCTAGTATTACCG,4.918330484213008,15
Hepatocyte_15weeks_Animal1_Capture1_CCACCTAGTCTCATCC,5.307762631603185,15
Hepatocyte_15weeks_Animal1_Capture1_CCACGGAAGACTTTCG,5.533907618616414,15
Hepatocyte_15weeks_Animal1_Capture1_CCACGGAGTCTGCGGT,5.477717305780844,15
Hepatocyte_15weeks_Animal1_Capture1_CCACTACGTATCTGCA,4.82898058578301,15
Hepatocyte_15weeks_Animal1_Capture1_CCACTACTCGCTAGCG,5.137222721627264,15
Hepatocyte_15weeks_Animal1_Capture1_CCAGCGAAGGCAATTA,4.648623930167409,15
Hepatocyte_15weeks_Animal1_Capture1_CCAGCGAGTCCAAGTT,4.967641863962587,15
Hepatocyte_15weeks_Animal1_Capture1_CCAGCGAGTCTGGAGA,4.865579223850348,15
Hepatocyte_15weeks_Animal1_Capture1_CCATTCGGTCCAAGTT,5.583581001181562,15
Hepatocyte_15weeks_Animal1_Capture1_CCCAATCTCAGTTTGG,4.985268396831379,15
Hepatocyte_15weeks_Animal1_Capture1_CCCATACTCACCTTAT,5.66231782467492,15
Hepatocyte_15weeks_Animal1_Capture1_CCCATACTCCAAGCCG,5.167801523838261,15
Hepatocyte_15weeks_Animal1_Capture1_CCCATACTCTCTAGGA,5.449181961008251,15
Hepatocyte_15weeks_Animal1_Capture1_CCCATACTCTGACCTC,5.052529080720712,15
Hepatocyte_15weeks_Animal1_Capture1_CCCTCCTAGGTTCCTA,5.668260665736051,15
Hepatocyte_15weeks_Animal1_Capture1_CCCTCCTGTCAGGACA,4.765290899338861,15
Hepatocyte_15weeks_Animal1_Capture1_CCGGGATCAATGAATG,5.087182377665808,15
Hepatocyte_15weeks_Animal1_Capture1_CCGGGATCATGAGCGA,4.911315201779429,15
Hepatocyte_15weeks_Animal1_Capture1_CCGGTAGAGCCACGCT,4.804351809045281,15
Hepatocyte_15weeks_Animal1_Capture1_CCGGTAGCATTGGCGC,4.848810219262571,15
Hepatocyte_15weeks_Animal1_Capture1_CCGGTAGGTCGAGTTT,5.22380971994918,15
Hepatocyte_15weeks_Animal1_Capture1_CCGTACTAGTTAACGA,4.8682583701680455,15
Hepatocyte_15weeks_Animal1_Capture1_CCGTACTCAAAGGTGC,4.7247831279886245,15
Hepatocyte_15weeks_Animal1_Capture1_CCGTACTTCCAGAGGA,5.078285597817159,15
Hepatocyte_15weeks_Animal1_Capture1_CCGTGGACACGGTTTA,4.766775096963777,15
Hepatocyte_15weeks_Animal1_Capture1_CCGTGGAGTAGCAAAT,5.269783943405809,15
Hepatocyte_15weeks_Animal1_Capture1_CCGTGGAGTTGTTTGG,5.533999331016674,15
Hepatocyte_15weeks_Animal1_Capture1_CCGTTCACACATCCGG,4.924070802367204,15
Hepatocyte_15weeks_Animal1_Capture1_CCTAAAGGTGTCCTCT,4.850130517003089,15
Hepatocyte_15weeks_Animal1_Capture1_CCTACCATCCCAAGTA,4.932346574756039,15
Hepatocyte_15weeks_Animal1_Capture1_CCTATTACATGGGACA,5.505568078659168,15
Hepatocyte_15weeks_Animal1_Capture1_CCTATTAGTTAAGGGC,5.191100127938103,15
Hepatocyte_15weeks_Animal1_Capture1_CCTATTAGTTCCGTCT,5.979532795443031,15
Hepatocyte_15weeks_Animal1_Capture1_CCTATTATCCTGCTTG,5.650251156161284,15
Hepatocyte_15weeks_Animal1_Capture1_CCTCAGTGTAAGTTCC,5.219612080205765,15
Hepatocyte_15weeks_Animal1_Capture1_CCTCTGAAGATACACA,4.554325081108745,15
Hepatocyte_15weeks_Animal1_Capture1_CCTTACGAGCTAGTCT,4.888161836039304,15
Hepatocyte_15weeks_Animal1_Capture1_CCTTACGGTGTGAATA,5.092598419022845,15
Hepatocyte_15weeks_Animal1_Capture1_CCTTCCCAGAGCTTCT,4.704029672248942,15
Hepatocyte_15weeks_Animal1_Capture1_CCTTCCCCATATGCTG,4.8052886225635545,15
Hepatocyte_15weeks_Animal1_Capture1_CCTTCCCTCTGCAAGT,5.065382888344577,15
Hepatocyte_15weeks_Animal1_Capture1_CCTTCGAGTAATTGGA,5.13391903211051,15
Hepatocyte_15weeks_Animal1_Capture1_CCTTCGAGTTCTCATT,4.8002185986503685,15
Hepatocyte_15weeks_Animal1_Capture1_CCTTTCTCAACAACCT,5.036285042553416,15
Hepatocyte_15weeks_Animal1_Capture1_CCTTTCTTCACCCGAG,4.769993221053026,15
Hepatocyte_15weeks_Animal1_Capture1_CCTTTCTTCCGGCACA,4.650077170398297,15
Hepatocyte_15weeks_Animal1_Capture1_CGAACATTCGCGTTTC,4.848144777319119,15
Hepatocyte_15weeks_Animal1_Capture1_CGAATGTGTACCAGTT,5.061415297887864,15
Hepatocyte_15weeks_Animal1_Capture1_CGACCTTTCACCTCGT,5.924031517559094,15
Hepatocyte_15weeks_Animal1_Capture1_CGACCTTTCTAGCACA,5.620596323016922,15
Hepatocyte_15weeks_Animal1_Capture1_CGAGAAGGTCGACTAT,5.408336478184383,15
Hepatocyte_15weeks_Animal1_Capture1_CGAGCACAGCTAGTGG,5.04365165424181,15
Hepatocyte_15weeks_Animal1_Capture1_CGAGCACCATCACGTA,5.725321383627945,15
Hepatocyte_15weeks_Animal1_Capture1_CGAGCCAGTGCGATAG,5.102448903255961,15
Hepatocyte_15weeks_Animal1_Capture1_CGATCGGTCATACGGT,5.23558003073647,15
Hepatocyte_15weeks_Animal1_Capture1_CGATGGCCATTCCTGC,5.615405307373727,15
Hepatocyte_15weeks_Animal1_Capture1_CGATGGCGTGATGATA,5.246675825322981,15
Hepatocyte_15weeks_Animal1_Capture1_CGATGGCGTGCAGACA,5.19033743668469,15
Hepatocyte_15weeks_Animal1_Capture1_CGATGTAGTGTGTGCC,5.380173413125714,15
Hepatocyte_15weeks_Animal1_Capture1_CGATGTATCGCGCCAA,5.3371459156012175,15
Hepatocyte_15weeks_Animal1_Capture1_CGATTGACACTTCTGC,4.846761451429227,15
Hepatocyte_15weeks_Animal1_Capture1_CGATTGAGTGTATGGG,5.275976268727218,15
Hepatocyte_15weeks_Animal1_Capture1_CGATTGAGTTAAGTAG,5.138064152256245,15
Hepatocyte_15weeks_Animal1_Capture1_CGATTGATCTAACGGT,5.795275086551594,15
Hepatocyte_15weeks_Animal1_Capture1_CGCCAAGCATAGTAAG,4.946918750960234,15
Hepatocyte_15weeks_Animal1_Capture1_CGCGGTAGTAGAAAGG,4.875402610685393,15
Hepatocyte_15weeks_Animal1_Capture1_CGCGTTTAGGTGCTAG,5.925784341060288,15
Hepatocyte_15weeks_Animal1_Capture1_CGCTATCAGTACCGGA,4.924719103722611,15
Hepatocyte_15weeks_Animal1_Capture1_CGCTGGAAGCTCTCGG,5.343466680642685,15
Hepatocyte_15weeks_Animal1_Capture1_CGCTTCACAAGGTTTC,4.912689286000673,15
Hepatocyte_15weeks_Animal1_Capture1_CGCTTCATCTCTGAGA,5.079862347882944,15
Hepatocyte_15weeks_Animal1_Capture1_CGCTTCATCTTTACGT,5.306048918723776,15
Hepatocyte_15weeks_Animal1_Capture1_CGGACACCACCATGTA,5.140546237842372,15
Hepatocyte_15weeks_Animal1_Capture1_CGGACGTCACCAACCG,5.3278589850862135,15
Hepatocyte_15weeks_Animal1_Capture1_CGGACGTGTTCTCATT,5.227481726921873,15
Hepatocyte_15weeks_Animal1_Capture1_CGGAGTCCACCTCGGA,5.004434307437223,15
Hepatocyte_15weeks_Animal1_Capture1_CGGAGTCCAGCAGTTT,5.5156742794761815,15
Hepatocyte_15weeks_Animal1_Capture1_CGGCTAGAGAGGGATA,5.746068759620429,15
Hepatocyte_15weeks_Animal1_Capture1_CGGCTAGTCAACGCTA,4.60232147806696,15
Hepatocyte_15weeks_Animal1_Capture1_CGGCTAGTCCTGTAGA,4.64477508696767,15
Hepatocyte_15weeks_Animal1_Capture1_CGGGTCACACCTCGGA,4.661468916766609,15
Hepatocyte_15weeks_Animal1_Capture1_CGGGTCAGTCTAGAGG,5.118436214551139,15
Hepatocyte_15weeks_Animal1_Capture1_CGGTTAAGTCAGTGGA,5.0320985331155486,15
Hepatocyte_15weeks_Animal1_Capture1_CGGTTAAGTGCACGAA,5.396663852048684,15
Hepatocyte_15weeks_Animal1_Capture1_CGTAGCGAGCCCTAAT,4.863326570801515,15
Hepatocyte_15weeks_Animal1_Capture1_CGTAGCGGTAGGGTAC,5.05866320478454,15
Hepatocyte_15weeks_Animal1_Capture1_CGTCAGGAGGCGATAC,4.688213019747054,15
Hepatocyte_15weeks_Animal1_Capture1_CGTCAGGAGGGCACTA,4.981303094462978,15
Hepatocyte_15weeks_Animal1_Capture1_CGTCCATAGCCCAACC,4.983299586486524,15
Hepatocyte_15weeks_Animal1_Capture1_CGTCCATCAAGCGAGT,5.554615803646554,15
Hepatocyte_15weeks_Animal1_Capture1_CGTCTACTCTGCAGTA,5.139471042033177,15
Hepatocyte_15weeks_Animal1_Capture1_CGTGAGCCAAAGGTGC,5.143616857115988,15
Hepatocyte_15weeks_Animal1_Capture1_CGTGAGCGTTCCACGG,5.01767579038356,15
Hepatocyte_15weeks_Animal1_Capture1_CGTGAGCTCAAACGGG,5.323528095428372,15
Hepatocyte_15weeks_Animal1_Capture1_CGTGAGCTCTGCGACG,5.107773619376931,15
Hepatocyte_15weeks_Animal1_Capture1_CGTGTCTCAATAGCAA,4.770829530420754,15
Hepatocyte_15weeks_Animal1_Capture1_CGTGTCTGTTACCGAT,4.76722763345392,15
Hepatocyte_15weeks_Animal1_Capture1_CGTTAGAAGAAGGCCT,5.315873457635859,15
Hepatocyte_15weeks_Animal1_Capture1_CGTTAGATCTTTAGTC,5.411674995574447,15
Hepatocyte_15weeks_Animal1_Capture1_CGTTCTGAGACTAGGC,5.032996802078572,15
Hepatocyte_15weeks_Animal1_Capture1_CTAACTTAGCTGTTCA,4.67137473256666,15
Hepatocyte_15weeks_Animal1_Capture1_CTAACTTGTACCATCA,5.130844585837499,15
Hepatocyte_15weeks_Animal1_Capture1_CTAACTTGTTGTCTTT,5.331563028206515,15
Hepatocyte_15weeks_Animal1_Capture1_CTAAGACAGGTGATTA,5.410460670887391,15
Hepatocyte_15weeks_Animal1_Capture1_CTAAGACCACTACAGT,5.064473459971023,15
Hepatocyte_15weeks_Animal1_Capture1_CTAATGGGTATTACCG,4.862372491727296,15
Hepatocyte_15weeks_Animal1_Capture1_CTAATGGTCCAAGCCG,5.258357449031447,15
Hepatocyte_15weeks_Animal1_Capture1_CTAATGGTCCCTTGTG,5.2846587452864995,15
Hepatocyte_15weeks_Animal1_Capture1_CTACACCGTAACGTTC,5.2488309974762775,15
Hepatocyte_15weeks_Animal1_Capture1_CTACACCGTTTCGCTC,4.65544858504097,15
Hepatocyte_15weeks_Animal1_Capture1_CTACACCTCTATCGCC,4.862519373893687,15
Hepatocyte_15weeks_Animal1_Capture1_CTACATTGTCTCCCTA,5.450976876218753,15
Hepatocyte_15weeks_Animal1_Capture1_CTACCCAGTCCGACGT,5.012938826137358,15
Hepatocyte_15weeks_Animal1_Capture1_CTAGAGTCACCTATCC,4.994043365925632,15
Hepatocyte_15weeks_Animal1_Capture1_CTAGAGTCAGTATGCT,5.056469354918158,15
Hepatocyte_15weeks_Animal1_Capture1_CTAGTGACACTTACGA,5.417548469540994,15
Hepatocyte_15weeks_Animal1_Capture1_CTAGTGAGTAGAAAGG,4.698583077423761,15
Hepatocyte_15weeks_Animal1_Capture1_CTAGTGAGTCTCCCTA,5.344191570120913,15
Hepatocyte_15weeks_Animal1_Capture1_CTAGTGATCATGCATG,4.954565059245452,15
Hepatocyte_15weeks_Animal1_Capture1_CTCACACGTCCCTTGT,5.438484392735411,15
Hepatocyte_15weeks_Animal1_Capture1_CTCACACTCTTCGGTC,5.248022180759516,15
Hepatocyte_15weeks_Animal1_Capture1_CTCAGAAGTCCGTGAC,4.8373731225881915,15
Hepatocyte_15weeks_Animal1_Capture1_CTCATTAGTTCAGCGC,5.246934236421099,15
Hepatocyte_15weeks_Animal1_Capture1_CTCATTATCCAGTATG,5.29545307229387,15
Hepatocyte_15weeks_Animal1_Capture1_CTCGAGGCAGATTGCT,4.7196475689781465,15
Hepatocyte_15weeks_Animal1_Capture1_CTCGGAGAGGACTGGT,5.3781194347484345,15
Hepatocyte_15weeks_Animal1_Capture1_CTCGGAGAGGGTGTTG,5.707741385033022,15
Hepatocyte_15weeks_Animal1_Capture1_CTCGGGACACCTTGTC,5.698005269967341,15
Hepatocyte_15weeks_Animal1_Capture1_CTCGTACCACGCCAGT,5.129958925506007,15
Hepatocyte_15weeks_Animal1_Capture1_CTCGTACGTTGCGCAC,5.5851038086140345,15
Hepatocyte_15weeks_Animal1_Capture1_CTCGTACTCGTGACAT,4.894191584250583,15
Hepatocyte_15weeks_Animal1_Capture1_CTCGTACTCTCACATT,5.2789842803740985,15
Hepatocyte_15weeks_Animal1_Capture1_CTCTAATCACATTCGA,5.156984119360219,15
Hepatocyte_15weeks_Animal1_Capture1_CTCTAATGTCACCCAG,4.681802406269491,15
Hepatocyte_15weeks_Animal1_Capture1_CTCTAATGTGGAAAGA,5.107785306210918,15
Hepatocyte_15weeks_Animal1_Capture1_CTCTAATGTTACCAGT,5.022574078320184,15
Hepatocyte_15weeks_Animal1_Capture1_CTCTAATTCATTCACT,4.763929566179719,15
Hepatocyte_15weeks_Animal1_Capture1_CTCTAATTCTGCTTGC,4.772623081697046,15
Hepatocyte_15weeks_Animal1_Capture1_CTCTACGAGTGTACTC,5.394375501970912,15
Hepatocyte_15weeks_Animal1_Capture1_CTCTACGCAGCAGTTT,5.106581314478293,15
Hepatocyte_15weeks_Animal1_Capture1_CTGAAACGTGCAGTAG,5.33417160003196,15
Hepatocyte_15weeks_Animal1_Capture1_CTGAAGTCAATGGATA,5.1549943869113655,15
Hepatocyte_15weeks_Animal1_Capture1_CTGATAGCAAACTGCT,5.894124954447129,15
Hepatocyte_15weeks_Animal1_Capture1_CTGATCCAGAAACGCC,4.81037620742997,15
Hepatocyte_15weeks_Animal1_Capture1_CTGATCCTCTAACCGA,4.882717267660377,15
Hepatocyte_15weeks_Animal1_Capture1_CTGCCTACATATGAGA,5.256907640956236,15
Hepatocyte_15weeks_Animal1_Capture1_CTGCGGATCCTACAGA,5.247169988098097,15
Hepatocyte_15weeks_Animal1_Capture1_CTGCTGTTCGGTTCGG,5.124124848059731,15
Hepatocyte_15weeks_Animal1_Capture1_CTGGTCTAGCTCAACT,4.648156416381092,15
Hepatocyte_15weeks_Animal1_Capture1_CTGGTCTAGTATTGGA,5.333218456984296,15
Hepatocyte_15weeks_Animal1_Capture1_CTGTGCTTCGCACTCT,5.211202215194115,15
Hepatocyte_15weeks_Animal1_Capture1_CTGTTTAAGAGCCTAG,4.809231135071233,15
Hepatocyte_15weeks_Animal1_Capture1_CTGTTTATCCCAAGTA,5.260701111418516,15
Hepatocyte_15weeks_Animal1_Capture1_CTTACCGAGTCGTACT,4.969602059004526,15
Hepatocyte_15weeks_Animal1_Capture1_CTTAGGAAGTGCTGCC,5.731181917093021,15
Hepatocyte_15weeks_Animal1_Capture1_CTTCTCTAGAGAGCTC,5.040889897360707,15
Hepatocyte_15weeks_Animal1_Capture1_CTTCTCTCAAGCTGGA,5.624911891457169,15
Hepatocyte_15weeks_Animal1_Capture1_CTTCTCTGTAGGCATG,5.195564767166372,15
Hepatocyte_15weeks_Animal1_Capture1_CTTTGCGTCTGCAAGT,5.1920151568669,15
Hepatocyte_15weeks_Animal1_Capture1_GAAACTCAGTGGGCTA,5.486513331701651,15
Hepatocyte_15weeks_Animal1_Capture1_GAAACTCGTACGACCC,4.655222187724167,15
Hepatocyte_15weeks_Animal1_Capture1_GAAACTCGTCATGCAT,5.0512425198187785,15
Hepatocyte_15weeks_Animal1_Capture1_GAAACTCGTTAAGAAC,4.7548395720008205,15
Hepatocyte_15weeks_Animal1_Capture1_GAAACTCTCACATACG,4.836467489153508,15
Hepatocyte_15weeks_Animal1_Capture1_GAACGGACATGGTCTA,5.275955175113827,15
Hepatocyte_15weeks_Animal1_Capture1_GAAGCAGAGTCTTGCA,4.9681745034853115,15
Hepatocyte_15weeks_Animal1_Capture1_GAAGCAGGTATCGCAT,5.609602196246787,15
Hepatocyte_15weeks_Animal1_Capture1_GAATAAGAGTGTACCT,4.98640036402209,15
Hepatocyte_15weeks_Animal1_Capture1_GAATAAGTCGGAATCT,5.96969217326134,15
Hepatocyte_15weeks_Animal1_Capture1_GAATAAGTCGGCATCG,5.269875694967266,15
Hepatocyte_15weeks_Animal1_Capture1_GAATAAGTCTTCTGGC,4.889376643178002,15
Hepatocyte_15weeks_Animal1_Capture1_GAATGAAGTGGTAACG,4.820105023300291,15
Hepatocyte_15weeks_Animal1_Capture1_GACACGCGTTCCTCCA,5.398597929966634,15
Hepatocyte_15weeks_Animal1_Capture1_GACCTGGTCCAGGGCT,5.6591230381615745,15
Hepatocyte_15weeks_Animal1_Capture1_GACGCGTAGAAACGCC,5.264267256643088,15
Hepatocyte_15weeks_Animal1_Capture1_GACGCGTCAAGCTGTT,4.920421111599535,15
Hepatocyte_15weeks_Animal1_Capture1_GACGCGTGTGGTACAG,4.790550927014409,15
Hepatocyte_15weeks_Animal1_Capture1_GACGGCTGTCACAAGG,5.037847696210511,15
Hepatocyte_15weeks_Animal1_Capture1_GACGGCTGTGCTTCTC,4.8643437000632925,15
Hepatocyte_15weeks_Animal1_Capture1_GACGGCTGTTCAGGCC,4.7032179681693576,15
Hepatocyte_15weeks_Animal1_Capture1_GACTAACCACATGGGA,5.128041093817737,15
Hepatocyte_15weeks_Animal1_Capture1_GACTACACAGACACTT,5.315640387142637,15
Hepatocyte_15weeks_Animal1_Capture1_GACTGCGAGACGCAAC,5.306002726630042,15
Hepatocyte_15weeks_Animal1_Capture1_GACTGCGTCAGTTCGA,4.8871843739399035,15
Hepatocyte_15weeks_Animal1_Capture1_GAGCAGAGTTCCCTTG,4.778199346868481,15
Hepatocyte_15weeks_Animal1_Capture1_GAGTCCGGTTACGCGC,5.153562790186845,15
Hepatocyte_15weeks_Animal1_Capture1_GAGTCCGTCAATAAGG,5.54675268754642,15
Hepatocyte_15weeks_Animal1_Capture1_GATCAGTCAAGTTAAG,5.126755677454151,15
Hepatocyte_15weeks_Animal1_Capture1_GATCAGTCACGGATAG,4.944526121108779,15
Hepatocyte_15weeks_Animal1_Capture1_GATCGATGTATATGAG,5.225358319973479,15
Hepatocyte_15weeks_Animal1_Capture1_GATCGATTCAGTGCAT,5.6929107812531035,15
Hepatocyte_15weeks_Animal1_Capture1_GATCGCGAGACGACGT,5.393066280915685,15
Hepatocyte_15weeks_Animal1_Capture1_GATCGCGCATTTCAGG,4.895164447331008,15
Hepatocyte_15weeks_Animal1_Capture1_GATCGCGGTAAGAGGA,5.359344951732508,15
Hepatocyte_15weeks_Animal1_Capture1_GATCGCGGTCGCCATG,5.358513100764644,15
Hepatocyte_15weeks_Animal1_Capture1_GATCGCGGTGAGCGAT,4.912287221351981,15
Hepatocyte_15weeks_Animal1_Capture1_GATCGCGTCAACACCA,4.915538602903268,15
Hepatocyte_15weeks_Animal1_Capture1_GATCGCGTCACCCGAG,5.501239742411676,15
Hepatocyte_15weeks_Animal1_Capture1_GATCGTATCTTAGCCC,5.749127983677604,15
Hepatocyte_15weeks_Animal1_Capture1_GATGAGGCATCTCGCT,4.966898841678807,15
Hepatocyte_15weeks_Animal1_Capture1_GATGAGGGTTGTCGCG,5.147007079404719,15
Hepatocyte_15weeks_Animal1_Capture1_GATGAGGTCTGTCAAG,4.770068342675532,15
Hepatocyte_15weeks_Animal1_Capture1_GATGCTAGTGTCAATC,4.922302433449368,15
Hepatocyte_15weeks_Animal1_Capture1_GATTCAGCATAGACTC,5.298168324864319,15
Hepatocyte_15weeks_Animal1_Capture1_GATTCAGGTAGCTGCC,4.806674839796353,15
Hepatocyte_15weeks_Animal1_Capture1_GATTCAGGTCAGAATA,5.073749905015635,15
Hepatocyte_15weeks_Animal1_Capture1_GCAATCAGTAAATGTG,5.300892747619947,15
Hepatocyte_15weeks_Animal1_Capture1_GCACATAGTCTTCAAG,5.005927232613892,15
Hepatocyte_15weeks_Animal1_Capture1_GCACATAGTTCATGGT,4.932100042720405,15
Hepatocyte_15weeks_Animal1_Capture1_GCACATAGTTTCGCTC,5.4400241699621175,15
Hepatocyte_15weeks_Animal1_Capture1_GCACATATCGCAGGCT,4.945599397025582,15
Hepatocyte_15weeks_Animal1_Capture1_GCAGCCACAGGGTATG,4.914681809167785,15
Hepatocyte_15weeks_Animal1_Capture1_GCATGCGTCAATCACG,5.387410693761193,15
Hepatocyte_15weeks_Animal1_Capture1_GCATGTAGTCAAAGCG,4.97793519790692,15
Hepatocyte_15weeks_Animal1_Capture1_GCCAAATAGCGTAATA,4.987550481964041,15
Hepatocyte_15weeks_Animal1_Capture1_GCCTCTAAGTTAAGTG,4.6775861073102405,15
Hepatocyte_15weeks_Animal1_Capture1_GCCTCTACAAAGAATC,4.904944448569314,15
Hepatocyte_15weeks_Animal1_Capture1_GCCTCTAGTATCTGCA,5.486457355278499,15
Hepatocyte_15weeks_Animal1_Capture1_GCCTCTAGTTCCGGCA,5.3519531253803,15
Hepatocyte_15weeks_Animal1_Capture1_GCGACCAAGGACTGGT,5.095599792486061,15
Hepatocyte_15weeks_Animal1_Capture1_GCGACCAGTAAATGTG,5.2472818666029655,15
Hepatocyte_15weeks_Animal1_Capture1_GCGACCAGTGATGCCC,4.850754754503613,15
Hepatocyte_15weeks_Animal1_Capture1_GCGAGAACACAGACAG,4.868632804585543,15
Hepatocyte_15weeks_Animal1_Capture1_GCGAGAAGTCCTGCTT,5.159829718474361,15
Hepatocyte_15weeks_Animal1_Capture1_GCGCAGTAGCCGTCGT,5.05910760991008,15
Hepatocyte_15weeks_Animal1_Capture1_GCGCCAAAGCTATGCT,4.800780027562867,15
Hepatocyte_15weeks_Animal1_Capture1_GCGCGATCACACTGCG,4.919494714858168,15
Hepatocyte_15weeks_Animal1_Capture1_GCGCGATCATTCTCAT,4.973997445202236,15
Hepatocyte_15weeks_Animal1_Capture1_GCGGGTTAGACTGGGT,5.052861988082473,15
Hepatocyte_15weeks_Animal1_Capture1_GCGGGTTAGCACGCCT,4.696206515004283,15
Hepatocyte_15weeks_Animal1_Capture1_GCGGGTTCACTAGTAC,4.937842027105513,15
Hepatocyte_15weeks_Animal1_Capture1_GCGGGTTCAGTCTTCC,4.671682206518637,15
Hepatocyte_15weeks_Animal1_Capture1_GCGGGTTGTATATGAG,4.806164086505711,15
Hepatocyte_15weeks_Animal1_Capture1_GCGGGTTGTCGCATCG,5.124215843266589,15
Hepatocyte_15weeks_Animal1_Capture1_GCGGGTTTCTTTAGTC,5.216768856035233,15
Hepatocyte_15weeks_Animal1_Capture1_GCTCCTAGTCGCATAT,5.221312845833499,15
Hepatocyte_15weeks_Animal1_Capture1_GCTCTGTGTCCGAGTC,5.557054493945218,15
Hepatocyte_15weeks_Animal1_Capture1_GCTGCAGTCGACAGCC,4.826757419070632,15
Hepatocyte_15weeks_Animal1_Capture1_GCTGCAGTCTACTCAT,5.705806800997097,15
Hepatocyte_15weeks_Animal1_Capture1_GCTGCGACAAAGGTGC,5.249466553958578,15
Hepatocyte_15weeks_Animal1_Capture1_GCTGCGAGTATAGTAG,5.57631985197418,15
Hepatocyte_15weeks_Animal1_Capture1_GCTGCTTAGGAGTAGA,5.299261247024427,15
Hepatocyte_15weeks_Animal1_Capture1_GCTGCTTAGTGCCATT,5.026117300178011,15
Hepatocyte_15weeks_Animal1_Capture1_GCTGCTTTCACTCCTG,5.417024474915351,15
Hepatocyte_15weeks_Animal1_Capture1_GCTGGGTGTGTCGCTG,4.869619413734386,15
Hepatocyte_15weeks_Animal1_Capture1_GCTGGGTGTTCCACGG,5.451246833327451,15
Hepatocyte_15weeks_Animal1_Capture1_GCTGGGTTCCTAGTGA,5.275694490528701,15
Hepatocyte_15weeks_Animal1_Capture1_GCTTCCAGTAGAGCTG,6.018180468439889,15
Hepatocyte_15weeks_Animal1_Capture1_GCTTCCATCGGAGCAA,5.791966680005648,15
Hepatocyte_15weeks_Animal1_Capture1_GCTTCCATCGGTTAAC,5.297223447449373,15
Hepatocyte_15weeks_Animal1_Capture1_GCTTGAAGTCGACTAT,5.820217532967812,15
Hepatocyte_15weeks_Animal1_Capture1_GGAAAGCGTACAAGTA,5.562023566497157,15
Hepatocyte_15weeks_Animal1_Capture1_GGAACTTGTATAGGGC,4.992961390538495,15
Hepatocyte_15weeks_Animal1_Capture1_GGAATAACATGGGAAC,4.9536181870960885,15
Hepatocyte_15weeks_Animal1_Capture1_GGACAAGCACAGTCGC,5.789924077789005,15
Hepatocyte_15weeks_Animal1_Capture1_GGACAAGTCAGTTAGC,5.031503473640122,15
Hepatocyte_15weeks_Animal1_Capture1_GGACAGAAGAGACTAT,4.93385869115821,15
Hepatocyte_15weeks_Animal1_Capture1_GGACAGACATGCCTAA,5.606118682764554,15
Hepatocyte_15weeks_Animal1_Capture1_GGACAGAGTCTTCGTC,5.006671238092965,15
Hepatocyte_15weeks_Animal1_Capture1_GGACAGATCATTATCC,4.857561642735694,15
Hepatocyte_15weeks_Animal1_Capture1_GGACAGATCCCATTAT,4.795930181913053,15
Hepatocyte_15weeks_Animal1_Capture1_GGACAGATCGTTTAGG,4.944636612652369,15
Hepatocyte_15weeks_Animal1_Capture1_GGACATTTCCTTTCTC,4.839902055940895,15
Hepatocyte_15weeks_Animal1_Capture1_GGACGTCGTATGGTTC,5.193123828126424,15
Hepatocyte_15weeks_Animal1_Capture1_GGACGTCGTGATAAGT,5.3609723709507175,15
Hepatocyte_15weeks_Animal1_Capture1_GGATGTTCACAACGTT,4.790221898618665,15
Hepatocyte_15weeks_Animal1_Capture1_GGATGTTCATCACGAT,4.860133588821429,15
Hepatocyte_15weeks_Animal1_Capture1_GGATGTTGTTCTCATT,5.191524128845758,15
Hepatocyte_15weeks_Animal1_Capture1_GGATGTTTCATGTAGC,5.025338545975151,15
Hepatocyte_15weeks_Animal1_Capture1_GGCAATTCATTTCACT,5.279093961538526,15
Hepatocyte_15weeks_Animal1_Capture1_GGCCGATAGGAGCGTT,5.0883516050599304,15
Hepatocyte_15weeks_Animal1_Capture1_GGCGACTCAATCGAAA,5.393433513563989,15
Hepatocyte_15weeks_Animal1_Capture1_GGCGACTCATCACCCT,5.445700024890453,15
Hepatocyte_15weeks_Animal1_Capture1_GGCGACTCATCCTAGA,5.791871273193032,15
Hepatocyte_15weeks_Animal1_Capture1_GGCGTGTAGAAGAAGC,4.579595336985955,15
Hepatocyte_15weeks_Animal1_Capture1_GGCGTGTAGTTAAGTG,5.1264028384664115,15
Hepatocyte_15weeks_Animal1_Capture1_GGCGTGTTCACAACGT,5.083916885869636,15
Hepatocyte_15weeks_Animal1_Capture1_GGGACCTTCTCGCTTG,4.8209795493739716,15
Hepatocyte_15weeks_Animal1_Capture1_GGGAGATTCAAACAAG,5.19646033982804,15
Hepatocyte_15weeks_Animal1_Capture1_GGGATGAGTCAGAGGT,5.2235049045380535,15
Hepatocyte_15weeks_Animal1_Capture1_GGGATGAGTTTAAGCC,5.426233143208248,15
Hepatocyte_15weeks_Animal1_Capture1_GGGCATCAGGCAGGTT,5.5682726421454145,15
Hepatocyte_15weeks_Animal1_Capture1_GGGCATCAGTGTGAAT,4.794468599207665,15
Hepatocyte_15weeks_Animal1_Capture1_GGGTCTGGTGAACCTT,4.781500183982664,15
Hepatocyte_15weeks_Animal1_Capture1_GGGTTGCCACCAGGCT,5.340079418836705,15
Hepatocyte_15weeks_Animal1_Capture1_GGTGCGTCATAGAAAC,5.032482546495116,15
Hepatocyte_15weeks_Animal1_Capture1_GGTGCGTCATTCACTT,4.825311671638254,15
Hepatocyte_15weeks_Animal1_Capture1_GGTGCGTTCTTCGGTC,5.089502963947451,15
Hepatocyte_15weeks_Animal1_Capture1_GGTGTTAGTCACTTCC,5.20197173092286,15
Hepatocyte_15weeks_Animal1_Capture1_GGTGTTATCGGGAGTA,4.902071946574081,15
Hepatocyte_15weeks_Animal1_Capture1_GTAACGTCACAAGTAA,4.990169383166421,15
Hepatocyte_15weeks_Animal1_Capture1_GTAACGTTCCAACCAA,5.205923505162863,15
Hepatocyte_15weeks_Animal1_Capture1_GTAACTGAGTATCTCG,5.1939529227765355,15
Hepatocyte_15weeks_Animal1_Capture1_GTAACTGGTGCTGTAT,5.052006400952177,15
Hepatocyte_15weeks_Animal1_Capture1_GTACGTATCCATGCTC,4.758566246290748,15
Hepatocyte_15weeks_Animal1_Capture1_GTACTCCCACTGTCGG,5.191085435393456,15
Hepatocyte_15weeks_Animal1_Capture1_GTACTCCTCCGGGTGT,4.7157709126362075,15
Hepatocyte_15weeks_Animal1_Capture1_GTACTTTGTTGGACCC,5.284684909328494,15
Hepatocyte_15weeks_Animal1_Capture1_GTAGGCCAGCTGATAA,5.127379572182382,15
Hepatocyte_15weeks_Animal1_Capture1_GTATTCTAGTAATCCC,4.928495605114467,15
Hepatocyte_15weeks_Animal1_Capture1_GTATTCTTCCGTACAA,5.107050740607953,15
Hepatocyte_15weeks_Animal1_Capture1_GTCAAGTAGCGTCAAG,4.7355689759162605,15
Hepatocyte_15weeks_Animal1_Capture1_GTCAAGTAGTCCCACG,5.069363720777231,15
Hepatocyte_15weeks_Animal1_Capture1_GTCAAGTCAAGCTGTT,4.986498518021638,15
Hepatocyte_15weeks_Animal1_Capture1_GTCAAGTTCCTGCAGG,5.229408839238198,15
Hepatocyte_15weeks_Animal1_Capture1_GTCACAATCATTTGGG,5.123709548656988,15
Hepatocyte_15weeks_Animal1_Capture1_GTCACGGAGCAGCCTC,5.023788917602257,15
Hepatocyte_15weeks_Animal1_Capture1_GTCATTTTCATGCATG,5.246143793985354,15
Hepatocyte_15weeks_Animal1_Capture1_GTCCTCAGTCAGAATA,4.9079692322238095,15
Hepatocyte_15weeks_Animal1_Capture1_GTCCTCATCCTCGCAT,4.691142526725319,15
Hepatocyte_15weeks_Animal1_Capture1_GTCGGGTAGCTCCTCT,5.173071302674341,15
Hepatocyte_15weeks_Animal1_Capture1_GTCGGGTTCCACGCAG,5.120973802500385,15
Hepatocyte_15weeks_Animal1_Capture1_GTCGTAAGTCTAGTGT,4.9356274936883455,15
Hepatocyte_15weeks_Animal1_Capture1_GTCGTAATCTGCGGCA,5.32902182242408,15
Hepatocyte_15weeks_Animal1_Capture1_GTCTCGTCAGATCGGA,4.976732148351557,15
Hepatocyte_15weeks_Animal1_Capture1_GTCTCGTTCCCTCAGT,5.513215474527092,15
Hepatocyte_15weeks_Animal1_Capture1_GTCTTCGAGTTAGGTA,5.224136255828015,15
Hepatocyte_15weeks_Animal1_Capture1_GTGAAGGGTATAAACG,5.18138220656563,15
Hepatocyte_15weeks_Animal1_Capture1_GTGCAGCTCAGCTGGC,5.305595548254793,15
Hepatocyte_15weeks_Animal1_Capture1_GTGCATAGTGCTAGCC,5.676294664647342,15
Hepatocyte_15weeks_Animal1_Capture1_GTGCATAGTTGCGTTA,4.865674783471015,15
Hepatocyte_15weeks_Animal1_Capture1_GTGCGGTCAGCGTCCA,4.930548634699575,15
Hepatocyte_15weeks_Animal1_Capture1_GTGCTTCCAGTGACAG,4.680848312219071,15
Hepatocyte_15weeks_Animal1_Capture1_GTGGGTCAGCTGCCCA,4.887342972924569,15
Hepatocyte_15weeks_Animal1_Capture1_GTGTGCGAGATCTGCT,5.014070083175147,15
Hepatocyte_15weeks_Animal1_Capture1_GTGTGCGCATACTACG,5.027122136077516,15
Hepatocyte_15weeks_Animal1_Capture1_GTGTGCGTCGTCGTTC,4.9429506404202925,15
Hepatocyte_15weeks_Animal1_Capture1_GTGTTAGCATGCGCAC,5.879269790965849,15
Hepatocyte_15weeks_Animal1_Capture1_GTGTTAGGTCGGCACT,5.346610102953701,15
Hepatocyte_15weeks_Animal1_Capture1_GTTACAGTCAATCTCT,5.087772843487844,15
Hepatocyte_15weeks_Animal1_Capture1_GTTCATTGTAGCAAAT,5.108119304412231,15
Hepatocyte_15weeks_Animal1_Capture1_GTTCGGGAGACCGGAT,4.987079686179895,15
Hepatocyte_15weeks_Animal1_Capture1_GTTCGGGCAGGGCATA,5.161799752876821,15
Hepatocyte_15weeks_Animal1_Capture1_GTTCGGGCATTGGGCC,5.093810224648698,15
Hepatocyte_15weeks_Animal1_Capture1_GTTCGGGGTTGTCGCG,5.030625742811067,15
Hepatocyte_15weeks_Animal1_Capture1_GTTCTCGAGCCACTAT,4.933251653391116,15
Hepatocyte_15weeks_Animal1_Capture1_GTTCTCGCAAGGACTG,6.017664398007859,15
Hepatocyte_15weeks_Animal1_Capture1_TAAACCGGTCTAGGTT,5.662582427840345,15
Hepatocyte_15weeks_Animal1_Capture1_TAAACCGTCCAAACAC,5.490170453473085,15
Hepatocyte_15weeks_Animal1_Capture1_TAAGCGTCATTTGCTT,5.469562829740191,15
Hepatocyte_15weeks_Animal1_Capture1_TAAGCGTGTAAAGTCA,4.931065565629886,15
Hepatocyte_15weeks_Animal1_Capture1_TAAGTGCCATCTCCCA,5.4410949860111995,15
Hepatocyte_15weeks_Animal1_Capture1_TAAGTGCTCGTCGTTC,5.009743154438922,15
Hepatocyte_15weeks_Animal1_Capture1_TACACGAGTGTTGAGG,5.382454507781424,15
Hepatocyte_15weeks_Animal1_Capture1_TACCTATGTCGGCATC,5.044492910685025,15
Hepatocyte_15weeks_Animal1_Capture1_TACCTTAGTATCTGCA,4.942980287340976,15
Hepatocyte_15weeks_Animal1_Capture1_TACGGATAGGGTCGAT,5.024259379196843,15
Hepatocyte_15weeks_Animal1_Capture1_TACGGGCCACTACAGT,4.8699042667345855,15
Hepatocyte_15weeks_Animal1_Capture1_TACGGGCTCGGAGCAA,4.781897225061289,15
Hepatocyte_15weeks_Animal1_Capture1_TACGGTACAACACGCC,5.091133634862137,15
Hepatocyte_15weeks_Animal1_Capture1_TACGGTATCTCTAAGG,5.0096290922485185,15
Hepatocyte_15weeks_Animal1_Capture1_TACTCGCCATCCCATC,5.412679100102435,15
Hepatocyte_15weeks_Animal1_Capture1_TACTCGCTCGTTTATC,4.887446086290328,15
Hepatocyte_15weeks_Animal1_Capture1_TACTTACGTCCAGTAT,4.899444729799342,15
Hepatocyte_15weeks_Animal1_Capture1_TACTTACGTGGTGTAG,4.6520040256442305,15
Hepatocyte_15weeks_Animal1_Capture1_TACTTGTAGCAACGGT,5.209054155780297,15
Hepatocyte_15weeks_Animal1_Capture1_TAGACCATCGTATCAG,5.302533035212497,15
Hepatocyte_15weeks_Animal1_Capture1_TAGAGCTAGCCTCGTG,5.099535627483043,15
Hepatocyte_15weeks_Animal1_Capture1_TAGAGCTAGTCCGGTC,5.047318761500323,15
Hepatocyte_15weeks_Animal1_Capture1_TAGCCGGAGCGATAGC,5.14096592921695,15
Hepatocyte_15weeks_Animal1_Capture1_TAGCCGGAGTGGACGT,4.848210752491386,15
Hepatocyte_15weeks_Animal1_Capture1_TAGCCGGGTATCACCA,5.188903861840277,15
Hepatocyte_15weeks_Animal1_Capture1_TAGCCGGGTTCAGACT,5.0087167082487145,15
Hepatocyte_15weeks_Animal1_Capture1_TAGGCATTCCTCTAGC,5.518272919341532,15
Hepatocyte_15weeks_Animal1_Capture1_TAGTGGTGTACTTCTT,4.832134722749083,15
Hepatocyte_15weeks_Animal1_Capture1_TAGTTGGCATTCCTCG,4.962832682408983,15
Hepatocyte_15weeks_Animal1_Capture1_TATCTCAGTGACGGTA,5.038788661355274,15
Hepatocyte_15weeks_Animal1_Capture1_TATGCCCAGTCATCCA,5.759584557223698,15
Hepatocyte_15weeks_Animal1_Capture1_TATGCCCCACACGCTG,5.1514048251703155,15
Hepatocyte_15weeks_Animal1_Capture1_TATGCCCCAGCTGTGC,5.621147909757334,15
Hepatocyte_15weeks_Animal1_Capture1_TATGCCCGTACATCCA,5.223636078084194,15
Hepatocyte_15weeks_Animal1_Capture1_TATGCCCGTCCGAATT,5.06415676305701,15
Hepatocyte_15weeks_Animal1_Capture1_TCAACGACAAGCTGGA,4.922984189610526,15
Hepatocyte_15weeks_Animal1_Capture1_TCACAAGAGTCTCCTC,4.618140037954019,15
Hepatocyte_15weeks_Animal1_Capture1_TCACAAGCAGCCTTGG,4.971657251667889,15
Hepatocyte_15weeks_Animal1_Capture1_TCACGAAAGCTACCTA,5.1396656726730585,15
Hepatocyte_15weeks_Animal1_Capture1_TCACGAATCATCGGAT,5.481063694612093,15
Hepatocyte_15weeks_Animal1_Capture1_TCAGCAACATACAGCT,5.63923081394654,15
Hepatocyte_15weeks_Animal1_Capture1_TCAGCAAGTATCGCAT,5.021238426869678,15
Hepatocyte_15weeks_Animal1_Capture1_TCATTACAGTCTCAAC,5.031990674981869,15
Hepatocyte_15weeks_Animal1_Capture1_TCATTTGGTAAGAGGA,4.65596341503035,15
Hepatocyte_15weeks_Animal1_Capture1_TCATTTGTCGAACTGT,5.20826562819345,15
Hepatocyte_15weeks_Animal1_Capture1_TCATTTGTCGGTTAAC,4.892111807674068,15
Hepatocyte_15weeks_Animal1_Capture1_TCCACACCACCGAAAG,4.744078756333377,15
Hepatocyte_15weeks_Animal1_Capture1_TCCACACGTTGAACTC,4.943935728398738,15
Hepatocyte_15weeks_Animal1_Capture1_TCCACACTCGTACCGG,4.9968570428244075,15
Hepatocyte_15weeks_Animal1_Capture1_TCCCGATGTGCGGTAA,5.448832519680871,15
Hepatocyte_15weeks_Animal1_Capture1_TCCCGATGTGTGAAAT,5.112174403800906,15
Hepatocyte_15weeks_Animal1_Capture1_TCGAGGCTCCTTGCCA,4.934602204160581,15
Hepatocyte_15weeks_Animal1_Capture1_TCGCGAGAGATCTGCT,4.960273744180233,15
Hepatocyte_15weeks_Animal1_Capture1_TCGCGAGGTACGCACC,4.814093178012383,15
Hepatocyte_15weeks_Animal1_Capture1_TCGGGACTCAACGCTA,5.303451751815974,15
Hepatocyte_15weeks_Animal1_Capture1_TCGGTAATCTTCCTTC,5.457973969517669,15
Hepatocyte_15weeks_Animal1_Capture1_TCGTACCAGCAGACTG,5.525390570144898,15
Hepatocyte_15weeks_Animal1_Capture1_TCGTACCGTTGATTGC,4.634591990359823,15
Hepatocyte_15weeks_Animal1_Capture1_TCGTAGACACCTCGGA,5.96612573141617,15
Hepatocyte_15weeks_Animal1_Capture1_TCGTAGACATTTCACT,4.852451402137493,15
Hepatocyte_15weeks_Animal1_Capture1_TCGTAGAGTTAGTGGG,4.816866811039446,15
Hepatocyte_15weeks_Animal1_Capture1_TCTATTGTCCTGCCAT,4.935108334032639,15
Hepatocyte_15weeks_Animal1_Capture1_TCTCATAAGATCCCGC,5.367934792444205,15
Hepatocyte_15weeks_Animal1_Capture1_TCTCATACACCCATGG,5.1727717208541115,15
Hepatocyte_15weeks_Animal1_Capture1_TCTCTAACATTGAGCT,4.967185597748669,15
Hepatocyte_15weeks_Animal1_Capture1_TCTCTAAGTCTACCTC,5.251267044779128,15
Hepatocyte_15weeks_Animal1_Capture1_TCTCTAAGTCTCCACT,4.728189367925557,15
Hepatocyte_15weeks_Animal1_Capture1_TCTCTAATCCCTTGTG,5.070912669591223,15
Hepatocyte_15weeks_Animal1_Capture1_TCTGAGAGTCTGGTCG,5.233223741074902,15
Hepatocyte_15weeks_Animal1_Capture1_TCTGGAAAGGCAATTA,5.349662627156343,15
Hepatocyte_15weeks_Animal1_Capture1_TCTTCGGAGAAACGCC,5.078899336114473,15
Hepatocyte_15weeks_Animal1_Capture1_TCTTCGGCACCGAAAG,5.038467853703031,15
Hepatocyte_15weeks_Animal1_Capture1_TCTTCGGCATGTCGAT,5.598193569446664,15
Hepatocyte_15weeks_Animal1_Capture1_TCTTTCCAGGTGCTAG,4.806358102321301,15
Hepatocyte_15weeks_Animal1_Capture1_TCTTTCCCAGACAAGC,5.251062632855284,15
Hepatocyte_15weeks_Animal1_Capture1_TCTTTCCTCTTAGAGC,4.653944734581758,15
Hepatocyte_15weeks_Animal1_Capture1_TGAAAGACAAGACACG,4.964324432931933,15
Hepatocyte_15weeks_Animal1_Capture1_TGAAAGACATTTGCTT,5.17536058763182,15
Hepatocyte_15weeks_Animal1_Capture1_TGAAAGAGTAGCGATG,4.925136068072586,15
Hepatocyte_15weeks_Animal1_Capture1_TGAAAGATCCAGGGCT,5.334329210437215,15
Hepatocyte_15weeks_Animal1_Capture1_TGAAAGATCGATCCCT,5.573463724808358,15
Hepatocyte_15weeks_Animal1_Capture1_TGACGGCCATATGGTC,5.257834033294792,15
Hepatocyte_15weeks_Animal1_Capture1_TGACTAGTCCGGGTGT,5.149293399829171,15
Hepatocyte_15weeks_Animal1_Capture1_TGAGAGGAGGACGAAA,5.121295295309288,15
Hepatocyte_15weeks_Animal1_Capture1_TGAGAGGCAAATACAG,5.159136625679779,15
Hepatocyte_15weeks_Animal1_Capture1_TGAGAGGGTACAGCAG,5.109641558059565,15
Hepatocyte_15weeks_Animal1_Capture1_TGAGCATTCCGAAGAG,4.985168529366014,15
Hepatocyte_15weeks_Animal1_Capture1_TGAGCCGAGATGTAAC,4.954707183637472,15
Hepatocyte_15weeks_Animal1_Capture1_TGAGGGAAGAATTGTG,5.306409093861541,15
Hepatocyte_15weeks_Animal1_Capture1_TGAGGGAGTACTCTCC,5.089448280945925,15
Hepatocyte_15weeks_Animal1_Capture1_TGAGGGATCCACTCCA,5.563538968337356,15
Hepatocyte_15weeks_Animal1_Capture1_TGAGGGATCGGCATCG,5.201265302851413,15
Hepatocyte_15weeks_Animal1_Capture1_TGATTTCCACATGGGA,5.134929180498835,15
Hepatocyte_15weeks_Animal1_Capture1_TGATTTCTCATCTGCC,5.220048316305673,15
Hepatocyte_15weeks_Animal1_Capture1_TGCACCTTCAGCTTAG,4.971380971952309,15
Hepatocyte_15weeks_Animal1_Capture1_TGCACCTTCGTCCAGG,5.511156023046372,15
Hepatocyte_15weeks_Animal1_Capture1_TGCCCATAGCTTATCG,5.787966283694496,15
Hepatocyte_15weeks_Animal1_Capture1_TGCCCATAGTTCGCGC,5.357014436960782,15
Hepatocyte_15weeks_Animal1_Capture1_TGCCCTACAGAGCCAA,5.349526722741601,15
Hepatocyte_15weeks_Animal1_Capture1_TGCCCTATCGTGTAGT,4.938969506124808,15
Hepatocyte_15weeks_Animal1_Capture1_TGCGCAGAGTACGATA,5.161907399703387,15
Hepatocyte_15weeks_Animal1_Capture1_TGCGGGTAGGGTGTGT,5.651992612107549,15
Hepatocyte_15weeks_Animal1_Capture1_TGCGTGGCAAGCGCTC,5.292527782219981,15
Hepatocyte_15weeks_Animal1_Capture1_TGCTACCTCGCGATCG,5.416440293752827,15
Hepatocyte_15weeks_Animal1_Capture1_TGCTGCTGTTTGTTTC,5.072558270706974,15
Hepatocyte_15weeks_Animal1_Capture1_TGCTGCTTCTTTCCTC,4.763664417619765,15
Hepatocyte_15weeks_Animal1_Capture1_TGGACGCAGTATGACA,5.2361176724664915,15
Hepatocyte_15weeks_Animal1_Capture1_TGGACGCCATCACGTA,5.449414930096417,15
Hepatocyte_15weeks_Animal1_Capture1_TGGCCAGCAGCGTAAG,5.011906806452122,15
Hepatocyte_15weeks_Animal1_Capture1_TGGCTGGAGTAACCCT,4.838908288673748,15
Hepatocyte_15weeks_Animal1_Capture1_TGGCTGGAGTCGATAA,5.206282513732461,15
Hepatocyte_15weeks_Animal1_Capture1_TGGGAAGAGCTAGTTC,5.041864035879881,15
Hepatocyte_15weeks_Animal1_Capture1_TGGGAAGAGTACGATA,4.998229730412288,15
Hepatocyte_15weeks_Animal1_Capture1_TGGGAAGCAGCTGTTA,5.658822668147861,15
Hepatocyte_15weeks_Animal1_Capture1_TGGGAAGTCTCAACTT,5.060998859151832,15
Hepatocyte_15weeks_Animal1_Capture1_TGGGCGTCAATCTGCA,5.210167570593021,15
Hepatocyte_15weeks_Animal1_Capture1_TGGGCGTGTTTAAGCC,4.844822693222242,15
Hepatocyte_15weeks_Animal1_Capture1_TGGTTCCGTCTCCATC,5.2198524730464255,15
Hepatocyte_15weeks_Animal1_Capture1_TGGTTCCTCTCGTTTA,4.725601327627006,15
Hepatocyte_15weeks_Animal1_Capture1_TGTATTCAGATTACCC,5.152136713891666,15
Hepatocyte_15weeks_Animal1_Capture1_TGTATTCCAAGAAGAG,5.74074733517887,15
Hepatocyte_15weeks_Animal1_Capture1_TGTCCCACACGGTAAG,5.304949441645264,15
Hepatocyte_15weeks_Animal1_Capture1_TGTGTTTTCGCGTAGC,5.279710162358814,15
Hepatocyte_15weeks_Animal1_Capture1_TGTTCCGAGGGTCGAT,4.980275055256897,15
Hepatocyte_15weeks_Animal1_Capture1_TGTTCCGCACAGATTC,5.1527163880956195,15
Hepatocyte_15weeks_Animal1_Capture1_TGTTCCGCAGTGGGAT,5.016036056003432,15
Hepatocyte_15weeks_Animal1_Capture1_TTAACTCAGCGGATCA,5.079679316165139,15
Hepatocyte_15weeks_Animal1_Capture1_TTAACTCTCGAGCCCA,4.839974744531563,15
Hepatocyte_15weeks_Animal1_Capture1_TTAACTCTCGGGAGTA,4.622923819312379,15
Hepatocyte_15weeks_Animal1_Capture1_TTAGGACCATCTACGA,4.669484341353884,15
Hepatocyte_15weeks_Animal1_Capture1_TTAGGACGTCAGAATA,4.970875762079663,15
Hepatocyte_15weeks_Animal1_Capture1_TTAGGACTCATAACCG,5.044653682590819,15
Hepatocyte_15weeks_Animal1_Capture1_TTAGGCAGTACTTGAC,4.9263304519902,15
Hepatocyte_15weeks_Animal1_Capture1_TTAGGCAGTCTTTCAT,5.162374164318009,15
Hepatocyte_15weeks_Animal1_Capture1_TTAGTTCAGCAGGCTA,5.141128274052987,15
Hepatocyte_15weeks_Animal1_Capture1_TTAGTTCGTTGTGGCC,4.863370401567801,15
Hepatocyte_15weeks_Animal1_Capture1_TTAGTTCTCTATCCTA,5.106840037262227,15
Hepatocyte_15weeks_Animal1_Capture1_TTATGCTGTTACCAGT,5.223296424932755,15
Hepatocyte_15weeks_Animal1_Capture1_TTCCCAGCAATTCCTT,5.154475853577079,15
Hepatocyte_15weeks_Animal1_Capture1_TTCCCAGGTTGGTGGA,5.328265319091719,15
Hepatocyte_15weeks_Animal1_Capture1_TTCGAAGAGTGACTCT,4.903540731687862,15
Hepatocyte_15weeks_Animal1_Capture1_TTCGAAGTCCGTACAA,5.414546536789038,15
Hepatocyte_15weeks_Animal1_Capture1_TTCGGTCTCCTAGGGC,5.025452975601962,15
Hepatocyte_15weeks_Animal1_Capture1_TTCTACAAGAGGTTGC,5.4766248544406295,15
Hepatocyte_15weeks_Animal1_Capture1_TTCTACAAGCTAACTC,4.9886884828630595,15
Hepatocyte_15weeks_Animal1_Capture1_TTCTACACACGAAATA,5.59852997786286,15
Hepatocyte_15weeks_Animal1_Capture1_TTCTCCTCAGCCTGTG,5.175669643119309,15
Hepatocyte_15weeks_Animal1_Capture1_TTCTTAGGTTTGTTTC,5.20926095430163,15
Hepatocyte_15weeks_Animal1_Capture1_TTGAACGTCGCTGATA,5.485553760014586,15
Hepatocyte_15weeks_Animal1_Capture1_TTGACTTGTGCTCTTC,4.906214248304883,15
Hepatocyte_15weeks_Animal1_Capture1_TTGACTTGTTGGAGGT,5.1367581923382275,15
Hepatocyte_15weeks_Animal1_Capture1_TTGACTTTCACCTTAT,5.073474857531915,15
Hepatocyte_15weeks_Animal1_Capture1_TTGACTTTCATATCGG,4.816782457240104,15
Hepatocyte_15weeks_Animal1_Capture1_TTGCCGTAGAATGTGT,4.880920513737619,15
Hepatocyte_15weeks_Animal1_Capture1_TTGCCGTAGCGTCAAG,5.017737031678943,15
Hepatocyte_15weeks_Animal1_Capture1_TTGCCGTCAATGACCT,5.219726952181078,15
Hepatocyte_15weeks_Animal1_Capture1_TTGGAACAGTTCGCGC,5.29336699391565,15
Hepatocyte_15weeks_Animal1_Capture1_TTTATGCAGACAAGCC,5.714460739641944,15
Hepatocyte_15weeks_Animal1_Capture1_TTTCCTCAGGATGTAT,5.001965651102035,15
Hepatocyte_15weeks_Animal1_Capture1_TTTCCTCCAGTAAGCG,4.615087840505734,15
Hepatocyte_15weeks_Animal1_Capture1_TTTGCGCAGCGATAGC,5.105674140567624,15
Hepatocyte_15weeks_Animal1_Capture1_TTTGCGCTCAATCTCT,5.292346891066259,15
Hepatocyte_15weeks_Animal1_Capture1_TTTGCGCTCCTATGTT,5.285618117475623,15
Hepatocyte_15weeks_Animal1_Capture1_TTTGGTTAGAGACTTA,5.39577565059124,15
Hepatocyte_15weeks_Animal1_Capture1_TTTGGTTAGGTAAACT,5.424421485480405,15
Hepatocyte_15weeks_Animal1_Capture1_TTTGGTTCAATCCGAT,5.407122951117584,15
Hepatocyte_15weeks_Animal1_Capture1_TTTGTCACATGGTTGT,4.9657302670261565,15
Hepatocyte_15weeks_Animal1_Capture2_AAACCTGTCTACCTGC,5.338364934518046,15
Hepatocyte_15weeks_Animal1_Capture2_AAAGATGTCCATGAAC,4.6562732303517524,15
Hepatocyte_15weeks_Animal1_Capture2_AAAGCAAGTCTAGAGG,5.1596575010338945,15
Hepatocyte_15weeks_Animal1_Capture2_AAAGCAATCGCTGATA,5.468612428601514,15
Hepatocyte_15weeks_Animal1_Capture2_AAATGCCGTGCCTGCA,5.078924525457211,15
Hepatocyte_15weeks_Animal1_Capture2_AACACGTGTTACCAGT,5.0318951727685235,15
Hepatocyte_15weeks_Animal1_Capture2_AACACGTTCTTGACGA,4.9373985650694445,15
Hepatocyte_15weeks_Animal1_Capture2_AACCGCGAGCCCAACC,4.9715401371388275,15
Hepatocyte_15weeks_Animal1_Capture2_AACGTTGCATCCAACA,5.216295571172081,15
Hepatocyte_15weeks_Animal1_Capture2_AACGTTGGTACTCGCG,5.068052991070396,15
Hepatocyte_15weeks_Animal1_Capture2_AACGTTGTCGACAGCC,5.367342558428643,15
Hepatocyte_15weeks_Animal1_Capture2_AACGTTGTCTCACATT,5.446395413249669,15
Hepatocyte_15weeks_Animal1_Capture2_AACTCAGCACCTGGTG,5.217865087020064,15
Hepatocyte_15weeks_Animal1_Capture2_AACTCAGGTCGAGATG,5.493623158541485,15
Hepatocyte_15weeks_Animal1_Capture2_AACTCCCCAGGTCGTC,4.7629012370672665,15
Hepatocyte_15weeks_Animal1_Capture2_AACTCTTGTTAAGATG,5.462919624243663,15
Hepatocyte_15weeks_Animal1_Capture2_AACTGGTGTGTTCTTT,5.315472464793968,15
Hepatocyte_15weeks_Animal1_Capture2_AACTGGTTCACAAACC,5.129551071258951,15
Hepatocyte_15weeks_Animal1_Capture2_AAGACCTAGCGATCCC,5.13888676731447,15
Hepatocyte_15weeks_Animal1_Capture2_AAGACCTCACGGATAG,5.025001944260816,15
Hepatocyte_15weeks_Animal1_Capture2_AAGGAGCCAGCCACCA,4.779487492833473,15
Hepatocyte_15weeks_Animal1_Capture2_AAGGAGCGTTGATTGC,5.046118998164607,15
Hepatocyte_15weeks_Animal1_Capture2_AAGGAGCTCCCAACGG,5.167287647395254,15
Hepatocyte_15weeks_Animal1_Capture2_AAGGCAGAGATAGGAG,5.219802143805097,15
Hepatocyte_15weeks_Animal1_Capture2_AAGGCAGAGCTAACTC,4.727796320570679,15
Hepatocyte_15weeks_Animal1_Capture2_AAGGCAGAGGTACTCT,5.151284939468475,15
Hepatocyte_15weeks_Animal1_Capture2_AAGGCAGCAAGGTTCT,4.725569458293731,15
Hepatocyte_15weeks_Animal1_Capture2_AAGGCAGCACTCTGTC,4.926595522510691,15
Hepatocyte_15weeks_Animal1_Capture2_AATCCAGCAGCATACT,5.065684380929078,15
Hepatocyte_15weeks_Animal1_Capture2_AATCGGTCATCGATTG,5.057276028140398,15
Hepatocyte_15weeks_Animal1_Capture2_ACACCAACAGTATAAG,5.018314152108949,15
Hepatocyte_15weeks_Animal1_Capture2_ACACCAAGTCGAATCT,5.020368363366755,15
Hepatocyte_15weeks_Animal1_Capture2_ACACCAAGTCTCTCTG,5.431428382822159,15
Hepatocyte_15weeks_Animal1_Capture2_ACACCAATCCGGCACA,5.152572509580166,15
Hepatocyte_15weeks_Animal1_Capture2_ACACCCTGTAGCGATG,4.663437464127499,15
Hepatocyte_15weeks_Animal1_Capture2_ACACCGGCATTCGACA,5.1926526670041016,15
Hepatocyte_15weeks_Animal1_Capture2_ACAGCCGAGATATGCA,5.823531818500751,15
Hepatocyte_15weeks_Animal1_Capture2_ACATACGCACTTGGAT,5.52220345847825,15
Hepatocyte_15weeks_Animal1_Capture2_ACATCAGTCAACCATG,4.614582557890701,15
Hepatocyte_15weeks_Animal1_Capture2_ACATGGTGTCGAGATG,4.9975768633870175,15
Hepatocyte_15weeks_Animal1_Capture2_ACATGGTTCTCGCTTG,5.1267147914107944,15
Hepatocyte_15weeks_Animal1_Capture2_ACATGGTTCTGCCAGG,5.25730039776571,15
Hepatocyte_15weeks_Animal1_Capture2_ACCAGTACACAGTCGC,4.909330711112911,15
Hepatocyte_15weeks_Animal1_Capture2_ACCCACTTCCGGGTGT,4.9813742875490234,15
Hepatocyte_15weeks_Animal1_Capture2_ACCGTAAGTCCCTACT,4.890866070603181,15
Hepatocyte_15weeks_Animal1_Capture2_ACCGTAATCAGAGCTT,5.404409642886069,15
Hepatocyte_15weeks_Animal1_Capture2_ACCTTTACAGCTGTAT,5.50579587797629,15
Hepatocyte_15weeks_Animal1_Capture2_ACCTTTACATCACAAC,5.163081800590924,15
Hepatocyte_15weeks_Animal1_Capture2_ACCTTTAGTCCCTTGT,4.432508820882579,15
Hepatocyte_15weeks_Animal1_Capture2_ACGAGCCAGGCATGGT,5.365922576455397,15
Hepatocyte_15weeks_Animal1_Capture2_ACGAGCCTCACCGGGT,5.111054882398506,15
Hepatocyte_15weeks_Animal1_Capture2_ACGAGCCTCGCGGATC,5.127281722271538,15
Hepatocyte_15weeks_Animal1_Capture2_ACGAGGACACTTGGAT,5.114260036957578,15
Hepatocyte_15weeks_Animal1_Capture2_ACGATACCATAAGACA,4.91343178103066,15
Hepatocyte_15weeks_Animal1_Capture2_ACGATGTAGAAACGAG,5.1968832457191265,15
Hepatocyte_15weeks_Animal1_Capture2_ACGATGTTCGTACCGG,5.21417622073748,15
Hepatocyte_15weeks_Animal1_Capture2_ACGATGTTCTCTTATG,4.598348299342364,15
Hepatocyte_15weeks_Animal1_Capture2_ACGCAGCCACGTGAGA,4.777137981726662,15
Hepatocyte_15weeks_Animal1_Capture2_ACGCAGCCAGCCTTTC,4.8769227405454,15
Hepatocyte_15weeks_Animal1_Capture2_ACGCAGCGTTACGGAG,5.0403191454639975,15
Hepatocyte_15weeks_Animal1_Capture2_ACGCCAGGTCTCCCTA,5.146940170454138,15
Hepatocyte_15weeks_Animal1_Capture2_ACGCCGAAGAAACCAT,5.688663658969935,15
Hepatocyte_15weeks_Animal1_Capture2_ACGCCGACAGTATAAG,5.221083917568318,15
Hepatocyte_15weeks_Animal1_Capture2_ACGGCCACACAGAGGT,5.421994096219567,15
Hepatocyte_15weeks_Animal1_Capture2_ACGGCCAGTCAGGACA,5.0090832423770495,15
Hepatocyte_15weeks_Animal1_Capture2_ACGGGCTGTAAAGTCA,4.930413761626408,15
Hepatocyte_15weeks_Animal1_Capture2_ACGGGCTGTGTCAATC,4.970145538789538,15
Hepatocyte_15weeks_Animal1_Capture2_ACGGGTCCAGTAAGCG,5.252621721699127,15
Hepatocyte_15weeks_Animal1_Capture2_ACGGGTCCATGCAACT,5.370478904045089,15
Hepatocyte_15weeks_Animal1_Capture2_ACGTCAACAAGGGTCA,5.547991009597595,15
Hepatocyte_15weeks_Animal1_Capture2_ACGTCAAGTACTTGAC,5.196503088392063,15
Hepatocyte_15weeks_Animal1_Capture2_ACGTCAAGTCGTGGCT,4.705053356920484,15
Hepatocyte_15weeks_Animal1_Capture2_ACTATCTGTATGAAAC,5.137786435502383,15
Hepatocyte_15weeks_Animal1_Capture2_ACTGAACAGCTACCGC,5.327998581847653,15
Hepatocyte_15weeks_Animal1_Capture2_ACTGAACGTATTAGCC,4.890793838413914,15
Hepatocyte_15weeks_Animal1_Capture2_ACTGAACTCTGGCGAC,4.74755903872093,15
Hepatocyte_15weeks_Animal1_Capture2_ACTGAGTAGACTGTAA,5.274077028838438,15
Hepatocyte_15weeks_Animal1_Capture2_ACTGAGTAGCCCGAAA,4.873847163914471,15
Hepatocyte_15weeks_Animal1_Capture2_ACTGATGAGCAACGGT,4.984753145455704,15
Hepatocyte_15weeks_Animal1_Capture2_ACTGCTCTCATGGTCA,5.461280991017617,15
Hepatocyte_15weeks_Animal1_Capture2_ACTGCTCTCGCTAGCG,5.112105713319266,15
Hepatocyte_15weeks_Animal1_Capture2_ACTGCTCTCTGTTGAG,5.731862636258869,15
Hepatocyte_15weeks_Animal1_Capture2_ACTGTCCAGTCAAGGC,5.19554625464078,15
Hepatocyte_15weeks_Animal1_Capture2_ACTTACTCACCCAGTG,5.013040708981599,15
Hepatocyte_15weeks_Animal1_Capture2_ACTTGTTCATGCCACG,4.655188032198895,15
Hepatocyte_15weeks_Animal1_Capture2_ACTTGTTGTACGCTGC,5.01454799201537,15
Hepatocyte_15weeks_Animal1_Capture2_ACTTTCATCCCAAGTA,4.825876096965484,15
Hepatocyte_15weeks_Animal1_Capture2_AGAATAGAGTCATGCT,5.418691896075589,15
Hepatocyte_15weeks_Animal1_Capture2_AGACGTTCACAAGACG,5.05817119144857,15
Hepatocyte_15weeks_Animal1_Capture2_AGAGCGAGTCGTGGCT,5.2187827181613,15
Hepatocyte_15weeks_Animal1_Capture2_AGAGCTTAGGACGAAA,5.126673954825474,15
Hepatocyte_15weeks_Animal1_Capture2_AGAGTGGAGATGGCGT,5.096303012071977,15
Hepatocyte_15weeks_Animal1_Capture2_AGAGTGGAGATGTAAC,4.825039995548437,15
Hepatocyte_15weeks_Animal1_Capture2_AGAGTGGCAAGTCATC,4.959833899513396,15
Hepatocyte_15weeks_Animal1_Capture2_AGATTGCCATCCGGGT,4.900720788519867,15
Hepatocyte_15weeks_Animal1_Capture2_AGCAGCCAGAAACGAG,4.816991278052122,15
Hepatocyte_15weeks_Animal1_Capture2_AGCAGCCGTTGAGTTC,5.383217822909405,15
Hepatocyte_15weeks_Animal1_Capture2_AGCATACAGGAACTGC,5.035717172941548,15
Hepatocyte_15weeks_Animal1_Capture2_AGCATACCATGCCCGA,4.895088182296341,15
Hepatocyte_15weeks_Animal1_Capture2_AGCATACTCTGTCAAG,5.507918059751768,15
Hepatocyte_15weeks_Animal1_Capture2_AGCCTAATCGTCTGCT,5.513734821823524,15
Hepatocyte_15weeks_Animal1_Capture2_AGCGGTCTCTTTACAC,4.772368630013103,15
Hepatocyte_15weeks_Animal1_Capture2_AGCGTATGTGCGATAG,4.9222551410258255,15
Hepatocyte_15weeks_Animal1_Capture2_AGCGTATTCGATCCCT,4.7580738931582545,15
Hepatocyte_15weeks_Animal1_Capture2_AGCTCCTCACAACTGT,4.746592684768816,15
Hepatocyte_15weeks_Animal1_Capture2_AGCTCTCAGTGAACAT,4.866007256635594,15
Hepatocyte_15weeks_Animal1_Capture2_AGCTCTCGTTGCTCCT,5.2726151054238315,15
Hepatocyte_15weeks_Animal1_Capture2_AGCTTGACAGGAATGC,4.783363950632621,15
Hepatocyte_15weeks_Animal1_Capture2_AGCTTGACATCTACGA,5.2320238310700455,15
Hepatocyte_15weeks_Animal1_Capture2_AGGCCACCAAACTGTC,5.247898566848697,15
Hepatocyte_15weeks_Animal1_Capture2_AGGCCACCAGATGGCA,4.723225005077163,15
Hepatocyte_15weeks_Animal1_Capture2_AGGCCACCATGCTGGC,5.5036113482475715,15
Hepatocyte_15weeks_Animal1_Capture2_AGGCCACGTATATCCG,4.9621392389207095,15
Hepatocyte_15weeks_Animal1_Capture2_AGGCCGTAGACCCACC,5.201112047706474,15
Hepatocyte_15weeks_Animal1_Capture2_AGGCCGTCACCGAAAG,5.046146975747114,15
Hepatocyte_15weeks_Animal1_Capture2_AGGGAGTCACAACTGT,5.14680831155353,15
Hepatocyte_15weeks_Animal1_Capture2_AGGGATGGTAGAGTGC,4.763853408434059,15
Hepatocyte_15weeks_Animal1_Capture2_AGGGTGATCAATCTCT,4.94551106268933,15
Hepatocyte_15weeks_Animal1_Capture2_AGGGTGATCACCGGGT,5.464470157947295,15
Hepatocyte_15weeks_Animal1_Capture2_AGGTCATTCGAATCCA,4.753504661415359,15
Hepatocyte_15weeks_Animal1_Capture2_AGGTCATTCTGCCAGG,5.406386285805604,15
Hepatocyte_15weeks_Animal1_Capture2_AGGTCCGTCCGAATGT,5.388229240077015,15
Hepatocyte_15weeks_Animal1_Capture2_AGTAGTCCAGTAAGAT,4.974024408437769,15
Hepatocyte_15weeks_Animal1_Capture2_AGTAGTCGTGGTTTCA,5.506301023813335,15
Hepatocyte_15weeks_Animal1_Capture2_AGTAGTCTCAAACCAC,5.206864029193937,15
Hepatocyte_15weeks_Animal1_Capture2_AGTCTTTGTTCCCGAG,5.090629672089828,15
Hepatocyte_15weeks_Animal1_Capture2_AGTGAGGAGAATCTCC,5.818459227032423,15
Hepatocyte_15weeks_Animal1_Capture2_AGTGAGGGTACTCAAC,5.192015935831119,15
Hepatocyte_15weeks_Animal1_Capture2_AGTGAGGGTGACCAAG,5.113834365392808,15
Hepatocyte_15weeks_Animal1_Capture2_AGTGAGGGTTGGTGGA,4.738130364361307,15
Hepatocyte_15weeks_Animal1_Capture2_AGTGTCAAGTGGTCCC,5.17819848743715,15
Hepatocyte_15weeks_Animal1_Capture2_AGTTGGTTCGACGGAA,5.063510829503629,15
Hepatocyte_15weeks_Animal1_Capture2_ATAACGCAGAAGGTTT,4.990199116180072,15
Hepatocyte_15weeks_Animal1_Capture2_ATAACGCAGCCAACAG,4.839911654022872,15
Hepatocyte_15weeks_Animal1_Capture2_ATAACGCAGTCACGCC,4.707282310636664,15
Hepatocyte_15weeks_Animal1_Capture2_ATAAGAGCAAATCCGT,5.55017371166212,15
Hepatocyte_15weeks_Animal1_Capture2_ATAAGAGCATGAACCT,5.829382130232037,15
Hepatocyte_15weeks_Animal1_Capture2_ATAAGAGGTTATTCTC,5.448056697756659,15
Hepatocyte_15weeks_Animal1_Capture2_ATCACGAAGAGGTTGC,4.91087362172513,15
Hepatocyte_15weeks_Animal1_Capture2_ATCACGATCTTAGAGC,4.556168172687947,15
Hepatocyte_15weeks_Animal1_Capture2_ATCATCTGTACTTCTT,4.996598976613454,15
Hepatocyte_15weeks_Animal1_Capture2_ATCATCTTCGGGAGTA,4.66472713645575,15
Hepatocyte_15weeks_Animal1_Capture2_ATCATGGTCAGGATCT,5.109648532323725,15
Hepatocyte_15weeks_Animal1_Capture2_ATCCACCAGCCAGGAT,5.341642515468443,15
Hepatocyte_15weeks_Animal1_Capture2_ATCCACCTCTTGAGAC,4.767617400106234,15
Hepatocyte_15weeks_Animal1_Capture2_ATCGAGTCAAGAGTCG,4.638196776431074,15
Hepatocyte_15weeks_Animal1_Capture2_ATCGAGTCAGCCAGAA,4.741068866942292,15
Hepatocyte_15weeks_Animal1_Capture2_ATCGAGTCAGGCTGAA,5.074776389642097,15
Hepatocyte_15weeks_Animal1_Capture2_ATCGAGTCATGTTCCC,4.962624564315811,15
Hepatocyte_15weeks_Animal1_Capture2_ATCTACTAGTCAATAG,4.556665785789837,15
Hepatocyte_15weeks_Animal1_Capture2_ATCTGCCAGTAACCCT,4.901167009892683,15
Hepatocyte_15weeks_Animal1_Capture2_ATCTGCCCACATTAGC,5.585711075811311,15
Hepatocyte_15weeks_Animal1_Capture2_ATGCGATGTTATCGGT,4.866708337535313,15
Hepatocyte_15weeks_Animal1_Capture2_ATGTGTGTCGCCGTGA,5.226216541790565,15
Hepatocyte_15weeks_Animal1_Capture2_ATTACTCGTGCCTGCA,4.993565115732917,15
Hepatocyte_15weeks_Animal1_Capture2_ATTATCCAGCTACCTA,5.504911409966277,15
Hepatocyte_15weeks_Animal1_Capture2_ATTCTACTCACGAAGG,5.152078669973173,15
Hepatocyte_15weeks_Animal1_Capture2_ATTCTACTCAGGCAAG,4.786148257203234,15
Hepatocyte_15weeks_Animal1_Capture2_ATTCTACTCTGCAAGT,5.098191876545546,15
Hepatocyte_15weeks_Animal1_Capture2_ATTGGTGCAGATCGGA,5.497270623881209,15
Hepatocyte_15weeks_Animal1_Capture2_ATTGGTGCAGCGAACA,4.911030276467399,15
Hepatocyte_15weeks_Animal1_Capture2_ATTGGTGTCTTACCGC,5.492504249953661,15
Hepatocyte_15weeks_Animal1_Capture2_ATTTCTGTCGCCAGCA,5.091580037396536,15
Hepatocyte_15weeks_Animal1_Capture2_CAACCAAGTAGTGAAT,5.876068341198812,15
Hepatocyte_15weeks_Animal1_Capture2_CAACCTCAGGAGCGAG,4.9953283351855395,15
Hepatocyte_15weeks_Animal1_Capture2_CAACCTCGTCACTTCC,4.962734517002942,15
Hepatocyte_15weeks_Animal1_Capture2_CAACTAGGTCACTTCC,5.412910767932216,15
Hepatocyte_15weeks_Animal1_Capture2_CAACTAGGTCCGAATT,5.044968243785817,15
Hepatocyte_15weeks_Animal1_Capture2_CAACTAGTCATCACCC,5.424843437896047,15
Hepatocyte_15weeks_Animal1_Capture2_CAAGATCAGACACTAA,4.622900267999368,15
Hepatocyte_15weeks_Animal1_Capture2_CAAGATCCACCTCGTT,5.624060861404601,15
Hepatocyte_15weeks_Animal1_Capture2_CAAGATCCACGGCCAT,5.255760400096976,15
Hepatocyte_15weeks_Animal1_Capture2_CAAGATCCAGCATACT,4.934170033627303,15
Hepatocyte_15weeks_Animal1_Capture2_CAAGATCCATGACATC,5.1611498263684465,15
Hepatocyte_15weeks_Animal1_Capture2_CAAGATCGTCCAGTTA,4.684258053897912,15
Hepatocyte_15weeks_Animal1_Capture2_CACAAACTCTGGAGCC,5.721569854312996,15
Hepatocyte_15weeks_Animal1_Capture2_CACACAACAGTACACT,5.303145152042216,15
Hepatocyte_15weeks_Animal1_Capture2_CACACAACAGTCCTTC,5.041602135219122,15
Hepatocyte_15weeks_Animal1_Capture2_CACACAATCCGAACGC,4.77446209629978,15
Hepatocyte_15weeks_Animal1_Capture2_CACACCTAGTCATGCT,5.243825921796052,15
Hepatocyte_15weeks_Animal1_Capture2_CACACCTTCCTGCCAT,4.964432621990089,15
Hepatocyte_15weeks_Animal1_Capture2_CACAGGCCAAGCCATT,4.626155225216966,15
Hepatocyte_15weeks_Animal1_Capture2_CACAGTAAGATCTGAA,5.002927631949608,15
Hepatocyte_15weeks_Animal1_Capture2_CACAGTATCGAACGGA,5.7294197369115025,15
Hepatocyte_15weeks_Animal1_Capture2_CACAGTATCTTCGAGA,4.842764560363559,15
Hepatocyte_15weeks_Animal1_Capture2_CACATAGCACCTTGTC,5.257086428365174,15
Hepatocyte_15weeks_Animal1_Capture2_CACATAGCATGTCCTC,4.701383872503769,15
Hepatocyte_15weeks_Animal1_Capture2_CACATAGGTGATAAAC,5.001283768672174,15
Hepatocyte_15weeks_Animal1_Capture2_CACATTTTCCGTCAAA,4.976842093550427,15
Hepatocyte_15weeks_Animal1_Capture2_CACCACTCACTCGACG,4.954557493464122,15
Hepatocyte_15weeks_Animal1_Capture2_CACCACTTCCACGAAT,5.203624904212097,15
Hepatocyte_15weeks_Animal1_Capture2_CACCACTTCCGAATGT,5.05158340189918,15
Hepatocyte_15weeks_Animal1_Capture2_CACCAGGCACTAGTAC,4.938354893111287,15
Hepatocyte_15weeks_Animal1_Capture2_CACCTTGAGTCGATAA,6.035079125155418,15
Hepatocyte_15weeks_Animal1_Capture2_CACCTTGGTCTAGAGG,5.093668584602325,15
Hepatocyte_15weeks_Animal1_Capture2_CACTCCACACCCATGG,5.150597125391847,15
Hepatocyte_15weeks_Animal1_Capture2_CAGAATCTCCGCGGTA,4.9126472294902985,15
Hepatocyte_15weeks_Animal1_Capture2_CAGAGAGAGAAACGCC,4.765555894707964,15
Hepatocyte_15weeks_Animal1_Capture2_CAGAGAGAGAATTCCC,5.0981315905542735,15
Hepatocyte_15weeks_Animal1_Capture2_CAGATCACACGGCGTT,5.415380916400166,15
Hepatocyte_15weeks_Animal1_Capture2_CAGCATAAGGATCGCA,5.027317422938028,15
Hepatocyte_15weeks_Animal1_Capture2_CAGCATACAGTTTACG,4.938202715617759,15
Hepatocyte_15weeks_Animal1_Capture2_CAGCATATCAGAAATG,5.319900623491883,15
Hepatocyte_15weeks_Animal1_Capture2_CAGCATATCGAGAACG,5.1646378078820465,15
Hepatocyte_15weeks_Animal1_Capture2_CAGCCGACAGATGAGC,4.902221766333067,15
Hepatocyte_15weeks_Animal1_Capture2_CAGCGACTCGCCATAA,5.303406099444022,15
Hepatocyte_15weeks_Animal1_Capture2_CAGCTAAGTCGTCTTC,4.932383096009905,15
Hepatocyte_15weeks_Animal1_Capture2_CAGCTGGGTTCCGGCA,5.049100097192335,15
Hepatocyte_15weeks_Animal1_Capture2_CAGCTGGTCTACCTGC,5.093146761857289,15
Hepatocyte_15weeks_Animal1_Capture2_CAGCTGGTCTCTGTCG,4.742079413810062,15
Hepatocyte_15weeks_Animal1_Capture2_CAGGTGCGTCTCTTTA,5.094900205336757,15
Hepatocyte_15weeks_Animal1_Capture2_CAGGTGCGTCTGGAGA,5.379041436091116,15
Hepatocyte_15weeks_Animal1_Capture2_CAGGTGCTCAGCTCGG,5.06284824987071,15
Hepatocyte_15weeks_Animal1_Capture2_CAGGTGCTCTCCAACC,4.996078175527156,15
Hepatocyte_15weeks_Animal1_Capture2_CAGTAACCAATGAAAC,4.864742558066096,15
Hepatocyte_15weeks_Animal1_Capture2_CAGTAACTCCAAGCCG,4.868375807762991,15
Hepatocyte_15weeks_Animal1_Capture2_CAGTCCTAGGTGCTAG,5.488157412399998,15
Hepatocyte_15weeks_Animal1_Capture2_CAGTCCTGTGAAATCA,5.61395907895742,15
Hepatocyte_15weeks_Animal1_Capture2_CAGTCCTTCCACGACG,5.1307271947580375,15
Hepatocyte_15weeks_Animal1_Capture2_CATATTCAGGTGACCA,4.978394128084974,15
Hepatocyte_15weeks_Animal1_Capture2_CATATTCCAATCGGTT,4.924027635742311,15
Hepatocyte_15weeks_Animal1_Capture2_CATATTCCACGACGAA,5.49791119204074,15
Hepatocyte_15weeks_Animal1_Capture2_CATATTCGTCTACCTC,5.017692334560119,15
Hepatocyte_15weeks_Animal1_Capture2_CATCAAGGTACGACCC,4.9412737329654615,15
Hepatocyte_15weeks_Animal1_Capture2_CATCAAGTCACGAAGG,5.693339638664238,15
Hepatocyte_15weeks_Animal1_Capture2_CATCAGAAGTGTACCT,4.968621901217455,15
Hepatocyte_15weeks_Animal1_Capture2_CATCAGACACCATCCT,5.510456732141673,15
Hepatocyte_15weeks_Animal1_Capture2_CATCAGATCAGCATGT,5.170098266612076,15
Hepatocyte_15weeks_Animal1_Capture2_CATCAGATCTCACATT,5.036161665642136,15
Hepatocyte_15weeks_Animal1_Capture2_CATCCACAGCTAGCCC,4.898828177389202,15
Hepatocyte_15weeks_Animal1_Capture2_CATCCACCACCAGGTC,4.960106330726027,15
Hepatocyte_15weeks_Animal1_Capture2_CATCGAAAGGACACCA,5.088248706739209,15
Hepatocyte_15weeks_Animal1_Capture2_CATCGAAAGGGTTCCC,5.196513313777874,15
Hepatocyte_15weeks_Animal1_Capture2_CATCGAACACAACGCC,5.009038091080274,15
Hepatocyte_15weeks_Animal1_Capture2_CATCGAACACGCATCG,4.937741347611359,15
Hepatocyte_15weeks_Animal1_Capture2_CATCGAACATTCCTGC,4.9647182713165225,15
Hepatocyte_15weeks_Animal1_Capture2_CATCGGGAGAAGCCCA,4.738870832280728,15
Hepatocyte_15weeks_Animal1_Capture2_CATCGGGTCTGCAGTA,4.783486171342543,15
Hepatocyte_15weeks_Animal1_Capture2_CATCGGGTCTGCCAGG,5.272189582941554,15
Hepatocyte_15weeks_Animal1_Capture2_CATGACACAGTAGAGC,5.407177685366193,15
Hepatocyte_15weeks_Animal1_Capture2_CATGACACAGTATGCT,5.070773192489213,15
Hepatocyte_15weeks_Animal1_Capture2_CATGACATCCCAAGTA,4.9671220458137295,15
Hepatocyte_15weeks_Animal1_Capture2_CATGACATCGAGAGCA,5.001929303074563,15
Hepatocyte_15weeks_Animal1_Capture2_CATGGCGTCTCCTATA,5.119395451679719,15
Hepatocyte_15weeks_Animal1_Capture2_CATTATCAGCGTGTCC,5.225374146170397,15
Hepatocyte_15weeks_Animal1_Capture2_CATTATCCAATCTGCA,4.765566923528235,15
Hepatocyte_15weeks_Animal1_Capture2_CATTATCTCAGCCTAA,4.8848773696608525,15
Hepatocyte_15weeks_Animal1_Capture2_CCAATCCCATATGAGA,5.019652493340702,15
Hepatocyte_15weeks_Animal1_Capture2_CCAATCCGTTAGTGGG,5.931052340965178,15
Hepatocyte_15weeks_Animal1_Capture2_CCACCTAAGCCCAACC,4.781396450726276,15
Hepatocyte_15weeks_Animal1_Capture2_CCACCTAAGTAACCCT,5.288528082468102,15
Hepatocyte_15weeks_Animal1_Capture2_CCACCTATCTGGTATG,5.54217349836299,15
Hepatocyte_15weeks_Animal1_Capture2_CCACGGATCATGCATG,4.8784849200181455,15
Hepatocyte_15weeks_Animal1_Capture2_CCACGGATCGCCGTGA,5.1950335244404595,15
Hepatocyte_15weeks_Animal1_Capture2_CCACTACCATCTCCCA,5.059973874216774,15
Hepatocyte_15weeks_Animal1_Capture2_CCACTACTCCGAATGT,5.391526009092937,15
Hepatocyte_15weeks_Animal1_Capture2_CCAGCGACAGACGCTC,5.318360187043779,15
Hepatocyte_15weeks_Animal1_Capture2_CCATGTCGTTCGTGAT,5.858720357092739,15
Hepatocyte_15weeks_Animal1_Capture2_CCATTCGAGGATTCGG,5.338901329590203,15
Hepatocyte_15weeks_Animal1_Capture2_CCATTCGGTTTGGCGC,4.83491924864216,15
Hepatocyte_15weeks_Animal1_Capture2_CCATTCGTCCATGCTC,5.123159258181449,15
Hepatocyte_15weeks_Animal1_Capture2_CCCAATCTCTTATCTG,4.772322493560121,15
Hepatocyte_15weeks_Animal1_Capture2_CCCAGTTAGGATATAC,5.13573043897032,15
Hepatocyte_15weeks_Animal1_Capture2_CCCAGTTTCGATGAGG,5.0631358325400955,15
Hepatocyte_15weeks_Animal1_Capture2_CCCAGTTTCGGCGCAT,5.014727396725323,15
Hepatocyte_15weeks_Animal1_Capture2_CCCTCCTAGAAGATTC,4.921778106462773,15
Hepatocyte_15weeks_Animal1_Capture2_CCCTCCTAGACTCGGA,5.136500672028196,15
Hepatocyte_15weeks_Animal1_Capture2_CCCTCCTTCATGGTCA,5.024182875022304,15
Hepatocyte_15weeks_Animal1_Capture2_CCGTGGAAGGCGACAT,5.0165256337011215,15
Hepatocyte_15weeks_Animal1_Capture2_CCTAAAGGTTTAAGCC,5.230326002913166,15
Hepatocyte_15weeks_Animal1_Capture2_CCTACACAGCCACGCT,5.267096983674509,15
Hepatocyte_15weeks_Animal1_Capture2_CCTACACTCCCGGATG,5.193497835928315,15
Hepatocyte_15weeks_Animal1_Capture2_CCTACCAAGTGGGCTA,5.197556979953784,15
Hepatocyte_15weeks_Animal1_Capture2_CCTAGCTAGGCTAGAC,5.673440207221181,15
Hepatocyte_15weeks_Animal1_Capture2_CCTAGCTGTATTCTCT,4.787466557203004,15
Hepatocyte_15weeks_Animal1_Capture2_CCTAGCTGTGTATGGG,5.005729437409409,15
Hepatocyte_15weeks_Animal1_Capture2_CCTCAGTCACACCGAC,4.900126574503021,15
Hepatocyte_15weeks_Animal1_Capture2_CCTCAGTTCCCAAGTA,5.169853690434785,15
Hepatocyte_15weeks_Animal1_Capture2_CCTCTGACACAGATTC,5.163921342214726,15
Hepatocyte_15weeks_Animal1_Capture2_CCTCTGAGTTGGTAAA,4.94976193574235,15
Hepatocyte_15weeks_Animal1_Capture2_CCTCTGATCGTCTGCT,5.297159615352864,15
Hepatocyte_15weeks_Animal1_Capture2_CCTTACGAGGGTGTGT,4.670159906184255,15
Hepatocyte_15weeks_Animal1_Capture2_CCTTACGGTCATGCAT,5.323668475203565,15
Hepatocyte_15weeks_Animal1_Capture2_CCTTCCCAGACTGGGT,5.301940328941781,15
Hepatocyte_15weeks_Animal1_Capture2_CCTTCCCGTCAAAGAT,5.741426865336104,15
Hepatocyte_15weeks_Animal1_Capture2_CCTTCCCGTGTGACGA,5.139465673702961,15
Hepatocyte_15weeks_Animal1_Capture2_CCTTCCCTCACGACTA,5.056379881040499,15
Hepatocyte_15weeks_Animal1_Capture2_CCTTCGAAGACATAAC,5.539793574721472,15
Hepatocyte_15weeks_Animal1_Capture2_CCTTCGAAGGGAAACA,4.858938092987601,15
Hepatocyte_15weeks_Animal1_Capture2_CCTTCGATCTTTCCTC,4.85035001431449,15
Hepatocyte_15weeks_Animal1_Capture2_CCTTTCTGTTCCACAA,5.115047027153533,15
Hepatocyte_15weeks_Animal1_Capture2_CCTTTCTTCGCCAAAT,5.013966178831706,15
Hepatocyte_15weeks_Animal1_Capture2_CCTTTCTTCTGGGCCA,4.878530130915125,15
Hepatocyte_15weeks_Animal1_Capture2_CGAACATTCACAAACC,4.795048462366978,15
Hepatocyte_15weeks_Animal1_Capture2_CGAATGTAGCACCGCT,4.801135635324216,15
Hepatocyte_15weeks_Animal1_Capture2_CGAATGTCACCACGTG,5.163830319210076,15
Hepatocyte_15weeks_Animal1_Capture2_CGACCTTAGCCACGCT,5.148903616485423,15
Hepatocyte_15weeks_Animal1_Capture2_CGACCTTAGCCGATTT,5.021503095797883,15
Hepatocyte_15weeks_Animal1_Capture2_CGACTTCTCACCATAG,5.10328727635051,15
Hepatocyte_15weeks_Animal1_Capture2_CGACTTCTCACTCCTG,4.624248136002894,15
Hepatocyte_15weeks_Animal1_Capture2_CGAGCCAAGAGCTTCT,5.189516002227801,15
Hepatocyte_15weeks_Animal1_Capture2_CGAGCCAGTGCAGACA,5.349340343788853,15
Hepatocyte_15weeks_Animal1_Capture2_CGATCGGGTCTGATCA,5.033828282346956,15
Hepatocyte_15weeks_Animal1_Capture2_CGATCGGTCCCAAGTA,4.701474039646406,15
Hepatocyte_15weeks_Animal1_Capture2_CGATGGCTCTACCTGC,4.778803031659594,15
Hepatocyte_15weeks_Animal1_Capture2_CGATGGCTCTTACCGC,4.926922268098561,15
Hepatocyte_15weeks_Animal1_Capture2_CGATGTAGTCCATCCT,5.070442696908291,15
Hepatocyte_15weeks_Animal1_Capture2_CGATGTATCCTTGACC,4.514625907903197,15
Hepatocyte_15weeks_Animal1_Capture2_CGATTGAAGAAGGCCT,4.979751613237187,15
Hepatocyte_15weeks_Animal1_Capture2_CGATTGAAGGCCATAG,5.173119328495164,15
Hepatocyte_15weeks_Animal1_Capture2_CGCGGTAAGGATGGTC,4.896131523064335,15
Hepatocyte_15weeks_Animal1_Capture2_CGCGGTAAGGCAGTCA,5.089865439950563,15
Hepatocyte_15weeks_Animal1_Capture2_CGCGGTAGTTTAAGCC,5.354013851726979,15
Hepatocyte_15weeks_Animal1_Capture2_CGCGGTATCTGAAAGA,4.939740722628834,15
Hepatocyte_15weeks_Animal1_Capture2_CGCGGTATCTTACCGC,5.462223117056196,15
Hepatocyte_15weeks_Animal1_Capture2_CGCGTTTAGAGGTACC,5.435379984153993,15
Hepatocyte_15weeks_Animal1_Capture2_CGCGTTTGTTGAACTC,5.075578785849642,15
Hepatocyte_15weeks_Animal1_Capture2_CGCTATCTCGCACTCT,5.431855263924135,15
Hepatocyte_15weeks_Animal1_Capture2_CGCTTCAGTACTCAAC,5.1000996421915,15
Hepatocyte_15weeks_Animal1_Capture2_CGCTTCAGTGTAAGTA,4.847844365440615,15
Hepatocyte_15weeks_Animal1_Capture2_CGCTTCATCTATGTGG,5.093712466335898,15
Hepatocyte_15weeks_Animal1_Capture2_CGGACACAGAACTCGG,4.7707924055171,15
Hepatocyte_15weeks_Animal1_Capture2_CGGACACCACGGCCAT,5.132146600345915,15
Hepatocyte_15weeks_Animal1_Capture2_CGGACGTAGATTACCC,4.700681425989172,15
Hepatocyte_15weeks_Animal1_Capture2_CGGACGTTCCCTGACT,5.178689489114473,15
Hepatocyte_15weeks_Animal1_Capture2_CGGACTGGTGTAAGTA,4.82921979012872,15
Hepatocyte_15weeks_Animal1_Capture2_CGGAGCTCAGACGCCT,5.602576936409811,15
Hepatocyte_15weeks_Animal1_Capture2_CGGGTCAGTACAGTGG,4.906296243794255,15
Hepatocyte_15weeks_Animal1_Capture2_CGTAGCGCAGGTCCAC,5.584455140358749,15
Hepatocyte_15weeks_Animal1_Capture2_CGTCACTAGCAGATCG,5.207776472115873,15
Hepatocyte_15weeks_Animal1_Capture2_CGTCACTCACTTCTGC,4.934535283773725,15
Hepatocyte_15weeks_Animal1_Capture2_CGTCAGGTCACAACGT,5.095142388939498,15
Hepatocyte_15weeks_Animal1_Capture2_CGTCAGGTCGATCCCT,5.374331794722281,15
Hepatocyte_15weeks_Animal1_Capture2_CGTCAGGTCGTTGACA,4.9571135949896385,15
Hepatocyte_15weeks_Animal1_Capture2_CGTCTACCATACTACG,5.461116527114615,15
Hepatocyte_15weeks_Animal1_Capture2_CGTCTACTCGGCGCTA,5.243739750373029,15
Hepatocyte_15weeks_Animal1_Capture2_CGTGTAACAAGGACTG,5.001722265678959,15
Hepatocyte_15weeks_Animal1_Capture2_CGTGTAATCCAAAGTC,5.067155290446909,15
Hepatocyte_15weeks_Animal1_Capture2_CGTTAGAAGGCTCTTA,5.249306861511112,15
Hepatocyte_15weeks_Animal1_Capture2_CGTTAGACAAGGTTTC,5.160456767927494,15
Hepatocyte_15weeks_Animal1_Capture2_CGTTCTGCAGTCGTGC,5.092227314945693,15
Hepatocyte_15weeks_Animal1_Capture2_CGTTCTGCATGCAACT,4.994599869872491,15
Hepatocyte_15weeks_Animal1_Capture2_CGTTCTGGTGACAAAT,4.7582078907670065,15
Hepatocyte_15weeks_Animal1_Capture2_CGTTGGGGTCTCTTTA,4.993969356059785,15
Hepatocyte_15weeks_Animal1_Capture2_CTAACTTCAAGACGTG,5.021785282935845,15
Hepatocyte_15weeks_Animal1_Capture2_CTAACTTGTGGTCTCG,5.005254847138073,15
Hepatocyte_15weeks_Animal1_Capture2_CTAAGACCAGGGATTG,4.981322175421023,15
Hepatocyte_15weeks_Animal1_Capture2_CTAAGACGTAATCGTC,4.955192206031723,15
Hepatocyte_15weeks_Animal1_Capture2_CTAATGGCATTCGACA,5.189225801733301,15
Hepatocyte_15weeks_Animal1_Capture2_CTACACCCACACAGAG,5.355338870995058,15
Hepatocyte_15weeks_Animal1_Capture2_CTACACCGTGTAATGA,5.003189629607967,15
Hepatocyte_15weeks_Animal1_Capture2_CTACATTAGTATTGGA,4.889999377085467,15
Hepatocyte_15weeks_Animal1_Capture2_CTACATTCACACGCTG,5.1629044015410335,15
Hepatocyte_15weeks_Animal1_Capture2_CTACGTCAGAGGTACC,5.021040385277896,15
Hepatocyte_15weeks_Animal1_Capture2_CTAGAGTAGTCTCCTC,4.952635004127034,15
Hepatocyte_15weeks_Animal1_Capture2_CTAGAGTCAATCACAC,5.37611168867464,15
Hepatocyte_15weeks_Animal1_Capture2_CTAGAGTTCTTGCAAG,5.05619714287818,15
Hepatocyte_15weeks_Animal1_Capture2_CTAGTGAAGCCGCCTA,4.9652282619384795,15
Hepatocyte_15weeks_Animal1_Capture2_CTAGTGAAGCGTTCCG,5.025384785014074,15
Hepatocyte_15weeks_Animal1_Capture2_CTAGTGATCGTTTAGG,5.427390239456372,15
Hepatocyte_15weeks_Animal1_Capture2_CTCAGAAGTAGGACAC,4.7437032583678125,15
Hepatocyte_15weeks_Animal1_Capture2_CTCATTACATGCATGT,4.950470266097071,15
Hepatocyte_15weeks_Animal1_Capture2_CTCATTATCTTGACGA,4.726758909956751,15
Hepatocyte_15weeks_Animal1_Capture2_CTCGAAACAAGTCATC,5.257510269401923,15
Hepatocyte_15weeks_Animal1_Capture2_CTCGAAACAGGACGTA,4.916853004622566,15
Hepatocyte_15weeks_Animal1_Capture2_CTCGGAGGTCAAGCGA,5.3632590578627655,15
Hepatocyte_15weeks_Animal1_Capture2_CTCGGAGTCAAACGGG,4.916802320207301,15
Hepatocyte_15weeks_Animal1_Capture2_CTCGGGAGTTGGAGGT,5.019056947792452,15
Hepatocyte_15weeks_Animal1_Capture2_CTCGTCACATCCGCGA,5.508949371275635,15
Hepatocyte_15weeks_Animal1_Capture2_CTCTAATGTCGTGGCT,5.022184195753138,15
Hepatocyte_15weeks_Animal1_Capture2_CTCTGGTAGAGACTTA,5.225000709722975,15
Hepatocyte_15weeks_Animal1_Capture2_CTCTGGTGTTGCTCCT,4.871062649593606,15
Hepatocyte_15weeks_Animal1_Capture2_CTGAAACGTGTGTGCC,4.978511999275933,15
Hepatocyte_15weeks_Animal1_Capture2_CTGAAACTCACCATAG,4.833028058001116,15
Hepatocyte_15weeks_Animal1_Capture2_CTGATAGCACTCAGGC,4.874380090175054,15
Hepatocyte_15weeks_Animal1_Capture2_CTGATCCAGGCATGGT,5.1721961343355005,15
Hepatocyte_15weeks_Animal1_Capture2_CTGATCCTCATGTGGT,4.922989366802822,15
Hepatocyte_15weeks_Animal1_Capture2_CTGCCTAAGCAATCTC,5.337961267581005,15
Hepatocyte_15weeks_Animal1_Capture2_CTGCCTAGTAGCACGA,5.421887903282503,15
Hepatocyte_15weeks_Animal1_Capture2_CTGCCTATCCACGTTC,4.98128757134293,15
Hepatocyte_15weeks_Animal1_Capture2_CTGCGGAAGCGAAGGG,5.294106692016307,15
Hepatocyte_15weeks_Animal1_Capture2_CTGCGGATCCGAAGAG,4.851509231249564,15
Hepatocyte_15weeks_Animal1_Capture2_CTGCTGTCAGTGAGTG,4.717218655979207,15
Hepatocyte_15weeks_Animal1_Capture2_CTGGTCTTCCGATATG,5.153478144161449,15
Hepatocyte_15weeks_Animal1_Capture2_CTGTGCTCAGATGGGT,4.91380237123677,15
Hepatocyte_15weeks_Animal1_Capture2_CTGTGCTGTGGCGAAT,4.770928159041147,15
Hepatocyte_15weeks_Animal1_Capture2_CTGTGCTTCCTTAATC,5.204130916352987,15
Hepatocyte_15weeks_Animal1_Capture2_CTGTTTAAGATCCGAG,5.506958218242225,15
Hepatocyte_15weeks_Animal1_Capture2_CTGTTTAGTGCAACGA,5.039786622202984,15
Hepatocyte_15weeks_Animal1_Capture2_CTGTTTATCGCAAACT,5.167974769764985,15
Hepatocyte_15weeks_Animal1_Capture2_CTTAACTGTCTTCGTC,4.7587208853287635,15
Hepatocyte_15weeks_Animal1_Capture2_CTTACCGGTCTAAAGA,4.809559779706091,15
Hepatocyte_15weeks_Animal1_Capture2_CTTACCGTCCACGAAT,5.360419361057168,15
Hepatocyte_15weeks_Animal1_Capture2_CTTAGGACAGACAAGC,4.785266561576349,15
Hepatocyte_15weeks_Animal1_Capture2_CTTCTCTGTAGCAAAT,5.069639115532603,15
Hepatocyte_15weeks_Animal1_Capture2_CTTCTCTGTCTGCCAG,4.851889214718886,15
Hepatocyte_15weeks_Animal1_Capture2_CTTGGCTGTAGCGTCC,4.5812247125209815,15
Hepatocyte_15weeks_Animal1_Capture2_CTTGGCTTCTAAGCCA,5.161102204585024,15
Hepatocyte_15weeks_Animal1_Capture2_GAAACTCAGTTTAGGA,4.689566493831052,15
Hepatocyte_15weeks_Animal1_Capture2_GAAATGAAGAATTGTG,5.692079539384061,15
Hepatocyte_15weeks_Animal1_Capture2_GAAATGATCCAAACTG,4.871047346957532,15
Hepatocyte_15weeks_Animal1_Capture2_GAACATCGTACTTCTT,4.953329509870043,15
Hepatocyte_15weeks_Animal1_Capture2_GAACATCGTCAAACTC,5.028874214750317,15
Hepatocyte_15weeks_Animal1_Capture2_GAACCTAGTATAAACG,4.883345578174007,15
Hepatocyte_15weeks_Animal1_Capture2_GAACGGATCAGAGACG,4.696775347124439,15
Hepatocyte_15weeks_Animal1_Capture2_GAAGCAGCAAACCCAT,5.697498995803533,15
Hepatocyte_15weeks_Animal1_Capture2_GAAGCAGGTTATGTGC,4.6812330739625825,15
Hepatocyte_15weeks_Animal1_Capture2_GACACGCTCTGACCTC,4.933406348460928,15
Hepatocyte_15weeks_Animal1_Capture2_GACACGCTCTTGCCGT,4.823540792163729,15
Hepatocyte_15weeks_Animal1_Capture2_GACAGAGCACCAGATT,5.203008861243201,15
Hepatocyte_15weeks_Animal1_Capture2_GACAGAGGTCTTCGTC,5.0203029706294116,15
Hepatocyte_15weeks_Animal1_Capture2_GACCAATCAGGATTGG,4.952054091712517,15
Hepatocyte_15weeks_Animal1_Capture2_GACCAATTCGCCCTTA,5.094243690188325,15
Hepatocyte_15weeks_Animal1_Capture2_GACGCGTCAGCCACCA,5.203791860161755,15
Hepatocyte_15weeks_Animal1_Capture2_GACGCGTGTAAATGTG,4.9198070569144665,15
Hepatocyte_15weeks_Animal1_Capture2_GACGCGTTCCAAGCCG,5.7400881124481185,15
Hepatocyte_15weeks_Animal1_Capture2_GACGGCTCATCGGGTC,5.198378028017395,15
Hepatocyte_15weeks_Animal1_Capture2_GACGTGCAGAACAATC,4.885996562504489,15
Hepatocyte_15weeks_Animal1_Capture2_GACGTGCGTTAGTGGG,4.970513428396317,15
Hepatocyte_15weeks_Animal1_Capture2_GACGTGCTCCTAAGTG,5.116288995482474,15
Hepatocyte_15weeks_Animal1_Capture2_GACTAACAGTGGCACA,4.704948841302432,15
Hepatocyte_15weeks_Animal1_Capture2_GACTGCGCACATTCGA,5.328602866573575,15
Hepatocyte_15weeks_Animal1_Capture2_GAGGTGAAGGAACTGC,5.390840163990796,15
Hepatocyte_15weeks_Animal1_Capture2_GAGGTGACAAAGCAAT,4.927335699839963,15
Hepatocyte_15weeks_Animal1_Capture2_GATCGATGTACTTGAC,5.075639982043326,15
Hepatocyte_15weeks_Animal1_Capture2_GATCGATTCTTGGGTA,5.391925426389069,15
Hepatocyte_15weeks_Animal1_Capture2_GATCGCGAGACGACGT,5.643967790226673,15
Hepatocyte_15weeks_Animal1_Capture2_GATCGCGGTTGGTAAA,5.15331749962235,15
Hepatocyte_15weeks_Animal1_Capture2_GATCGCGTCGAGGTAG,5.195946980939484,15
Hepatocyte_15weeks_Animal1_Capture2_GATCTAGAGAAGCCCA,5.393810382267779,15
Hepatocyte_15weeks_Animal1_Capture2_GATGAAAGTGATAAGT,4.7385220812461295,15
Hepatocyte_15weeks_Animal1_Capture2_GATGAAAGTGCACGAA,4.935952733245133,15
Hepatocyte_15weeks_Animal1_Capture2_GATGAGGTCATGTGGT,5.54626074395255,15
Hepatocyte_15weeks_Animal1_Capture2_GATGAGGTCGTACGGC,5.500024960077588,15
Hepatocyte_15weeks_Animal1_Capture2_GATGCTACAGCTCGCA,5.606164847741619,15
Hepatocyte_15weeks_Animal1_Capture2_GATGCTATCCTTCAAT,4.694769093637466,15
Hepatocyte_15weeks_Animal1_Capture2_GATTCAGAGAAGATTC,5.013308258331792,15
Hepatocyte_15weeks_Animal1_Capture2_GATTCAGCAGTCAGCC,5.123958711650701,15
Hepatocyte_15weeks_Animal1_Capture2_GCAAACTTCTTAACCT,5.137416032863797,15
Hepatocyte_15weeks_Animal1_Capture2_GCAATCACAGATCCAT,4.742113637213741,15
Hepatocyte_15weeks_Animal1_Capture2_GCAATCATCGGATGGA,5.3312619399360255,15
Hepatocyte_15weeks_Animal1_Capture2_GCACATACAGCTGTGC,5.11727850706758,15
Hepatocyte_15weeks_Animal1_Capture2_GCACATACATCCGGGT,5.747407703866083,15
Hepatocyte_15weeks_Animal1_Capture2_GCACATAGTTCACCTC,5.696387960041728,15
Hepatocyte_15weeks_Animal1_Capture2_GCAGCCACAGTATCTG,4.8974014968954425,15
Hepatocyte_15weeks_Animal1_Capture2_GCAGCCAGTCTTCGTC,5.246796508679702,15
Hepatocyte_15weeks_Animal1_Capture2_GCAGCCAGTGCATCTA,5.580302119928989,15
Hepatocyte_15weeks_Animal1_Capture2_GCAGTTAAGCAATATG,5.417906264103219,15
Hepatocyte_15weeks_Animal1_Capture2_GCAGTTAAGGATATAC,5.213217409245696,15
Hepatocyte_15weeks_Animal1_Capture2_GCAGTTAAGGTGGGTT,4.985691212609074,15
Hepatocyte_15weeks_Animal1_Capture2_GCAGTTACACCAGCAC,5.469226453141082,15
Hepatocyte_15weeks_Animal1_Capture2_GCAGTTACACTGTCGG,5.343094204018924,15
Hepatocyte_15weeks_Animal1_Capture2_GCAGTTAGTAGGCATG,5.109836734482917,15
Hepatocyte_15weeks_Animal1_Capture2_GCATACACATCGGAAG,5.643507544406875,15
Hepatocyte_15weeks_Animal1_Capture2_GCATACAGTAGAAAGG,4.9565331210661725,15
Hepatocyte_15weeks_Animal1_Capture2_GCATACAGTGCACCAC,4.994666728899085,15
Hepatocyte_15weeks_Animal1_Capture2_GCATGATTCAACGAAA,5.978851522306519,15
Hepatocyte_15weeks_Animal1_Capture2_GCCTCTAAGTGTACTC,5.01111905173283,15
Hepatocyte_15weeks_Animal1_Capture2_GCGAGAACAGCCTGTG,4.760488671599905,15
Hepatocyte_15weeks_Animal1_Capture2_GCGAGAATCACTATTC,5.032080535705058,15
Hepatocyte_15weeks_Animal1_Capture2_GCGCAACGTATAGGGC,5.21326217216177,15
Hepatocyte_15weeks_Animal1_Capture2_GCGCAACTCCTTTACA,5.025220403432685,15
Hepatocyte_15weeks_Animal1_Capture2_GCGCAGTAGTGAACGC,5.375487539909139,15
Hepatocyte_15weeks_Animal1_Capture2_GCGCAGTCACACATGT,4.9733217098893245,15
Hepatocyte_15weeks_Animal1_Capture2_GCGCAGTTCTAACTTC,5.176525157497588,15
Hepatocyte_15weeks_Animal1_Capture2_GCGCCAAAGGAATCGC,4.898194880563263,15
Hepatocyte_15weeks_Animal1_Capture2_GCGCGATGTTTGTTTC,5.3112507107787845,15
Hepatocyte_15weeks_Animal1_Capture2_GCGGGTTAGGGTCGAT,4.669300635573632,15
Hepatocyte_15weeks_Animal1_Capture2_GCGGGTTAGTCAAGCG,4.87440046573661,15
Hepatocyte_15weeks_Animal1_Capture2_GCGGGTTTCCCTAACC,5.260686170308631,15
Hepatocyte_15weeks_Animal1_Capture2_GCTCCTAGTCAGAGGT,5.032067692926015,15
Hepatocyte_15weeks_Animal1_Capture2_GCTCCTAGTTGTGGCC,5.063711035632869,15
Hepatocyte_15weeks_Animal1_Capture2_GCTCCTATCGTTGCCT,5.147327981606263,15
Hepatocyte_15weeks_Animal1_Capture2_GCTCTGTGTGATGTCT,4.674688084992863,15
Hepatocyte_15weeks_Animal1_Capture2_GCTCTGTTCTTGGGTA,4.981147684137856,15
Hepatocyte_15weeks_Animal1_Capture2_GCTGCGAGTTTAGGAA,5.170836001532031,15
Hepatocyte_15weeks_Animal1_Capture2_GCTGCGATCCCTCTTT,4.736562842325312,15
Hepatocyte_15weeks_Animal1_Capture2_GCTGCTTCAAGTTAAG,5.5409007867617115,15
Hepatocyte_15weeks_Animal1_Capture2_GCTGGGTCAAACCCAT,4.974170589332989,15
Hepatocyte_15weeks_Animal1_Capture2_GGAAAGCAGCCAACAG,5.1122200638512725,15
Hepatocyte_15weeks_Animal1_Capture2_GGAAAGCAGTTCGCAT,5.16088183217396,15
Hepatocyte_15weeks_Animal1_Capture2_GGAAAGCCAAACAACA,5.03385158790938,15
Hepatocyte_15weeks_Animal1_Capture2_GGAAAGCCAGTTCATG,5.286386763930316,15
Hepatocyte_15weeks_Animal1_Capture2_GGAACTTAGCAACGGT,5.290742332444324,15
Hepatocyte_15weeks_Animal1_Capture2_GGAACTTGTTTAAGCC,4.71151810043171,15
Hepatocyte_15weeks_Animal1_Capture2_GGAATAACAGTTTACG,4.848718162556484,15
Hepatocyte_15weeks_Animal1_Capture2_GGACAAGCAGACGTAG,5.0208472895628145,15
Hepatocyte_15weeks_Animal1_Capture2_GGACAGAAGAAAGTGG,4.987371114558599,15
Hepatocyte_15weeks_Animal1_Capture2_GGACAGAGTCCGAATT,5.26960426278783,15
Hepatocyte_15weeks_Animal1_Capture2_GGACAGATCACATGCA,4.794371102602792,15
Hepatocyte_15weeks_Animal1_Capture2_GGACAGATCGCTTGTC,5.3927465170989874,15
Hepatocyte_15weeks_Animal1_Capture2_GGACATTGTACATCCA,5.0892693695415305,15
Hepatocyte_15weeks_Animal1_Capture2_GGACGTCCAGCCTGTG,5.028265457810606,15
Hepatocyte_15weeks_Animal1_Capture2_GGACGTCTCACCGTAA,4.917457794599009,15
Hepatocyte_15weeks_Animal1_Capture2_GGACGTCTCCTAGAAC,5.121561223038072,15
Hepatocyte_15weeks_Animal1_Capture2_GGAGCAAGTAGGACAC,4.81503634878311,15
Hepatocyte_15weeks_Animal1_Capture2_GGAGCAATCGGATGGA,4.770760186993811,15
Hepatocyte_15weeks_Animal1_Capture2_GGATGTTGTGGCAAAC,5.6334129474706565,15
Hepatocyte_15weeks_Animal1_Capture2_GGATTACGTTCTGGTA,5.169840547272365,15
Hepatocyte_15weeks_Animal1_Capture2_GGATTACTCTGGAGCC,4.723536248224624,15
Hepatocyte_15weeks_Animal1_Capture2_GGCAATTAGCTAAACA,5.0281667504480625,15
Hepatocyte_15weeks_Animal1_Capture2_GGCAATTCAAACCCAT,4.898735088615107,15
Hepatocyte_15weeks_Animal1_Capture2_GGCAATTGTTTGACTG,5.10109919275537,15
Hepatocyte_15weeks_Animal1_Capture2_GGCAATTTCGGTTCGG,5.096277677497256,15
Hepatocyte_15weeks_Animal1_Capture2_GGCCGATAGCAACGGT,5.0815643053690716,15
Hepatocyte_15weeks_Animal1_Capture2_GGCCGATAGGTGATTA,5.03614829503997,15
Hepatocyte_15weeks_Animal1_Capture2_GGCGTGTGTCTTCGTC,5.224062930523578,15
Hepatocyte_15weeks_Animal1_Capture2_GGGAATGGTCGCGGTT,4.824862106740399,15
Hepatocyte_15weeks_Animal1_Capture2_GGGAGATTCAACACTG,4.750086888508685,15
Hepatocyte_15weeks_Animal1_Capture2_GGGATGACAGGTCGTC,4.722620380519563,15
Hepatocyte_15weeks_Animal1_Capture2_GGGCACTGTGTGCGTC,5.0526441391771515,15
Hepatocyte_15weeks_Animal1_Capture2_GGGCACTGTTACGCGC,5.218368853071267,15
Hepatocyte_15weeks_Animal1_Capture2_GGGCATCCAGATGAGC,5.113878463408813,15
Hepatocyte_15weeks_Animal1_Capture2_GGGTCTGAGTGAATTG,4.921281359952805,15
Hepatocyte_15weeks_Animal1_Capture2_GGGTCTGTCTACTATC,5.535184472692592,15
Hepatocyte_15weeks_Animal1_Capture2_GGGTTGCAGCTCTCGG,4.898065923737274,15
Hepatocyte_15weeks_Animal1_Capture2_GGGTTGCCAACGCACC,4.771774728656455,15
Hepatocyte_15weeks_Animal1_Capture2_GGTGAAGGTAAAGTCA,5.584522742745462,15
Hepatocyte_15weeks_Animal1_Capture2_GGTGCGTCATGGGAAC,5.491407154229242,15
Hepatocyte_15weeks_Animal1_Capture2_GGTGCGTTCAGCACAT,4.738775775805589,15
Hepatocyte_15weeks_Animal1_Capture2_GGTGTTATCTTGCAAG,5.11070133259075,15
Hepatocyte_15weeks_Animal1_Capture2_GTAACGTCAAACGTGG,4.789827797308209,15
Hepatocyte_15weeks_Animal1_Capture2_GTAACGTCAGCCTGTG,5.092749109309787,15
Hepatocyte_15weeks_Animal1_Capture2_GTAACGTTCACTCTTA,5.091484893575014,15
Hepatocyte_15weeks_Animal1_Capture2_GTAACTGCAGCTCGAC,4.981392712538026,15
Hepatocyte_15weeks_Animal1_Capture2_GTAACTGTCCTTTCGG,5.328188715563511,15
Hepatocyte_15weeks_Animal1_Capture2_GTAACTGTCGTAGGAG,4.6328065399049985,15
Hepatocyte_15weeks_Animal1_Capture2_GTACGTAGTGCGGTAA,5.634188314861592,15
Hepatocyte_15weeks_Animal1_Capture2_GTACGTATCATAGCAC,5.061088239959979,15
Hepatocyte_15weeks_Animal1_Capture2_GTACGTATCCAAATGC,5.544515839436694,15
Hepatocyte_15weeks_Animal1_Capture2_GTACTCCTCTTTACAC,4.770727243038062,15
Hepatocyte_15weeks_Animal1_Capture2_GTACTTTCAGGATTGG,5.10759336447395,15
Hepatocyte_15weeks_Animal1_Capture2_GTACTTTGTATTCGTG,5.153189561183693,15
Hepatocyte_15weeks_Animal1_Capture2_GTACTTTTCCGCGGTA,4.877551606956173,15
Hepatocyte_15weeks_Animal1_Capture2_GTACTTTTCTTGTATC,5.218962348997886,15
Hepatocyte_15weeks_Animal1_Capture2_GTAGGCCGTCGAGATG,4.9070242518687515,15
Hepatocyte_15weeks_Animal1_Capture2_GTAGGCCTCCGTTGCT,5.682665817680494,15
Hepatocyte_15weeks_Animal1_Capture2_GTAGTCAGTGCGCTTG,4.6765529068711755,15
Hepatocyte_15weeks_Animal1_Capture2_GTATCTTGTACAGCAG,4.617167239346282,15
Hepatocyte_15weeks_Animal1_Capture2_GTATTCTTCTCAAGTG,4.824173299336733,15
Hepatocyte_15weeks_Animal1_Capture2_GTCAAGTGTACAAGTA,4.869640614092333,15
Hepatocyte_15weeks_Animal1_Capture2_GTCACAACAGTTTACG,4.941704997780689,15
Hepatocyte_15weeks_Animal1_Capture2_GTCACAAGTCTTGCGG,4.909645363465966,15
Hepatocyte_15weeks_Animal1_Capture2_GTCACAATCACAGTAC,5.043605742218658,15
Hepatocyte_15weeks_Animal1_Capture2_GTCACGGGTAAGGGAA,4.961581950998261,15
Hepatocyte_15weeks_Animal1_Capture2_GTCATTTGTAGCACGA,5.258631953380741,15
Hepatocyte_15weeks_Animal1_Capture2_GTCCTCAAGTGAATTG,4.632752241184315,15
Hepatocyte_15weeks_Animal1_Capture2_GTCCTCATCTTGTACT,6.030229062141602,15
Hepatocyte_15weeks_Animal1_Capture2_GTCGGGTTCCAGATCA,5.137921190367139,15
Hepatocyte_15weeks_Animal1_Capture2_GTCGTAAGTATATCCG,4.999315298597815,15
Hepatocyte_15weeks_Animal1_Capture2_GTCGTAAGTATTCGTG,5.107166117854465,15
Hepatocyte_15weeks_Animal1_Capture2_GTCTCGTCAGATGGGT,5.123373161883627,15
Hepatocyte_15weeks_Animal1_Capture2_GTCTTCGAGCGTAATA,4.583808573229389,15
Hepatocyte_15weeks_Animal1_Capture2_GTCTTCGCACAACGCC,4.622595781424179,15
Hepatocyte_15weeks_Animal1_Capture2_GTCTTCGGTAGGGACT,4.966615349287306,15
Hepatocyte_15weeks_Animal1_Capture2_GTCTTCGTCTCAAGTG,5.539741978684338,15
Hepatocyte_15weeks_Animal1_Capture2_GTGCAGCCACCCATTC,4.855788979644602,15
Hepatocyte_15weeks_Animal1_Capture2_GTGCAGCCACTGTCGG,5.390908525842663,15
Hepatocyte_15weeks_Animal1_Capture2_GTGCAGCTCACCCGAG,5.175436183318884,15
Hepatocyte_15weeks_Animal1_Capture2_GTGCATAAGAATGTTG,4.790579070471681,15
Hepatocyte_15weeks_Animal1_Capture2_GTGCATAAGATGCCAG,4.6172162509241685,15
Hepatocyte_15weeks_Animal1_Capture2_GTGCATATCCAAATGC,5.107315697594904,15
Hepatocyte_15weeks_Animal1_Capture2_GTGCGGTCAAGCGCTC,5.308818671927462,15
Hepatocyte_15weeks_Animal1_Capture2_GTGGGTCAGGACAGCT,5.010089938811318,15
Hepatocyte_15weeks_Animal1_Capture2_GTGGGTCCAAGTAATG,5.247697611846084,15
Hepatocyte_15weeks_Animal1_Capture2_GTGTGCGAGGTCATCT,4.722468021089486,15
Hepatocyte_15weeks_Animal1_Capture2_GTGTGCGCACACCGCA,5.527542233797783,15
Hepatocyte_15weeks_Animal1_Capture2_GTGTGCGCATACGCTA,4.965643857827558,15
Hepatocyte_15weeks_Animal1_Capture2_GTGTGCGGTCGGCATC,5.037642748870216,15
Hepatocyte_15weeks_Animal1_Capture2_GTGTGCGGTGTAAGTA,4.792836040297267,15
Hepatocyte_15weeks_Animal1_Capture2_GTTAAGCAGGTCGGAT,4.914049021076206,15
Hepatocyte_15weeks_Animal1_Capture2_GTTAAGCGTCGTTGTA,4.81775806245738,15
Hepatocyte_15weeks_Animal1_Capture2_GTTAAGCGTGTTCTTT,5.10486743526133,15
Hepatocyte_15weeks_Animal1_Capture2_GTTACAGCAACTTGAC,5.385567275888336,15
Hepatocyte_15weeks_Animal1_Capture2_GTTACAGGTAGGGACT,5.007936932798479,15
Hepatocyte_15weeks_Animal1_Capture2_GTTCATTTCGGACAAG,5.03425860419039,15
Hepatocyte_15weeks_Animal1_Capture2_GTTCGGGAGGAGTTTA,5.463914221975708,15
Hepatocyte_15weeks_Animal1_Capture2_GTTCGGGAGTCCTCCT,4.933255624729432,15
Hepatocyte_15weeks_Animal1_Capture2_GTTCGGGCAAACTGCT,5.163467761778468,15
Hepatocyte_15weeks_Animal1_Capture2_GTTCTCGCATGTAGTC,4.9934159076856615,15
Hepatocyte_15weeks_Animal1_Capture2_GTTCTCGGTAAGAGGA,4.97113222734122,15
Hepatocyte_15weeks_Animal1_Capture2_GTTCTCGGTTAGAACA,5.135170347621024,15
Hepatocyte_15weeks_Animal1_Capture2_GTTTCTACACTACAGT,5.404101719022535,15
Hepatocyte_15weeks_Animal1_Capture2_TAAACCGTCCTCTAGC,5.332134920859939,15
Hepatocyte_15weeks_Animal1_Capture2_TAAGAGAAGGCGCTCT,5.3118581723712825,15
Hepatocyte_15weeks_Animal1_Capture2_TAAGAGAAGGCTCTTA,5.0031316268944614,15
Hepatocyte_15weeks_Animal1_Capture2_TAAGAGAAGTGACTCT,5.355405747589511,15
Hepatocyte_15weeks_Animal1_Capture2_TAAGAGAGTCTAAAGA,4.688529011503578,15
Hepatocyte_15weeks_Animal1_Capture2_TAAGAGATCATCATTC,4.858550935077165,15
Hepatocyte_15weeks_Animal1_Capture2_TAAGCGTAGCGATGAC,4.89387271847313,15
Hepatocyte_15weeks_Animal1_Capture2_TAAGTGCAGCGCTTAT,4.937166360049918,15
Hepatocyte_15weeks_Animal1_Capture2_TACAGTGAGTAGGTGC,5.131794772891922,15
Hepatocyte_15weeks_Animal1_Capture2_TACAGTGGTCTAAAGA,5.700132603718566,15
Hepatocyte_15weeks_Animal1_Capture2_TACAGTGTCCGTAGTA,4.777315212565172,15
Hepatocyte_15weeks_Animal1_Capture2_TACCTATGTTAGTGGG,4.510587782572724,15
Hepatocyte_15weeks_Animal1_Capture2_TACCTTATCATGCATG,4.398676703487456,15
Hepatocyte_15weeks_Animal1_Capture2_TACCTTATCTGCGGCA,4.847471064875828,15
Hepatocyte_15weeks_Animal1_Capture2_TACGGATAGTGGTAAT,4.866310356571038,15
Hepatocyte_15weeks_Animal1_Capture2_TACGGATTCTGGTATG,5.123787567832555,15
Hepatocyte_15weeks_Animal1_Capture2_TACGGGCAGTCGATAA,4.71744355161678,15
Hepatocyte_15weeks_Animal1_Capture2_TACGGGCAGTGACTCT,4.784084214516175,15
Hepatocyte_15weeks_Animal1_Capture2_TACTCATCAAGCTGTT,4.687139395454807,15
Hepatocyte_15weeks_Animal1_Capture2_TACTCATGTCATATGC,4.840710829118244,15
Hepatocyte_15weeks_Animal1_Capture2_TACTCATGTGTGCGTC,5.2917531661600705,15
Hepatocyte_15weeks_Animal1_Capture2_TACTCGCGTGCAGTAG,5.665242746549101,15
Hepatocyte_15weeks_Animal1_Capture2_TACTTACCACAACGTT,5.142004412691367,15
Hepatocyte_15weeks_Animal1_Capture2_TACTTACGTCACTTCC,5.459752158145255,15
Hepatocyte_15weeks_Animal1_Capture2_TACTTGTCACGCCAGT,5.025749984647641,15
Hepatocyte_15weeks_Animal1_Capture2_TACTTGTTCATGGTCA,5.703386896282624,15
Hepatocyte_15weeks_Animal1_Capture2_TAGACCACAACGATGG,4.958666857983453,15
Hepatocyte_15weeks_Animal1_Capture2_TAGACCATCCACTGGG,4.6392326503072185,15
Hepatocyte_15weeks_Animal1_Capture2_TAGTGGTAGTACGTTC,4.979592175464944,15
Hepatocyte_15weeks_Animal1_Capture2_TAGTGGTCAAGACACG,5.068166466223589,15
Hepatocyte_15weeks_Animal1_Capture2_TAGTGGTGTAAAGTCA,5.297689190069558,15
Hepatocyte_15weeks_Animal1_Capture2_TAGTTGGAGACGACGT,5.858423511612177,15
Hepatocyte_15weeks_Animal1_Capture2_TAGTTGGAGAGCCTAG,4.758339263255882,15
Hepatocyte_15weeks_Animal1_Capture2_TAGTTGGCAAACTGTC,5.532010885077746,15
Hepatocyte_15weeks_Animal1_Capture2_TATCAGGAGATAGTCA,5.4572586700611225,15
Hepatocyte_15weeks_Animal1_Capture2_TATCAGGGTACTCGCG,4.944858283690843,15
Hepatocyte_15weeks_Animal1_Capture2_TATCAGGGTCGAAAGC,5.016404546348641,15
Hepatocyte_15weeks_Animal1_Capture2_TATCAGGTCATTCACT,5.034887451680091,15
Hepatocyte_15weeks_Animal1_Capture2_TATCTCAGTTGCCTCT,4.760632920288236,15
Hepatocyte_15weeks_Animal1_Capture2_TATTACCAGCCAGGAT,5.585994840863389,15
Hepatocyte_15weeks_Animal1_Capture2_TCAACGAGTTGGTGGA,4.999454144592884,15
Hepatocyte_15weeks_Animal1_Capture2_TCAATCTAGCGATCCC,4.976860590214857,15
Hepatocyte_15weeks_Animal1_Capture2_TCACAAGGTGAGTGAC,5.2127114809184425,15
Hepatocyte_15weeks_Animal1_Capture2_TCACGAAAGCAGACTG,5.047579493609436,15
Hepatocyte_15weeks_Animal1_Capture2_TCACGAAGTACTTAGC,5.033017398372076,15
Hepatocyte_15weeks_Animal1_Capture2_TCACGAATCATCGGAT,4.9751714422565465,15
Hepatocyte_15weeks_Animal1_Capture2_TCACGAATCGCCTGTT,4.777124941018692,15
Hepatocyte_15weeks_Animal1_Capture2_TCAGATGTCAAAGTAG,5.425413492857326,15
Hepatocyte_15weeks_Animal1_Capture2_TCAGCAACACCATGTA,5.526925690970195,15
Hepatocyte_15weeks_Animal1_Capture2_TCAGCAACAGCCTTGG,5.239099065597763,15
Hepatocyte_15weeks_Animal1_Capture2_TCAGCAACAGTAGAGC,4.711297376979355,15
Hepatocyte_15weeks_Animal1_Capture2_TCAGCAATCTGAAAGA,5.0783897619503655,15
Hepatocyte_15weeks_Animal1_Capture2_TCAGCTCGTCTCTTAT,5.3009421994175785,15
Hepatocyte_15weeks_Animal1_Capture2_TCAGCTCTCGTTACAG,4.773760657743829,15
Hepatocyte_15weeks_Animal1_Capture2_TCAGGATAGTCCGTAT,5.0004784636735895,15
Hepatocyte_15weeks_Animal1_Capture2_TCAGGATGTTCGCGAC,4.884444379617766,15
Hepatocyte_15weeks_Animal1_Capture2_TCAGGTAAGGTGCTTT,5.106661139375128,15
Hepatocyte_15weeks_Animal1_Capture2_TCAGGTACAGGAATCG,4.72160965521038,15
Hepatocyte_15weeks_Animal1_Capture2_TCATTACAGAGTGAGA,5.463789320245665,15
Hepatocyte_15weeks_Animal1_Capture2_TCATTACAGCGTTCCG,5.218563755623856,15
Hepatocyte_15weeks_Animal1_Capture2_TCATTACCATAGACTC,5.098354740263144,15
Hepatocyte_15weeks_Animal1_Capture2_TCATTTGAGTGGTCCC,5.007194438905724,15
Hepatocyte_15weeks_Animal1_Capture2_TCATTTGCATGTCCTC,4.928253032550274,15
Hepatocyte_15weeks_Animal1_Capture2_TCATTTGCATTCTCAT,4.957239557078106,15
Hepatocyte_15weeks_Animal1_Capture2_TCCACACCACATGTGT,5.008444523766681,15
Hepatocyte_15weeks_Animal1_Capture2_TCCACACGTGGGTCAA,4.938089116844084,15
Hepatocyte_15weeks_Animal1_Capture2_TCGAGGCCACGTCTCT,5.229341658045143,15
Hepatocyte_15weeks_Animal1_Capture2_TCGCGAGTCAGCTGGC,5.250914366867047,15
Hepatocyte_15weeks_Animal1_Capture2_TCGCGAGTCTTGAGAC,5.12407685792928,15
Hepatocyte_15weeks_Animal1_Capture2_TCGCGTTCAGCATACT,5.3878678363055155,15
Hepatocyte_15weeks_Animal1_Capture2_TCGGGACTCCTTTACA,5.285434493448035,15
Hepatocyte_15weeks_Animal1_Capture2_TCGGGACTCGGTTAAC,4.702246945087579,15
Hepatocyte_15weeks_Animal1_Capture2_TCGGGACTCTTACCGC,5.111400357195354,15
Hepatocyte_15weeks_Animal1_Capture2_TCGTACCCACCTCGTT,5.862928585251382,15
Hepatocyte_15weeks_Animal1_Capture2_TCGTACCTCCCAGGTG,4.8134376659187685,15
Hepatocyte_15weeks_Animal1_Capture2_TCGTACCTCCTGTAGA,4.7943049020511985,15
Hepatocyte_15weeks_Animal1_Capture2_TCTCATAGTAGAGTGC,5.382676869991702,15
Hepatocyte_15weeks_Animal1_Capture2_TCTCATATCTCGCATC,4.734796755840666,15
Hepatocyte_15weeks_Animal1_Capture2_TCTGAGACACTTACGA,5.120229685950374,15
Hepatocyte_15weeks_Animal1_Capture2_TCTGGAATCTACTCAT,4.948614536504268,15
Hepatocyte_15weeks_Animal1_Capture2_TCTTTCCAGTATCGAA,5.0628697491580485,15
Hepatocyte_15weeks_Animal1_Capture2_TGAAAGAGTGCACTTA,5.767722734633726,15
Hepatocyte_15weeks_Animal1_Capture2_TGAAAGAGTTACCAGT,5.0077891164720265,15
Hepatocyte_15weeks_Animal1_Capture2_TGAAAGATCCAAAGTC,4.860007541121757,15
Hepatocyte_15weeks_Animal1_Capture2_TGACTAGAGTATTGGA,4.969199867083555,15
Hepatocyte_15weeks_Animal1_Capture2_TGACTAGCAAGTAATG,5.482245574086415,15
Hepatocyte_15weeks_Animal1_Capture2_TGACTAGCACAGAGGT,5.572647479454318,15
Hepatocyte_15weeks_Animal1_Capture2_TGACTAGCATCTATGG,4.830012687417217,15
Hepatocyte_15weeks_Animal1_Capture2_TGACTAGTCACAAACC,5.639494079322223,15
Hepatocyte_15weeks_Animal1_Capture2_TGACTTTAGGTAGCTG,5.090812862679584,15
Hepatocyte_15weeks_Animal1_Capture2_TGAGAGGGTGCTGTAT,5.403324466699061,15
Hepatocyte_15weeks_Animal1_Capture2_TGAGCCGTCGAGCCCA,5.0654994834465645,15
Hepatocyte_15weeks_Animal1_Capture2_TGAGGGAAGCACAGGT,5.0002729108752835,15
Hepatocyte_15weeks_Animal1_Capture2_TGAGGGAAGCGTGAGT,5.137235156786435,15
Hepatocyte_15weeks_Animal1_Capture2_TGAGGGAAGGATTCGG,5.287368608637619,15
Hepatocyte_15weeks_Animal1_Capture2_TGAGGGAGTAGCTCCG,4.79903233358727,15
Hepatocyte_15weeks_Animal1_Capture2_TGAGGGAGTTCTGTTT,4.79069287106726,15
Hepatocyte_15weeks_Animal1_Capture2_TGATTTCAGAGTACCG,4.904338197908686,15
Hepatocyte_15weeks_Animal1_Capture2_TGATTTCAGTACGATA,5.296805375454136,15
Hepatocyte_15weeks_Animal1_Capture2_TGATTTCCACACCGCA,5.193338023338034,15
Hepatocyte_15weeks_Animal1_Capture2_TGATTTCGTATGGTTC,5.183123995458724,15
Hepatocyte_15weeks_Animal1_Capture2_TGCCAAACACGGACAA,4.896534533929665,15
Hepatocyte_15weeks_Animal1_Capture2_TGCCAAAGTAGCGTCC,5.641303063508116,15
Hepatocyte_15weeks_Animal1_Capture2_TGCCCATTCACATGCA,5.419893332510888,15
Hepatocyte_15weeks_Animal1_Capture2_TGCCCATTCTGCGGCA,5.179251021972356,15
Hepatocyte_15weeks_Animal1_Capture2_TGCCCTAAGAAGGGTA,5.187561295477135,15
Hepatocyte_15weeks_Animal1_Capture2_TGCCCTAGTAATAGCA,5.0361161557495775,15
Hepatocyte_15weeks_Animal1_Capture2_TGCGCAGAGACGACGT,4.4276250137658515,15
Hepatocyte_15weeks_Animal1_Capture2_TGCGTGGAGCCTTGAT,5.134464914481169,15
Hepatocyte_15weeks_Animal1_Capture2_TGCGTGGAGTCATGCT,5.2311736238654785,15
Hepatocyte_15weeks_Animal1_Capture2_TGCGTGGCAGCCTGTG,4.878458727982087,15
Hepatocyte_15weeks_Animal1_Capture2_TGCGTGGGTAAACCTC,4.520567621103249,15
Hepatocyte_15weeks_Animal1_Capture2_TGCTACCAGGTCGGAT,5.093117838117298,15
Hepatocyte_15weeks_Animal1_Capture2_TGCTACCGTGAGCGAT,4.789669720252046,15
Hepatocyte_15weeks_Animal1_Capture2_TGCTGCTTCCATGAAC,4.754269022285543,15
Hepatocyte_15weeks_Animal1_Capture2_TGCTGCTTCCGTACAA,5.052941529758972,15
Hepatocyte_15weeks_Animal1_Capture2_TGGACGCTCACATAGC,5.127918908576463,15
Hepatocyte_15weeks_Animal1_Capture2_TGGCCAGAGGGTGTGT,4.997648492443561,15
Hepatocyte_15weeks_Animal1_Capture2_TGGCCAGTCGGAAATA,5.332288897390429,15
Hepatocyte_15weeks_Animal1_Capture2_TGGCGCAAGTGAACAT,5.209436877501878,15
Hepatocyte_15weeks_Animal1_Capture2_TGGCTGGAGTTAACGA,5.24570123648072,15
Hepatocyte_15weeks_Animal1_Capture2_TGGCTGGCAGGGTATG,4.899013967047975,15
Hepatocyte_15weeks_Animal1_Capture2_TGGGCGTCAATGGAGC,4.59519881154041,15
Hepatocyte_15weeks_Animal1_Capture2_TGGGCGTTCCTCCTAG,5.5014426698982,15
Hepatocyte_15weeks_Animal1_Capture2_TGGGCGTTCGTACCGG,4.9756983235665055,15
Hepatocyte_15weeks_Animal1_Capture2_TGGTTAGTCATTCACT,4.7246305995681155,15
Hepatocyte_15weeks_Animal1_Capture2_TGTATTCCACAACGCC,4.891654641131406,15
Hepatocyte_15weeks_Animal1_Capture2_TGTATTCCAGCTATTG,5.001256037181894,15
Hepatocyte_15weeks_Animal1_Capture2_TGTCCCAGTGAACCTT,5.099952206292666,15
Hepatocyte_15weeks_Animal1_Capture2_TGTCCCAGTGATGATA,4.877852260873513,15
Hepatocyte_15weeks_Animal1_Capture2_TGTCCCAGTTCCGTCT,5.87836009164241,15
Hepatocyte_15weeks_Animal1_Capture2_TGTGGTATCAGGCGAA,5.282781293879291,15
Hepatocyte_15weeks_Animal1_Capture2_TGTGTTTGTATATGGA,5.239020574798551,15
Hepatocyte_15weeks_Animal1_Capture2_TGTGTTTTCTCCCTGA,5.246251463588619,15
Hepatocyte_15weeks_Animal1_Capture2_TGTTCCGCATACGCTA,4.993225650146229,15
Hepatocyte_15weeks_Animal1_Capture2_TGTTCCGGTGCACCAC,5.303885276951367,15
Hepatocyte_15weeks_Animal1_Capture2_TGTTCCGTCGTGACAT,4.852057439586384,15
Hepatocyte_15weeks_Animal1_Capture2_TTAGGACCAAACCTAC,4.945947909094487,15
Hepatocyte_15weeks_Animal1_Capture2_TTAGGACGTGTGCGTC,4.959821721643971,15
Hepatocyte_15weeks_Animal1_Capture2_TTATGCTTCGTACGGC,4.54529131817338,15
Hepatocyte_15weeks_Animal1_Capture2_TTATGCTTCGTCTGCT,4.667696631239004,15
Hepatocyte_15weeks_Animal1_Capture2_TTCCCAGAGTTCCACA,5.6974525931671245,15
Hepatocyte_15weeks_Animal1_Capture2_TTCCCAGTCTGGCGTG,5.2569263710766245,15
Hepatocyte_15weeks_Animal1_Capture2_TTCGAAGAGAACTGTA,5.5791534480358465,15
Hepatocyte_15weeks_Animal1_Capture2_TTCGGTCCAAGAGTCG,5.578788695096435,15
Hepatocyte_15weeks_Animal1_Capture2_TTCGGTCGTGACTCAT,5.220853140507775,15
Hepatocyte_15weeks_Animal1_Capture2_TTCTACACAATAAGCA,5.114649636678296,15
Hepatocyte_15weeks_Animal1_Capture2_TTCTACACAATGGATA,4.984568995765692,15
Hepatocyte_15weeks_Animal1_Capture2_TTCTCAAAGAGCTATA,4.894180732797301,15
Hepatocyte_15weeks_Animal1_Capture2_TTCTCAATCAATAAGG,5.2618307200823375,15
Hepatocyte_15weeks_Animal1_Capture2_TTCTCCTGTGATGTGG,4.8277198960880625,15
Hepatocyte_15weeks_Animal1_Capture2_TTCTCCTTCGCCAAAT,4.948634320168729,15
Hepatocyte_15weeks_Animal1_Capture2_TTCTCCTTCGCTTAGA,4.986850821062819,15
Hepatocyte_15weeks_Animal1_Capture2_TTCTTAGAGCTCTCGG,5.183768098328614,15
Hepatocyte_15weeks_Animal1_Capture2_TTCTTAGGTAATTGGA,5.449504951568921,15
Hepatocyte_15weeks_Animal1_Capture2_TTGAACGGTCAACTGT,5.526659614612358,15
Hepatocyte_15weeks_Animal1_Capture2_TTGACTTTCTCGCATC,4.911531168475699,15
Hepatocyte_15weeks_Animal1_Capture2_TTGCCGTAGGTCATCT,5.3142908605352455,15
Hepatocyte_15weeks_Animal1_Capture2_TTGCCGTTCATAGCAC,4.9825074170135055,15
Hepatocyte_15weeks_Animal1_Capture2_TTGCCGTTCCAGAAGG,5.069331893684952,15
Hepatocyte_15weeks_Animal1_Capture2_TTGCGTCCACATCTTT,4.847964638120028,15
Hepatocyte_15weeks_Animal1_Capture2_TTGGAACCAGCTGTAT,5.071570100068425,15
Hepatocyte_15weeks_Animal1_Capture2_TTGGAACTCTAGCACA,4.926976403816068,15
Hepatocyte_15weeks_Animal1_Capture2_TTGTAGGAGATAGCAT,5.038946469933482,15
Hepatocyte_15weeks_Animal1_Capture2_TTGTAGGAGGAGCGAG,5.2471069187603785,15
Hepatocyte_15weeks_Animal1_Capture2_TTGTAGGTCCAAACTG,5.134693292520543,15
Hepatocyte_15weeks_Animal1_Capture2_TTTACTGAGGTGTTAA,5.194111264582585,15
Hepatocyte_15weeks_Animal1_Capture2_TTTACTGTCTCTTGAT,4.565379655630657,15
Hepatocyte_15weeks_Animal1_Capture2_TTTCCTCCAGACTCGC,5.107173499393775,15
Hepatocyte_15weeks_Animal1_Capture2_TTTGCGCAGGCGCTCT,5.05184343692803,15
Hepatocyte_15weeks_Animal1_Capture2_TTTGCGCCAATCTACG,5.149319530764684,15
Hepatocyte_15weeks_Animal1_Capture2_TTTGTCAGTCTCCACT,5.1316621745421775,15
Hepatocyte_15weeks_Animal1_Capture2_TTTGTCATCGATCCCT,4.871982704979587,15
Hepatocyte_15weeks_Animal3_Capture1_AAACCTGTCCGTTGTC,4.814939617613073,15
Hepatocyte_15weeks_Animal3_Capture1_AAAGTAGAGCCGTCGT,4.703957568601464,15
Hepatocyte_15weeks_Animal3_Capture1_AAAGTAGGTCAATACC,4.717409256527242,15
Hepatocyte_15weeks_Animal3_Capture1_AAATGCCAGCTGTTCA,5.00038439300355,15
Hepatocyte_15weeks_Animal3_Capture1_AAATGCCTCCTTGACC,4.814198880560191,15
Hepatocyte_15weeks_Animal3_Capture1_AACACGTTCTTGCAAG,4.6883418036647555,15
Hepatocyte_15weeks_Animal3_Capture1_AACCGCGGTGCTGTAT,5.08956466170965,15
Hepatocyte_15weeks_Animal3_Capture1_AACCGCGTCACATGCA,4.530137796995224,15
Hepatocyte_15weeks_Animal3_Capture1_AACCGCGTCGAACGGA,4.518538026856465,15
Hepatocyte_15weeks_Animal3_Capture1_AACGTTGTCATCGGAT,4.4635736881481165,15
Hepatocyte_15weeks_Animal3_Capture1_AACTGGTAGCCGATTT,4.554245713948491,15
Hepatocyte_15weeks_Animal3_Capture1_AACTGGTCAGACGCAA,4.68660308144409,15
Hepatocyte_15weeks_Animal3_Capture1_AACTTTCCACCGGAAA,5.190660358022443,15
Hepatocyte_15weeks_Animal3_Capture1_AACTTTCCAGACGTAG,4.638053222566814,15
Hepatocyte_15weeks_Animal3_Capture1_AAGACCTAGTACGCCC,4.6412917135620955,15
Hepatocyte_15weeks_Animal3_Capture1_AAGACCTGTCGGCACT,4.572248467069624,15
Hepatocyte_15weeks_Animal3_Capture1_AAGGAGCAGCACACAG,4.678541680565029,15
Hepatocyte_15weeks_Animal3_Capture1_AAGTCTGCATGTAAGA,4.573116711733906,15
Hepatocyte_15weeks_Animal3_Capture1_AATCCAGGTATGAAAC,4.738183606104619,15
Hepatocyte_15weeks_Animal3_Capture1_AATCCAGTCACTTACT,4.532003105547442,15
Hepatocyte_15weeks_Animal3_Capture1_AATCGGTCAGCATACT,4.795746515067394,15
Hepatocyte_15weeks_Animal3_Capture1_ACACCCTCAATGGAGC,4.657204264654556,15
Hepatocyte_15weeks_Animal3_Capture1_ACACCGGCAAGGACAC,4.797760721275159,15
Hepatocyte_15weeks_Animal3_Capture1_ACACCGGGTGGTGTAG,4.689282918507501,15
Hepatocyte_15weeks_Animal3_Capture1_ACAGCCGAGTCCATAC,4.4158664699962955,15
Hepatocyte_15weeks_Animal3_Capture1_ACAGCCGTCCAACCAA,5.3078573263717015,15
Hepatocyte_15weeks_Animal3_Capture1_ACAGCTACAAGAAGAG,5.0068550301259815,15
Hepatocyte_15weeks_Animal3_Capture1_ACAGCTACAAGGACAC,4.522278202667519,15
Hepatocyte_15weeks_Animal3_Capture1_ACAGCTACACCTCGTT,4.643922810182185,15
Hepatocyte_15weeks_Animal3_Capture1_ACATCAGTCTTAGAGC,4.719420054268055,15
Hepatocyte_15weeks_Animal3_Capture1_ACATGGTCACCAACCG,4.554492263130772,15
Hepatocyte_15weeks_Animal3_Capture1_ACCAGTAAGGTGCAAC,4.496751139708083,15
Hepatocyte_15weeks_Animal3_Capture1_ACCAGTACATGCCTAA,4.965048930019773,15
Hepatocyte_15weeks_Animal3_Capture1_ACCGTAACAGGAATCG,5.326789223076999,15
Hepatocyte_15weeks_Animal3_Capture1_ACCGTAACATCTCCCA,4.500278922264048,15
Hepatocyte_15weeks_Animal3_Capture1_ACCTTTAAGAGGGATA,4.627847975680671,15
Hepatocyte_15weeks_Animal3_Capture1_ACCTTTACAAGTTCTG,4.778888072362141,15
Hepatocyte_15weeks_Animal3_Capture1_ACCTTTAGTACCGTTA,5.084514378847464,15
Hepatocyte_15weeks_Animal3_Capture1_ACGAGCCCATCAGTAC,4.664072389666049,15
Hepatocyte_15weeks_Animal3_Capture1_ACGAGCCCATGCTAGT,4.655376059406789,15
Hepatocyte_15weeks_Animal3_Capture1_ACGATACAGGATCGCA,4.866437818805185,15
Hepatocyte_15weeks_Animal3_Capture1_ACGATACAGTGCGTGA,4.791046891614277,15
Hepatocyte_15weeks_Animal3_Capture1_ACGATACCAAGAGTCG,4.7806985046304975,15
Hepatocyte_15weeks_Animal3_Capture1_ACGATACCACTGTCGG,4.602458791539181,15
Hepatocyte_15weeks_Animal3_Capture1_ACGATACGTGTGTGCC,4.630559266479674,15
Hepatocyte_15weeks_Animal3_Capture1_ACGATGTAGACTAGGC,4.779421799067775,15
Hepatocyte_15weeks_Animal3_Capture1_ACGATGTCACATCTTT,4.512680952409752,15
Hepatocyte_15weeks_Animal3_Capture1_ACGCAGCAGTGTTAGA,4.549695096667076,15
Hepatocyte_15weeks_Animal3_Capture1_ACGCCAGAGTCGTTTG,4.393639371979008,15
Hepatocyte_15weeks_Animal3_Capture1_ACGCCAGGTAGAGTGC,4.47652129601415,15
Hepatocyte_15weeks_Animal3_Capture1_ACGCCGAAGCGGATCA,5.211101471365513,15
Hepatocyte_15weeks_Animal3_Capture1_ACGGAGACATACTACG,5.32089514914483,15
Hepatocyte_15weeks_Animal3_Capture1_ACGGCCAGTATTCGTG,4.6282233827525365,15
Hepatocyte_15weeks_Animal3_Capture1_ACGGGTCAGCTACCGC,4.427964017689066,15
Hepatocyte_15weeks_Animal3_Capture1_ACGTCAATCGTGTAGT,4.8117179123073175,15
Hepatocyte_15weeks_Animal3_Capture1_ACGTCAATCTCAAACG,4.842896343265656,15
Hepatocyte_15weeks_Animal3_Capture1_ACTATCTAGGCGTACA,4.689481785591144,15
Hepatocyte_15weeks_Animal3_Capture1_ACTGAACGTCGAATCT,4.627593754600495,15
Hepatocyte_15weeks_Animal3_Capture1_ACTGAGTCAATGTAAG,4.742396537511521,15
Hepatocyte_15weeks_Animal3_Capture1_ACTGAGTTCAGGCCCA,4.570472331036553,15
Hepatocyte_15weeks_Animal3_Capture1_ACTGCTCTCGGAAACG,4.678879315750747,15
Hepatocyte_15weeks_Animal3_Capture1_ACTGTCCAGCTGGAAC,4.6296442856644395,15
Hepatocyte_15weeks_Animal3_Capture1_ACTTGTTAGTAGGTGC,4.708845573474061,15
Hepatocyte_15weeks_Animal3_Capture1_ACTTTCAAGATGTCGG,4.590155335574297,15
Hepatocyte_15weeks_Animal3_Capture1_AGAATAGCACCAGATT,4.69899792878104,15
Hepatocyte_15weeks_Animal3_Capture1_AGAATAGCACCTCGTT,4.644369976931538,15
Hepatocyte_15weeks_Animal3_Capture1_AGAATAGTCCCTCTTT,5.347174168031973,15
Hepatocyte_15weeks_Animal3_Capture1_AGACGTTCATGCTAGT,5.009693681615974,15
Hepatocyte_15weeks_Animal3_Capture1_AGAGCGAAGTAGCGGT,4.88994149448559,15
Hepatocyte_15weeks_Animal3_Capture1_AGAGCGATCAGCCTAA,4.947027421998559,15
Hepatocyte_15weeks_Animal3_Capture1_AGATCTGAGAGCTTCT,4.8154346334521865,15
Hepatocyte_15weeks_Animal3_Capture1_AGATCTGTCACCGTAA,4.486902320441922,15
Hepatocyte_15weeks_Animal3_Capture1_AGATTGCCACAAGCCC,4.573087077418517,15
Hepatocyte_15weeks_Animal3_Capture1_AGCAGCCAGCACAGGT,4.4881943308456345,15
Hepatocyte_15weeks_Animal3_Capture1_AGCAGCCAGCGTGAGT,4.671664036304984,15
Hepatocyte_15weeks_Animal3_Capture1_AGCAGCCCAGCGTTCG,4.756229570743835,15
Hepatocyte_15weeks_Animal3_Capture1_AGCATACCATATACGC,5.013692643970639,15
Hepatocyte_15weeks_Animal3_Capture1_AGCCTAACACAGGAGT,4.635960350485733,15
Hepatocyte_15weeks_Animal3_Capture1_AGCCTAACACCATCCT,4.944654120504934,15
Hepatocyte_15weeks_Animal3_Capture1_AGCCTAATCTGTCTCG,4.6394934989665195,15
Hepatocyte_15weeks_Animal3_Capture1_AGCGGTCCAAGCTGGA,5.289981696642212,15
Hepatocyte_15weeks_Animal3_Capture1_AGCGGTCGTTGTCGCG,4.66319070208917,15
Hepatocyte_15weeks_Animal3_Capture1_AGCGTATCAACGATCT,4.700761558528571,15
Hepatocyte_15weeks_Animal3_Capture1_AGCGTATGTTACGACT,4.982399350786982,15
Hepatocyte_15weeks_Animal3_Capture1_AGCTCTCAGAACAATC,4.698571555702865,15
Hepatocyte_15weeks_Animal3_Capture1_AGCTTGAAGGTAGCTG,4.895267292840835,15
Hepatocyte_15weeks_Animal3_Capture1_AGGCCACCACGCCAGT,4.717906960659838,15
Hepatocyte_15weeks_Animal3_Capture1_AGGCCGTGTGTAAGTA,4.497323468947359,15
Hepatocyte_15weeks_Animal3_Capture1_AGGGATGAGCTCTCGG,4.984843155363553,15
Hepatocyte_15weeks_Animal3_Capture1_AGGGATGCATCTATGG,4.715515169115395,15
Hepatocyte_15weeks_Animal3_Capture1_AGGGTGATCTGCTGTC,4.567665577789114,15
Hepatocyte_15weeks_Animal3_Capture1_AGGTCCGAGCCAGTTT,4.710093629096604,15
Hepatocyte_15weeks_Animal3_Capture1_AGTAGTCCAACTGCGC,4.406093155445408,15
Hepatocyte_15weeks_Animal3_Capture1_AGTAGTCGTTACGCGC,4.685400033967949,15
Hepatocyte_15weeks_Animal3_Capture1_AGTAGTCTCTATCCTA,4.65884590668965,15
Hepatocyte_15weeks_Animal3_Capture1_AGTGAGGGTTAAGGGC,4.693101791081428,15
Hepatocyte_15weeks_Animal3_Capture1_AGTGAGGTCTGAAAGA,4.904130671040177,15
Hepatocyte_15weeks_Animal3_Capture1_AGTGTCACAGCATACT,4.5815936600430875,15
Hepatocyte_15weeks_Animal3_Capture1_AGTGTCACATCTACGA,4.704251202846174,15
Hepatocyte_15weeks_Animal3_Capture1_ATAACGCGTAGCTTGT,4.765683471097409,15
Hepatocyte_15weeks_Animal3_Capture1_ATAGACCAGAGGTACC,4.697604000834449,15
Hepatocyte_15weeks_Animal3_Capture1_ATAGACCAGTTCCACA,4.977660930781097,15
Hepatocyte_15weeks_Animal3_Capture1_ATAGACCCAAGCCGCT,4.44443091712434,15
Hepatocyte_15weeks_Animal3_Capture1_ATCATCTCAAATCCGT,4.703751561747214,15
Hepatocyte_15weeks_Animal3_Capture1_ATCGAGTCAAGACACG,4.558340089406166,15
Hepatocyte_15weeks_Animal3_Capture1_ATCGAGTCAATCACAC,5.014668976326131,15
Hepatocyte_15weeks_Animal3_Capture1_ATCGAGTCAGGAATCG,4.704184264183983,15
Hepatocyte_15weeks_Animal3_Capture1_ATCGAGTTCCACGACG,4.7328261502419835,15
Hepatocyte_15weeks_Animal3_Capture1_ATCTGCCTCCAGAAGG,4.60895940573856,15
Hepatocyte_15weeks_Animal3_Capture1_ATGCGATCAAGAAGAG,4.518476433809008,15
Hepatocyte_15weeks_Animal3_Capture1_ATGCGATGTTGCCTCT,4.66261544728273,15
Hepatocyte_15weeks_Animal3_Capture1_ATGTGTGTCAACGAAA,4.705539170899131,15
Hepatocyte_15weeks_Animal3_Capture1_ATTACTCCATTCGACA,5.121731169781349,15
Hepatocyte_15weeks_Animal3_Capture1_ATTCTACAGAAACCGC,4.732515103228236,15
Hepatocyte_15weeks_Animal3_Capture1_ATTCTACCATGCCACG,5.176002970148964,15
Hepatocyte_15weeks_Animal3_Capture1_ATTGGACGTAAGGGCT,4.605550159474997,15
Hepatocyte_15weeks_Animal3_Capture1_ATTGGACTCCAAACAC,4.856248241661162,15
Hepatocyte_15weeks_Animal3_Capture1_ATTGGTGGTCTGCCAG,4.807922675993235,15
Hepatocyte_15weeks_Animal3_Capture1_ATTTCTGGTAACGCGA,4.786831111600722,15
Hepatocyte_15weeks_Animal3_Capture1_CAACCTCCAGGAATGC,4.645001396171965,15
Hepatocyte_15weeks_Animal3_Capture1_CAACCTCGTACTTCTT,4.707830042665495,15
Hepatocyte_15weeks_Animal3_Capture1_CAACCTCGTTGTGGAG,4.697926718343263,15
Hepatocyte_15weeks_Animal3_Capture1_CAAGAAAAGACAAGCC,4.6027602967306995,15
Hepatocyte_15weeks_Animal3_Capture1_CAAGAAATCAGTGTTG,4.86139258810044,15
Hepatocyte_15weeks_Animal3_Capture1_CAAGATCCATAAGACA,4.549733423523116,15
Hepatocyte_15weeks_Animal3_Capture1_CAAGGCCAGAGCCTAG,4.586535433110207,15
Hepatocyte_15weeks_Animal3_Capture1_CACACAATCTGAAAGA,4.537255734206196,15
Hepatocyte_15weeks_Animal3_Capture1_CACAGGCCAAAGGCGT,4.746040750220809,15
Hepatocyte_15weeks_Animal3_Capture1_CACAGGCGTTTCGCTC,4.496990303013124,15
Hepatocyte_15weeks_Animal3_Capture1_CACAGTAAGTGGTAGC,5.060812424652918,15
Hepatocyte_15weeks_Animal3_Capture1_CACAGTACAACCGCCA,4.664778069257237,15
Hepatocyte_15weeks_Animal3_Capture1_CACAGTAGTCTACCTC,4.727777710212566,15
Hepatocyte_15weeks_Animal3_Capture1_CACAGTATCGCCGTGA,4.7448867070241025,15
Hepatocyte_15weeks_Animal3_Capture1_CACCACTAGTGTCCCG,4.70951013661573,15
Hepatocyte_15weeks_Animal3_Capture1_CACCACTTCGAATCCA,4.910811758024018,15
Hepatocyte_15weeks_Animal3_Capture1_CACCAGGCACGGTAAG,4.6078609709873,15
Hepatocyte_15weeks_Animal3_Capture1_CACCTTGGTGTCGCTG,4.811035407903841,15
Hepatocyte_15weeks_Animal3_Capture1_CACCTTGGTTGATTCG,4.453642090662752,15
Hepatocyte_15weeks_Animal3_Capture1_CACTCCAAGCATCATC,5.327834543563407,15
Hepatocyte_15weeks_Animal3_Capture1_CAGAATCGTTATTCTC,4.48744805310688,15
Hepatocyte_15weeks_Animal3_Capture1_CAGAATCTCATCGCTC,4.585833870823382,15
Hepatocyte_15weeks_Animal3_Capture1_CAGAATCTCGCCATAA,4.665660986385648,15
Hepatocyte_15weeks_Animal3_Capture1_CAGAATCTCTCGCATC,4.5904450045289735,15
Hepatocyte_15weeks_Animal3_Capture1_CAGCAGCAGGTCATCT,4.561897796339957,15
Hepatocyte_15weeks_Animal3_Capture1_CAGCATATCGGTCCGA,4.84644130291459,15
Hepatocyte_15weeks_Animal3_Capture1_CAGCCGAGTCAATACC,5.170008154001365,15
Hepatocyte_15weeks_Animal3_Capture1_CAGCTAACATGCATGT,4.6196796269605755,15
Hepatocyte_15weeks_Animal3_Capture1_CAGCTAATCTGATTCT,4.544963770788317,15
Hepatocyte_15weeks_Animal3_Capture1_CAGCTGGGTATAGGTA,4.6271241227143545,15
Hepatocyte_15weeks_Animal3_Capture1_CAGGTGCAGATCGGGT,4.563640752816362,15
Hepatocyte_15weeks_Animal3_Capture1_CAGGTGCGTGCACTTA,4.946846992470387,15
Hepatocyte_15weeks_Animal3_Capture1_CAGTAACCACACAGAG,4.450347116270814,15
Hepatocyte_15weeks_Animal3_Capture1_CAGTCCTGTTCGCTAA,5.211236990937056,15
Hepatocyte_15weeks_Animal3_Capture1_CAGTCCTTCTCTAGGA,4.661449116949614,15
Hepatocyte_15weeks_Animal3_Capture1_CATATGGTCAAGATCC,5.0020663260578235,15
Hepatocyte_15weeks_Animal3_Capture1_CATCAAGAGACTCGGA,4.57857337932059,15
Hepatocyte_15weeks_Animal3_Capture1_CATCAAGTCGTGACAT,4.760461109192528,15
Hepatocyte_15weeks_Animal3_Capture1_CATCAGACAAACTGCT,4.667858859747428,15
Hepatocyte_15weeks_Animal3_Capture1_CATCAGACACTAGTAC,4.552172864780305,15
Hepatocyte_15weeks_Animal3_Capture1_CATCCACCAAGCCGTC,5.169463321867557,15
Hepatocyte_15weeks_Animal3_Capture1_CATCGAACACAACTGT,4.560224331079645,15
Hepatocyte_15weeks_Animal3_Capture1_CATGACAAGGTGCTAG,4.596193134118215,15
Hepatocyte_15weeks_Animal3_Capture1_CATGACATCACAATGC,4.580629063090658,15
Hepatocyte_15weeks_Animal3_Capture1_CATTCGCCAGTATCTG,4.439668623321482,15
Hepatocyte_15weeks_Animal3_Capture1_CCAATCCGTCGGGTCT,4.6355478772667436,15
Hepatocyte_15weeks_Animal3_Capture1_CCACCTAAGGCCCTCA,4.665514853557328,15
Hepatocyte_15weeks_Animal3_Capture1_CCACCTAAGGTGATAT,4.639955975992966,15
Hepatocyte_15weeks_Animal3_Capture1_CCACCTAGTTGCGCAC,4.628045958265712,15
Hepatocyte_15weeks_Animal3_Capture1_CCACCTAGTTTCCACC,4.723624719971195,15
Hepatocyte_15weeks_Animal3_Capture1_CCACTACAGAATTGTG,5.397783503450254,15
Hepatocyte_15weeks_Animal3_Capture1_CCACTACCATTAGCCA,4.652631630203967,15
Hepatocyte_15weeks_Animal3_Capture1_CCACTACGTAGGACAC,4.512607742246393,15
Hepatocyte_15weeks_Animal3_Capture1_CCAGCGAGTGCTCTTC,4.589465823582091,15
Hepatocyte_15weeks_Animal3_Capture1_CCATGTCCAGCTGTAT,4.646435964735176,15
Hepatocyte_15weeks_Animal3_Capture1_CCATTCGAGGCGATAC,4.7125339070820225,15
Hepatocyte_15weeks_Animal3_Capture1_CCATTCGCACCATGTA,4.702399953521345,15
Hepatocyte_15weeks_Animal3_Capture1_CCATTCGGTAGTAGTA,5.071751028763773,15
Hepatocyte_15weeks_Animal3_Capture1_CCCAATCGTGCTTCTC,4.7459264125286555,15
Hepatocyte_15weeks_Animal3_Capture1_CCCTCCTTCATCTGCC,4.66648227376724,15
Hepatocyte_15weeks_Animal3_Capture1_CCGGGATGTATTACCG,5.231451863165927,15
Hepatocyte_15weeks_Animal3_Capture1_CCGTACTCACCGCTAG,5.465681456721098,15
Hepatocyte_15weeks_Animal3_Capture1_CCGTGGAAGGGATACC,4.638045864207364,15
Hepatocyte_15weeks_Animal3_Capture1_CCGTGGATCAGGTTCA,4.596409510992135,15
Hepatocyte_15weeks_Animal3_Capture1_CCTAGCTGTGAGGGAG,4.570606426136341,15
Hepatocyte_15weeks_Animal3_Capture1_CCTAGCTTCCGCGGTA,4.576785439915021,15
Hepatocyte_15weeks_Animal3_Capture1_CCTATTAAGACCTAGG,4.677421459173626,15
Hepatocyte_15weeks_Animal3_Capture1_CCTCTGACAGACGTAG,4.572952720112353,15
Hepatocyte_15weeks_Animal3_Capture1_CCTTACGCATGCTAGT,4.612399366979476,15
Hepatocyte_15weeks_Animal3_Capture1_CCTTCGAAGGGTATCG,4.835645532818515,15
Hepatocyte_15weeks_Animal3_Capture1_CCTTTCTAGGGCATGT,4.597672963888493,15
Hepatocyte_15weeks_Animal3_Capture1_CCTTTCTTCCCTCTTT,4.729398591311514,15
Hepatocyte_15weeks_Animal3_Capture1_CGAACATCATAGACTC,5.086219599928865,15
Hepatocyte_15weeks_Animal3_Capture1_CGAACATTCTACCAGA,5.041135410778473,15
Hepatocyte_15weeks_Animal3_Capture1_CGACTTCCAAGCCTAT,4.375414860231009,15
Hepatocyte_15weeks_Animal3_Capture1_CGACTTCGTGCCTGGT,4.6442316845194505,15
Hepatocyte_15weeks_Animal3_Capture1_CGACTTCTCGAACGGA,4.568232475874837,15
Hepatocyte_15weeks_Animal3_Capture1_CGAGAAGAGGCCCGTT,4.556767304120376,15
Hepatocyte_15weeks_Animal3_Capture1_CGAGCACCAACGATGG,5.082810518956798,15
Hepatocyte_15weeks_Animal3_Capture1_CGATCGGGTTCCATGA,4.809912481593403,15
Hepatocyte_15weeks_Animal3_Capture1_CGATCGGTCACTTATC,4.475320495265998,15
Hepatocyte_15weeks_Animal3_Capture1_CGATGTAAGAGCCCAA,4.78861645216171,15
Hepatocyte_15weeks_Animal3_Capture1_CGATGTAAGCGATCCC,4.505135808024928,15
Hepatocyte_15weeks_Animal3_Capture1_CGCGGTAGTTTAGCTG,5.265327952500845,15
Hepatocyte_15weeks_Animal3_Capture1_CGCTATCAGGAGCGAG,4.485955516875398,15
Hepatocyte_15weeks_Animal3_Capture1_CGCTATCCAGACGCTC,4.5257506529885205,15
Hepatocyte_15weeks_Animal3_Capture1_CGCTGGACACAAGACG,5.056453472309423,15
Hepatocyte_15weeks_Animal3_Capture1_CGGACACCAGACGCTC,4.6769277636062165,15
Hepatocyte_15weeks_Animal3_Capture1_CGGACACGTCAATGTC,4.426199910779822,15
Hepatocyte_15weeks_Animal3_Capture1_CGGACACGTCAGAAGC,4.649531993593809,15
Hepatocyte_15weeks_Animal3_Capture1_CGGACTGTCATAAAGG,4.795076997521827,15
Hepatocyte_15weeks_Animal3_Capture1_CGGAGTCGTATCGCAT,4.732293684353133,15
Hepatocyte_15weeks_Animal3_Capture1_CGGCTAGAGCCACTAT,4.603943769381625,15
Hepatocyte_15weeks_Animal3_Capture1_CGGTTAAGTCATATCG,4.477286590105129,15
Hepatocyte_15weeks_Animal3_Capture1_CGGTTAAGTGGTCTCG,4.544292449195548,15
Hepatocyte_15weeks_Animal3_Capture1_CGTAGCGCAAATTGCC,4.775693630257663,15
Hepatocyte_15weeks_Animal3_Capture1_CGTCACTGTTACCGAT,4.391451919424068,15
Hepatocyte_15weeks_Animal3_Capture1_CGTCCATAGTCAAGCG,4.990384504584587,15
Hepatocyte_15weeks_Animal3_Capture1_CGTCTACCATCACAAC,4.529520967949421,15
Hepatocyte_15weeks_Animal3_Capture1_CGTCTACTCGAACTGT,4.792617909253483,15
Hepatocyte_15weeks_Animal3_Capture1_CGTCTACTCGTACCGG,4.571924738996981,15
Hepatocyte_15weeks_Animal3_Capture1_CGTGAGCCAATCAGAA,5.18064141254247,15
Hepatocyte_15weeks_Animal3_Capture1_CGTGAGCGTCAGAAGC,4.947868733794348,15
Hepatocyte_15weeks_Animal3_Capture1_CGTGAGCGTTCGCTAA,4.855291865862048,15
Hepatocyte_15weeks_Animal3_Capture1_CGTGTAAAGAGCCTAG,4.602914553270807,15
Hepatocyte_15weeks_Animal3_Capture1_CGTGTAAAGGATATAC,4.999907765508129,15
Hepatocyte_15weeks_Animal3_Capture1_CGTGTAATCGAATCCA,4.626438240979542,15
Hepatocyte_15weeks_Animal3_Capture1_CGTGTCTAGAAACGAG,5.097709068696513,15
Hepatocyte_15weeks_Animal3_Capture1_CGTTGGGGTAACGCGA,5.199534605779258,15
Hepatocyte_15weeks_Animal3_Capture1_CTAACTTCAACACCTA,4.645977924480622,15
Hepatocyte_15weeks_Animal3_Capture1_CTACACCAGGATATAC,4.504898136974331,15
Hepatocyte_15weeks_Animal3_Capture1_CTACCCAAGTGTTTGC,4.605944328331725,15
Hepatocyte_15weeks_Animal3_Capture1_CTACGTCTCTATCCTA,4.942034412399315,15
Hepatocyte_15weeks_Animal3_Capture1_CTAGAGTTCATTGCCC,4.6361796285091845,15
Hepatocyte_15weeks_Animal3_Capture1_CTAGCCTTCAGGTAAA,4.726160032159401,15
Hepatocyte_15weeks_Animal3_Capture1_CTAGTGACAATGGACG,4.530619041743051,15
Hepatocyte_15weeks_Animal3_Capture1_CTCATTAGTTAGATGA,4.679119288498392,15
Hepatocyte_15weeks_Animal3_Capture1_CTCCTAGTCGAACTGT,4.702140268301896,15
Hepatocyte_15weeks_Animal3_Capture1_CTCGAAATCACCATAG,4.610270401512936,15
Hepatocyte_15weeks_Animal3_Capture1_CTCGGGATCTACTCAT,5.338653604870063,15
Hepatocyte_15weeks_Animal3_Capture1_CTCGTACGTTCAGTAC,4.693555999548947,15
Hepatocyte_15weeks_Animal3_Capture1_CTCTACGAGATGTGGC,5.117898876665409,15
Hepatocyte_15weeks_Animal3_Capture1_CTGAAACCACCTCGTT,4.7130425042822885,15
Hepatocyte_15weeks_Animal3_Capture1_CTGATAGAGTAGTGCG,4.816943605078926,15
Hepatocyte_15weeks_Animal3_Capture1_CTGATAGCATAGTAAG,4.423671833871444,15
Hepatocyte_15weeks_Animal3_Capture1_CTGATCCAGGACACCA,4.510975769007349,15
Hepatocyte_15weeks_Animal3_Capture1_CTGATCCCACTTAAGC,4.543446813607655,15
Hepatocyte_15weeks_Animal3_Capture1_CTGCCTATCTTATCTG,4.550974306965907,15
Hepatocyte_15weeks_Animal3_Capture1_CTGCGGAAGCGATAGC,4.6220146241913636,15
Hepatocyte_15weeks_Animal3_Capture1_CTGTGCTAGTCGTTTG,4.73850291067984,15
Hepatocyte_15weeks_Animal3_Capture1_CTTAACTTCCGTTGTC,4.563187621027113,15
Hepatocyte_15weeks_Animal3_Capture1_CTTAGGACAATACGCT,4.882094661207491,15
Hepatocyte_15weeks_Animal3_Capture1_CTTTGCGAGTTCGCGC,5.104784291849639,15
Hepatocyte_15weeks_Animal3_Capture1_GAAACTCTCGTGGACC,4.929258317183139,15
Hepatocyte_15weeks_Animal3_Capture1_GAAATGATCAGTCAGT,4.689534902870775,15
Hepatocyte_15weeks_Animal3_Capture1_GAACATCAGGCCCTCA,4.808041504925059,15
Hepatocyte_15weeks_Animal3_Capture1_GAACATCTCTATGTGG,4.951443248601996,15
Hepatocyte_15weeks_Animal3_Capture1_GAACGGACACCACGTG,5.207001555459858,15
Hepatocyte_15weeks_Animal3_Capture1_GAACGGAGTAATAGCA,4.920999267645503,15
Hepatocyte_15weeks_Animal3_Capture1_GAACGGATCTCGCTTG,4.740266866529176,15
Hepatocyte_15weeks_Animal3_Capture1_GAAGCAGAGTGTGAAT,4.780624032181199,15
Hepatocyte_15weeks_Animal3_Capture1_GAAGCAGTCCTTCAAT,4.618056205102436,15
Hepatocyte_15weeks_Animal3_Capture1_GAATAAGGTTGATTGC,4.460927083751386,15
Hepatocyte_15weeks_Animal3_Capture1_GAATAAGTCATTGCCC,4.784073376464535,15
Hepatocyte_15weeks_Animal3_Capture1_GAATGAAAGATCCGAG,4.851185142085175,15
Hepatocyte_15weeks_Animal3_Capture1_GAATGAATCCTTCAAT,4.813991601615194,15
Hepatocyte_15weeks_Animal3_Capture1_GACACGCCAGATCTGT,4.599094783085326,15
Hepatocyte_15weeks_Animal3_Capture1_GACACGCGTGAGGGTT,4.992631197210785,15
Hepatocyte_15weeks_Animal3_Capture1_GACAGAGTCAGGCAAG,4.709457033979581,15
Hepatocyte_15weeks_Animal3_Capture1_GACAGAGTCCGAACGC,4.7807145562995546,15
Hepatocyte_15weeks_Animal3_Capture1_GACAGAGTCGTACGGC,4.718455513395068,15
Hepatocyte_15weeks_Animal3_Capture1_GACCTGGAGGGCTTCC,4.587628943942921,15
Hepatocyte_15weeks_Animal3_Capture1_GACGCGTCAGGTGGAT,5.4093850358363635,15
Hepatocyte_15weeks_Animal3_Capture1_GACGGCTCACGACTCG,5.110100701193366,15
Hepatocyte_15weeks_Animal3_Capture1_GACGTGCCAGCTCGAC,4.734649677981057,15
Hepatocyte_15weeks_Animal3_Capture1_GACGTTAAGGGAGTAA,4.563417089930329,15
Hepatocyte_15weeks_Animal3_Capture1_GACGTTAAGGTAGCCA,4.612266717800943,15
Hepatocyte_15weeks_Animal3_Capture1_GACGTTACATGCCACG,4.544648198642242,15
Hepatocyte_15weeks_Animal3_Capture1_GACGTTATCTGCAGTA,5.0456092839889575,15
Hepatocyte_15weeks_Animal3_Capture1_GACTACACACGGCTAC,4.714068692884757,15
Hepatocyte_15weeks_Animal3_Capture1_GACTGCGAGGCCCTTG,4.681816173524771,15
Hepatocyte_15weeks_Animal3_Capture1_GACTGCGAGTGGGCTA,4.6926619630616715,15
Hepatocyte_15weeks_Animal3_Capture1_GAGCAGACAAACGCGA,4.698925151037567,15
Hepatocyte_15weeks_Animal3_Capture1_GAGGTGATCCAGTAGT,5.354169957532365,15
Hepatocyte_15weeks_Animal3_Capture1_GAGGTGATCTTCAACT,4.5631823855692355,15
Hepatocyte_15weeks_Animal3_Capture1_GAGTCCGCACCAACCG,4.622062699201427,15
Hepatocyte_15weeks_Animal3_Capture1_GATCAGTGTGATGTCT,4.713921590666816,15
Hepatocyte_15weeks_Animal3_Capture1_GATCAGTTCGCATGAT,4.954741036804525,15
Hepatocyte_15weeks_Animal3_Capture1_GATCGATGTTGCTCCT,4.871769392729984,15
Hepatocyte_15weeks_Animal3_Capture1_GATCGATTCTACGAGT,4.631002348792737,15
Hepatocyte_15weeks_Animal3_Capture1_GATCGCGTCCCACTTG,4.607738769432396,15
Hepatocyte_15weeks_Animal3_Capture1_GATCGCGTCTTGCCGT,5.266926314692715,15
Hepatocyte_15weeks_Animal3_Capture1_GATCTAGCACAGTCGC,4.59757559905359,15
Hepatocyte_15weeks_Animal3_Capture1_GATGAAACAAGCCGCT,4.854226451181792,15
Hepatocyte_15weeks_Animal3_Capture1_GATGCTAAGCGTGAAC,4.682647506235015,15
Hepatocyte_15weeks_Animal3_Capture1_GATTCAGAGAACTCGG,4.762585952148551,15
Hepatocyte_15weeks_Animal3_Capture1_GCAAACTAGAATGTTG,4.636945533227713,15
Hepatocyte_15weeks_Animal3_Capture1_GCAAACTCAGCCTTGG,4.577220268150008,15
Hepatocyte_15weeks_Animal3_Capture1_GCAATCAGTCATTAGC,4.728323261877003,15
Hepatocyte_15weeks_Animal3_Capture1_GCAGTTAAGGACATTA,4.795756034037867,15
Hepatocyte_15weeks_Animal3_Capture1_GCAGTTAAGGTGTGGT,5.074293039597606,15
Hepatocyte_15weeks_Animal3_Capture1_GCATGATGTAATCGTC,4.608650318742506,15
Hepatocyte_15weeks_Animal3_Capture1_GCATGATGTCTTCGTC,5.26952056582193,15
Hepatocyte_15weeks_Animal3_Capture1_GCATGCGTCGTAGATC,5.342085762443378,15
Hepatocyte_15weeks_Animal3_Capture1_GCCTCTACATGCCTAA,4.657173801694018,15
Hepatocyte_15weeks_Animal3_Capture1_GCGCAACAGATCGGGT,4.623038860858687,15
Hepatocyte_15weeks_Animal3_Capture1_GCGCAACAGCGAGAAA,4.586712168707959,15
Hepatocyte_15weeks_Animal3_Capture1_GCGCAACAGGATTCGG,4.623794796247035,15
Hepatocyte_15weeks_Animal3_Capture1_GCGCAGTCAATGGTCT,4.600887276695097,15
Hepatocyte_15weeks_Animal3_Capture1_GCGCAGTCAGAGCCAA,4.723189075412968,15
Hepatocyte_15weeks_Animal3_Capture1_GCGCCAAGTACCTACA,4.677698919645474,15
Hepatocyte_15weeks_Animal3_Capture1_GCGCCAATCAACACCA,5.0817302820986265,15
Hepatocyte_15weeks_Animal3_Capture1_GCGCGATAGGGTTCCC,4.759853663328714,15
Hepatocyte_15weeks_Animal3_Capture1_GCTCTGTCACGAAGCA,4.740370915829063,15
Hepatocyte_15weeks_Animal3_Capture1_GCTGCAGAGCTTCGCG,5.048439455619118,15
Hepatocyte_15weeks_Animal3_Capture1_GCTGCAGAGTGGTAAT,4.61324506628893,15
Hepatocyte_15weeks_Animal3_Capture1_GCTGCAGGTGTTTGGT,4.713978551413339,15
Hepatocyte_15weeks_Animal3_Capture1_GCTGCGACAGGCTGAA,4.460436184282138,15
Hepatocyte_15weeks_Animal3_Capture1_GCTGGGTTCCTGCCAT,4.64177221330209,15
Hepatocyte_15weeks_Animal3_Capture1_GCTTCCAAGTGTTAGA,4.591007588089001,15
Hepatocyte_15weeks_Animal3_Capture1_GCTTGAACAAACTGTC,4.719687719538253,15
Hepatocyte_15weeks_Animal3_Capture1_GGAAAGCTCACTTACT,4.723635850372466,15
Hepatocyte_15weeks_Animal3_Capture1_GGAACTTGTCTACCTC,4.524666329568529,15
Hepatocyte_15weeks_Animal3_Capture1_GGAATAAGTCGCATAT,4.438915853363085,15
Hepatocyte_15weeks_Animal3_Capture1_GGACAGAAGCTCCTCT,4.935307843792433,15
Hepatocyte_15weeks_Animal3_Capture1_GGACAGATCTGCCAGG,4.971363120266487,15
Hepatocyte_15weeks_Animal3_Capture1_GGACGTCCACCTTGTC,4.65173144824776,15
Hepatocyte_15weeks_Animal3_Capture1_GGACGTCCATCGTCGG,4.858911982760096,15
Hepatocyte_15weeks_Animal3_Capture1_GGAGCAACACATTAGC,4.479719054022503,15
Hepatocyte_15weeks_Animal3_Capture1_GGAGCAAGTGTTCTTT,4.403867387621641,15
Hepatocyte_15weeks_Animal3_Capture1_GGATTACGTCGATTGT,4.971588633053824,15
Hepatocyte_15weeks_Animal3_Capture1_GGCCGATCAAGCCCAC,4.625693988137195,15
Hepatocyte_15weeks_Animal3_Capture1_GGCCGATGTCAATACC,4.662959073484652,15
Hepatocyte_15weeks_Animal3_Capture1_GGCGTGTGTATGGTTC,4.519769177422749,15
Hepatocyte_15weeks_Animal3_Capture1_GGCGTGTGTCCATCCT,4.593649271608985,15
Hepatocyte_15weeks_Animal3_Capture1_GGCGTGTTCATGCATG,4.533737909966815,15
Hepatocyte_15weeks_Animal3_Capture1_GGCTCGACAGACGCTC,4.7076000173161425,15
Hepatocyte_15weeks_Animal3_Capture1_GGCTCGAGTGCAGACA,4.788074128358298,15
Hepatocyte_15weeks_Animal3_Capture1_GGCTCGATCACGAAGG,4.585746428763546,15
Hepatocyte_15weeks_Animal3_Capture1_GGCTCGATCCAGAAGG,4.560361329930405,15
Hepatocyte_15weeks_Animal3_Capture1_GGCTGGTCACTCTGTC,4.648866460473854,15
Hepatocyte_15weeks_Animal3_Capture1_GGGAATGGTCCTGCTT,4.899020630859328,15
Hepatocyte_15weeks_Animal3_Capture1_GGGAGATAGCTGCGAA,4.5168745622216715,15
Hepatocyte_15weeks_Animal3_Capture1_GGGAGATAGTCCCACG,5.019171730129727,15
Hepatocyte_15weeks_Animal3_Capture1_GGGAGATGTCTTGCGG,4.502038429317241,15
Hepatocyte_15weeks_Animal3_Capture1_GGGATGAGTAGGCTGA,4.6725465176789225,15
Hepatocyte_15weeks_Animal3_Capture1_GGGCACTGTAGTGAAT,4.976449680746256,15
Hepatocyte_15weeks_Animal3_Capture1_GGGTCTGCACATAACC,4.516307780821608,15
Hepatocyte_15weeks_Animal3_Capture1_GGGTCTGGTCTTGATG,4.675770498589075,15
Hepatocyte_15weeks_Animal3_Capture1_GGTGAAGGTATTCTCT,4.666093398090402,15
Hepatocyte_15weeks_Animal3_Capture1_GGTGTTATCAGCTGGC,4.740307754915672,15
Hepatocyte_15weeks_Animal3_Capture1_GGTGTTATCTTGAGAC,4.642119536359508,15
Hepatocyte_15weeks_Animal3_Capture1_GTACGTAAGAAACCGC,4.531451934884357,15
Hepatocyte_15weeks_Animal3_Capture1_GTACGTACACCCATGG,4.5253889699105025,15
Hepatocyte_15weeks_Animal3_Capture1_GTACGTATCGCTTAGA,4.655378819689673,15
Hepatocyte_15weeks_Animal3_Capture1_GTACTCCAGAGCTGCA,4.534369470041862,15
Hepatocyte_15weeks_Animal3_Capture1_GTACTTTCAAGCGAGT,4.809082592423141,15
Hepatocyte_15weeks_Animal3_Capture1_GTACTTTCATATGAGA,4.928411279647776,15
Hepatocyte_15weeks_Animal3_Capture1_GTAGGCCCATCCCACT,4.907716380391829,15
Hepatocyte_15weeks_Animal3_Capture1_GTCAAGTCAGATGGGT,4.614480169868334,15
Hepatocyte_15weeks_Animal3_Capture1_GTCAAGTCAGGAATCG,4.331254446347437,15
Hepatocyte_15weeks_Animal3_Capture1_GTCAAGTGTCTTCAAG,4.478948978447279,15
Hepatocyte_15weeks_Animal3_Capture1_GTCACAAAGACCCACC,4.571828540512628,15
Hepatocyte_15weeks_Animal3_Capture1_GTCACAATCCGGGTGT,4.434715565560638,15
Hepatocyte_15weeks_Animal3_Capture1_GTCACGGCAATTCCTT,4.658909591078816,15
Hepatocyte_15weeks_Animal3_Capture1_GTCACGGCACCGAAAG,4.616257588582581,15
Hepatocyte_15weeks_Animal3_Capture1_GTCCTCAAGGCCGAAT,4.636053759637741,15
Hepatocyte_15weeks_Animal3_Capture1_GTCGGGTGTGCCTGCA,4.762265858069721,15
Hepatocyte_15weeks_Animal3_Capture1_GTCGTAAAGGGTTCCC,5.23232817363553,15
Hepatocyte_15weeks_Animal3_Capture1_GTCGTAATCGTGGGAA,4.649464702218549,15
Hepatocyte_15weeks_Animal3_Capture1_GTCTCGTCATCGGACC,4.694952277367307,15
Hepatocyte_15weeks_Animal3_Capture1_GTGAAGGTCCTTGACC,4.458673012055695,15
Hepatocyte_15weeks_Animal3_Capture1_GTGCAGCCATACTCTT,4.570612736808025,15
Hepatocyte_15weeks_Animal3_Capture1_GTGCATAGTTACGACT,4.907376611011738,15
Hepatocyte_15weeks_Animal3_Capture1_GTGCGGTTCAGCGACC,4.581166165271585,15
Hepatocyte_15weeks_Animal3_Capture1_GTGCGGTTCTCGAGTA,4.669568862328956,15
Hepatocyte_15weeks_Animal3_Capture1_GTGCTTCGTCTAGTGT,4.562400222039829,15
Hepatocyte_15weeks_Animal3_Capture1_GTGTGCGAGGTGTGGT,4.484134527763334,15
Hepatocyte_15weeks_Animal3_Capture1_GTTAAGCCAAGGTTCT,4.606028854444162,15
Hepatocyte_15weeks_Animal3_Capture1_GTTACAGAGAGCTATA,4.426975107602644,15
Hepatocyte_15weeks_Animal3_Capture1_GTTACAGGTCTCGTTC,4.766745111617913,15
Hepatocyte_15weeks_Animal3_Capture1_GTTCATTCAACAACCT,5.057881155573323,15
Hepatocyte_15weeks_Animal3_Capture1_GTTCATTCACCGATAT,4.552571154083344,15
Hepatocyte_15weeks_Animal3_Capture1_GTTCATTTCCGTCAAA,4.981866893447614,15
Hepatocyte_15weeks_Animal3_Capture1_GTTTCTAAGTCAATAG,4.791446793894205,15
Hepatocyte_15weeks_Animal3_Capture1_GTTTCTATCTAACTGG,4.666000399951985,15
Hepatocyte_15weeks_Animal3_Capture1_TAAGCGTAGGCGATAC,4.418406912623035,15
Hepatocyte_15weeks_Animal3_Capture1_TACAGTGGTCTAGTGT,4.605793121929064,15
Hepatocyte_15weeks_Animal3_Capture1_TACCTTACAGGGAGAG,4.609710030958521,15
Hepatocyte_15weeks_Animal3_Capture1_TACGGTACATGCAACT,4.823536117890414,15
Hepatocyte_15weeks_Animal3_Capture1_TACTCGCGTTAAGATG,4.516686946943535,15
Hepatocyte_15weeks_Animal3_Capture1_TACTCGCTCCTCAACC,4.6520071263219345,15
Hepatocyte_15weeks_Animal3_Capture1_TACTTACTCCGCATAA,5.325669462910769,15
Hepatocyte_15weeks_Animal3_Capture1_TAGACCAAGAGCCTAG,4.569189754362384,15
Hepatocyte_15weeks_Animal3_Capture1_TAGAGCTGTCAGCTAT,4.788846823526736,15
Hepatocyte_15weeks_Animal3_Capture1_TAGAGCTTCAATAAGG,4.631317978968039,15
Hepatocyte_15weeks_Animal3_Capture1_TAGGCATGTCATCGGC,5.10944753775329,15
Hepatocyte_15weeks_Animal3_Capture1_TAGTGGTCAACACGCC,5.03159542014405,15
Hepatocyte_15weeks_Animal3_Capture1_TAGTGGTGTTTGTTGG,4.544860567574932,15
Hepatocyte_15weeks_Animal3_Capture1_TAGTTGGGTAGCTTGT,4.568847080672998,15
Hepatocyte_15weeks_Animal3_Capture1_TATCAGGAGAATTCCC,4.740904246129842,15
Hepatocyte_15weeks_Animal3_Capture1_TATCAGGCAGACGCCT,4.557548507645567,15
Hepatocyte_15weeks_Animal3_Capture1_TATCAGGTCGGAGCAA,4.528501529225036,15
Hepatocyte_15weeks_Animal3_Capture1_TATCTCATCGTTTGCC,4.531847852035666,15
Hepatocyte_15weeks_Animal3_Capture1_TATCTCATCTACTTAC,4.742677205929317,15
Hepatocyte_15weeks_Animal3_Capture1_TATTACCGTATATGGA,4.900958160390165,15
Hepatocyte_15weeks_Animal3_Capture1_TCAACGAGTGTGACGA,4.791452110461246,15
Hepatocyte_15weeks_Animal3_Capture1_TCAACGAGTTAAGGGC,4.910160327634864,15
Hepatocyte_15weeks_Animal3_Capture1_TCAACGATCCAGTATG,4.70911164575056,15
Hepatocyte_15weeks_Animal3_Capture1_TCAATCTTCACGACTA,4.720808788064068,15
Hepatocyte_15weeks_Animal3_Capture1_TCACAAGGTGTTTGTG,4.622586291711217,15
Hepatocyte_15weeks_Animal3_Capture1_TCACGAAAGCTGCGAA,4.782900593848744,15
Hepatocyte_15weeks_Animal3_Capture1_TCACGAAGTGGTGTAG,4.629156052608767,15
Hepatocyte_15weeks_Animal3_Capture1_TCAGCAAGTGTGGCTC,4.832520928777344,15
Hepatocyte_15weeks_Animal3_Capture1_TCAGCTCTCTAACTCT,4.644551586415702,15
Hepatocyte_15weeks_Animal3_Capture1_TCGAGGCGTAAATGAC,4.7499999962361805,15
Hepatocyte_15weeks_Animal3_Capture1_TCGGGACCAAGTACCT,4.522778110629922,15
Hepatocyte_15weeks_Animal3_Capture1_TCGGGACCAGGACGTA,4.3642847332181,15
Hepatocyte_15weeks_Animal3_Capture1_TCGGTAACATCACGAT,5.00410972913421,15
Hepatocyte_15weeks_Animal3_Capture1_TCGGTAATCCGAGCCA,4.857957847614051,15
Hepatocyte_15weeks_Animal3_Capture1_TCGTACCCAGTTAACC,4.583913636228909,15
Hepatocyte_15weeks_Animal3_Capture1_TCGTACCTCAAGGTAA,4.568292846115442,15
Hepatocyte_15weeks_Animal3_Capture1_TCTCTAACATGAACCT,4.753270004439483,15
Hepatocyte_15weeks_Animal3_Capture1_TCTGAGAAGTGGTAGC,5.250771801031964,15
Hepatocyte_15weeks_Animal3_Capture1_TCTGGAATCAAACAAG,4.619577859715564,15
Hepatocyte_15weeks_Animal3_Capture1_TGACAACAGAGCAATT,4.5670386508362455,15
Hepatocyte_15weeks_Animal3_Capture1_TGACAACTCAAAGACA,4.759977394511605,15
Hepatocyte_15weeks_Animal3_Capture1_TGACGGCGTCATTAGC,4.701495793805341,15
Hepatocyte_15weeks_Animal3_Capture1_TGACTTTCAATAGCAA,4.550502983190382,15
Hepatocyte_15weeks_Animal3_Capture1_TGAGAGGCATTTGCTT,5.204923000012437,15
Hepatocyte_15weeks_Animal3_Capture1_TGAGAGGGTAGGGACT,5.003534195567731,15
Hepatocyte_15weeks_Animal3_Capture1_TGAGCATCATGGTCAT,5.297466403020939,15
Hepatocyte_15weeks_Animal3_Capture1_TGAGCCGAGGTCGGAT,5.035027951778638,15
Hepatocyte_15weeks_Animal3_Capture1_TGAGGGACAGTAAGAT,4.609286474538363,15
Hepatocyte_15weeks_Animal3_Capture1_TGATTTCTCTGCAGTA,4.5530738679715235,15
Hepatocyte_15weeks_Animal3_Capture1_TGCACCTAGTTATCGC,4.816049176556929,15
Hepatocyte_15weeks_Animal3_Capture1_TGCACCTTCTCGAGTA,5.3938668313600315,15
Hepatocyte_15weeks_Animal3_Capture1_TGCCAAACATACAGCT,4.6923545982353625,15
Hepatocyte_15weeks_Animal3_Capture1_TGCCCTACAAACGCGA,4.713017063061735,15
Hepatocyte_15weeks_Animal3_Capture1_TGCGCAGCAGTATGCT,4.8410369262173365,15
Hepatocyte_15weeks_Animal3_Capture1_TGCGCAGTCGCATGGC,4.917809263562151,15
Hepatocyte_15weeks_Animal3_Capture1_TGCGGGTCAGCTGTTA,5.282612319681963,15
Hepatocyte_15weeks_Animal3_Capture1_TGCGTGGTCTTAGCCC,4.814249789701197,15
Hepatocyte_15weeks_Animal3_Capture1_TGCTACCAGTAGGTGC,4.752804314152774,15
Hepatocyte_15weeks_Animal3_Capture1_TGCTGCTCATGTCCTC,4.591679596224056,15
Hepatocyte_15weeks_Animal3_Capture1_TGGCCAGTCTGGGCCA,4.637271954220722,15
Hepatocyte_15weeks_Animal3_Capture1_TGGCTGGAGCTGGAAC,4.594006763696238,15
Hepatocyte_15weeks_Animal3_Capture1_TGGGAAGTCGGAAACG,4.505692617396477,15
Hepatocyte_15weeks_Animal3_Capture1_TGTCCCACAGCTATTG,4.729324213251847,15
Hepatocyte_15weeks_Animal3_Capture1_TGTCCCACAGTGAGTG,4.675916416423583,15
Hepatocyte_15weeks_Animal3_Capture1_TGTCCCACATGACGGA,4.712788696578241,15
Hepatocyte_15weeks_Animal3_Capture1_TGTGTTTCACGACGAA,4.770492816757933,15
Hepatocyte_15weeks_Animal3_Capture1_TGTGTTTCATTGGCGC,4.59287845378322,15
Hepatocyte_15weeks_Animal3_Capture1_TGTGTTTGTAGAAGGA,4.6299736332804375,15
Hepatocyte_15weeks_Animal3_Capture1_TGTTCCGTCCTATGTT,4.58192785048878,15
Hepatocyte_15weeks_Animal3_Capture1_TTAACTCAGAGTACAT,4.828371204805947,15
Hepatocyte_15weeks_Animal3_Capture1_TTAGGACGTTGGTAAA,4.618648438522503,15
Hepatocyte_15weeks_Animal3_Capture1_TTATGCTGTCTGCCAG,4.622570040972925,15
Hepatocyte_15weeks_Animal3_Capture1_TTCCCAGCACCATCCT,4.694687172929418,15
Hepatocyte_15weeks_Animal3_Capture1_TTCTCAACACACGCTG,5.110279499890109,15
Hepatocyte_15weeks_Animal3_Capture1_TTCTTAGGTCCGTTAA,4.515964322185358,15
Hepatocyte_15weeks_Animal3_Capture1_TTCTTAGTCGAATGGG,5.064709746569761,15
Hepatocyte_15weeks_Animal3_Capture1_TTGACTTCACATCTTT,4.646357529174715,15
Hepatocyte_15weeks_Animal3_Capture1_TTTATGCGTACGAAAT,4.776517417482873,15
Hepatocyte_15weeks_Animal3_Capture1_TTTGCGCCAGACTCGC,4.470493456817967,15
Hepatocyte_15weeks_Animal3_Capture1_TTTGGTTCACCGTTGG,4.7350074824502535,15
Hepatocyte_15weeks_Animal3_Capture1_TTTGTCAGTTCGTCTC,5.115116049235696,15
Hepatocyte_15weeks_Animal3_Capture2_AAACCTGAGCGTAATA,4.729428698969449,15
Hepatocyte_15weeks_Animal3_Capture2_AAAGTAGAGTACGTAA,4.719444215856837,15
Hepatocyte_15weeks_Animal3_Capture2_AAAGTAGCACACAGAG,4.7657023555708715,15
Hepatocyte_15weeks_Animal3_Capture2_AAAGTAGCAGTCCTTC,4.507005587041043,15
Hepatocyte_15weeks_Animal3_Capture2_AAAGTAGTCTGGCGAC,4.6273256584740174,15
Hepatocyte_15weeks_Animal3_Capture2_AAATGCCGTCGTTGTA,4.618390921862589,15
Hepatocyte_15weeks_Animal3_Capture2_AAATGCCTCACGCGGT,4.623743593280551,15
Hepatocyte_15weeks_Animal3_Capture2_AACACGTAGCATGGCA,5.6116138778980345,15
Hepatocyte_15weeks_Animal3_Capture2_AACACGTCATTCCTGC,4.793873598313243,15
Hepatocyte_15weeks_Animal3_Capture2_AACACGTTCTGACCTC,4.66045434142189,15
Hepatocyte_15weeks_Animal3_Capture2_AACCGCGTCTGTCAAG,4.624599854865196,15
Hepatocyte_15weeks_Animal3_Capture2_AACTCAGAGCCAACAG,4.633333090015855,15
Hepatocyte_15weeks_Animal3_Capture2_AACTCAGCAGAGCCAA,4.436858733125392,15
Hepatocyte_15weeks_Animal3_Capture2_AACTCAGTCTGCCCTA,4.809041441434516,15
Hepatocyte_15weeks_Animal3_Capture2_AACTCCCCAACGATGG,4.5223648532224665,15
Hepatocyte_15weeks_Animal3_Capture2_AACTCCCCAAGAAGAG,4.7241250135515855,15
Hepatocyte_15weeks_Animal3_Capture2_AACTCCCCACCGGAAA,4.728405287276216,15
Hepatocyte_15weeks_Animal3_Capture2_AACTCTTGTTGGTAAA,4.724446472130861,15
Hepatocyte_15weeks_Animal3_Capture2_AACTGGTCAGCTGCTG,4.567659868401401,15
Hepatocyte_15weeks_Animal3_Capture2_AACTTTCTCTCCTATA,4.928684225525839,15
Hepatocyte_15weeks_Animal3_Capture2_AAGACCTGTTCGTTGA,4.469795479913672,15
Hepatocyte_15weeks_Animal3_Capture2_AAGGCAGCATAACCTG,4.653765928338422,15
Hepatocyte_15weeks_Animal3_Capture2_AAGGCAGTCAACCAAC,4.875262530776203,15
Hepatocyte_15weeks_Animal3_Capture2_AAGGTTCTCCAAATGC,4.498591151683806,15
Hepatocyte_15weeks_Animal3_Capture2_AATCGGTAGATAGGAG,4.94181134004873,15
Hepatocyte_15weeks_Animal3_Capture2_AATCGGTGTAAGTAGT,4.76149740100589,15
Hepatocyte_15weeks_Animal3_Capture2_ACACCAAAGGATGTAT,4.540006719219411,15
Hepatocyte_15weeks_Animal3_Capture2_ACACCCTAGTTGAGTA,4.674428808329181,15
Hepatocyte_15weeks_Animal3_Capture2_ACACCCTCAATGGATA,4.748519511548315,15
Hepatocyte_15weeks_Animal3_Capture2_ACACCCTCATCGACGC,4.7388149077218795,15
Hepatocyte_15weeks_Animal3_Capture2_ACACTGATCATCGATG,4.559296172117249,15
Hepatocyte_15weeks_Animal3_Capture2_ACACTGATCTCAAACG,4.7370136491322405,15
Hepatocyte_15weeks_Animal3_Capture2_ACAGCTACACGACTCG,5.132937396665921,15
Hepatocyte_15weeks_Animal3_Capture2_ACAGCTATCAATAAGG,4.502124538427134,15
Hepatocyte_15weeks_Animal3_Capture2_ACAGCTATCGCCTGTT,4.688757225167864,15
Hepatocyte_15weeks_Animal3_Capture2_ACATACGAGAATAGGG,4.7343288666896,15
Hepatocyte_15weeks_Animal3_Capture2_ACCAGTAAGTTTGCGT,5.017308711500201,15
Hepatocyte_15weeks_Animal3_Capture2_ACCAGTAGTTGTTTGG,4.425684215294504,15
Hepatocyte_15weeks_Animal3_Capture2_ACCGTAACACCTTGTC,5.066995568122027,15
Hepatocyte_15weeks_Animal3_Capture2_ACCGTAAGTCTCTTAT,4.727070152004908,15
Hepatocyte_15weeks_Animal3_Capture2_ACCGTAAGTGGTTTCA,5.096373960028196,15
Hepatocyte_15weeks_Animal3_Capture2_ACCGTAAGTGTTGGGA,4.914884168973206,15
Hepatocyte_15weeks_Animal3_Capture2_ACCTTTAAGTCACGCC,4.619269880613247,15
Hepatocyte_15weeks_Animal3_Capture2_ACGAGCCAGGTCATCT,5.141431328417594,15
Hepatocyte_15weeks_Animal3_Capture2_ACGAGGACAGTATGCT,4.602843019120067,15
Hepatocyte_15weeks_Animal3_Capture2_ACGATACCATTTCACT,4.628107891747193,15
Hepatocyte_15weeks_Animal3_Capture2_ACGATACGTCTTGCGG,4.617202671648632,15
Hepatocyte_15weeks_Animal3_Capture2_ACGATACGTGCTGTAT,4.481208602697679,15
Hepatocyte_15weeks_Animal3_Capture2_ACGATGTCACGGCGTT,4.554874280053055,15
Hepatocyte_15weeks_Animal3_Capture2_ACGATGTCATTCTTAC,4.640055613287849,15
Hepatocyte_15weeks_Animal3_Capture2_ACGATGTTCCAGGGCT,4.619837276523812,15
Hepatocyte_15weeks_Animal3_Capture2_ACGATGTTCTCGAGTA,4.328378304142202,15
Hepatocyte_15weeks_Animal3_Capture2_ACGCCAGAGCGCCTCA,4.58821255670215,15
Hepatocyte_15weeks_Animal3_Capture2_ACGCCAGCATATGAGA,4.610236841820302,15
Hepatocyte_15weeks_Animal3_Capture2_ACGCCAGGTAGCTCCG,4.86228997159179,15
Hepatocyte_15weeks_Animal3_Capture2_ACGCCAGGTAGTGAAT,4.5429899457439,15
Hepatocyte_15weeks_Animal3_Capture2_ACGCCGAAGAAACGAG,4.589415025846025,15
Hepatocyte_15weeks_Animal3_Capture2_ACGCCGACATAGAAAC,4.640180793861255,15
Hepatocyte_15weeks_Animal3_Capture2_ACGGAGAAGAGAACAG,5.169343538758692,15
Hepatocyte_15weeks_Animal3_Capture2_ACGGAGAAGCTGCGAA,4.708471090994246,15
Hepatocyte_15weeks_Animal3_Capture2_ACGGCCAAGCACGCCT,4.873605765009451,15
Hepatocyte_15weeks_Animal3_Capture2_ACGGCCAGTACTCAAC,4.783785917600146,15
Hepatocyte_15weeks_Animal3_Capture2_ACGGGCTCACTTAAGC,5.094669855397782,15
Hepatocyte_15weeks_Animal3_Capture2_ACGGGTCAGCAATATG,5.027597501576189,15
Hepatocyte_15weeks_Animal3_Capture2_ACGTCAAAGTGCTGCC,4.434852222523753,15
Hepatocyte_15weeks_Animal3_Capture2_ACGTCAAGTCTCCACT,4.70528395684889,15
Hepatocyte_15weeks_Animal3_Capture2_ACGTCAATCGTGGTCG,4.999477830127261,15
Hepatocyte_15weeks_Animal3_Capture2_ACTGAACTCTTAACCT,4.672318830451967,15
Hepatocyte_15weeks_Animal3_Capture2_ACTGTCCAGAGCTGCA,4.712906050877985,15
Hepatocyte_15weeks_Animal3_Capture2_ACTGTCCAGTCAAGCG,5.360206709387845,15
Hepatocyte_15weeks_Animal3_Capture2_ACTGTCCGTTGAGTTC,4.573503809011294,15
Hepatocyte_15weeks_Animal3_Capture2_ACTGTCCGTTTGGGCC,4.888759073631192,15
Hepatocyte_15weeks_Animal3_Capture2_ACTTACTTCACGCGGT,4.617911029357783,15
Hepatocyte_15weeks_Animal3_Capture2_ACTTGTTAGTGTACGG,4.6874673820755515,15
Hepatocyte_15weeks_Animal3_Capture2_ACTTGTTAGTGTGAAT,4.65874909898492,15
Hepatocyte_15weeks_Animal3_Capture2_ACTTGTTCACTTAACG,4.705650835719484,15
Hepatocyte_15weeks_Animal3_Capture2_ACTTGTTCATCCGGGT,4.620766564184109,15
Hepatocyte_15weeks_Animal3_Capture2_ACTTGTTTCTCTAGGA,4.784391763189317,15
Hepatocyte_15weeks_Animal3_Capture2_ACTTTCACAATAGAGT,4.583904351905675,15
Hepatocyte_15weeks_Animal3_Capture2_ACTTTCAGTCGAAAGC,4.60539335779919,15
Hepatocyte_15weeks_Animal3_Capture2_AGACGTTAGCTGCAAG,4.6397615469771365,15
Hepatocyte_15weeks_Animal3_Capture2_AGAGCGACACGGTAAG,4.700327727867497,15
Hepatocyte_15weeks_Animal3_Capture2_AGAGTGGGTTGCCTCT,4.632603946996061,15
Hepatocyte_15weeks_Animal3_Capture2_AGATCTGTCTATCGCC,4.662670986368433,15
Hepatocyte_15weeks_Animal3_Capture2_AGATTGCTCATTCACT,4.685590691511232,15
Hepatocyte_15weeks_Animal3_Capture2_AGCAGCCAGCGACGTA,4.5908471900607015,15
Hepatocyte_15weeks_Animal3_Capture2_AGCAGCCGTACCGGCT,4.566769325841877,15
Hepatocyte_15weeks_Animal3_Capture2_AGCAGCCGTCCGAGTC,4.679047569571784,15
Hepatocyte_15weeks_Animal3_Capture2_AGCAGCCGTGCACCAC,4.725638177311712,15
Hepatocyte_15weeks_Animal3_Capture2_AGCATACAGCTAACTC,4.579192043533075,15
Hepatocyte_15weeks_Animal3_Capture2_AGCATACGTGCGATAG,4.669700859734926,15
Hepatocyte_15weeks_Animal3_Capture2_AGCCTAAAGTGAAGAG,4.680724056160122,15
Hepatocyte_15weeks_Animal3_Capture2_AGCCTAAGTCTTGCGG,4.578877472694925,15
Hepatocyte_15weeks_Animal3_Capture2_AGCGGTCCACCTGGTG,4.70877709725627,15
Hepatocyte_15weeks_Animal3_Capture2_AGCGGTCGTATGGTTC,4.52354631138434,15
Hepatocyte_15weeks_Animal3_Capture2_AGCGGTCGTCTGCGGT,4.442704207001565,15
Hepatocyte_15weeks_Animal3_Capture2_AGCGTATAGAAGAAGC,4.568692703760856,15
Hepatocyte_15weeks_Animal3_Capture2_AGCGTATGTCCGACGT,4.6449744064995775,15
Hepatocyte_15weeks_Animal3_Capture2_AGCGTATTCGGGAGTA,4.606690818067591,15
Hepatocyte_15weeks_Animal3_Capture2_AGCGTCGAGCAGGTCA,4.873316661912941,15
Hepatocyte_15weeks_Animal3_Capture2_AGCTCCTCAGACGCCT,4.661132818681649,15
Hepatocyte_15weeks_Animal3_Capture2_AGCTCTCCACAGGAGT,4.70396510127032,15
Hepatocyte_15weeks_Animal3_Capture2_AGCTCTCTCAACGAAA,4.636206396054657,15
Hepatocyte_15weeks_Animal3_Capture2_AGCTCTCTCCTGCCAT,4.591880870824895,15
Hepatocyte_15weeks_Animal3_Capture2_AGCTTGAGTTTAGCTG,5.042726725419989,15
Hepatocyte_15weeks_Animal3_Capture2_AGGCCACAGACAAAGG,4.71721084175667,15
Hepatocyte_15weeks_Animal3_Capture2_AGGCCACCAAACCTAC,5.34526355695072,15
Hepatocyte_15weeks_Animal3_Capture2_AGGCCACCACTCAGGC,4.745976606229565,15
Hepatocyte_15weeks_Animal3_Capture2_AGGCCGTTCCCGACTT,4.783376596477586,15
Hepatocyte_15weeks_Animal3_Capture2_AGGGATGTCGATCCCT,4.551956928206852,15
Hepatocyte_15weeks_Animal3_Capture2_AGGGATGTCGCCCTTA,4.553194257902416,15
Hepatocyte_15weeks_Animal3_Capture2_AGGGATGTCGGTGTTA,4.655843008639048,15
Hepatocyte_15weeks_Animal3_Capture2_AGGGTGAGTAAATACG,4.534789202261065,15
Hepatocyte_15weeks_Animal3_Capture2_AGGTCATCAATGGTCT,5.290523472045065,15
Hepatocyte_15weeks_Animal3_Capture2_AGGTCATCAGCTGGCT,4.539546144565402,15
Hepatocyte_15weeks_Animal3_Capture2_AGGTCATGTGCTCTTC,4.601155703799243,15
Hepatocyte_15weeks_Animal3_Capture2_AGGTCCGCATGGGAAC,4.4309101591907005,15
Hepatocyte_15weeks_Animal3_Capture2_AGTAGTCAGCCCAGCT,4.886811245999867,15
Hepatocyte_15weeks_Animal3_Capture2_AGTAGTCGTGGGTATG,4.815982792895727,15
Hepatocyte_15weeks_Animal3_Capture2_AGTAGTCTCGCCAAAT,4.664049063633644,15
Hepatocyte_15weeks_Animal3_Capture2_AGTAGTCTCGCTTGTC,4.624942379467394,15
Hepatocyte_15weeks_Animal3_Capture2_AGTCTTTCAGGATTGG,4.599456870903518,15
Hepatocyte_15weeks_Animal3_Capture2_AGTCTTTGTGAGCGAT,4.639307568367313,15
Hepatocyte_15weeks_Animal3_Capture2_AGTGAGGTCCGCGGTA,4.528509521845718,15
Hepatocyte_15weeks_Animal3_Capture2_AGTGGGAAGAGATGAG,4.513153274365855,15
Hepatocyte_15weeks_Animal3_Capture2_AGTGTCAAGCGCCTCA,4.650967625482311,15
Hepatocyte_15weeks_Animal3_Capture2_AGTTGGTAGAACAATC,4.500224329613349,15
Hepatocyte_15weeks_Animal3_Capture2_AGTTGGTTCATGTAGC,4.501761140314276,15
Hepatocyte_15weeks_Animal3_Capture2_ATAACGCAGAGGTACC,4.69790353916461,15
Hepatocyte_15weeks_Animal3_Capture2_ATAACGCGTGCGGTAA,4.6641220726502715,15
Hepatocyte_15weeks_Animal3_Capture2_ATAAGAGAGCTAGCCC,4.653133902274309,15
Hepatocyte_15weeks_Animal3_Capture2_ATAAGAGCAATCCAAC,4.814590879447119,15
Hepatocyte_15weeks_Animal3_Capture2_ATAGACCCACGTCTCT,4.854995272320348,15
Hepatocyte_15weeks_Animal3_Capture2_ATAGACCTCTAACTTC,4.570757095739873,15
Hepatocyte_15weeks_Animal3_Capture2_ATCACGAAGAGACGAA,4.68718107782661,15
Hepatocyte_15weeks_Animal3_Capture2_ATCACGAGTACCATCA,4.7079144676353,15
Hepatocyte_15weeks_Animal3_Capture2_ATCATCTAGACACGAC,4.597796174739164,15
Hepatocyte_15weeks_Animal3_Capture2_ATCATCTAGTGGTCCC,4.722234809532424,15
Hepatocyte_15weeks_Animal3_Capture2_ATCATCTGTCTAAAGA,4.811960235953919,15
Hepatocyte_15weeks_Animal3_Capture2_ATCATGGGTTCGAATC,4.631928076638168,15
Hepatocyte_15weeks_Animal3_Capture2_ATCCACCAGCACCGTC,5.492271231346247,15
Hepatocyte_15weeks_Animal3_Capture2_ATCCACCTCTGTCCGT,4.9562791743988805,15
Hepatocyte_15weeks_Animal3_Capture2_ATCGAGTCAAGTCTAC,4.657315404803636,15
Hepatocyte_15weeks_Animal3_Capture2_ATCGAGTCACACTGCG,4.96192838875556,15
Hepatocyte_15weeks_Animal3_Capture2_ATCGAGTTCCCAGGTG,4.736300002975021,15
Hepatocyte_15weeks_Animal3_Capture2_ATCTACTCACATCTTT,5.096612294162035,15
Hepatocyte_15weeks_Animal3_Capture2_ATCTACTCACGGTAAG,4.762054083751321,15
Hepatocyte_15weeks_Animal3_Capture2_ATCTACTTCGTTGCCT,4.664273107665015,15
Hepatocyte_15weeks_Animal3_Capture2_ATCTACTTCTCACATT,4.571411528326746,15
Hepatocyte_15weeks_Animal3_Capture2_ATCTACTTCTTGTCAT,4.619693318424163,15
Hepatocyte_15weeks_Animal3_Capture2_ATCTGCCAGTGTACTC,4.60741183588638,15
Hepatocyte_15weeks_Animal3_Capture2_ATCTGCCCATTAGGCT,4.709065995187743,15
Hepatocyte_15weeks_Animal3_Capture2_ATCTGCCTCATTATCC,4.66624628335617,15
Hepatocyte_15weeks_Animal3_Capture2_ATGAGGGAGATGCGAC,4.6809078744521635,15
Hepatocyte_15weeks_Animal3_Capture2_ATGAGGGGTCACCTAA,4.848587869413242,15
Hepatocyte_15weeks_Animal3_Capture2_ATGGGAGGTGTCCTCT,5.145876630262219,15
Hepatocyte_15weeks_Animal3_Capture2_ATGTGTGAGCCGTCGT,4.53863615237147,15
Hepatocyte_15weeks_Animal3_Capture2_ATGTGTGTCAACTCTT,4.841512666581526,15
Hepatocyte_15weeks_Animal3_Capture2_ATTACTCGTGATGATA,4.62417805806391,15
Hepatocyte_15weeks_Animal3_Capture2_ATTATCCAGACACTAA,4.696661734745158,15
Hepatocyte_15weeks_Animal3_Capture2_ATTATCCAGGTGCACA,4.520385573875161,15
Hepatocyte_15weeks_Animal3_Capture2_ATTATCCTCCGCGTTT,4.752159305610303,15
Hepatocyte_15weeks_Animal3_Capture2_ATTGGACAGTCCCACG,4.72733306687563,15
Hepatocyte_15weeks_Animal3_Capture2_ATTGGACGTGCACTTA,4.5479973041404484,15
Hepatocyte_15weeks_Animal3_Capture2_ATTGGTGCACCACCAG,4.988879487442841,15
Hepatocyte_15weeks_Animal3_Capture2_ATTTCTGCAAGTAGTA,5.508473777053443,15
Hepatocyte_15weeks_Animal3_Capture2_ATTTCTGTCTGACCTC,4.642273079106468,15
Hepatocyte_15weeks_Animal3_Capture2_CAACCAACAGATTGCT,4.437303991645642,15
Hepatocyte_15weeks_Animal3_Capture2_CAACCAACATGACATC,4.695640589938353,15
Hepatocyte_15weeks_Animal3_Capture2_CAACCAAGTTGCTCCT,4.854601397631689,15
Hepatocyte_15weeks_Animal3_Capture2_CAACCTCGTGACGGTA,5.027194449873477,15
Hepatocyte_15weeks_Animal3_Capture2_CAACCTCGTTGGGACA,4.666199124624532,15
Hepatocyte_15weeks_Animal3_Capture2_CAACCTCTCACGACTA,4.85878268960087,15
Hepatocyte_15weeks_Animal3_Capture2_CAACCTCTCTGTCAAG,4.503568448929158,15
Hepatocyte_15weeks_Animal3_Capture2_CAACTAGTCCAGTAGT,4.914484027806379,15
Hepatocyte_15weeks_Animal3_Capture2_CAAGAAAGTAGGCATG,4.639557047934106,15
Hepatocyte_15weeks_Animal3_Capture2_CAAGAAATCATAGCAC,4.597831498976357,15
Hepatocyte_15weeks_Animal3_Capture2_CAAGATCCAAGCTGGA,4.626695501075686,15
Hepatocyte_15weeks_Animal3_Capture2_CAAGGCCAGTCAAGGC,4.624582438469224,15
Hepatocyte_15weeks_Animal3_Capture2_CAAGGCCTCTTGTACT,4.594936465455543,15
Hepatocyte_15weeks_Animal3_Capture2_CAAGTTGGTGTTGAGG,4.567159050243029,15
Hepatocyte_15weeks_Animal3_Capture2_CACAAACAGTCTCGGC,4.652839090560876,15
Hepatocyte_15weeks_Animal3_Capture2_CACAAACTCTATCCCG,4.7698142060823026,15
Hepatocyte_15weeks_Animal3_Capture2_CACACAACAGGTCCAC,4.670774357830703,15
Hepatocyte_15weeks_Animal3_Capture2_CACACAATCTAGCACA,4.639173113480242,15
Hepatocyte_15weeks_Animal3_Capture2_CACACCTAGGAATGGA,4.526299658472636,15
Hepatocyte_15weeks_Animal3_Capture2_CACACCTGTGATGCCC,4.712749244449975,15
Hepatocyte_15weeks_Animal3_Capture2_CACACTCAGGAATGGA,4.699286832276744,15
Hepatocyte_15weeks_Animal3_Capture2_CACACTCCAGGGATTG,5.193621785140408,15
Hepatocyte_15weeks_Animal3_Capture2_CACACTCGTGTGCGTC,4.679521617742789,15
Hepatocyte_15weeks_Animal3_Capture2_CACAGGCGTGACGGTA,4.800432711473048,15
Hepatocyte_15weeks_Animal3_Capture2_CACAGTACACTTAAGC,4.662810851424085,15
Hepatocyte_15weeks_Animal3_Capture2_CACAGTATCTGCGTAA,4.811311730346766,15
Hepatocyte_15weeks_Animal3_Capture2_CACATTTCAGGACGTA,5.1970388862411045,15
Hepatocyte_15weeks_Animal3_Capture2_CACCACTGTCTCCATC,4.752370753381106,15
Hepatocyte_15weeks_Animal3_Capture2_CACCACTTCAGCAACT,4.698219243184258,15
Hepatocyte_15weeks_Animal3_Capture2_CACCTTGGTGTTAAGA,4.8964258791760855,15
Hepatocyte_15weeks_Animal3_Capture2_CACCTTGTCTACTATC,4.692700101573327,15
Hepatocyte_15weeks_Animal3_Capture2_CACTCCACACCCATGG,4.36370913669977,15
Hepatocyte_15weeks_Animal3_Capture2_CACTCCAGTATATGGA,4.7331142246205165,15
Hepatocyte_15weeks_Animal3_Capture2_CAGAATCCAGTACACT,4.60152985304554,15
Hepatocyte_15weeks_Animal3_Capture2_CAGAGAGAGTTATCGC,4.587646961635231,15
Hepatocyte_15weeks_Animal3_Capture2_CAGAGAGCACGTGAGA,4.673278211211711,15
Hepatocyte_15weeks_Animal3_Capture2_CAGAGAGTCGACGGAA,4.754911205953751,15
Hepatocyte_15weeks_Animal3_Capture2_CAGATCAAGCTCTCGG,4.599648655952264,15
Hepatocyte_15weeks_Animal3_Capture2_CAGATCAGTAGAGGAA,4.6357865285441635,15
Hepatocyte_15weeks_Animal3_Capture2_CAGATCAGTCCGTTAA,4.41881785788505,15
Hepatocyte_15weeks_Animal3_Capture2_CAGCAGCAGAATGTGT,4.784296536723584,15
Hepatocyte_15weeks_Animal3_Capture2_CAGCATAAGCCACGTC,4.679488930164643,15
Hepatocyte_15weeks_Animal3_Capture2_CAGCATAAGTGCCATT,4.585224629438034,15
Hepatocyte_15weeks_Animal3_Capture2_CAGCCGAAGACAATAC,4.740312603397134,15
Hepatocyte_15weeks_Animal3_Capture2_CAGCCGAGTGTTTGTG,4.551168423795548,15
Hepatocyte_15weeks_Animal3_Capture2_CAGCGACGTCTTCAAG,4.77157870755061,15
Hepatocyte_15weeks_Animal3_Capture2_CAGCTAACAGCTCCGA,4.5859036212614885,15
Hepatocyte_15weeks_Animal3_Capture2_CAGCTGGTCCTTGGTC,4.96865363050259,15
Hepatocyte_15weeks_Animal3_Capture2_CAGCTGGTCTTAGCCC,4.558593188327552,15
Hepatocyte_15weeks_Animal3_Capture2_CAGCTGGTCTTTAGGG,4.598125749875038,15
Hepatocyte_15weeks_Animal3_Capture2_CAGTAACTCGACCAGC,5.465586185666883,15
Hepatocyte_15weeks_Animal3_Capture2_CAGTCCTTCTTGTCAT,4.47078084482946,15
Hepatocyte_15weeks_Animal3_Capture2_CATATGGGTTGATTCG,4.7168917733200795,15
Hepatocyte_15weeks_Animal3_Capture2_CATATGGTCCTCAACC,4.6397233968928555,15
Hepatocyte_15weeks_Animal3_Capture2_CATCAAGAGATCCTGT,4.599065196571781,15
Hepatocyte_15weeks_Animal3_Capture2_CATCAAGCAACTTGAC,4.733978144461306,15
Hepatocyte_15weeks_Animal3_Capture2_CATCAAGTCAAGATCC,4.594484608380563,15
Hepatocyte_15weeks_Animal3_Capture2_CATCAGAAGGTGCACA,4.746200897476284,15
Hepatocyte_15weeks_Animal3_Capture2_CATCAGAGTCGCGGTT,4.189139826790265,15
Hepatocyte_15weeks_Animal3_Capture2_CATCAGAGTGTAATGA,4.665553085964879,15
Hepatocyte_15weeks_Animal3_Capture2_CATCCACAGAGAGCTC,4.627623051344274,15
Hepatocyte_15weeks_Animal3_Capture2_CATCCACGTATAAACG,4.637660862672522,15
Hepatocyte_15weeks_Animal3_Capture2_CATCGAACACGGCTAC,4.68551740851551,15
Hepatocyte_15weeks_Animal3_Capture2_CATCGGGAGCTGCCCA,4.645201651184943,15
Hepatocyte_15weeks_Animal3_Capture2_CATCGGGCAGCTCGAC,4.540460181060212,15
Hepatocyte_15weeks_Animal3_Capture2_CATCGGGGTGCACCAC,4.879397865280792,15
Hepatocyte_15weeks_Animal3_Capture2_CATGACAAGTTCCACA,4.6468602813342965,15
Hepatocyte_15weeks_Animal3_Capture2_CATGCCTCATCGGACC,4.733790565930438,15
Hepatocyte_15weeks_Animal3_Capture2_CATGGCGCATAGACTC,4.6560017933772535,15
Hepatocyte_15weeks_Animal3_Capture2_CATGGCGTCAACCAAC,4.652419865367353,15
Hepatocyte_15weeks_Animal3_Capture2_CATGGCGTCCGAAGAG,5.224559270560052,15
Hepatocyte_15weeks_Animal3_Capture2_CATTCGCCACTATCTT,4.495004925921904,15
Hepatocyte_15weeks_Animal3_Capture2_CATTCGCGTAAGTGGC,4.655439518703839,15
Hepatocyte_15weeks_Animal3_Capture2_CATTCGCTCTACTATC,4.545036979901596,15
Hepatocyte_15weeks_Animal3_Capture2_CCAATCCTCAGAGGTG,4.5692144724224555,15
Hepatocyte_15weeks_Animal3_Capture2_CCACTACGTGTAAGTA,4.772980439255079,15
Hepatocyte_15weeks_Animal3_Capture2_CCATGTCTCGTGGACC,4.6625116911592155,15
Hepatocyte_15weeks_Animal3_Capture2_CCATGTCTCTTATCTG,4.8139779350039325,15
Hepatocyte_15weeks_Animal3_Capture2_CCATTCGTCTATCCTA,4.585092811558031,15
Hepatocyte_15weeks_Animal3_Capture2_CCCAATCAGCTCTCGG,4.607377663148538,15
Hepatocyte_15weeks_Animal3_Capture2_CCCAATCCAGTCACTA,4.684137324739757,15
Hepatocyte_15weeks_Animal3_Capture2_CCCATACCACAGTCGC,4.5516579123226375,15
Hepatocyte_15weeks_Animal3_Capture2_CCCTCCTTCTTCGAGA,4.486673608863859,15
Hepatocyte_15weeks_Animal3_Capture2_CCGGGATCAGCCAGAA,5.03302995607797,15
Hepatocyte_15weeks_Animal3_Capture2_CCGGGATCATGCAACT,4.808908574588633,15
Hepatocyte_15weeks_Animal3_Capture2_CCGTGGATCCTATGTT,4.548170079145,15
Hepatocyte_15weeks_Animal3_Capture2_CCGTTCAGTCCAGTTA,4.651505124235696,15
Hepatocyte_15weeks_Animal3_Capture2_CCTAAAGTCTAACGGT,4.595600608689785,15
Hepatocyte_15weeks_Animal3_Capture2_CCTACACAGATGAGAG,4.643789724862601,15
Hepatocyte_15weeks_Animal3_Capture2_CCTACACGTTCTGTTT,4.667387950202728,15
Hepatocyte_15weeks_Animal3_Capture2_CCTACACTCAGCACAT,4.639712814501426,15
Hepatocyte_15weeks_Animal3_Capture2_CCTACACTCTTAGAGC,4.696902090705349,15
Hepatocyte_15weeks_Animal3_Capture2_CCTACCAGTAGCTCCG,4.8397863891521435,15
Hepatocyte_15weeks_Animal3_Capture2_CCTCAGTTCCCGGATG,4.5376168934538,15
Hepatocyte_15weeks_Animal3_Capture2_CCTCAGTTCTATCCCG,4.730250092798418,15
Hepatocyte_15weeks_Animal3_Capture2_CCTCTGAAGAACTGTA,4.623362188487571,15
Hepatocyte_15weeks_Animal3_Capture2_CCTTACGGTGAGGCTA,4.557371234781043,15
Hepatocyte_15weeks_Animal3_Capture2_CCTTACGTCACCACCT,4.872850980691833,15
Hepatocyte_15weeks_Animal3_Capture2_CCTTCGAAGTCAAGGC,5.144072157168468,15
Hepatocyte_15weeks_Animal3_Capture2_CCTTTCTAGTTTCCTT,4.622765693841368,15
Hepatocyte_15weeks_Animal3_Capture2_CGAACATCACTACAGT,4.689405498987506,15
Hepatocyte_15weeks_Animal3_Capture2_CGAATGTCAGTATCTG,4.879918249853114,15
Hepatocyte_15weeks_Animal3_Capture2_CGACTTCGTAGCTCCG,5.068191551724193,15
Hepatocyte_15weeks_Animal3_Capture2_CGACTTCGTGTGACCC,4.677371070131194,15
Hepatocyte_15weeks_Animal3_Capture2_CGAGCACTCACAAACC,4.686204043414993,15
Hepatocyte_15weeks_Animal3_Capture2_CGAGCCAAGAAACCAT,4.867236700896049,15
Hepatocyte_15weeks_Animal3_Capture2_CGAGCCACAGATGGCA,4.778693781743513,15
Hepatocyte_15weeks_Animal3_Capture2_CGAGCCACATCCAACA,4.961244117662426,15
Hepatocyte_15weeks_Animal3_Capture2_CGAGCCAGTCGGCATC,4.627435154416055,15
Hepatocyte_15weeks_Animal3_Capture2_CGATCGGCAAGAAGAG,5.111075524416712,15
Hepatocyte_15weeks_Animal3_Capture2_CGATCGGGTCCGCTGA,4.49351161364736,15
Hepatocyte_15weeks_Animal3_Capture2_CGATGTAAGCGTGAGT,4.923123545418392,15
Hepatocyte_15weeks_Animal3_Capture2_CGATTGAGTCTCATCC,4.650712336718866,15
Hepatocyte_15weeks_Animal3_Capture2_CGCCAAGCATCTATGG,4.713146869099711,15
Hepatocyte_15weeks_Animal3_Capture2_CGCGGTACACCGTTGG,5.568321434889668,15
Hepatocyte_15weeks_Animal3_Capture2_CGCGTTTTCTTGACGA,4.538323504224823,15
Hepatocyte_15weeks_Animal3_Capture2_CGCTATCAGTTTCCTT,4.704334418172552,15
Hepatocyte_15weeks_Animal3_Capture2_CGCTGGAAGCCCAACC,4.687444369509652,15
Hepatocyte_15weeks_Animal3_Capture2_CGCTTCAAGGCGTACA,4.7070482572250745,15
Hepatocyte_15weeks_Animal3_Capture2_CGCTTCATCGGTCCGA,4.745407083509793,15
Hepatocyte_15weeks_Animal3_Capture2_CGGACACCATGGAATA,4.603183387924637,15
Hepatocyte_15weeks_Animal3_Capture2_CGGACACTCAAACCAC,4.5838075855224165,15
Hepatocyte_15weeks_Animal3_Capture2_CGGACGTTCCTATTCA,4.697670606344672,15
Hepatocyte_15weeks_Animal3_Capture2_CGGACTGGTGCCTGTG,4.588503812901195,15
Hepatocyte_15weeks_Animal3_Capture2_CGGAGCTTCAGCGATT,4.764604370877687,15
Hepatocyte_15weeks_Animal3_Capture2_CGGAGTCCATGTAAGA,4.777908669419769,15
Hepatocyte_15weeks_Animal3_Capture2_CGGCTAGGTATCGCAT,4.734914974941316,15
Hepatocyte_15weeks_Animal3_Capture2_CGGGTCAGTCCCGACA,4.46055327215295,15
Hepatocyte_15weeks_Animal3_Capture2_CGGGTCAGTGTCAATC,4.593875278448126,15
Hepatocyte_15weeks_Animal3_Capture2_CGGTTAAAGAGGGCTT,4.813033631951478,15
Hepatocyte_15weeks_Animal3_Capture2_CGTAGCGAGAAACCTA,4.675923540223006,15
Hepatocyte_15weeks_Animal3_Capture2_CGTAGGCAGTGGTCCC,4.557580556873683,15
Hepatocyte_15weeks_Animal3_Capture2_CGTAGGCAGTTCGATC,4.588384761550914,15
Hepatocyte_15weeks_Animal3_Capture2_CGTCAGGGTCACCTAA,4.801594331966454,15
Hepatocyte_15weeks_Animal3_Capture2_CGTCTACCAGTGGAGT,4.765316538360443,15
Hepatocyte_15weeks_Animal3_Capture2_CGTCTACTCGGAGGTA,4.623890487501143,15
Hepatocyte_15weeks_Animal3_Capture2_CGTGAGCGTCCGACGT,4.553187755245821,15
Hepatocyte_15weeks_Animal3_Capture2_CGTGAGCTCCGAAGAG,4.66124010590932,15
Hepatocyte_15weeks_Animal3_Capture2_CGTGTCTCAGCCTGTG,4.844949871099681,15
Hepatocyte_15weeks_Animal3_Capture2_CGTGTCTGTGAGGGAG,5.0560541627451325,15
Hepatocyte_15weeks_Animal3_Capture2_CGTGTCTTCTATCCTA,4.6592735010759325,15
Hepatocyte_15weeks_Animal3_Capture2_CGTTAGACAAGGACAC,4.615035801486375,15
Hepatocyte_15weeks_Animal3_Capture2_CGTTAGAGTAGATTAG,4.979702022189031,15
Hepatocyte_15weeks_Animal3_Capture2_CGTTAGAGTGGGTATG,4.399328010397575,15
Hepatocyte_15weeks_Animal3_Capture2_CGTTCTGTCTGGTATG,4.874932048682135,15
Hepatocyte_15weeks_Animal3_Capture2_CGTTCTGTCTTTCCTC,4.48479697579298,15
Hepatocyte_15weeks_Animal3_Capture2_CGTTGGGCAATCTGCA,4.920899962847778,15
Hepatocyte_15weeks_Animal3_Capture2_CTAACTTAGGCTAGCA,4.610632098127993,15
Hepatocyte_15weeks_Animal3_Capture2_CTAACTTGTAAATGTG,4.5622694607949,15
Hepatocyte_15weeks_Animal3_Capture2_CTAAGACAGAAACGCC,4.713565742058666,15
Hepatocyte_15weeks_Animal3_Capture2_CTAAGACCAACACGCC,4.617040030470596,15
Hepatocyte_15weeks_Animal3_Capture2_CTAAGACTCAGTCCCT,4.8967962331085815,15
Hepatocyte_15weeks_Animal3_Capture2_CTAATGGCAGACACTT,4.495071654603317,15
Hepatocyte_15weeks_Animal3_Capture2_CTACACCCAGGTGGAT,4.54907470188065,15
Hepatocyte_15weeks_Animal3_Capture2_CTACACCTCTAACTCT,4.495840319348787,15
Hepatocyte_15weeks_Animal3_Capture2_CTACATTAGCCGTCGT,4.956685272614773,15
Hepatocyte_15weeks_Animal3_Capture2_CTACATTGTTCTGTTT,4.5176099678083546,15
Hepatocyte_15weeks_Animal3_Capture2_CTACATTTCAGATAAG,4.6830907913052835,15
Hepatocyte_15weeks_Animal3_Capture2_CTACGTCGTTACAGAA,4.737370654928915,15
Hepatocyte_15weeks_Animal3_Capture2_CTAGAGTGTCACCTAA,4.9451553061787115,15
Hepatocyte_15weeks_Animal3_Capture2_CTAGAGTTCCAGGGCT,4.692349878108907,15
Hepatocyte_15weeks_Animal3_Capture2_CTAGCCTTCACATGCA,4.663031410970381,15
Hepatocyte_15weeks_Animal3_Capture2_CTAGTGAGTGACGCCT,4.738976004285296,15
Hepatocyte_15weeks_Animal3_Capture2_CTAGTGATCGACGGAA,4.536249704172167,15
Hepatocyte_15weeks_Animal3_Capture2_CTCACACCACGGCTAC,4.717683085952235,15
Hepatocyte_15weeks_Animal3_Capture2_CTCACACGTAAGCACG,4.820908999937901,15
Hepatocyte_15weeks_Animal3_Capture2_CTCACACGTCACCTAA,4.603528193859249,15
Hepatocyte_15weeks_Animal3_Capture2_CTCAGAAGTGGCGAAT,4.703069900580168,15
Hepatocyte_15weeks_Animal3_Capture2_CTCAGAAGTTATGTGC,5.389571312439548,15
Hepatocyte_15weeks_Animal3_Capture2_CTCAGAATCTACTCAT,4.708337877000716,15
Hepatocyte_15weeks_Animal3_Capture2_CTCATTAAGTGGAGAA,4.496970353106965,15
Hepatocyte_15weeks_Animal3_Capture2_CTCCTAGCACCCATGG,4.681458279369239,15
Hepatocyte_15weeks_Animal3_Capture2_CTCGAAAAGAGATGAG,4.615738144800564,15
Hepatocyte_15weeks_Animal3_Capture2_CTCGAAACACCGGAAA,4.960925874467854,15
Hepatocyte_15weeks_Animal3_Capture2_CTCGAAACAGATCCAT,4.824724549775496,15
Hepatocyte_15weeks_Animal3_Capture2_CTCGAGGTCCAAACTG,4.568160418979929,15
Hepatocyte_15weeks_Animal3_Capture2_CTCGGAGCACGTTGGC,4.926184444070479,15
Hepatocyte_15weeks_Animal3_Capture2_CTCGGGAAGCTAACTC,4.6959203674457415,15
Hepatocyte_15weeks_Animal3_Capture2_CTCGTACTCCTAGGGC,5.049189828383941,15
Hepatocyte_15weeks_Animal3_Capture2_CTCGTCACATGGGACA,4.926026680187583,15
Hepatocyte_15weeks_Animal3_Capture2_CTCGTCAGTAGCTTGT,4.82842801045267,15
Hepatocyte_15weeks_Animal3_Capture2_CTCGTCAGTTACCGAT,4.977548344352421,15
Hepatocyte_15weeks_Animal3_Capture2_CTCGTCATCGGCGCAT,4.484108541391964,15
Hepatocyte_15weeks_Animal3_Capture2_CTCTAATAGTGGGTTG,4.452716494039913,15
Hepatocyte_15weeks_Animal3_Capture2_CTCTACGGTTCCAACA,4.679662492524805,15
Hepatocyte_15weeks_Animal3_Capture2_CTGAAGTCATGCAACT,4.556858537364882,15
Hepatocyte_15weeks_Animal3_Capture2_CTGAAGTTCATGTCTT,5.337508069553223,15
Hepatocyte_15weeks_Animal3_Capture2_CTGATAGTCCTTTCTC,4.706533469698627,15
Hepatocyte_15weeks_Animal3_Capture2_CTGATAGTCTTGCAAG,4.666001522186906,15
Hepatocyte_15weeks_Animal3_Capture2_CTGATCCCACTATCTT,4.675317766541892,15
Hepatocyte_15weeks_Animal3_Capture2_CTGATCCCAGGTGCCT,4.363479625109581,15
Hepatocyte_15weeks_Animal3_Capture2_CTGATCCTCAGTTTGG,4.686434083140551,15
Hepatocyte_15weeks_Animal3_Capture2_CTGCGGAAGGCTAGCA,4.555671075283528,15
Hepatocyte_15weeks_Animal3_Capture2_CTGCTGTAGAGCCCAA,4.6422367787884244,15
Hepatocyte_15weeks_Animal3_Capture2_CTGTGCTCATATACGC,4.4826409253263915,15
Hepatocyte_15weeks_Animal3_Capture2_CTGTGCTCATTATCTC,4.980984631657822,15
Hepatocyte_15weeks_Animal3_Capture2_CTTAACTCACGAAGCA,4.720594973324163,15
Hepatocyte_15weeks_Animal3_Capture2_CTTACCGAGTTCGCGC,4.98497892327097,15
Hepatocyte_15weeks_Animal3_Capture2_CTTAGGAAGTGAAGTT,4.770412597796184,15
Hepatocyte_15weeks_Animal3_Capture2_CTTAGGACAATAAGCA,4.576465819550972,15
Hepatocyte_15weeks_Animal3_Capture2_CTTAGGAGTACACCGC,4.474265669221518,15
Hepatocyte_15weeks_Animal3_Capture2_CTTCTCTTCACTGGGC,4.506632251774432,15
Hepatocyte_15weeks_Animal3_Capture2_CTTGGCTAGTCTCGGC,4.997047054968302,15
Hepatocyte_15weeks_Animal3_Capture2_CTTGGCTTCTCATTCA,4.734217971037202,15
Hepatocyte_15weeks_Animal3_Capture2_CTTTGCGCAGCGTCCA,4.666171202138347,15
Hepatocyte_15weeks_Animal3_Capture2_CTTTGCGCATTGGCGC,4.694563247972555,15
Hepatocyte_15weeks_Animal3_Capture2_CTTTGCGTCACAAACC,4.783357232886839,15
Hepatocyte_15weeks_Animal3_Capture2_CTTTGCGTCCGCAGTG,4.7707082610395455,15
Hepatocyte_15weeks_Animal3_Capture2_GAAATGACACGAGAGT,4.538066226742837,15
Hepatocyte_15weeks_Animal3_Capture2_GAAATGATCACTTATC,4.672748774036501,15
Hepatocyte_15weeks_Animal3_Capture2_GAACATCTCGGGAGTA,4.624910136225223,15
Hepatocyte_15weeks_Animal3_Capture2_GAACCTACAGCTGTGC,4.658698792281448,15
Hepatocyte_15weeks_Animal3_Capture2_GAACGGAAGCACACAG,4.33771887019979,15
Hepatocyte_15weeks_Animal3_Capture2_GAAGCAGAGTCGAGTG,4.3934820810736035,15
Hepatocyte_15weeks_Animal3_Capture2_GAAGCAGAGTGCCAGA,4.659738148316071,15
Hepatocyte_15weeks_Animal3_Capture2_GAAGCAGTCTCTTGAT,4.504593319822819,15
Hepatocyte_15weeks_Animal3_Capture2_GAATAAGAGTTTGCGT,4.578596714620959,15
Hepatocyte_15weeks_Animal3_Capture2_GAATAAGCATTGGTAC,4.689755758845786,15
Hepatocyte_15weeks_Animal3_Capture2_GAATGAAAGTGAAGTT,4.701648282008532,15
Hepatocyte_15weeks_Animal3_Capture2_GAATGAACACCCATTC,4.581727241423652,15
Hepatocyte_15weeks_Animal3_Capture2_GACACGCAGGAGTCTG,4.728696292548558,15
Hepatocyte_15weeks_Animal3_Capture2_GACAGAGGTAAGGATT,5.268087118947568,15
Hepatocyte_15weeks_Animal3_Capture2_GACCTGGAGAAGCCCA,4.690243050738279,15
Hepatocyte_15weeks_Animal3_Capture2_GACCTGGTCGTTTATC,4.53845923929903,15
Hepatocyte_15weeks_Animal3_Capture2_GACGCGTTCGTCGTTC,4.737980361881806,15
Hepatocyte_15weeks_Animal3_Capture2_GACGGCTCACAGTCGC,4.438553716937072,15
Hepatocyte_15weeks_Animal3_Capture2_GACGGCTCAGTACACT,5.398032710202328,15
Hepatocyte_15weeks_Animal3_Capture2_GACGGCTGTCCTGCTT,4.6302214342957235,15
Hepatocyte_15weeks_Animal3_Capture2_GACGTGCGTTGTTTGG,4.763038582877494,15
Hepatocyte_15weeks_Animal3_Capture2_GACGTTATCATTATCC,5.093241543423677,15
Hepatocyte_15weeks_Animal3_Capture2_GACTAACGTGGAAAGA,4.626519987654946,15
Hepatocyte_15weeks_Animal3_Capture2_GACTACAAGTGACATA,4.644136974943906,15
Hepatocyte_15weeks_Animal3_Capture2_GACTGCGAGTTAGGTA,4.7369976003652745,15
Hepatocyte_15weeks_Animal3_Capture2_GACTGCGCAAGAGTCG,4.4335227020077355,15
Hepatocyte_15weeks_Animal3_Capture2_GAGCAGAGTTGGTTTG,4.632404665184487,15
Hepatocyte_15weeks_Animal3_Capture2_GAGGTGAAGATAGGAG,4.7945924082297715,15
Hepatocyte_15weeks_Animal3_Capture2_GAGGTGAAGGATGGAA,4.637816475018465,15
Hepatocyte_15weeks_Animal3_Capture2_GAGGTGAAGGATTCGG,4.634812263166239,15
Hepatocyte_15weeks_Animal3_Capture2_GAGGTGACAAAGGAAG,4.784847075089849,15
Hepatocyte_15weeks_Animal3_Capture2_GAGGTGAGTCTGATTG,4.764259917510737,15
Hepatocyte_15weeks_Animal3_Capture2_GAGTCCGTCGATCCCT,4.646960200706142,15
Hepatocyte_15weeks_Animal3_Capture2_GATCGATCACGGCTAC,4.678531896515931,15
Hepatocyte_15weeks_Animal3_Capture2_GATCGATCATTACGAC,4.4441373172738405,15
Hepatocyte_15weeks_Animal3_Capture2_GATCGATGTACTTCTT,4.706014248972665,15
Hepatocyte_15weeks_Animal3_Capture2_GATCGATGTGTGAAAT,4.707058734729995,15
Hepatocyte_15weeks_Animal3_Capture2_GATCGATTCTTGTCAT,4.80309413618795,15
Hepatocyte_15weeks_Animal3_Capture2_GATCGCGCACTAGTAC,5.324597518245083,15
Hepatocyte_15weeks_Animal3_Capture2_GATCGCGTCTTACCTA,4.5061554093320755,15
Hepatocyte_15weeks_Animal3_Capture2_GATCGTAGTAGTGAAT,5.367269083742489,15
Hepatocyte_15weeks_Animal3_Capture2_GATCGTATCTGCGACG,4.531552923596868,15
Hepatocyte_15weeks_Animal3_Capture2_GATCTAGCACCGGAAA,4.697638872311005,15
Hepatocyte_15weeks_Animal3_Capture2_GATCTAGGTCTGGTCG,4.548188262008167,15
Hepatocyte_15weeks_Animal3_Capture2_GATGAAATCTAACCGA,4.959131493002547,15
Hepatocyte_15weeks_Animal3_Capture2_GATGAAATCTCAACTT,5.1063147583606066,15
Hepatocyte_15weeks_Animal3_Capture2_GATGAGGCAGTTAACC,4.7756700762571755,15
Hepatocyte_15weeks_Animal3_Capture2_GATGAGGGTAAGAGGA,4.745602666322064,15
Hepatocyte_15weeks_Animal3_Capture2_GATGAGGTCAAACAAG,5.567907166926824,15
Hepatocyte_15weeks_Animal3_Capture2_GATGCTAAGACTCGGA,4.823578255419573,15
Hepatocyte_15weeks_Animal3_Capture2_GATGCTACATGATCCA,4.7019814236952815,15
Hepatocyte_15weeks_Animal3_Capture2_GATTCAGAGCACCGCT,4.6823985837927715,15
Hepatocyte_15weeks_Animal3_Capture2_GATTCAGGTTATTCTC,4.662152493960267,15
Hepatocyte_15weeks_Animal3_Capture2_GCAAACTGTGAGGGTT,5.007724252980296,15
Hepatocyte_15weeks_Animal3_Capture2_GCAATCAAGGCAATTA,4.702620608684531,15
Hepatocyte_15weeks_Animal3_Capture2_GCACATAAGTCGAGTG,4.425468508252218,15
Hepatocyte_15weeks_Animal3_Capture2_GCACATACACGTAAGG,4.755287654562553,15
Hepatocyte_15weeks_Animal3_Capture2_GCACATACATCTGGTA,4.9183985469854585,15
Hepatocyte_15weeks_Animal3_Capture2_GCACATAGTTACCAGT,4.643145808848281,15
Hepatocyte_15weeks_Animal3_Capture2_GCACATATCTCTAGGA,4.812122347372686,15
Hepatocyte_15weeks_Animal3_Capture2_GCACTCTCATGTCTCC,4.62265806773906,15
Hepatocyte_15weeks_Animal3_Capture2_GCAGCCACATCGTCGG,5.413473670758325,15
Hepatocyte_15weeks_Animal3_Capture2_GCAGTTATCGCCCTTA,4.659078666831233,15
Hepatocyte_15weeks_Animal3_Capture2_GCATGATCAAACTGTC,4.828350342798521,15
Hepatocyte_15weeks_Animal3_Capture2_GCATGATTCGTCCAGG,5.122455527113836,15
Hepatocyte_15weeks_Animal3_Capture2_GCATGCGCAGCGTCCA,4.629970936106008,15
Hepatocyte_15weeks_Animal3_Capture2_GCATGCGGTAACGCGA,4.497830220408628,15
Hepatocyte_15weeks_Animal3_Capture2_GCATGCGTCTATCCCG,4.700593759723045,15
Hepatocyte_15weeks_Animal3_Capture2_GCATGTAGTCTAGCCG,4.729332565846917,15
Hepatocyte_15weeks_Animal3_Capture2_GCCTCTAGTCCCTTGT,4.8408046060434184,15
Hepatocyte_15weeks_Animal3_Capture2_GCCTCTATCATGTGGT,4.775008405303117,15
Hepatocyte_15weeks_Animal3_Capture2_GCCTCTATCCAATGGT,4.711654107504704,15
Hepatocyte_15weeks_Animal3_Capture2_GCGACCATCGTGGGAA,4.711560571580833,15
Hepatocyte_15weeks_Animal3_Capture2_GCGAGAACAAAGAATC,4.7039814728843075,15
Hepatocyte_15weeks_Animal3_Capture2_GCGCAACCAAGGTTTC,4.700625620474816,15
Hepatocyte_15weeks_Animal3_Capture2_GCGCAGTGTAACGCGA,4.851352901256206,15
Hepatocyte_15weeks_Animal3_Capture2_GCGCCAAAGCGTTGCC,4.570932169801436,15
Hepatocyte_15weeks_Animal3_Capture2_GCGCCAAGTACAGCAG,5.19974236537098,15
Hepatocyte_15weeks_Animal3_Capture2_GCGCCAATCAGAGGTG,4.761241185688779,15
Hepatocyte_15weeks_Animal3_Capture2_GCGCGATGTGCACCAC,4.562411323243612,15
Hepatocyte_15weeks_Animal3_Capture2_GCGCGATTCCAAGCCG,4.648262551459588,15
Hepatocyte_15weeks_Animal3_Capture2_GCGGGTTCACAGAGGT,5.268718097003417,15
Hepatocyte_15weeks_Animal3_Capture2_GCTCCTAGTTATGCGT,4.618726524725133,15
Hepatocyte_15weeks_Animal3_Capture2_GCTGCAGGTTGATTGC,4.55851953823202,15
Hepatocyte_15weeks_Animal3_Capture2_GCTGCGAAGACTTGAA,4.6636210960518305,15
Hepatocyte_15weeks_Animal3_Capture2_GCTGCTTAGCGAGAAA,4.65847718613386,15
Hepatocyte_15weeks_Animal3_Capture2_GCTGCTTAGTGTTTGC,4.706081724133229,15
Hepatocyte_15weeks_Animal3_Capture2_GCTTGAAAGTCTTGCA,4.782847350631255,15
Hepatocyte_15weeks_Animal3_Capture2_GCTTGAAAGTTAACGA,4.6995717417514165,15
Hepatocyte_15weeks_Animal3_Capture2_GCTTGAACAAGGCTCC,4.756991112488949,15
Hepatocyte_15weeks_Animal3_Capture2_GCTTGAAGTCTGATTG,5.036189731640551,15
Hepatocyte_15weeks_Animal3_Capture2_GGAACTTAGATGGGTC,4.7052931940689655,15
Hepatocyte_15weeks_Animal3_Capture2_GGAACTTCAGTGACAG,4.854304504094162,15
Hepatocyte_15weeks_Animal3_Capture2_GGAATAACACATCTTT,4.6785804403975115,15
Hepatocyte_15weeks_Animal3_Capture2_GGAATAATCAACCATG,4.6736439268368075,15
Hepatocyte_15weeks_Animal3_Capture2_GGAATAATCAGTGCAT,4.557367174984231,15
Hepatocyte_15weeks_Animal3_Capture2_GGACAAGTCTTGTACT,4.625400764545253,15
Hepatocyte_15weeks_Animal3_Capture2_GGACAGACATGCAATC,4.632566039238021,15
Hepatocyte_15weeks_Animal3_Capture2_GGACATTAGTTCGCAT,4.955942655182698,15
Hepatocyte_15weeks_Animal3_Capture2_GGACATTCAGGCTGAA,4.63951933223689,15
Hepatocyte_15weeks_Animal3_Capture2_GGACATTTCAATCTCT,4.773177605669602,15
Hepatocyte_15weeks_Animal3_Capture2_GGAGCAAAGTCCGGTC,4.683522555055646,15
Hepatocyte_15weeks_Animal3_Capture2_GGATGTTCACATCCGG,4.598713437885683,15
Hepatocyte_15weeks_Animal3_Capture2_GGATGTTCATGTCCTC,4.7689701917815945,15
Hepatocyte_15weeks_Animal3_Capture2_GGATGTTGTAAGGATT,4.783682941758409,15
Hepatocyte_15weeks_Animal3_Capture2_GGATGTTTCCAAACAC,5.625167525597876,15
Hepatocyte_15weeks_Animal3_Capture2_GGATTACGTACCGTAT,4.567832714576561,15
Hepatocyte_15weeks_Animal3_Capture2_GGCAATTTCTCCAGGG,4.612765304049567,15
Hepatocyte_15weeks_Animal3_Capture2_GGCTCGAAGAGCAATT,4.6583660299100025,15
Hepatocyte_15weeks_Animal3_Capture2_GGCTCGACAAGTCATC,4.6779830529271855,15
Hepatocyte_15weeks_Animal3_Capture2_GGCTCGATCACGACTA,4.939243587699855,15
Hepatocyte_15weeks_Animal3_Capture2_GGCTGGTCAAGTTGTC,4.600415779880786,15
Hepatocyte_15weeks_Animal3_Capture2_GGCTGGTTCAGTTCGA,5.195542298013452,15
Hepatocyte_15weeks_Animal3_Capture2_GGGAATGAGAAGATTC,4.729388538415501,15
Hepatocyte_15weeks_Animal3_Capture2_GGGAATGAGCTAGTTC,4.589251801264709,15
Hepatocyte_15weeks_Animal3_Capture2_GGGAATGGTCAACTGT,4.547311759060582,15
Hepatocyte_15weeks_Animal3_Capture2_GGGACCTAGATGCGAC,4.722456928591272,15
Hepatocyte_15weeks_Animal3_Capture2_GGGACCTCAATAGCAA,4.555984227785965,15
Hepatocyte_15weeks_Animal3_Capture2_GGGACCTCACGGTAGA,4.586573416834811,15
Hepatocyte_15weeks_Animal3_Capture2_GGGACCTGTGTCCTCT,5.0512445916567685,15
Hepatocyte_15weeks_Animal3_Capture2_GGGAGATAGTCTCAAC,4.84988354163966,15
Hepatocyte_15weeks_Animal3_Capture2_GGGAGATTCGCGATCG,4.781375703835624,15
Hepatocyte_15weeks_Animal3_Capture2_GGGATGACACGAAGCA,4.588685438407465,15
Hepatocyte_15weeks_Animal3_Capture2_GGGATGAGTAAGGATT,4.850155288083382,15
Hepatocyte_15weeks_Animal3_Capture2_GGGATGAGTATCTGCA,4.724957073646378,15
Hepatocyte_15weeks_Animal3_Capture2_GGGATGAGTGACGCCT,4.76040644095023,15
Hepatocyte_15weeks_Animal3_Capture2_GGGATGATCAAGGTAA,4.710643359587287,15
Hepatocyte_15weeks_Animal3_Capture2_GGGCACTAGGTCATCT,5.078345234914738,15
Hepatocyte_15weeks_Animal3_Capture2_GGGCACTCAACGATCT,4.504407245622659,15
Hepatocyte_15weeks_Animal3_Capture2_GGGCACTTCTGTCTCG,4.83425653395201,15
Hepatocyte_15weeks_Animal3_Capture2_GGGCATCCACTTAACG,4.605263010988809,15
Hepatocyte_15weeks_Animal3_Capture2_GGGCATCTCAAACCGT,4.563976726146615,15
Hepatocyte_15weeks_Animal3_Capture2_GGTATTGTCGACAGCC,4.457156582766375,15
Hepatocyte_15weeks_Animal3_Capture2_GGTGAAGTCTGCTTGC,4.56958568909716,15
Hepatocyte_15weeks_Animal3_Capture2_GGTGCGTAGTGCCAGA,4.925025222327923,15
Hepatocyte_15weeks_Animal3_Capture2_GTAACGTAGTATTGGA,4.620841931282863,15
Hepatocyte_15weeks_Animal3_Capture2_GTACTCCAGGCCCTCA,4.441149360940148,15
Hepatocyte_15weeks_Animal3_Capture2_GTAGGCCAGACAAAGG,4.844565512341335,15
Hepatocyte_15weeks_Animal3_Capture2_GTAGTCACAGCTGTAT,4.925889149721111,15
Hepatocyte_15weeks_Animal3_Capture2_GTATCTTGTCGCCATG,4.625205655366884,15
Hepatocyte_15weeks_Animal3_Capture2_GTATCTTTCCCTCAGT,4.672575654653427,15
Hepatocyte_15weeks_Animal3_Capture2_GTATTCTAGCTACCGC,4.68976486870047,15
Hepatocyte_15weeks_Animal3_Capture2_GTATTCTTCAGGCCCA,4.547011917300625,15
Hepatocyte_15weeks_Animal3_Capture2_GTATTCTTCCCTAACC,4.7138177363538745,15
Hepatocyte_15weeks_Animal3_Capture2_GTATTCTTCGGATGTT,4.526746415075857,15
Hepatocyte_15weeks_Animal3_Capture2_GTCAAGTAGCGCCTTG,4.487549376162228,15
Hepatocyte_15weeks_Animal3_Capture2_GTCACAAAGCCCTAAT,5.133274912499418,15
Hepatocyte_15weeks_Animal3_Capture2_GTCACAAGTAGGCATG,4.643437351037383,15
Hepatocyte_15weeks_Animal3_Capture2_GTCACAAGTATGAATG,4.6751652514622375,15
Hepatocyte_15weeks_Animal3_Capture2_GTCACAATCTCTGTCG,4.538279899784084,15
Hepatocyte_15weeks_Animal3_Capture2_GTCACGGCACTGCCAG,4.878111329957258,15
Hepatocyte_15weeks_Animal3_Capture2_GTCATTTAGGTGATAT,4.630058803969594,15
Hepatocyte_15weeks_Animal3_Capture2_GTCATTTCATGTCGAT,5.265960872187682,15
Hepatocyte_15weeks_Animal3_Capture2_GTCATTTGTCTCCCTA,4.97499146593548,15
Hepatocyte_15weeks_Animal3_Capture2_GTCATTTTCTTAACCT,5.683887652303753,15
Hepatocyte_15weeks_Animal3_Capture2_GTCCTCAAGCTAGCCC,4.778376694645029,15
Hepatocyte_15weeks_Animal3_Capture2_GTCCTCAGTTTGGCGC,4.770628992375793,15
Hepatocyte_15weeks_Animal3_Capture2_GTCGGGTCAAGCGCTC,4.695204270638124,15
Hepatocyte_15weeks_Animal3_Capture2_GTCGTAACATGTAGTC,4.750483101309575,15
Hepatocyte_15weeks_Animal3_Capture2_GTCGTAATCGCTTAGA,5.13714999064668,15
Hepatocyte_15weeks_Animal3_Capture2_GTCTCGTGTGAGGGTT,4.459573168440015,15
Hepatocyte_15weeks_Animal3_Capture2_GTCTTCGCAGGTCTCG,4.729989969995436,15
Hepatocyte_15weeks_Animal3_Capture2_GTCTTCGTCACAGTAC,4.853522307597579,15
Hepatocyte_15weeks_Animal3_Capture2_GTGAAGGAGCTAAACA,4.6893485787532345,15
Hepatocyte_15weeks_Animal3_Capture2_GTGAAGGAGTGTGAAT,4.725178058999207,15
Hepatocyte_15weeks_Animal3_Capture2_GTGAAGGGTCATATCG,4.440096484592683,15
Hepatocyte_15weeks_Animal3_Capture2_GTGAAGGTCTCAAACG,4.695866389133041,15
Hepatocyte_15weeks_Animal3_Capture2_GTGAAGGTCTCACATT,4.688775246507798,15
Hepatocyte_15weeks_Animal3_Capture2_GTGCAGCCAGTATCTG,5.0250871626639,15
Hepatocyte_15weeks_Animal3_Capture2_GTGCATAAGGTGTGGT,4.7254564545193,15
Hepatocyte_15weeks_Animal3_Capture2_GTGCATATCGCCTGTT,4.656082035831496,15
Hepatocyte_15weeks_Animal3_Capture2_GTGCATATCTGTCTAT,4.569120257742458,15
Hepatocyte_15weeks_Animal3_Capture2_GTGCGGTCAAGTACCT,4.618601323221892,15
Hepatocyte_15weeks_Animal3_Capture2_GTGGGTCGTGCTCTTC,4.684629931960658,15
Hepatocyte_15weeks_Animal3_Capture2_GTGTGCGTCTTGTACT,4.47836149701617,15
Hepatocyte_15weeks_Animal3_Capture2_GTTAAGCCAGTCGTGC,4.715518325414326,15
Hepatocyte_15weeks_Animal3_Capture2_GTTACAGAGGACATTA,4.93444351908914,15
Hepatocyte_15weeks_Animal3_Capture2_GTTACAGGTTGCGTTA,4.507397411080713,15
Hepatocyte_15weeks_Animal3_Capture2_GTTCATTAGTCAATAG,4.825198271173398,15
Hepatocyte_15weeks_Animal3_Capture2_GTTCATTCAAGCTGAG,4.634673138268223,15
Hepatocyte_15weeks_Animal3_Capture2_GTTCATTCAGCAGTTT,4.97080559615004,15
Hepatocyte_15weeks_Animal3_Capture2_GTTCATTGTCAGAGGT,4.869809208631751,15
Hepatocyte_15weeks_Animal3_Capture2_GTTCATTGTTCACCTC,4.888215455228564,15
Hepatocyte_15weeks_Animal3_Capture2_GTTCTCGAGGAATTAC,4.726797523471564,15
Hepatocyte_15weeks_Animal3_Capture2_GTTCTCGCAGCTTAAC,4.605230188655126,15
Hepatocyte_15weeks_Animal3_Capture2_GTTCTCGGTCCCTTGT,5.611566133635028,15
Hepatocyte_15weeks_Animal3_Capture2_GTTTCTAAGGTAGCCA,4.502344563502771,15
Hepatocyte_15weeks_Animal3_Capture2_GTTTCTAAGTGAACAT,4.504891356490326,15
Hepatocyte_15weeks_Animal3_Capture2_GTTTCTAGTCAAAGAT,4.657736438006947,15
Hepatocyte_15weeks_Animal3_Capture2_TAAGAGAAGTCGTTTG,4.624985486816421,15
Hepatocyte_15weeks_Animal3_Capture2_TAAGAGACATGAAGTA,4.642413413849969,15
Hepatocyte_15weeks_Animal3_Capture2_TAAGAGAGTCGAGATG,4.5887046381285845,15
Hepatocyte_15weeks_Animal3_Capture2_TAAGTGCCACTCAGGC,4.510830804529525,15
Hepatocyte_15weeks_Animal3_Capture2_TACACGAGTGATGCCC,4.801839940052997,15
Hepatocyte_15weeks_Animal3_Capture2_TACACGATCACATACG,4.606716013102565,15
Hepatocyte_15weeks_Animal3_Capture2_TACAGTGAGATGTAAC,4.679462321700653,15
Hepatocyte_15weeks_Animal3_Capture2_TACAGTGCACCAGATT,4.3852861440117525,15
Hepatocyte_15weeks_Animal3_Capture2_TACAGTGTCGCCTGTT,4.786263705248778,15
Hepatocyte_15weeks_Animal3_Capture2_TACCTATCAATCCGAT,4.577264200596659,15
Hepatocyte_15weeks_Animal3_Capture2_TACCTATTCTGCCCTA,4.793686086423698,15
Hepatocyte_15weeks_Animal3_Capture2_TACGGATTCGGTGTTA,5.401776930958349,15
Hepatocyte_15weeks_Animal3_Capture2_TACGGGCCAAGAGTCG,4.287153041496966,15
Hepatocyte_15weeks_Animal3_Capture2_TACGGGCTCAACACAC,4.730758890498102,15
Hepatocyte_15weeks_Animal3_Capture2_TACGGTAAGTGCAAGC,5.09586777703922,15
Hepatocyte_15weeks_Animal3_Capture2_TACGGTATCACCTCGT,4.67224961043406,15
Hepatocyte_15weeks_Animal3_Capture2_TACGGTATCATCGGAT,4.647573245072724,15
Hepatocyte_15weeks_Animal3_Capture2_TACTCGCAGGTGATAT,4.486122844607518,15
Hepatocyte_15weeks_Animal3_Capture2_TACTCGCAGGTGTGGT,4.847426101081215,15
Hepatocyte_15weeks_Animal3_Capture2_TACTTACTCTGAGGGA,4.702711289325647,15
Hepatocyte_15weeks_Animal3_Capture2_TACTTGTGTAGGAGTC,4.694343692954658,15
Hepatocyte_15weeks_Animal3_Capture2_TAGACCAAGGTGTTAA,4.790660069354429,15
Hepatocyte_15weeks_Animal3_Capture2_TAGACCAGTAGGACAC,4.69654274895063,15
Hepatocyte_15weeks_Animal3_Capture2_TAGCCGGAGATCCCGC,4.809728098100202,15
Hepatocyte_15weeks_Animal3_Capture2_TAGCCGGAGCCTCGTG,4.426710750028207,15
Hepatocyte_15weeks_Animal3_Capture2_TAGCCGGCAGCCAATT,5.205186430251675,15
Hepatocyte_15weeks_Animal3_Capture2_TAGGCATGTCGAGATG,4.723092967182627,15
Hepatocyte_15weeks_Animal3_Capture2_TAGTGGTAGCTGAAAT,4.6557729261918,15
Hepatocyte_15weeks_Animal3_Capture2_TAGTTGGTCAACACCA,4.610599342457985,15
Hepatocyte_15weeks_Animal3_Capture2_TATCTCACACCGAATT,4.569954842931539,15
Hepatocyte_15weeks_Animal3_Capture2_TATGCCCAGGCGACAT,5.481542676071074,15
Hepatocyte_15weeks_Animal3_Capture2_TATTACCCAGCTTAAC,5.30539382069986,15
Hepatocyte_15weeks_Animal3_Capture2_TCAACGAGTGGCCCTA,4.50500199693022,15
Hepatocyte_15weeks_Animal3_Capture2_TCAATCTTCTTGTTTG,4.680915701751152,15
Hepatocyte_15weeks_Animal3_Capture2_TCACAAGCATTACGAC,4.5995502898881835,15
Hepatocyte_15weeks_Animal3_Capture2_TCACAAGTCAGATAAG,4.753712847444806,15
Hepatocyte_15weeks_Animal3_Capture2_TCACGAAGTCAGCTAT,4.929037130147942,15
Hepatocyte_15weeks_Animal3_Capture2_TCACGAATCTGCTGTC,4.506615950180376,15
Hepatocyte_15weeks_Animal3_Capture2_TCAGATGCAGAGCCAA,4.682487001615173,15
Hepatocyte_15weeks_Animal3_Capture2_TCAGCAACACTTCGAA,4.740963907161408,15
Hepatocyte_15weeks_Animal3_Capture2_TCAGCAATCTCACATT,4.755266264139006,15
Hepatocyte_15weeks_Animal3_Capture2_TCAGCTCAGCACAGGT,4.900001482561633,15
Hepatocyte_15weeks_Animal3_Capture2_TCAGCTCTCTCGTTTA,5.586084863976879,15
Hepatocyte_15weeks_Animal3_Capture2_TCATTACTCCCAACGG,4.544910297579904,15
Hepatocyte_15weeks_Animal3_Capture2_TCATTTGAGCCGATTT,4.832550400637695,15
Hepatocyte_15weeks_Animal3_Capture2_TCATTTGCAATTCCTT,4.566239249430607,15
Hepatocyte_15weeks_Animal3_Capture2_TCATTTGGTAAACGCG,4.592174073577858,15
Hepatocyte_15weeks_Animal3_Capture2_TCCACACTCTCCGGTT,4.679976609161457,15
Hepatocyte_15weeks_Animal3_Capture2_TCGAGGCAGTGGTAAT,4.475699128868246,15
Hepatocyte_15weeks_Animal3_Capture2_TCGAGGCTCTGCTGTC,4.544002479307078,15
Hepatocyte_15weeks_Animal3_Capture2_TCGCGAGGTGATGCCC,4.740854238486221,15
Hepatocyte_15weeks_Animal3_Capture2_TCGCGTTTCTAGCACA,4.6322120569071314,15
Hepatocyte_15weeks_Animal3_Capture2_TCGGGACAGGCAGTCA,4.558717511388321,15
Hepatocyte_15weeks_Animal3_Capture2_TCGGTAATCACTGGGC,4.980846670674254,15
Hepatocyte_15weeks_Animal3_Capture2_TCGTACCGTCAACATC,4.4768271604529986,15
Hepatocyte_15weeks_Animal3_Capture2_TCGTACCGTTATGCGT,4.525191756903013,15
Hepatocyte_15weeks_Animal3_Capture2_TCGTAGACAGCTGCTG,4.796725179292643,15
Hepatocyte_15weeks_Animal3_Capture2_TCTATTGGTGGCAAAC,4.483419460602095,15
Hepatocyte_15weeks_Animal3_Capture2_TCTCATATCGCATGAT,4.494009925202162,15
Hepatocyte_15weeks_Animal3_Capture2_TCTCTAATCCTTGACC,4.99112073996743,15
Hepatocyte_15weeks_Animal3_Capture2_TCTGAGAAGTAGGCCA,4.746343021200159,15
Hepatocyte_15weeks_Animal3_Capture2_TCTGAGACAAGTACCT,4.52318618412081,15
Hepatocyte_15weeks_Animal3_Capture2_TCTGGAAGTAGCGCTC,4.547600402633206,15
Hepatocyte_15weeks_Animal3_Capture2_TCTTTCCCACAGAGGT,4.749494117038864,15
Hepatocyte_15weeks_Animal3_Capture2_TCTTTCCCACGAAAGC,4.715864950893076,15
Hepatocyte_15weeks_Animal3_Capture2_TCTTTCCGTTTCGCTC,4.606275702524326,15
Hepatocyte_15weeks_Animal3_Capture2_TCTTTCCTCATAACCG,4.634126788842332,15
Hepatocyte_15weeks_Animal3_Capture2_TGAAAGAAGATCCCGC,4.56613944350863,15
Hepatocyte_15weeks_Animal3_Capture2_TGAAAGAAGTCATCCA,4.641356134610319,15
Hepatocyte_15weeks_Animal3_Capture2_TGACAACTCCAGATCA,4.644422931102731,15
Hepatocyte_15weeks_Animal3_Capture2_TGACGGCCAAGGCTCC,4.727224041072436,15
Hepatocyte_15weeks_Animal3_Capture2_TGACTAGGTAGCCTCG,4.578189863390126,15
Hepatocyte_15weeks_Animal3_Capture2_TGACTAGGTCTTCTCG,4.608996152977763,15
Hepatocyte_15weeks_Animal3_Capture2_TGACTTTCAATCGGTT,4.728847970956794,15
Hepatocyte_15weeks_Animal3_Capture2_TGAGAGGTCGATGAGG,4.616950571746447,15
Hepatocyte_15weeks_Animal3_Capture2_TGAGCATTCTGTCAAG,4.481887063578739,15
Hepatocyte_15weeks_Animal3_Capture2_TGAGCCGGTCATCGGC,4.622041865854704,15
Hepatocyte_15weeks_Animal3_Capture2_TGATTTCTCACGCATA,4.419081217339193,15
Hepatocyte_15weeks_Animal3_Capture2_TGCACCTGTCCAGTAT,4.81956927799415,15
Hepatocyte_15weeks_Animal3_Capture2_TGCCAAAGTTACGGAG,4.919816258733092,15
Hepatocyte_15weeks_Animal3_Capture2_TGCCCATCATTAACCG,4.7781637293165184,15
Hepatocyte_15weeks_Animal3_Capture2_TGCCCATTCTGAGGGA,4.8913644234547,15
Hepatocyte_15weeks_Animal3_Capture2_TGCCCTAAGCACACAG,4.994953838183134,15
Hepatocyte_15weeks_Animal3_Capture2_TGCGGGTTCTTCATGT,4.674483261477494,15
Hepatocyte_15weeks_Animal3_Capture2_TGCGTGGCATCCGTGG,4.580439667886033,15
Hepatocyte_15weeks_Animal3_Capture2_TGCGTGGGTGCCTGTG,4.752651631048743,15
Hepatocyte_15weeks_Animal3_Capture2_TGCTACCCAGCGTTCG,4.677512282584987,15
Hepatocyte_15weeks_Animal3_Capture2_TGCTACCCAGTCGTGC,4.629006292451239,15
Hepatocyte_15weeks_Animal3_Capture2_TGCTGCTCAATCAGAA,4.660180247047767,15
Hepatocyte_15weeks_Animal3_Capture2_TGGACGCAGAATGTTG,5.046441998665329,15
Hepatocyte_15weeks_Animal3_Capture2_TGGACGCGTAACGTTC,4.482223196996316,15
Hepatocyte_15weeks_Animal3_Capture2_TGGCCAGGTGACCAAG,4.753619429468332,15
Hepatocyte_15weeks_Animal3_Capture2_TGGCCAGTCCACGTGG,4.529720243369742,15
Hepatocyte_15weeks_Animal3_Capture2_TGGCCAGTCGGTTAAC,4.495870555458208,15
Hepatocyte_15weeks_Animal3_Capture2_TGGCTGGCATGGTAGG,4.768537448994081,15
Hepatocyte_15weeks_Animal3_Capture2_TGGCTGGTCTAGAGTC,4.842251364205451,15
Hepatocyte_15weeks_Animal3_Capture2_TGGGAAGAGGACTGGT,4.524123493599374,15
Hepatocyte_15weeks_Animal3_Capture2_TGGGAAGAGGAGTTGC,4.496341105641082,15
Hepatocyte_15weeks_Animal3_Capture2_TGGGCGTTCAAGAAGT,5.088314111709065,15
Hepatocyte_15weeks_Animal3_Capture2_TGGTTCCTCAGCGATT,4.594039029683642,15
Hepatocyte_15weeks_Animal3_Capture2_TGGTTCCTCCACTGGG,4.653292822717553,15
Hepatocyte_15weeks_Animal3_Capture2_TGTATTCAGTGGGCTA,4.413776130139347,15
Hepatocyte_15weeks_Animal3_Capture2_TGTATTCGTTGAACTC,4.645257768290669,15
Hepatocyte_15weeks_Animal3_Capture2_TGTATTCTCACTCCTG,4.577523988070757,15
Hepatocyte_15weeks_Animal3_Capture2_TGTGGTAAGGTCATCT,4.571590764461735,15
Hepatocyte_15weeks_Animal3_Capture2_TGTGGTATCAATCACG,5.176698799740976,15
Hepatocyte_15weeks_Animal3_Capture2_TGTTCCGAGGCTACGA,4.657415039346843,15
Hepatocyte_15weeks_Animal3_Capture2_TGTTCCGCACTGTCGG,4.640575347746557,15
Hepatocyte_15weeks_Animal3_Capture2_TTAACTCGTCCGAATT,5.268238249156507,15
Hepatocyte_15weeks_Animal3_Capture2_TTAGGACAGTGGGCTA,4.65770025455423,15
Hepatocyte_15weeks_Animal3_Capture2_TTAGGCAAGTCAATAG,4.755503264544003,15
Hepatocyte_15weeks_Animal3_Capture2_TTAGTTCTCACAAACC,4.579731643874581,15
Hepatocyte_15weeks_Animal3_Capture2_TTATGCTTCTTTCCTC,4.957861547587576,15
Hepatocyte_15weeks_Animal3_Capture2_TTCGAAGAGAGACTTA,5.816884465460165,15
Hepatocyte_15weeks_Animal3_Capture2_TTCGAAGAGTCATCCA,5.220617270057968,15
Hepatocyte_15weeks_Animal3_Capture2_TTCGAAGGTGTCGCTG,5.159972808698601,15
Hepatocyte_15weeks_Animal3_Capture2_TTCTACATCAGCTCGG,4.386962157670922,15
Hepatocyte_15weeks_Animal3_Capture2_TTCTCAAAGCTAGGCA,4.752973285447869,15
Hepatocyte_15weeks_Animal3_Capture2_TTCTCAAGTTCATGGT,4.581118416232302,15
Hepatocyte_15weeks_Animal3_Capture2_TTCTCCTCACTTAACG,4.7607005642782925,15
Hepatocyte_15weeks_Animal3_Capture2_TTCTCCTTCTGTTGAG,4.691970215682881,15
Hepatocyte_15weeks_Animal3_Capture2_TTCTTAGCAAAGGAAG,5.126265275032713,15
Hepatocyte_15weeks_Animal3_Capture2_TTGACTTAGTAAGTAC,4.824179187681787,15
Hepatocyte_15weeks_Animal3_Capture2_TTGACTTTCGAGAGCA,4.7886832685073095,15
Hepatocyte_15weeks_Animal3_Capture2_TTGCCGTCATGTTGAC,4.515177015678279,15
Hepatocyte_15weeks_Animal3_Capture2_TTGCGTCGTACGCTGC,4.948118648857148,15
Hepatocyte_15weeks_Animal3_Capture2_TTGGAACAGCCGATTT,4.959083251490396,15
Hepatocyte_15weeks_Animal3_Capture2_TTGGAACCACATTCGA,4.557586972613551,15
Hepatocyte_15weeks_Animal3_Capture2_TTGGAACCACTGCCAG,4.653546085816656,15
Hepatocyte_15weeks_Animal3_Capture2_TTTATGCAGCGCTCCA,4.816956223929203,15
Hepatocyte_15weeks_Animal3_Capture2_TTTATGCAGTTACCCA,4.786169218550983,15
Hepatocyte_15weeks_Animal3_Capture2_TTTCCTCAGATGCGAC,5.285830814880724,15
Hepatocyte_15weeks_Animal3_Capture2_TTTGCGCCATAGACTC,5.0248435387175725,15
Hepatocyte_15weeks_Animal3_Capture2_TTTGCGCGTTGGGACA,4.560904813316707,15
Hepatocyte_15weeks_Animal3_Capture2_TTTGGTTCAAGAGGCT,4.484822598461777,15
Hepatocyte_15weeks_Animal3_Capture2_TTTGGTTTCTGAAAGA,4.72631722148421,15
Hepatocyte_15weeks_Animal3_Capture2_TTTGTCATCTAGCACA,4.654787110597887,15
Hepatocyte_15weeks_Animal2_Capture2_AAAGATGCAGTGAGTG,5.85105948322054,15
Hepatocyte_15weeks_Animal2_Capture2_AAAGCAAAGCCAGAAC,5.731267264861488,15
Hepatocyte_15weeks_Animal2_Capture2_AAGCCGCGTACCATCA,5.909307928587968,15
Hepatocyte_15weeks_Animal2_Capture2_ACCTTTAAGAAGGTGA,5.933246432527497,15
Hepatocyte_15weeks_Animal2_Capture2_AGCTTGAAGAATCTCC,6.178894916190512,15
Hepatocyte_15weeks_Animal2_Capture2_AGGGATGAGGCGACAT,5.378119487225262,15
Hepatocyte_15weeks_Animal2_Capture2_AGTTGGTAGAAGGACA,6.160864319913793,15
Hepatocyte_15weeks_Animal2_Capture2_ATAACGCCAAAGTGCG,5.548445561150869,15
Hepatocyte_15weeks_Animal2_Capture2_ATAAGAGAGCCTCGTG,5.025528722712642,15
Hepatocyte_15weeks_Animal2_Capture2_CACACCTAGGGCTTGA,6.265593808392882,15
Hepatocyte_15weeks_Animal2_Capture2_CAGCTAACACAGACAG,6.031589845260328,15
Hepatocyte_15weeks_Animal2_Capture2_CATCAAGGTAGTGAAT,5.545248072527714,15
Hepatocyte_15weeks_Animal2_Capture2_CATGGCGAGTGACTCT,5.622642127135705,15
Hepatocyte_15weeks_Animal2_Capture2_CATTCGCGTAGGCTGA,5.619066551883483,15
Hepatocyte_15weeks_Animal2_Capture2_CCTTCCCCAAGTCATC,5.8214142083297595,15
Hepatocyte_15weeks_Animal2_Capture2_CGACTTCTCGGGAGTA,5.998289668091017,15
Hepatocyte_15weeks_Animal2_Capture2_CGCTGGACATTGTGCA,6.030820281230611,15
Hepatocyte_15weeks_Animal2_Capture2_CGTAGCGAGCGTTCCG,6.197498196752521,15
Hepatocyte_15weeks_Animal2_Capture2_CGTCAGGAGTAACCCT,5.58576789228897,15
Hepatocyte_15weeks_Animal2_Capture2_CGTTCTGCAACTGGCC,5.926710210562724,15
Hepatocyte_15weeks_Animal2_Capture2_CTCGGGATCAGCCTAA,5.955457496296086,15
Hepatocyte_15weeks_Animal2_Capture2_CTGGTCTTCGTGGTCG,6.075505952660912,15
Hepatocyte_15weeks_Animal2_Capture2_CTTAGGAGTGCAACTT,5.874873901994717,15
Hepatocyte_15weeks_Animal2_Capture2_CTTCTCTTCCAGTATG,5.515690100446437,15
Hepatocyte_15weeks_Animal2_Capture2_GAAACTCGTCCGAACC,5.631127177767009,15
Hepatocyte_15weeks_Animal2_Capture2_GAAACTCTCTAACGGT,5.487510598360727,15
Hepatocyte_15weeks_Animal2_Capture2_GACAGAGCAGATGAGC,5.407770276536282,15
Hepatocyte_15weeks_Animal2_Capture2_GATCGATGTAAGGGAA,6.183134956323087,15
Hepatocyte_15weeks_Animal2_Capture2_GATGCTATCTTTAGGG,6.323354721104868,15
Hepatocyte_15weeks_Animal2_Capture2_GCATGCGTCGGAAACG,5.498001969537319,15
Hepatocyte_15weeks_Animal2_Capture2_GCGCCAATCCCTAATT,6.162277263687356,15
Hepatocyte_15weeks_Animal2_Capture2_GCTCTGTTCCGTCAAA,5.619033474965113,15
Hepatocyte_15weeks_Animal2_Capture2_GGAGCAACATCTCCCA,5.343576203586593,15
Hepatocyte_15weeks_Animal2_Capture2_GTCTTCGTCGCAAGCC,5.766491303908309,15
Hepatocyte_15weeks_Animal2_Capture2_GTGCATAGTTAAGTAG,6.056732448585897,15
Hepatocyte_15weeks_Animal2_Capture2_GTTAAGCCAAGTCATC,5.54865479848602,15
Hepatocyte_15weeks_Animal2_Capture2_TAAACCGAGTGGTAGC,5.660871442498358,15
Hepatocyte_15weeks_Animal2_Capture2_TACGGATAGATATGGT,6.020373194781801,15
Hepatocyte_15weeks_Animal2_Capture2_TACGGTAAGACTACAA,6.172411737331792,15
Hepatocyte_15weeks_Animal2_Capture2_TAGGCATAGAGTACAT,5.286998281184365,15
Hepatocyte_15weeks_Animal2_Capture2_TCAGCTCGTAGCACGA,6.417238299230938,15
Hepatocyte_15weeks_Animal2_Capture2_TCAGGTATCGCATGGC,6.238387412206117,15
Hepatocyte_15weeks_Animal2_Capture2_TCTGAGAAGCTCCCAG,5.480175001096128,15
Hepatocyte_15weeks_Animal2_Capture2_TGACAACGTGCGATAG,6.21797105695849,15
Hepatocyte_15weeks_Animal2_Capture2_TGAGAGGTCTCTGTCG,5.358287773090132,15
Hepatocyte_15weeks_Animal2_Capture2_TGATTTCTCGTACCGG,5.979707711585242,15
Hepatocyte_15weeks_Animal2_Capture2_TGGCCAGCAGACAAGC,5.633986736967559,15
Hepatocyte_15weeks_Animal2_Capture2_TTAGTTCGTCATGCAT,5.50472674397686,15
Hepatocyte_15weeks_Animal2_Capture2_TTTACTGCACAGCCCA,6.0917261573731,15
Hepatocyte_15weeks_Animal2_Capture1_AAGCCGCGTAGATTAG,5.6440133207905845,15
Hepatocyte_15weeks_Animal2_Capture1_ACACTGAGTCCAGTAT,6.218203230346,15
Hepatocyte_15weeks_Animal2_Capture1_ACCAGTAAGCCTATGT,5.996305190194957,15
Hepatocyte_15weeks_Animal2_Capture1_ACGAGGAGTCCCTACT,5.954926915629583,15
Hepatocyte_15weeks_Animal2_Capture1_ACGATGTGTCCTCTTG,5.43863349572782,15
Hepatocyte_15weeks_Animal2_Capture1_ACGGAGAAGCAATATG,5.0734703875773235,15
Hepatocyte_15weeks_Animal2_Capture1_ACTATCTAGCAGGTCA,5.543594084484047,15
Hepatocyte_15weeks_Animal2_Capture1_ACTGAGTCAATAGAGT,6.248196620027962,15
Hepatocyte_15weeks_Animal2_Capture1_ACTGCTCGTGCACCAC,6.03852398313696,15
Hepatocyte_15weeks_Animal2_Capture1_AGATCTGCAGGTGCCT,6.04336786326034,15
Hepatocyte_15weeks_Animal2_Capture1_AGCGGTCTCTGATTCT,5.459819835827099,15
Hepatocyte_15weeks_Animal2_Capture1_AGCTTGATCCAAGTAC,6.016212372346205,15
Hepatocyte_15weeks_Animal2_Capture1_AGGTCATTCAGTTCGA,5.702937414951192,15
Hepatocyte_15weeks_Animal2_Capture1_AGTAGTCGTTGATTCG,6.031508017599453,15
Hepatocyte_15weeks_Animal2_Capture1_AGTTGGTAGTGCTGCC,5.608922634000939,15
Hepatocyte_15weeks_Animal2_Capture1_ATCATCTCAACTTGAC,5.649341187364914,15
Hepatocyte_15weeks_Animal2_Capture1_ATCTGCCGTTGTCGCG,6.099381876227353,15
Hepatocyte_15weeks_Animal2_Capture1_ATGAGGGTCCTTGACC,6.11526349606294,15
Hepatocyte_15weeks_Animal2_Capture1_ATGCGATAGAAGGACA,5.270600936076272,15
Hepatocyte_15weeks_Animal2_Capture1_ATTACTCAGACTTGAA,5.378134358717398,15
Hepatocyte_15weeks_Animal2_Capture1_ATTGGTGGTGTGACGA,5.693526907381459,15
Hepatocyte_15weeks_Animal2_Capture1_CAACTAGAGGATGGTC,5.923990456873787,15
Hepatocyte_15weeks_Animal2_Capture1_CACACTCGTACGCTGC,5.671521900857815,15
Hepatocyte_15weeks_Animal2_Capture1_CATCGAAAGATCTGCT,6.35987831816069,15
Hepatocyte_15weeks_Animal2_Capture1_CCACGGAAGATCTGAA,6.203905641107048,15
Hepatocyte_15weeks_Animal2_Capture1_CCACGGAGTCCTCTTG,5.411745886670923,15
Hepatocyte_15weeks_Animal2_Capture1_CCATTCGAGCGTTCCG,5.4200330942463655,15
Hepatocyte_15weeks_Animal2_Capture1_CGACTTCAGGCTAGGT,5.984826965254051,15
Hepatocyte_15weeks_Animal2_Capture1_CGACTTCGTACTTCTT,6.116735097292997,15
Hepatocyte_15weeks_Animal2_Capture1_CGAGCACTCGTCCAGG,6.098825987870393,15
Hepatocyte_15weeks_Animal2_Capture1_CGATGTATCGCGGATC,5.354682412705347,15
Hepatocyte_15weeks_Animal2_Capture1_CGATTGACATGCCTTC,5.8975634458079425,15
Hepatocyte_15weeks_Animal2_Capture1_CGCCAAGAGTGGTCCC,5.373631767918434,15
Hepatocyte_15weeks_Animal2_Capture1_CGCTTCAGTAGTAGTA,6.141518158545595,15
Hepatocyte_15weeks_Animal2_Capture1_CGTTCTGAGGCATGGT,6.232394584301332,15
Hepatocyte_15weeks_Animal2_Capture1_CTCACACTCAGTTGAC,5.946362250990084,15
Hepatocyte_15weeks_Animal2_Capture1_CTCATTATCCAAAGTC,6.063148080216154,15
Hepatocyte_15weeks_Animal2_Capture1_CTCTACGAGGCAGTCA,5.668176736710542,15
Hepatocyte_15weeks_Animal2_Capture1_CTGAAGTAGATCTGAA,5.78792502168153,15
Hepatocyte_15weeks_Animal2_Capture1_CTGGTCTAGACACTAA,6.384879512890798,15
Hepatocyte_15weeks_Animal2_Capture1_CTTGGCTGTCCGCTGA,6.0113240939137835,15
Hepatocyte_15weeks_Animal2_Capture1_GATCGATCAAAGGTGC,5.455214414768374,15
Hepatocyte_15weeks_Animal2_Capture1_GATCGATGTTAAGGGC,6.1427038264040155,15
Hepatocyte_15weeks_Animal2_Capture1_GATCGATTCCCAGGTG,5.936368066839666,15
Hepatocyte_15weeks_Animal2_Capture1_GATCTAGCACGTTGGC,6.201239258401445,15
Hepatocyte_15weeks_Animal2_Capture1_GATGCTAGTAAACACA,6.0810292913534205,15
Hepatocyte_15weeks_Animal2_Capture1_GCGAGAAAGCTAGGCA,5.560960728376905,15
Hepatocyte_15weeks_Animal2_Capture1_GCGCAACCATTTGCCC,5.277933319941663,15
Hepatocyte_15weeks_Animal2_Capture1_GCGCCAACATCAGTCA,5.373211413992367,15
Hepatocyte_15weeks_Animal2_Capture1_GCTGGGTCAAAGCAAT,5.427230647499041,15
Hepatocyte_15weeks_Animal2_Capture1_GGAACTTGTACCGAGA,6.176311602971493,15
Hepatocyte_15weeks_Animal2_Capture1_GGATGTTAGCGACGTA,5.475317140466435,15
Hepatocyte_15weeks_Animal2_Capture1_GGCGACTTCTCGCATC,5.763191545164873,15
Hepatocyte_15weeks_Animal2_Capture1_GGCTCGACAAGCCGTC,5.385571596269764,15
Hepatocyte_15weeks_Animal2_Capture1_GTAGGCCCACCACCAG,5.924152854117194,15
Hepatocyte_15weeks_Animal2_Capture1_GTATTCTCATAGGATA,5.378883221880503,15
Hepatocyte_15weeks_Animal2_Capture1_GTCAAGTGTTCCAACA,6.20435562157035,15
Hepatocyte_15weeks_Animal2_Capture1_GTCACGGGTTACTGAC,5.621729992318969,15
Hepatocyte_15weeks_Animal2_Capture1_GTCTCGTCATCACGAT,5.878721091950782,15
Hepatocyte_15weeks_Animal2_Capture1_GTGCATAAGAATGTGT,6.211386559489601,15
Hepatocyte_15weeks_Animal2_Capture1_GTGCATATCTTGACGA,5.781961944098072,15
Hepatocyte_15weeks_Animal2_Capture1_GTTCTCGTCGGCTTGG,5.882120898705544,15
Hepatocyte_15weeks_Animal2_Capture1_GTTTCTAAGCAGGCTA,5.787592811714308,15
Hepatocyte_15weeks_Animal2_Capture1_TACGGATGTGCTTCTC,6.001087109089245,15
Hepatocyte_15weeks_Animal2_Capture1_TACGGATTCATCTGCC,6.191284288933938,15
Hepatocyte_15weeks_Animal2_Capture1_TCCACACCAGTATAAG,6.154625961302084,15
Hepatocyte_15weeks_Animal2_Capture1_TGACGGCGTCGGATCC,6.17458779387046,15
Hepatocyte_15weeks_Animal2_Capture1_TGAGCATTCGCAGGCT,5.9748224764726166,15
Hepatocyte_15weeks_Animal2_Capture1_TGCGCAGGTCAATACC,5.392257796023661,15
Hepatocyte_15weeks_Animal2_Capture1_TGGACGCAGGTAAACT,6.3476766632275154,15
Hepatocyte_15weeks_Animal2_Capture1_TGGCCAGAGAGCCCAA,6.133268358390048,15
Hepatocyte_15weeks_Animal2_Capture1_TGGCGCATCCGTAGGC,5.459173942023855,15
Hepatocyte_15weeks_Animal2_Capture1_TGGCTGGTCTTGGGTA,5.558676743835997,15
Hepatocyte_15weeks_Animal2_Capture1_TGTATTCTCCTTCAAT,5.454787766159944,15
Hepatocyte_15weeks_Animal2_Capture1_TTCTTAGAGAGGGATA,5.278976751603346,15
Hepatocyte_15weeks_Animal2_Capture1_TTGAACGAGTGGGTTG,5.974260735167905,15
Hepatocyte_15weeks_Animal2_Capture1_TTGGCAAAGAGCAATT,6.241370698499954,15
Hepatocyte_15weeks_Animal2_Capture1_TTTACTGCAGGGTACA,5.914814863775389,15
Hepatocyte_15weeks_Animal2_Capture1_TTTGGTTAGTGGAGTC,6.281914707313822,15
Hepatocyte_15weeks_Animal1_Capture1_AACTCAGGTTGTCGCG,6.229820534552074,15
Hepatocyte_15weeks_Animal1_Capture1_AACTTTCAGGTGGGTT,6.188206477029878,15
Hepatocyte_15weeks_Animal1_Capture1_AAGCCGCCATAGACTC,6.209268154743864,15
Hepatocyte_15weeks_Animal1_Capture1_AAGTCTGCAAGTCATC,6.112810849766602,15
Hepatocyte_15weeks_Animal1_Capture1_ACGAGCCGTGATGTCT,6.209862791177273,15
Hepatocyte_15weeks_Animal1_Capture1_ACGCCAGGTTCAGTAC,5.9924957754916175,15
Hepatocyte_15weeks_Animal1_Capture1_ACGCCGAAGACAATAC,6.25352191103655,15
Hepatocyte_15weeks_Animal1_Capture1_AGCATACGTCATACTG,6.228997848974425,15
Hepatocyte_15weeks_Animal1_Capture1_AGCGTCGAGGCCGAAT,6.311045393462162,15
Hepatocyte_15weeks_Animal1_Capture1_AGTGAGGCATGTTCCC,6.09739627048009,15
Hepatocyte_15weeks_Animal1_Capture1_ATCACGATCTCTGTCG,6.315364480800976,15
Hepatocyte_15weeks_Animal1_Capture1_ATGGGAGCACCGTTGG,6.134164581765333,15
Hepatocyte_15weeks_Animal1_Capture1_ATTACTCTCAATAAGG,6.296025565077336,15
Hepatocyte_15weeks_Animal1_Capture1_CACAAACCAACACCTA,5.7992098524441715,15
Hepatocyte_15weeks_Animal1_Capture1_CACAGGCAGCCTCGTG,6.183235251585968,15
Hepatocyte_15weeks_Animal1_Capture1_CACATTTCATTGGCGC,5.794834282785867,15
Hepatocyte_15weeks_Animal1_Capture1_CAGCAGCGTGGGTCAA,6.268686209266235,15
Hepatocyte_15weeks_Animal1_Capture1_CAGCTGGCACCCATTC,6.222018322831518,15
Hepatocyte_15weeks_Animal1_Capture1_CATATGGTCACCTCGT,6.104560644364096,15
Hepatocyte_15weeks_Animal1_Capture1_CATATTCGTTATCCGA,6.195995151545414,15
Hepatocyte_15weeks_Animal1_Capture1_CATTATCGTTCAGCGC,6.135604264357193,15
Hepatocyte_15weeks_Animal1_Capture1_CCATTCGGTACAGACG,6.123429846420665,15
Hepatocyte_15weeks_Animal1_Capture1_CCCAATCGTCCGAGTC,6.242804485385694,15
Hepatocyte_15weeks_Animal1_Capture1_CCCATACCAAAGTGCG,6.132050379807962,15
Hepatocyte_15weeks_Animal1_Capture1_CCCTCCTCAACTGCTA,5.763477645047891,15
Hepatocyte_15weeks_Animal1_Capture1_CCGGTAGTCTTGAGAC,6.296592280838924,15
Hepatocyte_15weeks_Animal1_Capture1_CCGTTCATCCTAGTGA,5.96534062611382,15
Hepatocyte_15weeks_Animal1_Capture1_CCTACACCAGCTGCAC,6.290784851655406,15
Hepatocyte_15weeks_Animal1_Capture1_CCTCAGTCATCCCACT,5.999265919950038,15
Hepatocyte_15weeks_Animal1_Capture1_CCTTCGAGTCTCCATC,6.26183470359134,15
Hepatocyte_15weeks_Animal1_Capture1_CGAATGTAGTACACCT,6.064371763140905,15
Hepatocyte_15weeks_Animal1_Capture1_CGCCAAGTCCGCTGTT,6.173432233154969,15
Hepatocyte_15weeks_Animal1_Capture1_CGCTGGAAGTACGACG,6.222224217415681,15
Hepatocyte_15weeks_Animal1_Capture1_CGTAGCGGTTTACTCT,6.188274324610992,15
Hepatocyte_15weeks_Animal1_Capture1_CGTGTCTGTCTTCAAG,6.33906218322276,15
Hepatocyte_15weeks_Animal1_Capture1_CTAACTTTCTATCGCC,5.815329895936849,15
Hepatocyte_15weeks_Animal1_Capture1_CTGCTGTTCGGCTACG,6.007748432377378,15
Hepatocyte_15weeks_Animal1_Capture1_CTGGTCTAGGTGATAT,6.176463398990448,15
Hepatocyte_15weeks_Animal1_Capture1_CTGTTTATCCATGAAC,5.978074927409548,15
Hepatocyte_15weeks_Animal1_Capture1_CTTAGGAGTCATCGGC,6.042663929415621,15
Hepatocyte_15weeks_Animal1_Capture1_CTTGGCTAGCCGGTAA,6.148623344755179,15
Hepatocyte_15weeks_Animal1_Capture1_CTTGGCTGTAGCAAAT,6.226668144076196,15
Hepatocyte_15weeks_Animal1_Capture1_GAATAAGGTAGCAAAT,6.225351396762248,15
Hepatocyte_15weeks_Animal1_Capture1_GACGTGCCATCTACGA,6.32041891243477,15
Hepatocyte_15weeks_Animal1_Capture1_GACGTTACACGTAAGG,5.991209578927524,15
Hepatocyte_15weeks_Animal1_Capture1_GACTGCGCAGCTTAAC,6.160724490864413,15
Hepatocyte_15weeks_Animal1_Capture1_GAGGTGAGTATGAATG,5.990404240307976,15
Hepatocyte_15weeks_Animal1_Capture1_GATGAGGTCGCCTGTT,5.906326794818701,15
Hepatocyte_15weeks_Animal1_Capture1_GCAGCCAGTGATAAGT,5.955903754560671,15
Hepatocyte_15weeks_Animal1_Capture1_GCAGCCATCGTCCAGG,6.143875103533176,15
Hepatocyte_15weeks_Animal1_Capture1_GCGCCAAAGCCACTAT,6.13548778233488,15
Hepatocyte_15weeks_Animal1_Capture1_GCTCCTATCCGTCAAA,5.92948197241185,15
Hepatocyte_15weeks_Animal1_Capture1_GCTTGAAAGTCGTACT,6.068737459418621,15
Hepatocyte_15weeks_Animal1_Capture1_GGAATAACACAAGTAA,5.9206175140260395,15
Hepatocyte_15weeks_Animal1_Capture1_GGCGACTAGCGTTGCC,6.2897613485058255,15
Hepatocyte_15weeks_Animal1_Capture1_GGGAATGGTCTAGTCA,6.283839226210398,15
Hepatocyte_15weeks_Animal1_Capture1_GTATCTTGTTGGTAAA,6.142359498294306,15
Hepatocyte_15weeks_Animal1_Capture1_GTGGGTCTCAGTACGT,5.84064472187576,15
Hepatocyte_15weeks_Animal1_Capture1_GTTCATTAGTGGGATC,6.111704393805175,15
Hepatocyte_15weeks_Animal1_Capture1_TAAACCGCACTCAGGC,6.095912412920469,15
Hepatocyte_15weeks_Animal1_Capture1_TACCTTATCATGTCTT,6.147548111841517,15
Hepatocyte_15weeks_Animal1_Capture1_TAGAGCTCACTACAGT,6.1838835035045765,15
Hepatocyte_15weeks_Animal1_Capture1_TAGTGGTAGACCTAGG,6.171858049199649,15
Hepatocyte_15weeks_Animal1_Capture1_TATGCCCAGTGTACTC,6.276717213379385,15
Hepatocyte_15weeks_Animal1_Capture1_TATTACCGTGTGTGCC,6.173516818870034,15
Hepatocyte_15weeks_Animal1_Capture1_TCAGATGCATAGTAAG,5.568596358549133,15
Hepatocyte_15weeks_Animal1_Capture1_TCAGGTAGTCGGGTCT,5.9044838958000305,15
Hepatocyte_15weeks_Animal1_Capture1_TCCACACCACGTCAGC,6.397691876168784,15
Hepatocyte_15weeks_Animal1_Capture1_TCTTCGGAGCCAGGAT,6.082364324140942,15
Hepatocyte_15weeks_Animal1_Capture1_TCTTTCCTCCTTTCGG,6.135255702604801,15
Hepatocyte_15weeks_Animal1_Capture1_TGAAAGAAGTAGGTGC,5.963652060323366,15
Hepatocyte_15weeks_Animal1_Capture1_TGCCCTATCTTCGAGA,5.992331162132001,15
Hepatocyte_15weeks_Animal1_Capture1_TGGGAAGTCATTATCC,6.2594589520304345,15
Hepatocyte_15weeks_Animal1_Capture1_TGTGGTACAAAGGTGC,6.191018921656383,15
Hepatocyte_15weeks_Animal1_Capture1_TTAGGACTCGTTGCCT,6.056315411921221,15
Hepatocyte_15weeks_Animal1_Capture1_TTCCCAGTCAGCAACT,6.223955424962115,15
Hepatocyte_15weeks_Animal1_Capture1_TTTATGCAGTTACCCA,6.326153529698143,15
Hepatocyte_15weeks_Animal1_Capture2_AACACGTTCACGACTA,5.738387628850248,15
Hepatocyte_15weeks_Animal1_Capture2_AACTCAGTCCATTCTA,6.2220239380864655,15
Hepatocyte_15weeks_Animal1_Capture2_AACTTTCCATCTACGA,5.742582483329242,15
Hepatocyte_15weeks_Animal1_Capture2_AAGTCTGTCTGAAAGA,6.017423463695823,15
Hepatocyte_15weeks_Animal1_Capture2_ACATGGTGTATTCTCT,6.300162532883756,15
Hepatocyte_15weeks_Animal1_Capture2_ACCCACTGTGCAGGTA,6.115139727486093,15
Hepatocyte_15weeks_Animal1_Capture2_ACGGGCTCATTCGACA,6.3789568101740866,15
Hepatocyte_15weeks_Animal1_Capture2_ACTGAACCACATCCGG,6.212058165897219,15
Hepatocyte_15weeks_Animal1_Capture2_AGACGTTAGATCACGG,5.922497257630357,15
Hepatocyte_15weeks_Animal1_Capture2_AGACGTTCACTATCTT,6.263468038076881,15
Hepatocyte_15weeks_Animal1_Capture2_AGCGGTCCACAACTGT,6.248995049827147,15
Hepatocyte_15weeks_Animal1_Capture2_AGCTCCTTCTACCAGA,6.191516702813045,15
Hepatocyte_15weeks_Animal1_Capture2_AGGCCGTGTGTGGTTT,6.244373950033761,15
Hepatocyte_15weeks_Animal1_Capture2_AGGGAGTCACGAAGCA,6.306994855789602,15
Hepatocyte_15weeks_Animal1_Capture2_ATAAGAGAGTAGCGGT,6.049606974637319,15
Hepatocyte_15weeks_Animal1_Capture2_ATCTGCCAGCGAGAAA,6.4690282944783135,15
Hepatocyte_15weeks_Animal1_Capture2_ATTACTCGTCTGCCAG,6.197232472922268,15
Hepatocyte_15weeks_Animal1_Capture2_CAACCTCGTACCATCA,6.183954689565629,15
Hepatocyte_15weeks_Animal1_Capture2_CAACTAGTCGCTAGCG,6.178450650828022,15
Hepatocyte_15weeks_Animal1_Capture2_CACCACTCAGCTGCTG,6.212934503673252,15
Hepatocyte_15weeks_Animal1_Capture2_CAGAGAGCAGGGTTAG,5.979423089069702,15
Hepatocyte_15weeks_Animal1_Capture2_CAGATCAAGTTACGGG,6.153333869923602,15
Hepatocyte_15weeks_Animal1_Capture2_CAGCATAGTCAAACTC,6.061318246488085,15
Hepatocyte_15weeks_Animal1_Capture2_CAGCTGGAGAGTAATC,6.168933748855215,15
Hepatocyte_15weeks_Animal1_Capture2_CAGGTGCCATCGGTTA,6.019171238563526,15
Hepatocyte_15weeks_Animal1_Capture2_CAGTCCTCACCTGGTG,6.129147426625325,15
Hepatocyte_15weeks_Animal1_Capture2_CATATGGGTCCCTTGT,6.170558212488356,15
Hepatocyte_15weeks_Animal1_Capture2_CATCGAACAAGCGTAG,6.128798133415204,15
Hepatocyte_15weeks_Animal1_Capture2_CATGACAAGTACATGA,6.23833400998382,15
Hepatocyte_15weeks_Animal1_Capture2_CCCTCCTCAATCAGAA,6.251777722621395,15
Hepatocyte_15weeks_Animal1_Capture2_CCGTACTCATGTAAGA,6.066639520669087,15
Hepatocyte_15weeks_Animal1_Capture2_CCTACCATCCCTTGTG,6.194091941953322,15
Hepatocyte_15weeks_Animal1_Capture2_CGAATGTCAGACACTT,6.200429657661128,15
Hepatocyte_15weeks_Animal1_Capture2_CGATGTATCGACGGAA,6.08806431784487,15
Hepatocyte_15weeks_Animal1_Capture2_CGCCAAGTCAATAAGG,5.38558532322018,15
Hepatocyte_15weeks_Animal1_Capture2_CGCGGTATCAGTACGT,6.140227110016745,15
Hepatocyte_15weeks_Animal1_Capture2_CGCTATCTCAGTCCCT,6.224172689010195,15
Hepatocyte_15weeks_Animal1_Capture2_CGGGTCAGTCCCTACT,5.819699235209356,15
Hepatocyte_15weeks_Animal1_Capture2_CGGTTAATCGAACTGT,6.172205715408076,15
Hepatocyte_15weeks_Animal1_Capture2_CGTGAGCAGTGGGCTA,6.191318524141799,15
Hepatocyte_15weeks_Animal1_Capture2_CGTGTAACAAGACACG,5.9784049100753345,15
Hepatocyte_15weeks_Animal1_Capture2_CTCGTACAGAACAATC,5.824181194645538,15
Hepatocyte_15weeks_Animal1_Capture2_CTCGTCAGTGCATCTA,6.0242847885557715,15
Hepatocyte_15weeks_Animal1_Capture2_CTCTAATGTCTCAACA,6.191151227231435,15
Hepatocyte_15weeks_Animal1_Capture2_CTGAAGTTCAACACGT,6.219080358187114,15
Hepatocyte_15weeks_Animal1_Capture2_CTGCCTACATTAGGCT,6.082411528162588,15
Hepatocyte_15weeks_Animal1_Capture2_CTGGTCTCACGCGAAA,6.220650412102136,15
Hepatocyte_15weeks_Animal1_Capture2_GAAATGATCCTCGCAT,6.023165993702779,15
Hepatocyte_15weeks_Animal1_Capture2_GACCTGGAGGTTACCT,5.626144724384086,15
Hepatocyte_15weeks_Animal1_Capture2_GCACTCTCAGTTAACC,5.390787705618176,15
Hepatocyte_15weeks_Animal1_Capture2_GCTGCTTCAGCGTAAG,5.531729022483805,15
Hepatocyte_15weeks_Animal1_Capture2_GGATTACCAAGCCATT,6.15726428660685,15
Hepatocyte_15weeks_Animal1_Capture2_GGGAGATCATCCGTGG,6.070628363844062,15
Hepatocyte_15weeks_Animal1_Capture2_GTAGGCCTCGACCAGC,5.881808205103159,15
Hepatocyte_15weeks_Animal1_Capture2_GTAGTCACAAAGTGCG,5.476017524930188,15
Hepatocyte_15weeks_Animal1_Capture2_GTCCTCAAGTGTACGG,5.4496942346549595,15
Hepatocyte_15weeks_Animal1_Capture2_GTCGGGTAGAGGTAGA,5.744052044871186,15
Hepatocyte_15weeks_Animal1_Capture2_GTGCAGCGTCCGAATT,6.124373829825291,15
Hepatocyte_15weeks_Animal1_Capture2_GTGTGCGCAAGGTTCT,6.15375042717362,15
Hepatocyte_15weeks_Animal1_Capture2_GTTCATTAGTTACGGG,6.150670840895059,15
Hepatocyte_15weeks_Animal1_Capture2_GTTCGGGGTTTAAGCC,6.164424215797835,15
Hepatocyte_15weeks_Animal1_Capture2_TAAGAGAGTGTGGTTT,6.222479765259483,15
Hepatocyte_15weeks_Animal1_Capture2_TACGGATCAGATCCAT,6.129609982509728,15
Hepatocyte_15weeks_Animal1_Capture2_TACTCATGTCAGATAA,6.0719609731028195,15
Hepatocyte_15weeks_Animal1_Capture2_TACTTGTGTATATGAG,6.185280502498067,15
Hepatocyte_15weeks_Animal1_Capture2_TAGCCGGGTCTCACCT,6.325093942579142,15
Hepatocyte_15weeks_Animal1_Capture2_TATTACCAGTGTGGCA,6.114531387332399,15
Hepatocyte_15weeks_Animal1_Capture2_TCGTACCTCATGCATG,6.2012382397076395,15
Hepatocyte_15weeks_Animal1_Capture2_TGAGCATTCGTTGCCT,6.1393199947205295,15
Hepatocyte_15weeks_Animal1_Capture2_TGCCCATTCTCTTGAT,6.098564710702043,15
Hepatocyte_15weeks_Animal1_Capture2_TGCGGGTCAATGACCT,6.116840383134842,15
Hepatocyte_15weeks_Animal1_Capture2_TGCGGGTTCATATCGG,5.587663092690059,15
Hepatocyte_15weeks_Animal1_Capture2_TGCGTGGTCCTACAGA,6.067667396669985,15
Hepatocyte_15weeks_Animal1_Capture2_TGCTGCTGTCGAGTTT,5.651065804916337,15
Hepatocyte_15weeks_Animal1_Capture2_TGCTGCTTCCTCATTA,6.334450356186488,15
Hepatocyte_15weeks_Animal1_Capture2_TGGACGCAGATCACGG,5.506055726022218,15
Hepatocyte_15weeks_Animal1_Capture2_TGGCCAGGTAGCAAAT,6.2366455656421635,15
Hepatocyte_15weeks_Animal1_Capture2_TGTTCCGTCTCCAGGG,6.13438880880323,15
Hepatocyte_15weeks_Animal1_Capture2_TTAGGACAGAGAGCTC,6.183581933836949,15
Hepatocyte_15weeks_Animal1_Capture2_TTGCGTCTCAAACCAC,6.3154340758193905,15
Hepatocyte_15weeks_Animal1_Capture2_TTGGAACCAACACCTA,5.9217474118573,15
Hepatocyte_15weeks_Animal1_Capture2_TTGGAACCATCGGTTA,6.243230090713247,15
Hepatocyte_15weeks_Animal1_Capture2_TTTGGTTGTTGTCTTT,6.036170738103706,15
Hepatocyte_15weeks_Animal3_Capture1_AACTCAGGTTCCACTC,5.597043923209479,15
Hepatocyte_15weeks_Animal3_Capture1_ACATGGTTCTTCATGT,5.8856555190454225,15
Hepatocyte_15weeks_Animal3_Capture1_ACCAGTATCGCCTGAG,5.976298853828836,15
Hepatocyte_15weeks_Animal3_Capture1_ACGAGGATCGCATGAT,5.775247388995295,15
Hepatocyte_15weeks_Animal3_Capture1_AGAGTGGTCCTCATTA,5.680273524556567,15
Hepatocyte_15weeks_Animal3_Capture1_AGCTCTCTCGTAGATC,5.762035719417469,15
Hepatocyte_15weeks_Animal3_Capture1_AGTTGGTAGACGCAAC,5.536294388174053,15
Hepatocyte_15weeks_Animal3_Capture1_ATCATCTAGCTAGTTC,5.905618633369325,15
Hepatocyte_15weeks_Animal3_Capture1_ATCATCTGTATCAGTC,5.293550617131353,15
Hepatocyte_15weeks_Animal3_Capture1_ATCATGGGTCTCTCTG,5.796311999133271,15
Hepatocyte_15weeks_Animal3_Capture1_ATCCACCCACCCAGTG,5.863131190561793,15
Hepatocyte_15weeks_Animal3_Capture1_ATTACTCGTACGCACC,5.461824636638835,15
Hepatocyte_15weeks_Animal3_Capture1_ATTGGTGGTAAACCTC,5.528763115923363,15
Hepatocyte_15weeks_Animal3_Capture1_CACAAACGTTGAACTC,5.82556087269137,15
Hepatocyte_15weeks_Animal3_Capture1_CACACCTGTTATCCGA,5.659516639835951,15
Hepatocyte_15weeks_Animal3_Capture1_CAGCAGCTCGTAGGTT,5.800680377603344,15
Hepatocyte_15weeks_Animal3_Capture1_CAGCTGGTCGGAAATA,5.4869887141799465,15
Hepatocyte_15weeks_Animal3_Capture1_CAGTCCTAGTCTCCTC,5.404811834264708,15
Hepatocyte_15weeks_Animal3_Capture1_CATCAAGTCTGCAGTA,6.054880199458649,15
Hepatocyte_15weeks_Animal3_Capture1_CATCGGGTCTGCCCTA,5.379596190808579,15
Hepatocyte_15weeks_Animal3_Capture1_CCATGTCCAGTTTACG,5.403469448812642,15
Hepatocyte_15weeks_Animal3_Capture1_CGAATGTCACTATCTT,5.668190302912086,15
Hepatocyte_15weeks_Animal3_Capture1_CGATCGGTCTCGCTTG,5.888713081521898,15
Hepatocyte_15weeks_Animal3_Capture1_CGGAGCTTCCAATGGT,5.559705214201777,15
Hepatocyte_15weeks_Animal3_Capture1_CGGAGTCTCCTAGTGA,5.442897047163186,15
Hepatocyte_15weeks_Animal3_Capture1_CGTAGCGCAGAGTGTG,5.880201468630515,15
Hepatocyte_15weeks_Animal3_Capture1_CGTCACTCACACCGCA,5.652038008034518,15
Hepatocyte_15weeks_Animal3_Capture1_CTCACACTCTCTTGAT,5.782539263172828,15
Hepatocyte_15weeks_Animal3_Capture1_CTCCTAGCAAGTTAAG,6.034508324611704,15
Hepatocyte_15weeks_Animal3_Capture1_CTCTGGTTCCTTAATC,5.562387125108975,15
Hepatocyte_15weeks_Animal3_Capture1_CTGTGCTGTTAGATGA,5.791503289797122,15
Hepatocyte_15weeks_Animal3_Capture1_CTTGGCTAGGAGCGTT,5.977431806515048,15
Hepatocyte_15weeks_Animal3_Capture1_GAACGGAAGTCATCCA,5.549824187584794,15
Hepatocyte_15weeks_Animal3_Capture1_GATCAGTCAGCGAACA,5.831551525132346,15
Hepatocyte_15weeks_Animal3_Capture1_GATTCAGAGTACCGGA,5.827113838943103,15
Hepatocyte_15weeks_Animal3_Capture1_GCAGTTATCTTCTGGC,5.306627461109381,15
Hepatocyte_15weeks_Animal3_Capture1_GCGCGATCAGACTCGC,5.617797329637854,15
Hepatocyte_15weeks_Animal3_Capture1_GCTCCTAAGTTCGCAT,5.551634787688598,15
Hepatocyte_15weeks_Animal3_Capture1_GGAAAGCAGGACAGCT,5.555723186082297,15
Hepatocyte_15weeks_Animal3_Capture1_GGACAAGAGGGTTCCC,5.3488571826533295,15
Hepatocyte_15weeks_Animal3_Capture1_GGACGTCTCTTCGAGA,5.851625881656075,15
Hepatocyte_15weeks_Animal3_Capture1_GGGAGATGTGTAATGA,5.447925709079968,15
Hepatocyte_15weeks_Animal3_Capture1_GGTATTGCACGGACAA,5.324160968031979,15
Hepatocyte_15weeks_Animal3_Capture1_GTCATTTCAGCGTCCA,5.534308038884019,15
Hepatocyte_15weeks_Animal3_Capture1_GTTACAGCACGCGAAA,5.821552481378212,15
Hepatocyte_15weeks_Animal3_Capture1_TACGGTAGTGCTCTTC,5.863560975826634,15
Hepatocyte_15weeks_Animal3_Capture1_TACGGTATCGCCCTTA,5.583805301277447,15
Hepatocyte_15weeks_Animal3_Capture1_TACTCGCGTTACGGAG,5.880449274179382,15
Hepatocyte_15weeks_Animal3_Capture1_TAGCCGGAGAATAGGG,5.787732882427049,15
Hepatocyte_15weeks_Animal3_Capture1_TAGTGGTCAAGCGATG,5.87292152110914,15
Hepatocyte_15weeks_Animal3_Capture1_TCAGGATGTAGCGATG,5.685112798202768,15
Hepatocyte_15weeks_Animal3_Capture1_TCATTACTCCGCGTTT,5.633825568035935,15
Hepatocyte_15weeks_Animal3_Capture1_TCGAGGCCAGGGTTAG,5.209889234314959,15
Hepatocyte_15weeks_Animal3_Capture1_TCGGGACCAAGTAATG,5.596714286343327,15
Hepatocyte_15weeks_Animal3_Capture1_TCTTCGGGTTCACGGC,5.841354997649319,15
Hepatocyte_15weeks_Animal3_Capture1_TGCTACCAGGTGATTA,6.016685781789728,15
Hepatocyte_15weeks_Animal3_Capture1_TGCTGCTGTAAACGCG,5.203300845265879,15
Hepatocyte_15weeks_Animal3_Capture1_TGGCCAGCACGACTCG,5.9906291494324915,15
Hepatocyte_15weeks_Animal3_Capture1_TTCGGTCAGTGGAGAA,5.981209925570808,15
Hepatocyte_15weeks_Animal3_Capture1_TTGACTTGTGACCAAG,5.596707020154199,15
Hepatocyte_15weeks_Animal3_Capture1_TTTACTGAGATCTGAA,5.927920020315165,15
Hepatocyte_15weeks_Animal3_Capture2_AAACCTGAGATACACA,5.849498968956189,15
Hepatocyte_15weeks_Animal3_Capture2_AACGTTGAGCTGCGAA,5.782697525578332,15
Hepatocyte_15weeks_Animal3_Capture2_AACTTTCTCACATAGC,5.112765923249018,15
Hepatocyte_15weeks_Animal3_Capture2_AAGGTTCAGTCGAGTG,5.863077296515632,15
Hepatocyte_15weeks_Animal3_Capture2_ACACTGATCAAAGTAG,5.845519967850505,15
Hepatocyte_15weeks_Animal3_Capture2_ACCTTTAGTTCCCGAG,5.823646925866532,15
Hepatocyte_15weeks_Animal3_Capture2_ACTGTCCCATCGTCGG,5.820035374022669,15
Hepatocyte_15weeks_Animal3_Capture2_ACTTACTCATAACCTG,5.904403710981953,15
Hepatocyte_15weeks_Animal3_Capture2_AGATTGCAGTCAAGGC,5.545729785065282,15
Hepatocyte_15weeks_Animal3_Capture2_AGTAGTCAGGTAGCTG,5.884776134236162,15
Hepatocyte_15weeks_Animal3_Capture2_AGTTGGTGTACCGTTA,5.83524040349653,15
Hepatocyte_15weeks_Animal3_Capture2_ATCCACCCACCATCCT,6.005159487154323,15
Hepatocyte_15weeks_Animal3_Capture2_ATCTGCCCAACACCCG,5.799016950652993,15
Hepatocyte_15weeks_Animal3_Capture2_ATGGGAGCAAAGGTGC,5.99812419642541,15
Hepatocyte_15weeks_Animal3_Capture2_CACCACTAGGCTAGAC,5.449199765942924,15
Hepatocyte_15weeks_Animal3_Capture2_CACCACTGTGATGATA,5.878360440169947,15
Hepatocyte_15weeks_Animal3_Capture2_CACCTTGAGCGTCAAG,5.954922672365587,15
Hepatocyte_15weeks_Animal3_Capture2_CACCTTGGTACCCAAT,5.4039957708362305,15
Hepatocyte_15weeks_Animal3_Capture2_CAGAATCGTTGATTCG,5.1653244121384505,15
Hepatocyte_15weeks_Animal3_Capture2_CAGATCAAGGGTTTCT,5.342894113477968,15
Hepatocyte_15weeks_Animal3_Capture2_CAGCTGGGTCTAGCCG,5.525900645215156,15
Hepatocyte_15weeks_Animal3_Capture2_CATCCACTCAAGGCTT,5.511886557516904,15
Hepatocyte_15weeks_Animal3_Capture2_CCACTACAGTGGCACA,5.863041954133304,15
Hepatocyte_15weeks_Animal3_Capture2_CCGTTCACACAGTCGC,5.476863016680234,15
Hepatocyte_15weeks_Animal3_Capture2_CCTACACAGACTAAGT,5.754374088225285,15
Hepatocyte_15weeks_Animal3_Capture2_CCTCTGATCCTGCAGG,5.819336806131203,15
Hepatocyte_15weeks_Animal3_Capture2_CGAATGTAGTAACCCT,5.7460278572713035,15
Hepatocyte_15weeks_Animal3_Capture2_CGACTTCGTTCCGTCT,5.9240496089463095,15
Hepatocyte_15weeks_Animal3_Capture2_CGATGTAAGTAGGTGC,5.823707170790973,15
Hepatocyte_15weeks_Animal3_Capture2_CGGTTAAAGACCGGAT,6.005900596991227,15
Hepatocyte_15weeks_Animal3_Capture2_CGTCCATCAGCTCGCA,5.613667693064588,15
Hepatocyte_15weeks_Animal3_Capture2_CGTCTACAGCCAGAAC,5.956842950479215,15
Hepatocyte_15weeks_Animal3_Capture2_CGTGAGCAGATGTCGG,5.6798052184166,15
Hepatocyte_15weeks_Animal3_Capture2_CGTTAGATCGGCGCAT,6.0441434596291685,15
Hepatocyte_15weeks_Animal3_Capture2_CTCGAGGTCTTGCCGT,6.017149714404269,15
Hepatocyte_15weeks_Animal3_Capture2_CTGTGCTCACGCCAGT,5.806770407578993,15
Hepatocyte_15weeks_Animal3_Capture2_GACACGCGTCAAGCGA,5.853594196926869,15
Hepatocyte_15weeks_Animal3_Capture2_GACGTTATCGGTGTTA,5.816744813273567,15
Hepatocyte_15weeks_Animal3_Capture2_GACTACAGTTTCCACC,5.99004916644097,15
Hepatocyte_15weeks_Animal3_Capture2_GATCGATCATCAGTAC,5.828323890362201,15
Hepatocyte_15weeks_Animal3_Capture2_GATCGTATCTCTGAGA,5.730774050957919,15
Hepatocyte_15weeks_Animal3_Capture2_GATCTAGTCTTCTGGC,5.3204726166117435,15
Hepatocyte_15weeks_Animal3_Capture2_GCACATACACTGTCGG,5.823711192516276,15
Hepatocyte_15weeks_Animal3_Capture2_GCGAGAACATGAACCT,5.491108802268649,15
Hepatocyte_15weeks_Animal3_Capture2_GCGCCAACAGCCTTTC,5.8412686252660855,15
Hepatocyte_15weeks_Animal3_Capture2_GCTGCTTTCCCTAACC,5.795715946707034,15
Hepatocyte_15weeks_Animal3_Capture2_GCTTCCAGTAATCACC,5.854767325801778,15
Hepatocyte_15weeks_Animal3_Capture2_GGAAAGCAGCTAAACA,5.883347546159823,15
Hepatocyte_15weeks_Animal3_Capture2_GGAAAGCCATGCCTAA,5.225310650654789,15
Hepatocyte_15weeks_Animal3_Capture2_GGACAGACAATGACCT,5.57165420145988,15
Hepatocyte_15weeks_Animal3_Capture2_GGATTACAGGTGCTTT,5.398749427124298,15
Hepatocyte_15weeks_Animal3_Capture2_GGCCGATGTATAATGG,5.614837681516412,15
Hepatocyte_15weeks_Animal3_Capture2_GTAACTGGTGCAACGA,5.750245455241217,15
Hepatocyte_15weeks_Animal3_Capture2_GTAGTCAAGTACTTGC,5.372212779550703,15
Hepatocyte_15weeks_Animal3_Capture2_GTGCATAGTCTCTCGT,5.648734601996947,15
Hepatocyte_15weeks_Animal3_Capture2_GTGCGGTAGGAGTACC,5.164843687067984,15
Hepatocyte_15weeks_Animal3_Capture2_TACGGGCGTCAGCTAT,5.781256246877625,15
Hepatocyte_15weeks_Animal3_Capture2_TACTCGCAGAGACTAT,5.805245925449933,15
Hepatocyte_15weeks_Animal3_Capture2_TAGTGGTAGATGTGGC,5.4672871358008885,15
Hepatocyte_15weeks_Animal3_Capture2_TAGTGGTTCCCTTGCA,5.652080557460232,15
Hepatocyte_15weeks_Animal3_Capture2_TCAATCTTCCACGAAT,5.542921924527173,15
Hepatocyte_15weeks_Animal3_Capture2_TCACAAGGTAAGGATT,5.793643484361573,15
Hepatocyte_15weeks_Animal3_Capture2_TCAGCTCAGGTACTCT,5.7520920271121305,15
Hepatocyte_15weeks_Animal3_Capture2_TCGGGACTCATAGCAC,5.860545991750005,15
Hepatocyte_15weeks_Animal3_Capture2_TCTATTGCAATGGTCT,5.715566578894757,15
Hepatocyte_15weeks_Animal3_Capture2_TCTCTAATCACTATTC,5.854242084260075,15
Hepatocyte_15weeks_Animal3_Capture2_TGACGGCCAAGAAAGG,5.838937786635313,15
Hepatocyte_15weeks_Animal3_Capture2_TGACTTTGTGCTGTAT,5.306734833777717,15
Hepatocyte_15weeks_Animal3_Capture2_TGATTTCTCTAACTCT,5.751568269441435,15
Hepatocyte_15weeks_Animal3_Capture2_TGCGGGTTCTCGGACG,5.812616384278657,15
Hepatocyte_15weeks_Animal3_Capture2_TGGGAAGGTTGAACTC,5.59295652473494,15
Hepatocyte_15weeks_Animal3_Capture2_TGGTTAGGTTCGTTGA,5.606914572477452,15
Hepatocyte_15weeks_Animal3_Capture2_TGGTTCCCAAGTAGTA,5.2188704860387745,15
Hepatocyte_15weeks_Animal3_Capture2_TTGCGTCTCGGATGTT,5.413784446293317,15
Hepatocyte_15weeks_Animal3_Capture2_TTTATGCAGCCGCCTA,5.463820531331789,15
Hepatocyte_15weeks_Animal3_Capture2_TTTGTCATCGGTCTAA,5.860183277720228,15
Hepatocyte_15weeks_Animal2_Capture2_AAGTCTGTCCTTGGTC,5.5975168730535145,15
Hepatocyte_15weeks_Animal2_Capture2_ACCTTTAGTAATTGGA,5.919957243841722,15
Hepatocyte_15weeks_Animal2_Capture2_ACGATGTTCTGCTTGC,6.154974891070769,15
Hepatocyte_15weeks_Animal2_Capture2_AGCGTATAGCCTTGAT,5.514662320955544,15
Hepatocyte_15weeks_Animal2_Capture2_CAGAATCAGCTATGCT,5.445062724876349,15
Hepatocyte_15weeks_Animal2_Capture2_CCTCAGTGTTAAAGAC,5.8996040675102375,15
Hepatocyte_15weeks_Animal2_Capture2_CGACTTCAGCCTCGTG,6.0747376528324235,15
Hepatocyte_15weeks_Animal2_Capture2_GAACCTACAACGATGG,5.997210844698196,15
Hepatocyte_15weeks_Animal2_Capture2_GAATGAAGTGGCTCCA,5.8685482433201726,15
Hepatocyte_15weeks_Animal2_Capture2_GCAAACTGTATTAGCC,6.156874008067458,15
Hepatocyte_15weeks_Animal2_Capture2_GCTGCAGAGCTGAACG,5.759147497742404,15
Hepatocyte_15weeks_Animal2_Capture2_GCTGCGAGTCCGAAGA,5.5419874407837835,15
Hepatocyte_15weeks_Animal2_Capture2_GCTGCTTCACCAGGTC,6.122723950110302,15
Hepatocyte_15weeks_Animal2_Capture2_GTCACAATCAGAGACG,6.1129040339247105,15
Hepatocyte_15weeks_Animal2_Capture2_GTGCGGTAGATATGGT,5.647774136219175,15
Hepatocyte_15weeks_Animal2_Capture2_GTGTGCGTCCAAGTAC,5.359587597497713,15
Hepatocyte_15weeks_Animal2_Capture2_TACTTACGTCATGCAT,6.175702063728101,15
Hepatocyte_15weeks_Animal2_Capture2_TAGTGGTTCTCTGTCG,6.067624646712627,15
Hepatocyte_15weeks_Animal2_Capture2_TGAGCATGTGTTTGGT,5.701804805577149,15
Hepatocyte_15weeks_Animal2_Capture2_TGCGTGGCACGAGGTA,6.188059743219123,15
Hepatocyte_15weeks_Animal2_Capture1_ACTGTCCAGATCTGAA,5.974186189614056,15
Hepatocyte_15weeks_Animal2_Capture1_AGCCTAAAGCCAGAAC,5.556888988236286,15
Hepatocyte_15weeks_Animal2_Capture1_ATTGGTGTCGATAGAA,5.467574284344394,15
Hepatocyte_15weeks_Animal2_Capture1_CAAGGCCCATGAGCGA,6.0104228937226125,15
Hepatocyte_15weeks_Animal2_Capture1_CAGCAGCTCCCAAGAT,5.912231062615064,15
Hepatocyte_15weeks_Animal2_Capture1_CCCAATCAGCGAGAAA,6.200600277063327,15
Hepatocyte_15weeks_Animal2_Capture1_CCTAAAGCATTCTTAC,6.013716983187272,15
Hepatocyte_15weeks_Animal2_Capture1_CCTTACGCAAGCGATG,6.270213385946307,15
Hepatocyte_15weeks_Animal2_Capture1_CCTTACGTCCCGGATG,5.997810746444657,15
Hepatocyte_15weeks_Animal2_Capture1_CCTTCGAAGTAGGTGC,5.660370160103505,15
Hepatocyte_15weeks_Animal2_Capture1_CGAACATCAAAGGAAG,5.493098473987036,15
Hepatocyte_15weeks_Animal2_Capture1_CGAATGTTCAACACGT,6.017361216211279,15
Hepatocyte_15weeks_Animal2_Capture1_CGACCTTCACCTATCC,5.560128064154144,15
Hepatocyte_15weeks_Animal2_Capture1_CGCGGTACACATCCAA,5.789631398675713,15
Hepatocyte_15weeks_Animal2_Capture1_CGGACACAGAGGTTAT,5.493067480244133,15
Hepatocyte_15weeks_Animal2_Capture1_CTCGGGATCGTGGTCG,6.386872235168182,15
Hepatocyte_15weeks_Animal2_Capture1_CTCGTCATCGTTTGCC,5.684968099496057,15
Hepatocyte_15weeks_Animal2_Capture1_CTCTAATGTCCAGTAT,5.821765224515203,15
Hepatocyte_15weeks_Animal2_Capture1_CTGAAACTCATGCTCC,5.982572482285322,15
Hepatocyte_15weeks_Animal2_Capture1_GCACTCTCAGACAGGT,6.004385410399914,15
Hepatocyte_15weeks_Animal2_Capture1_GCCAAATGTTGGACCC,6.282788365054869,15
Hepatocyte_15weeks_Animal2_Capture1_GCGCGATGTAGTACCT,5.961274152988152,15
Hepatocyte_15weeks_Animal2_Capture1_GGGACCTAGACTGGGT,5.950126170338053,15
Hepatocyte_15weeks_Animal2_Capture1_GGGAGATAGTAAGTAC,5.558560716869688,15
Hepatocyte_15weeks_Animal2_Capture1_TACACGAAGGCAGGTT,5.587166979760113,15
Hepatocyte_15weeks_Animal2_Capture1_TCGCGTTTCTCCGGTT,6.032465929310078,15
Hepatocyte_15weeks_Animal2_Capture1_TGAGCATGTCGAAAGC,5.619058410932159,15
Hepatocyte_15weeks_Animal2_Capture1_TGTGTTTGTTATCACG,5.336198691567277,15
Hepatocyte_15weeks_Animal2_Capture1_TTCGAAGGTGTTGAGG,5.615317312339016,15
Hepatocyte_15weeks_Animal2_Capture1_TTCGGTCAGCGTCTAT,6.276289799186641,15
Hepatocyte_15weeks_Animal2_Capture1_TTTGTCATCTTAGCCC,5.667094977123213,15
Hepatocyte_15weeks_Animal1_Capture1_ACATCAGCAAGTTAAG,6.028885423839065,15
Hepatocyte_15weeks_Animal1_Capture1_AGTCTTTTCGGTCCGA,5.642096838680007,15
Hepatocyte_15weeks_Animal1_Capture1_ATAACGCAGTAAGTAC,5.848150638102695,15
Hepatocyte_15weeks_Animal1_Capture1_ATCATGGAGGTCATCT,5.61198173857761,15
Hepatocyte_15weeks_Animal1_Capture1_ATTACTCGTATCAGTC,6.326417671027064,15
Hepatocyte_15weeks_Animal1_Capture1_CACCTTGCACACGCTG,5.795886328332114,15
Hepatocyte_15weeks_Animal1_Capture1_CATATGGTCTTCAACT,6.23489827511844,15
Hepatocyte_15weeks_Animal1_Capture1_CATCGAAAGTTGCAGG,5.982065535473325,15
Hepatocyte_15weeks_Animal1_Capture1_CCACGGACAAGAAAGG,5.378814556732589,15
Hepatocyte_15weeks_Animal1_Capture1_CCACGGAGTAGCCTAT,6.216708476174116,15
Hepatocyte_15weeks_Animal1_Capture1_CCATGTCCAGTATGCT,5.710076699049491,15
Hepatocyte_15weeks_Animal1_Capture1_CCATGTCGTACCGGCT,5.443906286143536,15
Hepatocyte_15weeks_Animal1_Capture1_CCGGGATGTACAAGTA,6.29618882523468,15
Hepatocyte_15weeks_Animal1_Capture1_CCTAGCTTCACGCATA,5.573771485787219,15
Hepatocyte_15weeks_Animal1_Capture1_CGTCAGGAGTTCGATC,6.165971800448111,15
Hepatocyte_15weeks_Animal1_Capture1_CTTTGCGTCATACGGT,5.803613616889939,15
Hepatocyte_15weeks_Animal1_Capture1_GACGTGCTCAAAGACA,6.118071818936419,15
Hepatocyte_15weeks_Animal1_Capture1_GCACTCTTCAGCGATT,6.23776052797743,15
Hepatocyte_15weeks_Animal1_Capture1_GTATTCTTCCTGCTTG,5.451851614599253,15
Hepatocyte_15weeks_Animal1_Capture1_TCACGAAGTTGGACCC,5.9571741491474395,15
Hepatocyte_15weeks_Animal1_Capture1_TCAGCTCAGAATTCCC,6.339619709806708,15
Hepatocyte_15weeks_Animal1_Capture1_TCATTACGTGTTTGGT,6.213395284187881,15
Hepatocyte_15weeks_Animal1_Capture1_TCTTCGGGTATAATGG,6.11861298751184,15
Hepatocyte_15weeks_Animal1_Capture2_ACACCAACAGCTGCTG,5.754739319720487,15
Hepatocyte_15weeks_Animal1_Capture2_ACACCCTTCTCTAGGA,5.9261733628635636,15
Hepatocyte_15weeks_Animal1_Capture2_ACACCGGCAAACTGTC,5.247447132134276,15
Hepatocyte_15weeks_Animal1_Capture2_ACAGCTAGTAAGGATT,5.7661087695748225,15
Hepatocyte_15weeks_Animal1_Capture2_ACTTTCAGTCTGGAGA,6.129355324937688,15
Hepatocyte_15weeks_Animal1_Capture2_AGGCCACTCTCTAAGG,6.069637529581762,15
Hepatocyte_15weeks_Animal1_Capture2_AGTGAGGTCCACGAAT,5.660828278762948,15
Hepatocyte_15weeks_Animal1_Capture2_CAAGGCCGTAAATGAC,5.269039826501089,15
Hepatocyte_15weeks_Animal1_Capture2_CACAGTAGTGTTGAGG,6.10619433275797,15
Hepatocyte_15weeks_Animal1_Capture2_CACATAGTCGCACTCT,6.1389721281786755,15
Hepatocyte_15weeks_Animal1_Capture2_CAGAATCTCAAAGACA,5.568106959382451,15
Hepatocyte_15weeks_Animal1_Capture2_CATATTCGTTAGTGGG,5.99132749106662,15
Hepatocyte_15weeks_Animal1_Capture2_CGTCCATTCTGTGCAA,5.389327794864702,15
Hepatocyte_15weeks_Animal1_Capture2_CGTGTCTTCGGAAATA,6.057334991547345,15
Hepatocyte_15weeks_Animal1_Capture2_CGTTCTGGTCGAGTTT,6.068799899106882,15
Hepatocyte_15weeks_Animal1_Capture2_CTCACACCAATACGCT,6.082832367871051,15
Hepatocyte_15weeks_Animal1_Capture2_CTTAGGAGTCGGGTCT,5.333341351309281,15
Hepatocyte_15weeks_Animal1_Capture2_GCGCCAAAGTGTTAGA,6.2303465838892125,15
Hepatocyte_15weeks_Animal1_Capture2_GCTCTGTTCATCGCTC,6.260242322251726,15
Hepatocyte_15weeks_Animal1_Capture2_GGAAAGCAGGCTCATT,5.440312729268969,15
Hepatocyte_15weeks_Animal1_Capture2_GGCGACTAGGCTAGCA,6.254551977836357,15
Hepatocyte_15weeks_Animal1_Capture2_GTATCTTGTCAGATAA,5.932852158797016,15
Hepatocyte_15weeks_Animal1_Capture2_GTGGGTCTCTTGCCGT,6.038538102445963,15
Hepatocyte_15weeks_Animal1_Capture2_TATCAGGGTGCACCAC,6.283622638507797,15
Hepatocyte_15weeks_Animal1_Capture2_TCAATCTTCCAGGGCT,5.976036402900701,15
Hepatocyte_15weeks_Animal1_Capture2_TTATGCTCACGGACAA,5.629743578234559,15
Hepatocyte_15weeks_Animal1_Capture2_TTCCCAGTCCTCGCAT,6.1232358591554945,15
Hepatocyte_15weeks_Animal1_Capture2_TTCTCCTCAGACACTT,5.823376014982857,15
Hepatocyte_15weeks_Animal1_Capture2_TTTGCGCGTTCGAATC,5.967925139895847,15
Hepatocyte_15weeks_Animal3_Capture1_AAATGCCGTACACCGC,5.0278038004656675,15
Hepatocyte_15weeks_Animal3_Capture1_AACCATGTCAGCTCTC,5.994895169147207,15
Hepatocyte_15weeks_Animal3_Capture1_AACTCAGCAAAGGAAG,6.022596401316816,15
Hepatocyte_15weeks_Animal3_Capture1_AACTCAGCATCCTTGC,5.5277694105480935,15
Hepatocyte_15weeks_Animal3_Capture1_AAGACCTAGCGTTGCC,5.5619529029575645,15
Hepatocyte_15weeks_Animal3_Capture1_AATCGGTGTTACGACT,5.953788742608171,15
Hepatocyte_15weeks_Animal3_Capture1_ACAGCCGGTTCGCTAA,4.944829545247431,15
Hepatocyte_15weeks_Animal3_Capture1_ACGAGGAGTGCTCTTC,5.366421344234466,15
Hepatocyte_15weeks_Animal3_Capture1_ACGAGGAGTTGCGTTA,6.038022024956892,15
Hepatocyte_15weeks_Animal3_Capture1_ACGAGGATCTTTCCTC,4.871656801841185,15
Hepatocyte_15weeks_Animal3_Capture1_ACGATACTCTGTTGAG,4.730589656438857,15
Hepatocyte_15weeks_Animal3_Capture1_ACGCAGCGTCACTTCC,5.207980611697932,15
Hepatocyte_15weeks_Animal3_Capture1_ACGGCCACAGGAATCG,5.233787641592647,15
Hepatocyte_15weeks_Animal3_Capture1_ACTGTCCTCGCAAGCC,5.97676827479326,15
Hepatocyte_15weeks_Animal3_Capture1_ACTTGTTTCCTTCAAT,5.426214003691907,15
Hepatocyte_15weeks_Animal3_Capture1_AGAATAGGTCAAGCGA,5.860390744015671,15
Hepatocyte_15weeks_Animal3_Capture1_AGAATAGGTTGAACTC,5.027585157680932,15
Hepatocyte_15weeks_Animal3_Capture1_AGCGGTCTCAATCACG,5.039666902757297,15
Hepatocyte_15weeks_Animal3_Capture1_AGCGTATAGCTGTTCA,5.3704386061315015,15
Hepatocyte_15weeks_Animal3_Capture1_AGGCCACTCCGAATGT,5.917875150598491,15
Hepatocyte_15weeks_Animal3_Capture1_AGGGAGTCATCCCACT,5.161271549186254,15
Hepatocyte_15weeks_Animal3_Capture1_ATCATCTAGCCAGGAT,5.475137975288304,15
Hepatocyte_15weeks_Animal3_Capture1_ATCGAGTTCTGAGGGA,6.015694270288127,15
Hepatocyte_15weeks_Animal3_Capture1_ATCTACTAGGCAGTCA,5.870019704219125,15
Hepatocyte_15weeks_Animal3_Capture1_ATTATCCCATATACGC,6.063970680227133,15
Hepatocyte_15weeks_Animal3_Capture1_CAAGATCTCGACAGCC,5.4857184340668805,15
Hepatocyte_15weeks_Animal3_Capture1_CACAAACAGACGCTTT,5.122065133592667,15
Hepatocyte_15weeks_Animal3_Capture1_CACAAACCACCCTATC,6.091630035957687,15
Hepatocyte_15weeks_Animal3_Capture1_CACAAACTCAAAGTAG,5.925405268001425,15
Hepatocyte_15weeks_Animal3_Capture1_CACACCTGTCCCTTGT,4.960257866890048,15
Hepatocyte_15weeks_Animal3_Capture1_CACAGGCTCGGTGTTA,5.886715932470027,15
Hepatocyte_15weeks_Animal3_Capture1_CACATAGAGACGCACA,5.346681360067887,15
Hepatocyte_15weeks_Animal3_Capture1_CACATAGTCAATCTCT,6.120374168401404,15
Hepatocyte_15weeks_Animal3_Capture1_CACCAGGGTTACCGAT,5.947009664156864,15
Hepatocyte_15weeks_Animal3_Capture1_CAGAGAGAGGCTCAGA,5.39775803545497,15
Hepatocyte_15weeks_Animal3_Capture1_CAGCCGAGTCTCTCGT,4.846534727886369,15
Hepatocyte_15weeks_Animal3_Capture1_CAGCTGGCAACGCACC,4.905173902140698,15
Hepatocyte_15weeks_Animal3_Capture1_CAGCTGGGTAGAGCTG,4.813166098193898,15
Hepatocyte_15weeks_Animal3_Capture1_CCACGGATCAGGATCT,4.866301471126844,15
Hepatocyte_15weeks_Animal3_Capture1_CCCAATCTCACGATGT,4.950363965061874,15
Hepatocyte_15weeks_Animal3_Capture1_CCCAGTTAGTGTGAAT,5.230577177382509,15
Hepatocyte_15weeks_Animal3_Capture1_CCGGGATTCTAACTCT,4.940874925985762,15
Hepatocyte_15weeks_Animal3_Capture1_CCGTGGACAGTGACAG,5.929453690836932,15
Hepatocyte_15weeks_Animal3_Capture1_CCGTTCAAGCGTAGTG,5.094964532084866,15
Hepatocyte_15weeks_Animal3_Capture1_CCTTACGTCAAGCCTA,5.942006839188906,15
Hepatocyte_15weeks_Animal3_Capture1_CGAACATTCCAGGGCT,5.84294949461821,15
Hepatocyte_15weeks_Animal3_Capture1_CGAGCACTCTGTTTGT,5.4169481734416225,15
Hepatocyte_15weeks_Animal3_Capture1_CGATCGGAGCCCAATT,5.7634245510294555,15
Hepatocyte_15weeks_Animal3_Capture1_CGTAGCGAGGCCCGTT,5.94291052932914,15
Hepatocyte_15weeks_Animal3_Capture1_CGTCACTGTGCAACGA,6.0070041914007035,15
Hepatocyte_15weeks_Animal3_Capture1_CGTGTCTAGATCGATA,5.710957040460425,15
Hepatocyte_15weeks_Animal3_Capture1_CGTTCTGAGACTGTAA,5.1404758471644145,15
Hepatocyte_15weeks_Animal3_Capture1_CGTTGGGCACACCGAC,4.837087903565553,15
Hepatocyte_15weeks_Animal3_Capture1_CTAACTTTCTGGAGCC,5.9412567272354755,15
Hepatocyte_15weeks_Animal3_Capture1_CTACCCAAGAGGGCTT,5.913796231185511,15
Hepatocyte_15weeks_Animal3_Capture1_CTACGTCCAAAGCAAT,5.236822101271371,15
Hepatocyte_15weeks_Animal3_Capture1_CTACGTCCAGGCTGAA,5.871102170650561,15
Hepatocyte_15weeks_Animal3_Capture1_CTCACACTCATGTGGT,5.53329468879118,15
Hepatocyte_15weeks_Animal3_Capture1_CTCGAGGCAGTCAGAG,5.9640958621442035,15
Hepatocyte_15weeks_Animal3_Capture1_CTGCCTAAGGATGTAT,5.048768101932181,15
Hepatocyte_15weeks_Animal3_Capture1_CTGCGGAAGAGCTATA,4.7946214770696765,15
Hepatocyte_15weeks_Animal3_Capture1_GAAACTCCACGCGAAA,5.885504739861686,15
Hepatocyte_15weeks_Animal3_Capture1_GACCAATCATGTAGTC,5.503796967442341,15
Hepatocyte_15weeks_Animal3_Capture1_GACCAATGTGTTGGGA,5.338369573041987,15
Hepatocyte_15weeks_Animal3_Capture1_GACCTGGCATTCCTGC,5.94339133937697,15
Hepatocyte_15weeks_Animal3_Capture1_GACGGCTCATCCGGGT,5.349205285811662,15
Hepatocyte_15weeks_Animal3_Capture1_GAGCAGAAGATGTTAG,5.010148384657533,15
Hepatocyte_15weeks_Animal3_Capture1_GATCAGTAGAAGGCCT,5.047190394204306,15
Hepatocyte_15weeks_Animal3_Capture1_GATCGCGTCAGCACAT,6.048561239310079,15
Hepatocyte_15weeks_Animal3_Capture1_GATCGCGTCTCGTTTA,5.187648351240229,15
Hepatocyte_15weeks_Animal3_Capture1_GATGAAATCTGGTGTA,5.627358424404863,15
Hepatocyte_15weeks_Animal3_Capture1_GATGAGGGTTATGCGT,5.1536047913463365,15
Hepatocyte_15weeks_Animal3_Capture1_GCAGCCATCTGCTGCT,5.431498888828508,15
Hepatocyte_15weeks_Animal3_Capture1_GCAGTTAGTATGCTTG,5.983456354303654,15
Hepatocyte_15weeks_Animal3_Capture1_GCATGTAGTTGAGGTG,4.649734041423138,15
Hepatocyte_15weeks_Animal3_Capture1_GCTCTGTGTATCACCA,5.412484966488002,15
Hepatocyte_15weeks_Animal3_Capture1_GCTGCAGTCACTTACT,6.005795898092347,15
Hepatocyte_15weeks_Animal3_Capture1_GCTGCGATCTGATTCT,5.9424993568340945,15
Hepatocyte_15weeks_Animal3_Capture1_GCTTCCAAGCCTCGTG,5.842604201312617,15
Hepatocyte_15weeks_Animal3_Capture1_GGACATTCACCGGAAA,6.01838587385098,15
Hepatocyte_15weeks_Animal3_Capture1_GGACGTCAGTGAACGC,5.643591708945161,15
Hepatocyte_15weeks_Animal3_Capture1_GGAGCAAAGCTCCCAG,4.795247628413239,15
Hepatocyte_15weeks_Animal3_Capture1_GGCCGATGTCCTAGCG,4.765117443726282,15
Hepatocyte_15weeks_Animal3_Capture1_GGCCGATGTCGCGGTT,5.330345494886352,15
Hepatocyte_15weeks_Animal3_Capture1_GGCGACTGTGTGAATA,4.971149335405042,15
Hepatocyte_15weeks_Animal3_Capture1_GGCTGGTCACTGTTAG,5.330574495455308,15
Hepatocyte_15weeks_Animal3_Capture1_GGGAATGTCGTCACGG,5.1889522832478905,15
Hepatocyte_15weeks_Animal3_Capture1_GTAACGTAGGGTTCCC,6.0907488216898695,15
Hepatocyte_15weeks_Animal3_Capture1_GTCACAAAGCCAGGAT,5.923122339246463,15
Hepatocyte_15weeks_Animal3_Capture1_GTGCTTCTCATCGCTC,4.831661979087249,15
Hepatocyte_15weeks_Animal3_Capture1_GTGGGTCAGGCCCGTT,5.698250617602512,15
Hepatocyte_15weeks_Animal3_Capture1_GTTCATTGTGTGCCTG,5.537530152302429,15
Hepatocyte_15weeks_Animal3_Capture1_GTTCTCGCAGACTCGC,5.99775363192085,15
Hepatocyte_15weeks_Animal3_Capture1_TAAGCGTGTTCCATGA,6.134343702563786,15
Hepatocyte_15weeks_Animal3_Capture1_TAAGCGTTCGTTTATC,5.157871160524648,15
Hepatocyte_15weeks_Animal3_Capture1_TAAGTGCGTGATGTGG,4.842486976651715,15
Hepatocyte_15weeks_Animal3_Capture1_TACAGTGTCGATCCCT,4.8761363048901085,15
Hepatocyte_15weeks_Animal3_Capture1_TACCTATTCATAACCG,5.4974681329090185,15
Hepatocyte_15weeks_Animal3_Capture1_TACGGATAGGAGCGTT,5.749904626317882,15
Hepatocyte_15weeks_Animal3_Capture1_TACGGATGTACCCAAT,6.101611293045518,15
Hepatocyte_15weeks_Animal3_Capture1_TACGGGCGTGTGCCTG,5.907808090852363,15
Hepatocyte_15weeks_Animal3_Capture1_TAGTTGGAGGTTCCTA,5.931422357218793,15
Hepatocyte_15weeks_Animal3_Capture1_TATTACCAGTAACCCT,4.893490176887125,15
Hepatocyte_15weeks_Animal3_Capture1_TCAACGACACCTCGGA,5.952188897942305,15
Hepatocyte_15weeks_Animal3_Capture1_TCAACGACATGGGAAC,5.927888483986219,15
Hepatocyte_15weeks_Animal3_Capture1_TCACAAGTCTCGCATC,4.962633934330984,15
Hepatocyte_15weeks_Animal3_Capture1_TCAGATGAGATTACCC,4.90909450646911,15
Hepatocyte_15weeks_Animal3_Capture1_TCAGGTAGTTTGACTG,6.105239785862527,15
Hepatocyte_15weeks_Animal3_Capture1_TCAGGTATCAACACGT,6.064089889751528,15
Hepatocyte_15weeks_Animal3_Capture1_TCGGGACGTAAACGCG,5.185394514189682,15
Hepatocyte_15weeks_Animal3_Capture1_TCGTAGACACTATCTT,5.607661538009616,15
Hepatocyte_15weeks_Animal3_Capture1_TCTTTCCAGATTACCC,5.9031855757651694,15
Hepatocyte_15weeks_Animal3_Capture1_TGACAACCATGTCTCC,5.395877943023612,15
Hepatocyte_15weeks_Animal3_Capture1_TGACTTTTCGTTACAG,5.441700754469549,15
Hepatocyte_15weeks_Animal3_Capture1_TGCTGCTGTTGAGGTG,5.319448092884375,15
Hepatocyte_15weeks_Animal3_Capture1_TGGTTAGGTTGAGTTC,5.423782740464899,15
Hepatocyte_15weeks_Animal3_Capture1_TGGTTAGTCATGCAAC,5.978682703619738,15
Hepatocyte_15weeks_Animal3_Capture1_TGTCCCACAACTGGCC,5.239203137708095,15
Hepatocyte_15weeks_Animal3_Capture1_TTAGGCACATTACGAC,5.8972544480098135,15
Hepatocyte_15weeks_Animal3_Capture1_TTGACTTTCTGAGTGT,5.845155226628105,15
Hepatocyte_15weeks_Animal3_Capture1_TTTCCTCGTCTAGGTT,5.739391530763649,15
Hepatocyte_15weeks_Animal3_Capture1_TTTGTCAGTGTGACGA,5.506706463664769,15
Hepatocyte_15weeks_Animal3_Capture2_AAACCTGCACGACGAA,5.27506613120038,15
Hepatocyte_15weeks_Animal3_Capture2_AAATGCCAGCACGCCT,4.811452884972855,15
Hepatocyte_15weeks_Animal3_Capture2_AACACGTCACGTAAGG,5.918944274751206,15
Hepatocyte_15weeks_Animal3_Capture2_AACACGTTCTTGTTTG,5.486545038101305,15
Hepatocyte_15weeks_Animal3_Capture2_AACCGCGGTTCAGCGC,6.038515050728987,15
Hepatocyte_15weeks_Animal3_Capture2_AAGACCTGTCTCCATC,5.505149457281491,15
Hepatocyte_15weeks_Animal3_Capture2_AAGGTTCCAAATACAG,5.8974989297633025,15
Hepatocyte_15weeks_Animal3_Capture2_ACACCCTGTGTAACGG,5.90618421793025,15
Hepatocyte_15weeks_Animal3_Capture2_ACATACGGTCAGGACA,6.099931408438319,15
Hepatocyte_15weeks_Animal3_Capture2_ACATACGGTCTCTTAT,5.06427427343144,15
Hepatocyte_15weeks_Animal3_Capture2_ACATCAGTCATGCAAC,5.461738442088045,15
Hepatocyte_15weeks_Animal3_Capture2_ACCGTAAGTTTGACTG,5.5445607738762455,15
Hepatocyte_15weeks_Animal3_Capture2_ACGGAGATCCATGAAC,5.9323685920907225,15
Hepatocyte_15weeks_Animal3_Capture2_ACGGCCAAGACTTGAA,4.942178371060325,15
Hepatocyte_15weeks_Animal3_Capture2_ACTATCTAGACATAAC,5.328511949528838,15
Hepatocyte_15weeks_Animal3_Capture2_ACTGAGTTCGTTTATC,5.106015872686256,15
Hepatocyte_15weeks_Animal3_Capture2_AGACGTTAGACAGACC,5.09889586090657,15
Hepatocyte_15weeks_Animal3_Capture2_AGACGTTCATAAAGGT,5.44328721578311,15
Hepatocyte_15weeks_Animal3_Capture2_AGACGTTGTTATCCGA,5.285680805921372,15
Hepatocyte_15weeks_Animal3_Capture2_AGATTGCGTGACCAAG,5.922842264398879,15
Hepatocyte_15weeks_Animal3_Capture2_AGATTGCTCAACACGT,5.744237390999859,15
Hepatocyte_15weeks_Animal3_Capture2_AGCTCTCAGAAACCAT,5.991299697120907,15
Hepatocyte_15weeks_Animal3_Capture2_AGCTCTCGTGCACTTA,5.35046477382736,15
Hepatocyte_15weeks_Animal3_Capture2_AGGGATGTCTGGCGAC,5.891197135583716,15
Hepatocyte_15weeks_Animal3_Capture2_AGGTCCGTCGTAGATC,5.012915391863508,15
Hepatocyte_15weeks_Animal3_Capture2_AGTGAGGAGGCTCTTA,5.397934726489247,15
Hepatocyte_15weeks_Animal3_Capture2_AGTGAGGCAACGATGG,5.380688621976969,15
Hepatocyte_15weeks_Animal3_Capture2_AGTGAGGGTTTGGGCC,5.894049658805532,15
Hepatocyte_15weeks_Animal3_Capture2_ATAGACCAGGATGTAT,5.413372014336888,15
Hepatocyte_15weeks_Animal3_Capture2_ATAGACCTCATGGTCA,5.34728826427399,15
Hepatocyte_15weeks_Animal3_Capture2_ATCACGACAACGATGG,5.996219517748144,15
Hepatocyte_15weeks_Animal3_Capture2_ATCCACCCACCCAGTG,5.399037623765849,15
Hepatocyte_15weeks_Animal3_Capture2_ATCCACCTCCTTAATC,5.877091579021704,15
Hepatocyte_15weeks_Animal3_Capture2_ATCGAGTGTAATCACC,5.809209395613415,15
Hepatocyte_15weeks_Animal3_Capture2_ATCTACTGTTACCGAT,5.735682876746984,15
Hepatocyte_15weeks_Animal3_Capture2_ATGAGGGAGACTTGAA,5.878151095843319,15
Hepatocyte_15weeks_Animal3_Capture2_ATGAGGGGTGTGAATA,5.364214674630146,15
Hepatocyte_15weeks_Animal3_Capture2_ATGTGTGGTGATAAGT,4.928908541602822,15
Hepatocyte_15weeks_Animal3_Capture2_CAAGGCCCATGGGACA,4.99713553644572,15
Hepatocyte_15weeks_Animal3_Capture2_CACAAACAGAATTGTG,4.8683271878865595,15
Hepatocyte_15weeks_Animal3_Capture2_CACACTCCATGCCTAA,5.934879758699093,15
Hepatocyte_15weeks_Animal3_Capture2_CACATAGCATCACAAC,5.398019503385715,15
Hepatocyte_15weeks_Animal3_Capture2_CACATTTCATACTCTT,5.0535086465602745,15
Hepatocyte_15weeks_Animal3_Capture2_CACATTTTCCGATATG,5.350955526976383,15
Hepatocyte_15weeks_Animal3_Capture2_CACCACTCAAAGTCAA,4.788426481062364,15
Hepatocyte_15weeks_Animal3_Capture2_CAGCGACAGAGCCCAA,5.772278271276145,15
Hepatocyte_15weeks_Animal3_Capture2_CAGCTAACATCCTTGC,4.860798686271838,15
Hepatocyte_15weeks_Animal3_Capture2_CAGCTGGGTGCCTGTG,4.871564380086101,15
Hepatocyte_15weeks_Animal3_Capture2_CAGTAACGTTGACGTT,5.782501792660933,15
Hepatocyte_15weeks_Animal3_Capture2_CATATGGCAATAAGCA,5.534463850599086,15
Hepatocyte_15weeks_Animal3_Capture2_CATATGGTCAGGCGAA,4.93905964998711,15
Hepatocyte_15weeks_Animal3_Capture2_CATCAAGAGGAATGGA,5.917593329037823,15
Hepatocyte_15weeks_Animal3_Capture2_CATTCGCGTCGAATCT,5.7530054914808035,15
Hepatocyte_15weeks_Animal3_Capture2_CATTCGCTCGTACCGG,4.834972190470741,15
Hepatocyte_15weeks_Animal3_Capture2_CCATGTCGTTACCGAT,4.924499122349438,15
Hepatocyte_15weeks_Animal3_Capture2_CCCAATCAGAGAACAG,5.406814903755124,15
Hepatocyte_15weeks_Animal3_Capture2_CCCTCCTAGCTTCGCG,5.988944790633527,15
Hepatocyte_15weeks_Animal3_Capture2_CCTAAAGTCGCATGGC,5.329993445431352,15
Hepatocyte_15weeks_Animal3_Capture2_CCTATTAGTGCTAGCC,5.807522359901143,15
Hepatocyte_15weeks_Animal3_Capture2_CCTCAGTAGCACCGCT,5.894110183288124,15
Hepatocyte_15weeks_Animal3_Capture2_CCTTCGAAGTCGTTTG,5.617317896684088,15
Hepatocyte_15weeks_Animal3_Capture2_CCTTCGATCCACTGGG,5.878830409410591,15
Hepatocyte_15weeks_Animal3_Capture2_CGCCAAGAGGTGACCA,5.870050817977174,15
Hepatocyte_15weeks_Animal3_Capture2_CGCTATCTCGTATCAG,5.168048170416939,15
Hepatocyte_15weeks_Animal3_Capture2_CGCTGGATCCGTCATC,5.811817791477406,15
Hepatocyte_15weeks_Animal3_Capture2_CGCTTCACACATCCAA,5.7926356122783655,15
Hepatocyte_15weeks_Animal3_Capture2_CGGACACTCGTCCAGG,4.734323603370892,15
Hepatocyte_15weeks_Animal3_Capture2_CGGACTGAGGGTGTTG,5.863647815065004,15
Hepatocyte_15weeks_Animal3_Capture2_CGGCTAGAGTGTCCCG,5.5225604971466105,15
Hepatocyte_15weeks_Animal3_Capture2_CGGCTAGCAACGCACC,5.273812915459435,15
Hepatocyte_15weeks_Animal3_Capture2_CGTAGCGCAATCCGAT,5.275368362820921,15
Hepatocyte_15weeks_Animal3_Capture2_CGTAGGCGTCACCCAG,5.411604630043621,15
Hepatocyte_15weeks_Animal3_Capture2_CGTAGGCGTGGCTCCA,4.998413563005474,15
Hepatocyte_15weeks_Animal3_Capture2_CGTAGGCTCGAGCCCA,5.284118558882042,15
Hepatocyte_15weeks_Animal3_Capture2_CGTCCATCACAACGTT,5.194721121804759,15
Hepatocyte_15weeks_Animal3_Capture2_CGTTGGGTCGAATGGG,5.676101234632374,15
Hepatocyte_15weeks_Animal3_Capture2_CTAGAGTTCTGGTGTA,5.057726321810055,15
Hepatocyte_15weeks_Animal3_Capture2_CTAGCCTGTATTCGTG,5.301280597210171,15
Hepatocyte_15weeks_Animal3_Capture2_CTCAGAAAGATCCCAT,6.060639424873047,15
Hepatocyte_15weeks_Animal3_Capture2_CTCATTATCACCATAG,5.84061848572153,15
Hepatocyte_15weeks_Animal3_Capture2_CTCGAGGCATCATCCC,4.8749250722298605,15
Hepatocyte_15weeks_Animal3_Capture2_CTCGTACTCCGAAGAG,4.813288715461885,15
Hepatocyte_15weeks_Animal3_Capture2_CTGATAGAGGGTGTTG,4.8808974819718,15
Hepatocyte_15weeks_Animal3_Capture2_CTGATAGTCTCACATT,5.242756674605996,15
Hepatocyte_15weeks_Animal3_Capture2_CTGGTCTAGTGGGTTG,5.943867251680417,15
Hepatocyte_15weeks_Animal3_Capture2_CTGGTCTTCTGCCAGG,4.9010971771669025,15
Hepatocyte_15weeks_Animal3_Capture2_CTGTGCTGTTAAAGTG,5.068997940020088,15
Hepatocyte_15weeks_Animal3_Capture2_CTTAACTCAGTAACGG,5.807417240543796,15
Hepatocyte_15weeks_Animal3_Capture2_CTTCTCTAGCTCCCAG,5.256109491375466,15
Hepatocyte_15weeks_Animal3_Capture2_GAACATCTCAGGATCT,5.2102520936661945,15
Hepatocyte_15weeks_Animal3_Capture2_GACGGCTAGAGCTTCT,5.949442528751296,15
Hepatocyte_15weeks_Animal3_Capture2_GACGGCTAGTTGAGTA,5.9208929051535675,15
Hepatocyte_15weeks_Animal3_Capture2_GAGTCCGAGGTTCCTA,4.8672162384453275,15
Hepatocyte_15weeks_Animal3_Capture2_GATGAGGCACACAGAG,5.23972743855879,15
Hepatocyte_15weeks_Animal3_Capture2_GCAGCCACATTTCAGG,5.0217810705918025,15
Hepatocyte_15weeks_Animal3_Capture2_GCATGCGGTCTCACCT,5.0182589855745245,15
Hepatocyte_15weeks_Animal3_Capture2_GCCTCTAAGCAATATG,5.827617388112905,15
Hepatocyte_15weeks_Animal3_Capture2_GCGCAGTAGTCGTTTG,5.287427894012932,15
Hepatocyte_15weeks_Animal3_Capture2_GCTGCAGAGAACAACT,6.036999758450108,15
Hepatocyte_15weeks_Animal3_Capture2_GCTGCAGGTCTCCATC,5.901302979042741,15
Hepatocyte_15weeks_Animal3_Capture2_GCTTGAAAGCCGCCTA,5.154044443496039,15
Hepatocyte_15weeks_Animal3_Capture2_GGACAAGGTTGGGACA,5.320992747924293,15
Hepatocyte_15weeks_Animal3_Capture2_GGACATTGTTAGTGGG,5.401504392697847,15
Hepatocyte_15weeks_Animal3_Capture2_GGATTACGTGTGAAAT,4.9441627081238835,15
Hepatocyte_15weeks_Animal3_Capture2_GGGAGATGTCACACGC,5.923403801548597,15
Hepatocyte_15weeks_Animal3_Capture2_GGTGCGTTCGCGTTTC,5.796783477267359,15
Hepatocyte_15weeks_Animal3_Capture2_GTAACTGTCATGTGGT,5.7215897779181955,15
Hepatocyte_15weeks_Animal3_Capture2_GTACTTTTCTCAAACG,5.457077960089096,15
Hepatocyte_15weeks_Animal3_Capture2_GTCATTTCATGCAATC,4.822085952880993,15
Hepatocyte_15weeks_Animal3_Capture2_GTCGGGTCAGGTTTCA,6.031673432278685,15
Hepatocyte_15weeks_Animal3_Capture2_GTGTTAGAGATGCCTT,5.031923805214269,15
Hepatocyte_15weeks_Animal3_Capture2_GTGTTAGTCCACTCCA,5.882025742582616,15
Hepatocyte_15weeks_Animal3_Capture2_GTTAAGCTCCTTGACC,4.805596466017524,15
Hepatocyte_15weeks_Animal3_Capture2_GTTACAGGTACAAGTA,5.859739272081179,15
Hepatocyte_15weeks_Animal3_Capture2_TACACGAAGACTTTCG,5.746422573423796,15
Hepatocyte_15weeks_Animal3_Capture2_TACACGATCATTTGGG,4.660359591397727,15
Hepatocyte_15weeks_Animal3_Capture2_TACCTTACACCACGTG,5.455259981622249,15
Hepatocyte_15weeks_Animal3_Capture2_TACTCGCGTGCAGGTA,5.959897316905001,15
Hepatocyte_15weeks_Animal3_Capture2_TAGGCATCACTCTGTC,5.523693886669818,15
Hepatocyte_15weeks_Animal3_Capture2_TAGGCATCATCCCATC,4.997664186508094,15
Hepatocyte_15weeks_Animal3_Capture2_TAGTGGTAGTTAACGA,4.744197594824481,15
Hepatocyte_15weeks_Animal3_Capture2_TATCAGGTCTCATTCA,5.833210655310719,15
Hepatocyte_15weeks_Animal3_Capture2_TCAATCTGTCATCGGC,5.810133778908266,15
Hepatocyte_15weeks_Animal3_Capture2_TCAATCTTCCATGAGT,5.464057311154433,15
Hepatocyte_15weeks_Animal3_Capture2_TCAGGATTCGCATGGC,4.770176676863211,15
Hepatocyte_15weeks_Animal3_Capture2_TCCACACTCCTTCAAT,5.086955009418939,15
Hepatocyte_15weeks_Animal3_Capture2_TCGCGAGTCTTCGAGA,4.993564355283535,15
Hepatocyte_15weeks_Animal3_Capture2_TCGTACCAGGCTACGA,5.350400096439472,15
Hepatocyte_15weeks_Animal3_Capture2_TCTTCGGGTTATCGGT,5.747508231128748,15
Hepatocyte_15weeks_Animal3_Capture2_TGAGCCGAGATGGGTC,5.954329351993323,15
Hepatocyte_15weeks_Animal3_Capture2_TGCCCATTCCAGTATG,5.077317308072951,15
Hepatocyte_15weeks_Animal3_Capture2_TGGACGCAGCCGTCGT,5.126682993311574,15
Hepatocyte_15weeks_Animal3_Capture2_TGGACGCGTAGCGTGA,5.457059958176746,15
Hepatocyte_15weeks_Animal3_Capture2_TGGTTAGAGTGGACGT,4.791831968518064,15
Hepatocyte_15weeks_Animal3_Capture2_TGTGTTTAGCTAGTCT,5.933199454005926,15
Hepatocyte_15weeks_Animal3_Capture2_TGTGTTTTCTCTGTCG,5.030754457288596,15
Hepatocyte_15weeks_Animal3_Capture2_TGTTCCGTCGCATGGC,5.075692906565872,15
Hepatocyte_15weeks_Animal3_Capture2_TTATGCTCATGCCTTC,5.7791897133029915,15
Hepatocyte_15weeks_Animal3_Capture2_TTCGAAGCATCTCGCT,5.531934288835647,15
Hepatocyte_15weeks_Animal3_Capture2_TTCGGTCAGACCCACC,4.763685166173312,15
Hepatocyte_15weeks_Animal3_Capture2_TTCTCCTCATGGTCTA,5.4203402720757135,15
Hepatocyte_15weeks_Animal3_Capture2_TTCTCCTCATTGGCGC,6.170427760917892,15
Hepatocyte_15weeks_Animal3_Capture2_TTTACTGGTGACAAAT,5.426084576536301,15
Hepatocyte_15weeks_Animal2_Capture2_ACTTTCATCCTATTCA,5.2079226708747814,15
Hepatocyte_15weeks_Animal2_Capture2_AGCAGCCCAGCTGTAT,5.48403591907013,15
Hepatocyte_15weeks_Animal2_Capture2_CAAGGCCCAGCTCCGA,5.275171128167082,15
Hepatocyte_15weeks_Animal2_Capture2_CATCGGGAGCTGATAA,5.2844605197334245,15
Hepatocyte_15weeks_Animal2_Capture2_CCTACCATCAGGATCT,5.230784690703677,15
Hepatocyte_15weeks_Animal2_Capture2_CGGTTAAAGTGTGGCA,4.990536739931136,15
Hepatocyte_15weeks_Animal2_Capture2_CTCGGAGAGATAGGAG,5.427726684129185,15
Hepatocyte_15weeks_Animal2_Capture2_CTCGTACGTCCATCCT,5.1634651249815136,15
Hepatocyte_15weeks_Animal2_Capture2_GATCAGTTCTGCGGCA,5.308237834357933,15
Hepatocyte_15weeks_Animal2_Capture2_GCGCAACTCGCCATAA,5.477237389046517,15
Hepatocyte_15weeks_Animal2_Capture2_GCTCCTAAGGGCTTGA,5.066735930376693,15
Hepatocyte_15weeks_Animal2_Capture2_GGGAATGCAGACACTT,5.391734730610521,15
Hepatocyte_15weeks_Animal2_Capture2_GTAGGCCCACAAGACG,5.105050201972154,15
Hepatocyte_15weeks_Animal2_Capture2_GTGCTTCCATCTCCCA,5.395537464775064,15
Hepatocyte_15weeks_Animal2_Capture2_GTTCGGGAGCTGAAAT,5.396263396744583,15
Hepatocyte_15weeks_Animal2_Capture2_TATCTCAGTTAAGACA,4.889919550498998,15
Hepatocyte_15weeks_Animal2_Capture2_TGAGAGGTCTTTACGT,5.080370464923316,15
Hepatocyte_15weeks_Animal2_Capture2_TTAACTCGTTCTGAAC,5.004888376407716,15
Hepatocyte_15weeks_Animal2_Capture2_TTCCCAGCAGCTCGAC,4.998944140906012,15
Hepatocyte_15weeks_Animal2_Capture2_TTCGAAGAGAAACCGC,5.1149103698497935,15
Hepatocyte_15weeks_Animal2_Capture1_ACCTTTAAGATACACA,5.1935993596711025,15
Hepatocyte_15weeks_Animal2_Capture1_AGCGGTCCATTCCTCG,5.306943016825304,15
Hepatocyte_15weeks_Animal2_Capture1_ATCATCTGTCTCCCTA,5.220197643697257,15
Hepatocyte_15weeks_Animal2_Capture1_ATTACTCTCGGTGTTA,5.224623203809562,15
Hepatocyte_15weeks_Animal2_Capture1_ATTTCTGGTAAGGGAA,5.278262587724842,15
Hepatocyte_15weeks_Animal2_Capture1_CAACCAAAGACCTTTG,5.426723710541298,15
Hepatocyte_15weeks_Animal2_Capture1_CACACCTTCAATCTCT,5.265118462757561,15
Hepatocyte_15weeks_Animal2_Capture1_CAGGTGCAGCCACTAT,5.434196195330089,15
Hepatocyte_15weeks_Animal2_Capture1_CATGACACAATGACCT,5.42989651573961,15
Hepatocyte_15weeks_Animal2_Capture1_CCATTCGCAAACAACA,5.152276309682788,15
Hepatocyte_15weeks_Animal2_Capture1_CCCAGTTCATAGACTC,5.12244078248514,15
Hepatocyte_15weeks_Animal2_Capture1_CCGTACTGTCGTCTTC,5.194375476265025,15
Hepatocyte_15weeks_Animal2_Capture1_CGGACTGAGTACGCGA,5.38408632495843,15
Hepatocyte_15weeks_Animal2_Capture1_CGTCCATCACTATCTT,5.439783820545659,15
Hepatocyte_15weeks_Animal2_Capture1_CGTTAGAGTGTAAGTA,5.191037688249313,15
Hepatocyte_15weeks_Animal2_Capture1_CTAAGACTCCAGAAGG,5.35428385602939,15
Hepatocyte_15weeks_Animal2_Capture1_CTAATGGGTCACAAGG,5.2644048069025065,15
Hepatocyte_15weeks_Animal2_Capture1_CTCGGGAAGCCTTGAT,5.633046611465705,15
Hepatocyte_15weeks_Animal2_Capture1_CTGAAGTCAATCTGCA,5.267531729153932,15
Hepatocyte_15weeks_Animal2_Capture1_GACTACATCTTCGGTC,5.464838922571955,15
Hepatocyte_15weeks_Animal2_Capture1_GCTGCGAAGCTGATAA,5.248095127413525,15
Hepatocyte_15weeks_Animal2_Capture1_GGACAAGGTTCCACGG,5.319272375369522,15
Hepatocyte_15weeks_Animal2_Capture1_GGCCGATTCTCCGGTT,5.336688184767501,15
Hepatocyte_15weeks_Animal2_Capture1_TACTCATAGTCTCAAC,5.525898105764152,15
Hepatocyte_15weeks_Animal2_Capture1_TCGCGAGCAAAGCGGT,5.428555776945641,15
Hepatocyte_15weeks_Animal2_Capture1_TGGTTCCTCGAACTGT,5.526463577407016,15
Hepatocyte_15weeks_Animal2_Capture1_TGTTCCGAGCGCCTCA,5.346827506401324,15
Hepatocyte_15weeks_Animal2_Capture1_TTAGTTCCACATTTCT,5.131625189849952,15
Hepatocyte_15weeks_Animal2_Capture1_TTGACTTCACAACTGT,5.3304205688326185,15
Hepatocyte_15weeks_Animal1_Capture1_ACGGCCAAGCGCTCCA,5.635072862942058,15
Hepatocyte_15weeks_Animal1_Capture1_ACTGAACGTAAATGTG,5.620980064703989,15
Hepatocyte_15weeks_Animal1_Capture1_CAGCAGCTCCAAACAC,5.355966295876055,15
Hepatocyte_15weeks_Animal1_Capture1_CCTTCGATCAGTTTGG,5.846664745261382,15
Hepatocyte_15weeks_Animal1_Capture1_GATTCAGCAAGGTTCT,5.65124829812104,15
Hepatocyte_15weeks_Animal1_Capture1_GATTCAGTCGTTTATC,5.683451874383432,15
Hepatocyte_15weeks_Animal1_Capture1_GCCTCTAAGAGGTAGA,5.663245016317048,15
Hepatocyte_15weeks_Animal1_Capture1_TCTCTAAGTTCAGGCC,5.518626628141703,15
Hepatocyte_15weeks_Animal1_Capture1_TGACAACTCACCTTAT,6.124157287275247,15
Hepatocyte_15weeks_Animal1_Capture2_CCCAGTTAGAGTTGGC,5.502298469534818,15
Hepatocyte_15weeks_Animal1_Capture2_CCTAGCTGTGAGTATA,5.477887323002371,15
Hepatocyte_15weeks_Animal1_Capture2_CCTTTCTCACGGCCAT,6.1664220061275135,15
Hepatocyte_15weeks_Animal1_Capture2_CTGCCTATCCATGCTC,5.681293738977858,15
Hepatocyte_15weeks_Animal1_Capture2_GATCAGTAGCGATTCT,5.2259478586156884,15
Hepatocyte_15weeks_Animal1_Capture2_GATCGATGTGTGCGTC,5.29451407029641,15
Hepatocyte_15weeks_Animal1_Capture2_GATCGCGTCTCTTGAT,5.210122829114766,15
Hepatocyte_15weeks_Animal1_Capture2_GCACTCTGTTTGTGTG,6.259526961838653,15
Hepatocyte_15weeks_Animal1_Capture2_GCGCAGTGTGCAGGTA,5.7321087315156385,15
Hepatocyte_15weeks_Animal1_Capture2_GGGTCTGGTCCAGTAT,6.392135717039176,15
Hepatocyte_15weeks_Animal1_Capture2_GTCTCGTTCAACGGCC,5.398729191534683,15
Hepatocyte_15weeks_Animal1_Capture2_GTGCGGTCAACACCTA,5.718809101966025,15
Hepatocyte_15weeks_Animal1_Capture2_TCTCTAAAGTCACGCC,5.39684865166267,15
Hepatocyte_15weeks_Animal3_Capture1_AAGACCTTCCTGCAGG,5.211301251854309,15
Hepatocyte_15weeks_Animal3_Capture1_ACGAGGATCTGTCTAT,4.799113714419088,15
Hepatocyte_15weeks_Animal3_Capture1_ACGCCGAAGATCCGAG,5.103203510411523,15
Hepatocyte_15weeks_Animal3_Capture1_AGAGTGGAGCGTTCCG,5.272200962211847,15
Hepatocyte_15weeks_Animal3_Capture1_AGATCTGCACGGCGTT,5.114413500126834,15
Hepatocyte_15weeks_Animal3_Capture1_AGCATACTCTACCTGC,5.0932069533592115,15
Hepatocyte_15weeks_Animal3_Capture1_AGGTCATGTTAGAACA,5.3282799499747835,15
Hepatocyte_15weeks_Animal3_Capture1_ATCATCTCAAGTAGTA,5.330406704709235,15
Hepatocyte_15weeks_Animal3_Capture1_ATTATCCAGTGGGTTG,4.980109393382329,15
Hepatocyte_15weeks_Animal3_Capture1_CACATAGGTTAGAACA,5.266719219503676,15
Hepatocyte_15weeks_Animal3_Capture1_CAGAGAGTCTTGACGA,5.045304282127374,15
Hepatocyte_15weeks_Animal3_Capture1_CAGCTGGCAGTCAGAG,5.2897265977494055,15
Hepatocyte_15weeks_Animal3_Capture1_CCAGCGAGTCACCCAG,4.8510669889008025,15
Hepatocyte_15weeks_Animal3_Capture1_CCGTGGAAGTAGTGCG,5.198096834065765,15
Hepatocyte_15weeks_Animal3_Capture1_CGAGCACTCCGCAAGC,4.848785039346199,15
Hepatocyte_15weeks_Animal3_Capture1_CGATTGATCCTCAATT,5.0226485067526685,15
Hepatocyte_15weeks_Animal3_Capture1_CGCTTCAGTAGCACGA,4.885504532136592,15
Hepatocyte_15weeks_Animal3_Capture1_CTAATGGGTATCGCAT,5.0537953922861645,15
Hepatocyte_15weeks_Animal3_Capture1_CTACATTTCACATAGC,5.392063180878196,15
Hepatocyte_15weeks_Animal3_Capture1_CTCACACAGCCAGTTT,5.384927668416932,15
Hepatocyte_15weeks_Animal3_Capture1_CTCACACTCCATTCTA,5.204447403607297,15
Hepatocyte_15weeks_Animal3_Capture1_CTCATTATCTGTACGA,5.20745920253194,15
Hepatocyte_15weeks_Animal3_Capture1_CTGATCCAGCTAGTCT,5.073808700044934,15
Hepatocyte_15weeks_Animal3_Capture1_GAAGCAGAGATGCCTT,4.9617267189669745,15
Hepatocyte_15weeks_Animal3_Capture1_GACTAACGTGAGCGAT,5.27394179347691,15
Hepatocyte_15weeks_Animal3_Capture1_GCTCTGTGTGAAAGAG,5.144168095450474,15
Hepatocyte_15weeks_Animal3_Capture1_GGGCACTGTGTTTGTG,5.034197503143838,15
Hepatocyte_15weeks_Animal3_Capture1_GTCACAACATGCTGGC,4.825470157668711,15
Hepatocyte_15weeks_Animal3_Capture1_GTCACGGGTCGGCATC,5.112190588526319,15
Hepatocyte_15weeks_Animal3_Capture1_GTCGGGTAGACTTGAA,5.2145664771592735,15
Hepatocyte_15weeks_Animal3_Capture1_TACCTTACAGATCCAT,5.146930780172439,15
Hepatocyte_15weeks_Animal3_Capture1_TACTCATAGAAACCGC,5.291898340522488,15
Hepatocyte_15weeks_Animal3_Capture1_TAGCCGGCAGACGCAA,5.30170790868102,15
Hepatocyte_15weeks_Animal3_Capture1_TAGTGGTCAATGGAGC,5.083637736001024,15
Hepatocyte_15weeks_Animal3_Capture1_TGAAAGACACCGGAAA,4.742598481974948,15
Hepatocyte_15weeks_Animal3_Capture1_TGGCCAGAGATGCCTT,5.090739410677324,15
Hepatocyte_15weeks_Animal3_Capture1_TTATGCTTCGCCCTTA,5.218104063541725,15
Hepatocyte_15weeks_Animal3_Capture1_TTTATGCCAAGTACCT,5.231571837359153,15
Hepatocyte_15weeks_Animal3_Capture2_AAGGTTCGTAAGAGAG,5.062352278543568,15
Hepatocyte_15weeks_Animal3_Capture2_ACCCACTCAGTCACTA,4.815550516642385,15
Hepatocyte_15weeks_Animal3_Capture2_ACTGATGCATTTCACT,4.761217382553341,15
Hepatocyte_15weeks_Animal3_Capture2_ATAAGAGAGCTAACTC,5.124309813683837,15
Hepatocyte_15weeks_Animal3_Capture2_ATCTACTTCATCTGCC,4.912426612988046,15
Hepatocyte_15weeks_Animal3_Capture2_ATTCTACGTGCAGGTA,4.8532455774292895,15
Hepatocyte_15weeks_Animal3_Capture2_ATTGGTGAGCTGTCTA,5.21375474026244,15
Hepatocyte_15weeks_Animal3_Capture2_CACACCTAGGTGATAT,5.151087278563056,15
Hepatocyte_15weeks_Animal3_Capture2_CAGCCGATCGCTTAGA,5.160608663674807,15
Hepatocyte_15weeks_Animal3_Capture2_CCACGGACATCTCCCA,4.955819587670494,15
Hepatocyte_15weeks_Animal3_Capture2_CCATTCGAGTCCATAC,5.205551105025659,15
Hepatocyte_15weeks_Animal3_Capture2_CCCATACTCCTTTCTC,4.778893958444614,15
Hepatocyte_15weeks_Animal3_Capture2_CGCGGTACATATGCTG,4.882390621424841,15
Hepatocyte_15weeks_Animal3_Capture2_CGGTTAACAAGTACCT,5.292767945184805,15
Hepatocyte_15weeks_Animal3_Capture2_CGTGTCTAGGAACTGC,5.1929854739251375,15
Hepatocyte_15weeks_Animal3_Capture2_CTCTAATCAAAGCAAT,5.297432650824354,15
Hepatocyte_15weeks_Animal3_Capture2_GACTACAAGACAAAGG,5.2610112462998275,15
Hepatocyte_15weeks_Animal3_Capture2_GAGTCCGGTTCGGGCT,5.073964964517779,15
Hepatocyte_15weeks_Animal3_Capture2_GCCAAATAGTATGACA,4.772165502939179,15
Hepatocyte_15weeks_Animal3_Capture2_GCTGCTTGTAGGACAC,5.216251546509387,15
Hepatocyte_15weeks_Animal3_Capture2_GGCCGATTCGCATGAT,4.9804022883242585,15
Hepatocyte_15weeks_Animal3_Capture2_GGGAATGCACAAGTAA,4.779758637095623,15
Hepatocyte_15weeks_Animal3_Capture2_GTACTCCGTCGAATCT,5.082995042089854,15
Hepatocyte_15weeks_Animal3_Capture2_GTGTGCGTCAGTACGT,5.113486271314171,15
Hepatocyte_15weeks_Animal3_Capture2_TAGTGGTGTTACTGAC,5.159215658811791,15
Hepatocyte_15weeks_Animal3_Capture2_TGAGCCGAGGCCATAG,4.944357057589871,15
Hepatocyte_15weeks_Animal3_Capture2_TGCTACCCAGGGTACA,4.750252034603067,15
Hepatocyte_15weeks_Animal3_Capture2_TTAGGACGTTTAAGCC,4.701702361903081,15
Hepatocyte_15weeks_Animal3_Capture2_TTCGAAGAGTGCCAGA,5.033066971265457,15
Hepatocyte_15weeks_Animal1_Capture1_GCAGTTATCGTACGGC,6.154217918604345,15
Hepatocyte_15weeks_Animal1_Capture2_TGTCCCAGTCGGCATC,5.780961469937427,15
Hepatocyte_15weeks_Animal2_Capture1_GTATTCTTCCGAAGAG,4.183539754488318,15
Hepatocyte_15weeks_Animal1_Capture1_CGAATGTCAGATCGGA,4.894595442393555,15
Hepatocyte_15weeks_Animal3_Capture2_TTCCCAGTCTGTCAAG,5.5536049823881815,15
Hepatocyte_15weeks_Animal2_Capture2_AGCTTGATCACTTATC,6.467016674014678,15
Hepatocyte_15weeks_Animal2_Capture2_CTGCTGTAGGAGCGTT,6.3105622412633835,15
Hepatocyte_15weeks_Animal2_Capture2_TCATTTGAGAGTACAT,5.916230487704507,15
Hepatocyte_15weeks_Animal2_Capture1_AGATCTGAGTGACTCT,5.0244217060382965,15
Hepatocyte_15weeks_Animal2_Capture1_CAGGTGCTCAGCATGT,5.702962327903186,15
Hepatocyte_15weeks_Animal2_Capture1_CTCGAGGTCTTGCATT,5.6109548007463586,15
Hepatocyte_15weeks_Animal2_Capture1_GCAGTTAAGCGATTCT,5.64553642861817,15
Hepatocyte_15weeks_Animal2_Capture1_TACGGGCAGACCGGAT,5.136959871516949,15
Hepatocyte_15weeks_Animal2_Capture1_TGACTAGGTTAAAGAC,6.517117185715524,15
Hepatocyte_15weeks_Animal2_Capture1_TGTGGTAAGAGTTGGC,5.936481505789258,15
Hepatocyte_15weeks_Animal2_Capture1_TTAACTCTCGCTTAGA,5.218389950761594,15
Hepatocyte_15weeks_Animal1_Capture1_AAGGAGCCAGCATACT,6.15555647136375,15
Hepatocyte_15weeks_Animal1_Capture1_ACCGTAATCAACTCTT,5.355068801095247,15
Hepatocyte_15weeks_Animal1_Capture1_ACGAGCCCATTATCTC,6.195678723280441,15
Hepatocyte_15weeks_Animal1_Capture1_ACGCAGCGTAACGTTC,5.387005008762217,15
Hepatocyte_15weeks_Animal1_Capture1_ACTATCTCACCACCAG,5.475142482531831,15
Hepatocyte_15weeks_Animal1_Capture1_ACTGTCCGTCGCTTTC,5.14138909822965,15
Hepatocyte_15weeks_Animal1_Capture1_AGATCTGTCCACGAAT,5.68232175610518,15
Hepatocyte_15weeks_Animal1_Capture1_AGCAGCCCAATCTACG,5.4478520778636375,15
Hepatocyte_15weeks_Animal1_Capture1_AGGCCACGTTCAGTAC,5.4752860239491365,15
Hepatocyte_15weeks_Animal1_Capture1_CACACTCAGGCATGGT,5.438699654627916,15
Hepatocyte_15weeks_Animal1_Capture1_CAGCGACGTCAATACC,5.267872195634638,15
Hepatocyte_15weeks_Animal1_Capture1_CAGTCCTTCTAACTTC,5.8056555183155725,15
Hepatocyte_15weeks_Animal1_Capture1_CATCCACAGCTGGAAC,5.809001073035312,15
Hepatocyte_15weeks_Animal1_Capture1_CCAATCCGTAGGACAC,5.400179073831463,15
Hepatocyte_15weeks_Animal1_Capture1_CCACCTATCAGTTGAC,6.218879146487877,15
Hepatocyte_15weeks_Animal1_Capture1_CCATGTCCACGAAAGC,5.494463260206574,15
Hepatocyte_15weeks_Animal1_Capture1_CCGTGGACAAGCGAGT,6.247716274203244,15
Hepatocyte_15weeks_Animal1_Capture1_CGAATGTAGAGACTAT,5.896987588561677,15
Hepatocyte_15weeks_Animal1_Capture1_CGCTTCATCCTTCAAT,4.923563284681463,15
Hepatocyte_15weeks_Animal1_Capture1_CGGAGCTCACGTAAGG,6.246951542958634,15
Hepatocyte_15weeks_Animal1_Capture1_CGGCTAGTCTGAGGGA,6.183575420766813,15
Hepatocyte_15weeks_Animal1_Capture1_CGTAGGCGTCCAGTTA,5.571474785158321,15
Hepatocyte_15weeks_Animal1_Capture1_CGTGTCTTCTTTCCTC,6.401174354341583,15
Hepatocyte_15weeks_Animal1_Capture1_CGTTGGGAGCCCTAAT,6.155361197574637,15
Hepatocyte_15weeks_Animal1_Capture1_CTAATGGCAGACTCGC,5.692090995240058,15
Hepatocyte_15weeks_Animal1_Capture1_CTGTGCTCATGAAGTA,5.81276203027285,15
Hepatocyte_15weeks_Animal1_Capture1_CTTAACTGTGTTAAGA,6.217406859878087,15
Hepatocyte_15weeks_Animal1_Capture1_CTTCTCTTCTGCGTAA,5.938226202344689,15
Hepatocyte_15weeks_Animal1_Capture1_GAAGCAGAGCTAAGAT,5.456708236222132,15
Hepatocyte_15weeks_Animal1_Capture1_GACCTGGGTGCACGAA,6.180680207942059,15
Hepatocyte_15weeks_Animal1_Capture1_GCAAACTGTTAGATGA,6.0255751983091095,15
Hepatocyte_15weeks_Animal1_Capture1_GCATGATCAAGTACCT,6.261409465789557,15
Hepatocyte_15weeks_Animal1_Capture1_GCATGATTCATCTGCC,6.266690253269162,15
Hepatocyte_15weeks_Animal1_Capture1_GCTTCCAAGGTGCTTT,5.16523558870035,15
Hepatocyte_15weeks_Animal1_Capture1_GGCCGATGTAGTACCT,5.4312888869338325,15
Hepatocyte_15weeks_Animal1_Capture1_GGGACCTAGGTACTCT,6.02236807461235,15
Hepatocyte_15weeks_Animal1_Capture1_GGGTCTGCAAGTACCT,6.135999953425932,15
Hepatocyte_15weeks_Animal1_Capture1_GGGTCTGGTTCGGGCT,5.414439900093202,15
Hepatocyte_15weeks_Animal1_Capture1_GTGCATACAGACACTT,6.279789729334321,15
Hepatocyte_15weeks_Animal1_Capture1_GTGCGGTTCATTGCCC,5.562820450312285,15
Hepatocyte_15weeks_Animal1_Capture1_TAAGTGCTCACAACGT,5.72596879419271,15
Hepatocyte_15weeks_Animal1_Capture1_TACTCGCCACTGAAGG,6.321505779975821,15
Hepatocyte_15weeks_Animal1_Capture1_TACTTGTTCTCTTGAT,5.557104021013212,15
Hepatocyte_15weeks_Animal1_Capture1_TATCAGGGTCGTTGTA,6.074294606634705,15
Hepatocyte_15weeks_Animal1_Capture1_TCAGCTCTCCAAGCCG,6.133958092644134,15
Hepatocyte_15weeks_Animal1_Capture1_TCCACACCAGATGGCA,5.205097684572834,15
Hepatocyte_15weeks_Animal1_Capture1_TCGGTAAAGCTGATAA,6.248708651317109,15
Hepatocyte_15weeks_Animal1_Capture1_TCTCTAAGTCGCGAAA,6.352000957404536,15
Hepatocyte_15weeks_Animal1_Capture1_TCTGGAAAGGTAGCTG,5.2486944898168275,15
Hepatocyte_15weeks_Animal1_Capture1_TCTTTCCGTCGTCTTC,5.526259220793193,15
Hepatocyte_15weeks_Animal1_Capture1_TGACGGCGTACGACCC,5.476299236701682,15
Hepatocyte_15weeks_Animal1_Capture1_TGCCCTACAGCTGTAT,5.668645637712668,15
Hepatocyte_15weeks_Animal1_Capture1_TGTTCCGTCACAGTAC,5.2148681822543175,15
Hepatocyte_15weeks_Animal1_Capture1_TTAGTTCTCAAACAAG,5.415063293736252,15
Hepatocyte_15weeks_Animal1_Capture1_TTGCCGTAGTCATGCT,5.624910547180111,15
Hepatocyte_15weeks_Animal1_Capture1_TTGCCGTAGTTGAGTA,6.179025908919674,15
Hepatocyte_15weeks_Animal1_Capture2_AAATGCCGTGCGAAAC,5.901386665984536,15
Hepatocyte_15weeks_Animal1_Capture2_AAGACCTTCAACCAAC,6.231171077932084,15
Hepatocyte_15weeks_Animal1_Capture2_AATCCAGAGACCACGA,6.263025929137353,15
Hepatocyte_15weeks_Animal1_Capture2_ACCTTTACAGCCTGTG,6.239399843679134,15
Hepatocyte_15weeks_Animal1_Capture2_ACGGGTCCACCACGTG,5.1572196581344745,15
Hepatocyte_15weeks_Animal1_Capture2_ACTGTCCCATGATCCA,5.130475773631407,15
Hepatocyte_15weeks_Animal1_Capture2_AGAGCGACAAGTTAAG,6.271347875861814,15
Hepatocyte_15weeks_Animal1_Capture2_AGAGTGGCAGTGGAGT,5.238203770308241,15
Hepatocyte_15weeks_Animal1_Capture2_AGGGAGTGTACCATCA,5.236199899047103,15
Hepatocyte_15weeks_Animal1_Capture2_AGTAGTCCACGCATCG,5.444592296727842,15
Hepatocyte_15weeks_Animal1_Capture2_ATCACGAGTCCAAGTT,6.2475228268539515,15
Hepatocyte_15weeks_Animal1_Capture2_ATCATGGAGAGTACAT,5.441677011985919,15
Hepatocyte_15weeks_Animal1_Capture2_ATGCGATCAGTAGAGC,6.009694884330804,15
Hepatocyte_15weeks_Animal1_Capture2_ATTATCCGTTGTACAC,5.538532072506847,15
Hepatocyte_15weeks_Animal1_Capture2_ATTCTACTCCGATATG,5.075974917446634,15
Hepatocyte_15weeks_Animal1_Capture2_CAAGTTGAGAGTCGGT,6.153674211058072,15
Hepatocyte_15weeks_Animal1_Capture2_CACAGGCCAATCGAAA,5.757598227949431,15
Hepatocyte_15weeks_Animal1_Capture2_CACATAGAGAAGCCCA,6.327296437113247,15
Hepatocyte_15weeks_Animal1_Capture2_CATATTCTCGGAATCT,6.272999395228126,15
Hepatocyte_15weeks_Animal1_Capture2_CCGGTAGAGAGGTACC,6.410615859612948,15
Hepatocyte_15weeks_Animal1_Capture2_CCTAGCTCATTCTCAT,5.540777938810642,15
Hepatocyte_15weeks_Animal1_Capture2_CCTAGCTGTACTCAAC,5.938662975662121,15
Hepatocyte_15weeks_Animal1_Capture2_CCTATTATCCACGAAT,5.555426397459028,15
Hepatocyte_15weeks_Animal1_Capture2_CGAGCCAAGGGAACGG,6.0590858453217535,15
Hepatocyte_15weeks_Animal1_Capture2_CGAGCCACAGGAATGC,5.825710033482741,15
Hepatocyte_15weeks_Animal1_Capture2_CGATGTAGTCTAGCCG,5.258401081418401,15
Hepatocyte_15weeks_Animal1_Capture2_CTGCTGTGTCGGATCC,5.997750813264059,15
Hepatocyte_15weeks_Animal1_Capture2_CTGGTCTTCAGTTCGA,5.113845774362032,15
Hepatocyte_15weeks_Animal1_Capture2_CTGTGCTCATTGAGCT,5.882644473395292,15
Hepatocyte_15weeks_Animal1_Capture2_GAAATGAAGTTTGCGT,5.324359965954867,15
Hepatocyte_15weeks_Animal1_Capture2_GAAGCAGCAGTGGGAT,6.280072219049451,15
Hepatocyte_15weeks_Animal1_Capture2_GACCTGGAGCGATAGC,6.162954309365557,15
Hepatocyte_15weeks_Animal1_Capture2_GACGGCTAGACTAGGC,5.97248348231485,15
Hepatocyte_15weeks_Animal1_Capture2_GACGTGCCATGGTAGG,5.667082296521162,15
Hepatocyte_15weeks_Animal1_Capture2_GAGCAGATCAGCCTAA,6.155253020068867,15
Hepatocyte_15weeks_Animal1_Capture2_GATCAGTTCCGCGGTA,5.622589044434827,15
Hepatocyte_15weeks_Animal1_Capture2_GATGAAAAGACTAGAT,5.298622345369591,15
Hepatocyte_15weeks_Animal1_Capture2_GGAACTTTCCGAATGT,5.631050938826759,15
Hepatocyte_15weeks_Animal1_Capture2_GGGCATCAGAGTGACC,5.782403663008788,15
Hepatocyte_15weeks_Animal1_Capture2_GTATCTTCAATCACAC,5.403502405197241,15
Hepatocyte_15weeks_Animal1_Capture2_GTGGGTCGTCGCGTGT,5.783372777079933,15
Hepatocyte_15weeks_Animal1_Capture2_TACGGGCAGCCCGAAA,6.1880111661964925,15
Hepatocyte_15weeks_Animal1_Capture2_TACTCGCAGCGTGAAC,5.4070098717606365,15
Hepatocyte_15weeks_Animal1_Capture2_TACTCGCTCCCTAACC,5.794669530899037,15
Hepatocyte_15weeks_Animal1_Capture2_TAGAGCTTCAGCAACT,5.371429013094728,15
Hepatocyte_15weeks_Animal1_Capture2_TATCTCAAGTAGGCCA,5.2732742021407795,15
Hepatocyte_15weeks_Animal1_Capture2_TCAGCTCAGTTTAGGA,6.12007084071341,15
Hepatocyte_15weeks_Animal1_Capture2_TCAGGTAGTGCAACTT,5.600965692722384,15
Hepatocyte_15weeks_Animal1_Capture2_TCGGGACTCATTATCC,5.709180072171081,15
Hepatocyte_15weeks_Animal1_Capture2_TCTCTAATCCCTGACT,5.691678201078407,15
Hepatocyte_15weeks_Animal1_Capture2_TGACTTTGTAAGGGCT,5.759740569104202,15
Hepatocyte_15weeks_Animal1_Capture2_TGATTTCCAACTTGAC,5.221361824402899,15
Hepatocyte_15weeks_Animal1_Capture2_TGCGCAGAGGCTAGGT,5.279876018198066,15
Hepatocyte_15weeks_Animal1_Capture2_TGGGAAGGTTCTGGTA,6.307993614637872,15
Hepatocyte_15weeks_Animal1_Capture2_TGTGTTTAGAGCTGGT,5.214959797635656,15
Hepatocyte_15weeks_Animal1_Capture2_TTAACTCCACAGACAG,5.801390749125457,15
Hepatocyte_15weeks_Animal1_Capture2_TTAGGCAGTCCCTACT,4.9887984660093085,15
Hepatocyte_15weeks_Animal1_Capture2_TTCGGTCCAGTCCTTC,5.222894683930847,15
Hepatocyte_15weeks_Animal1_Capture2_TTCGGTCGTCGCATCG,5.216133995299879,15
Hepatocyte_15weeks_Animal1_Capture2_TTCTCAACACCGCTAG,5.44964128771164,15
Hepatocyte_15weeks_Animal1_Capture2_TTGAACGCATCGGAAG,5.5957389543435845,15
Hepatocyte_15weeks_Animal1_Capture2_TTGGCAACATGGGAAC,6.334972411481164,15
Hepatocyte_15weeks_Animal3_Capture2_CCACTACCACCGGAAA,6.1345716649686715,15
Hepatocyte_15weeks_Animal1_Capture1_CGCCAAGTCGTACGGC,5.858642431014922,15
Hepatocyte_15weeks_Animal1_Capture2_CTGAAGTCACGAAACG,5.6446534553399665,15
Hepatocyte_15weeks_Animal1_Capture1_ACCTTTAGTTTGGCGC,4.505598697873482,15
Hepatocyte_15weeks_Animal1_Capture1_CAGATCAAGAAGGACA,4.416715150918023,15
Hepatocyte_15weeks_Animal1_Capture1_CGATCGGAGTACTTGC,4.495949311393272,15
Hepatocyte_15weeks_Animal1_Capture1_CGCGTTTGTTAAGTAG,4.241110667815157,15
Hepatocyte_15weeks_Animal1_Capture1_CGGAGTCAGAATAGGG,4.316986248163971,15
Hepatocyte_15weeks_Animal1_Capture1_CTCGGAGGTCCAGTTA,4.247485982319697,15
Hepatocyte_15weeks_Animal1_Capture1_GACACGCGTAGCTTGT,4.629395533106306,15
Hepatocyte_15weeks_Animal1_Capture1_GGAGCAATCGGTTCGG,4.4623005932575985,15
Hepatocyte_15weeks_Animal1_Capture1_TTTACTGTCAAGGCTT,4.3213834011876795,15
Hepatocyte_15weeks_Animal1_Capture2_CACACTCAGGATCGCA,4.514893647294386,15
Hepatocyte_15weeks_Animal1_Capture2_TAGTTGGGTCATATCG,4.3648642652635,15
Hepatocyte_30weeks_Animal1_Capture1_AAACGGGAGGTGCAAC,5.288151117860167,30
Hepatocyte_30weeks_Animal1_Capture1_AAAGATGCAAAGAATC,5.00473655187276,30
Hepatocyte_30weeks_Animal1_Capture1_AACACGTTCTTGTCAT,5.2114024558402186,30
Hepatocyte_30weeks_Animal1_Capture1_AACCATGCAGCCAGAA,4.92558651319746,30
Hepatocyte_30weeks_Animal1_Capture1_AACCGCGTCACGAAGG,5.253362541865826,30
Hepatocyte_30weeks_Animal1_Capture1_AACTCCCCACCGCTAG,5.285398473391964,30
Hepatocyte_30weeks_Animal1_Capture1_AACTTTCAGACCACGA,4.734006889869353,30
Hepatocyte_30weeks_Animal1_Capture1_AAGGAGCCAGTCCTTC,4.855623643230404,30
Hepatocyte_30weeks_Animal1_Capture1_AAGGCAGGTTTGTGTG,5.201959118848544,30
Hepatocyte_30weeks_Animal1_Capture1_AAGTCTGTCTGCCAGG,4.985459202507009,30
Hepatocyte_30weeks_Animal1_Capture1_ACACCAATCCAATGGT,5.446713690896427,30
Hepatocyte_30weeks_Animal1_Capture1_ACACCCTCACAGCGTC,4.628970603609449,30
Hepatocyte_30weeks_Animal1_Capture1_ACACCGGAGCGTTGCC,5.277818817658325,30
Hepatocyte_30weeks_Animal1_Capture1_ACACCGGGTTTAAGCC,5.470001793760851,30
Hepatocyte_30weeks_Animal1_Capture1_ACACTGATCGTCCGTT,4.740058344310766,30
Hepatocyte_30weeks_Animal1_Capture1_ACAGCCGAGCGATAGC,4.77666117977526,30
Hepatocyte_30weeks_Animal1_Capture1_ACAGCTAAGGACATTA,4.859459693640947,30
Hepatocyte_30weeks_Animal1_Capture1_ACATACGCAGGAACGT,5.61146632278432,30
Hepatocyte_30weeks_Animal1_Capture1_ACATCAGCAGTCGTGC,5.082616914315245,30
Hepatocyte_30weeks_Animal1_Capture1_ACATCAGTCTACCAGA,5.092293407056655,30
Hepatocyte_30weeks_Animal1_Capture1_ACCAGTAAGAGTAAGG,4.841968175112143,30
Hepatocyte_30weeks_Animal1_Capture1_ACCAGTACAGCGTCCA,4.938363727903563,30
Hepatocyte_30weeks_Animal1_Capture1_ACCAGTATCAGTGTTG,4.812944541946189,30
Hepatocyte_30weeks_Animal1_Capture1_ACCCACTAGTGCGTGA,4.665733243744194,30
Hepatocyte_30weeks_Animal1_Capture1_ACCCACTGTTGTTTGG,4.8973819579235105,30
Hepatocyte_30weeks_Animal1_Capture1_ACGAGCCGTCCTAGCG,5.222175882415495,30
Hepatocyte_30weeks_Animal1_Capture1_ACGAGGAAGTCCCACG,5.418856163000422,30
Hepatocyte_30weeks_Animal1_Capture1_ACGAGGAAGTTTGCGT,4.7317891835377175,30
Hepatocyte_30weeks_Animal1_Capture1_ACGAGGAGTTCGTTGA,5.508323733107529,30
Hepatocyte_30weeks_Animal1_Capture1_ACGAGGATCCGAACGC,5.038965027051299,30
Hepatocyte_30weeks_Animal1_Capture1_ACGCCGACAGGCTGAA,5.068054264195382,30
Hepatocyte_30weeks_Animal1_Capture1_ACGCCGACATGACGGA,5.6711562827215865,30
Hepatocyte_30weeks_Animal1_Capture1_ACGGAGATCCTCTAGC,5.736078708383985,30
Hepatocyte_30weeks_Animal1_Capture1_ACGGGCTAGACGCTTT,4.972939224394386,30
Hepatocyte_30weeks_Animal1_Capture1_ACGGGCTCAGATCGGA,4.962558046643431,30
Hepatocyte_30weeks_Animal1_Capture1_ACGGGTCGTCCGAGTC,4.703817157975823,30
Hepatocyte_30weeks_Animal1_Capture1_ACGGGTCTCCCTAATT,5.590994149270071,30
Hepatocyte_30weeks_Animal1_Capture1_ACTGAACAGCAATATG,4.83186127448125,30
Hepatocyte_30weeks_Animal1_Capture1_ACTGAGTCAGGGCATA,4.941262715812035,30
Hepatocyte_30weeks_Animal1_Capture1_ACTTACTAGTAATCCC,4.777323661435004,30
Hepatocyte_30weeks_Animal1_Capture1_ACTTGTTCACATCTTT,5.021890302690186,30
Hepatocyte_30weeks_Animal1_Capture1_AGAGCTTCACATCCAA,5.089685367058252,30
Hepatocyte_30weeks_Animal1_Capture1_AGAGCTTCAGCTGTAT,5.081948015005431,30
Hepatocyte_30weeks_Animal1_Capture1_AGAGCTTTCTCACATT,4.89603961843345,30
Hepatocyte_30weeks_Animal1_Capture1_AGATCTGCAGACGCCT,4.778280216231446,30
Hepatocyte_30weeks_Animal1_Capture1_AGATCTGTCACGATGT,5.007843433785533,30
Hepatocyte_30weeks_Animal1_Capture1_AGCAGCCAGGCGTACA,5.252316431443473,30
Hepatocyte_30weeks_Animal1_Capture1_AGCGTATAGGAATGGA,5.842689129331946,30
Hepatocyte_30weeks_Animal1_Capture1_AGCGTATCAAGCGAGT,5.285666213843763,30
Hepatocyte_30weeks_Animal1_Capture1_AGCTCCTAGACTAGGC,5.157038004767715,30
Hepatocyte_30weeks_Animal1_Capture1_AGCTCCTTCGTCCGTT,4.821133558122316,30
Hepatocyte_30weeks_Animal1_Capture1_AGCTCCTTCTACTCAT,5.12618857283399,30
Hepatocyte_30weeks_Animal1_Capture1_AGCTTGACAGTACACT,4.867457963905521,30
Hepatocyte_30weeks_Animal1_Capture1_AGGGAGTAGATAGCAT,4.594518429746939,30
Hepatocyte_30weeks_Animal1_Capture1_AGGGAGTTCATGTGGT,4.856301910596925,30
Hepatocyte_30weeks_Animal1_Capture1_AGGGTGAGTTACCGAT,5.475389239916991,30
Hepatocyte_30weeks_Animal1_Capture1_AGGGTGATCCAATGGT,4.939800322976658,30
Hepatocyte_30weeks_Animal1_Capture1_AGGTCATCAACCGCCA,4.837732958715682,30
Hepatocyte_30weeks_Animal1_Capture1_AGGTCCGGTCGTCTTC,4.938729885017024,30
Hepatocyte_30weeks_Animal1_Capture1_AGTAGTCAGTGAAGTT,5.14954667672866,30
Hepatocyte_30weeks_Animal1_Capture1_AGTTGGTCAAGGTTTC,4.999169493686405,30
Hepatocyte_30weeks_Animal1_Capture1_ATAAGAGGTCCGCTGA,4.852999686215135,30
Hepatocyte_30weeks_Animal1_Capture1_ATCATCTAGCCTATGT,4.970063904297996,30
Hepatocyte_30weeks_Animal1_Capture1_ATCTGCCGTTCCACGG,5.102859603580235,30
Hepatocyte_30weeks_Animal1_Capture1_ATGAGGGCACGCCAGT,4.840177923415071,30
Hepatocyte_30weeks_Animal1_Capture1_ATGCGATAGGTGGGTT,4.958456283109267,30
Hepatocyte_30weeks_Animal1_Capture1_ATGGGAGGTAAATGTG,5.299731390745049,30
Hepatocyte_30weeks_Animal1_Capture1_ATGTGTGCACCTTGTC,4.8591263084832494,30
Hepatocyte_30weeks_Animal1_Capture1_ATTCTACGTCGGCTCA,5.226406525240202,30
Hepatocyte_30weeks_Animal1_Capture1_ATTCTACTCATCTGTT,5.006273060402419,30
Hepatocyte_30weeks_Animal1_Capture1_ATTGGACTCTAAGCCA,5.204212077842039,30
Hepatocyte_30weeks_Animal1_Capture1_CAACCTCCAGACAAGC,5.070650463436713,30
Hepatocyte_30weeks_Animal1_Capture1_CAAGAAACAGACAAGC,4.938775337200778,30
Hepatocyte_30weeks_Animal1_Capture1_CAAGAAAGTAGAAAGG,5.556432674926467,30
Hepatocyte_30weeks_Animal1_Capture1_CAAGGCCTCGTCTGAA,5.288452380360441,30
Hepatocyte_30weeks_Animal1_Capture1_CAAGTTGCATGTAAGA,5.140174168717639,30
Hepatocyte_30weeks_Animal1_Capture1_CACACTCCAGCATGAG,5.380189809552958,30
Hepatocyte_30weeks_Animal1_Capture1_CACATTTCATCACGTA,4.761835051469864,30
Hepatocyte_30weeks_Animal1_Capture1_CACCACTAGCCCAATT,4.92251714443022,30
Hepatocyte_30weeks_Animal1_Capture1_CACTCCATCCTCTAGC,4.71010196207312,30
Hepatocyte_30weeks_Animal1_Capture1_CAGAATCTCAATCACG,5.18308302518193,30
Hepatocyte_30weeks_Animal1_Capture1_CAGAGAGGTGCAGACA,5.5014606215222885,30
Hepatocyte_30weeks_Animal1_Capture1_CAGATCAAGTAGGCCA,4.9079836586620935,30
Hepatocyte_30weeks_Animal1_Capture1_CAGCTAAAGGGCTCTC,5.105796662372981,30
Hepatocyte_30weeks_Animal1_Capture1_CAGCTAATCCAGTAGT,5.219910922051286,30
Hepatocyte_30weeks_Animal1_Capture1_CAGCTGGGTCCAGTGC,5.123801621580281,30
Hepatocyte_30weeks_Animal1_Capture1_CAGTAACGTGCCTTGG,5.154362413166022,30
Hepatocyte_30weeks_Animal1_Capture1_CATATGGAGGTGCACA,4.766248228418083,30
Hepatocyte_30weeks_Animal1_Capture1_CATCCACCAGCTTAAC,5.132301895981777,30
Hepatocyte_30weeks_Animal1_Capture1_CATCCACTCCGGCACA,5.290864417549986,30
Hepatocyte_30weeks_Animal1_Capture1_CATCGAACAGCCAATT,5.1998370504722065,30
Hepatocyte_30weeks_Animal1_Capture1_CATCGAAGTGTCAATC,4.797670608058027,30
Hepatocyte_30weeks_Animal1_Capture1_CATTATCGTTAAGATG,5.284473246364504,30
Hepatocyte_30weeks_Animal1_Capture1_CCAATCCTCGTTACGA,5.2876016340488805,30
Hepatocyte_30weeks_Animal1_Capture1_CCACCTAGTCTTCGTC,4.729328370656328,30
Hepatocyte_30weeks_Animal1_Capture1_CCACGGAAGGAATCGC,5.198073170855896,30
Hepatocyte_30weeks_Animal1_Capture1_CCAGCGAGTTCGGGCT,5.062913003237524,30
Hepatocyte_30weeks_Animal1_Capture1_CCAGCGATCCCAAGAT,4.892550040429753,30
Hepatocyte_30weeks_Animal1_Capture1_CCATGTCCATCTGGTA,5.043041892444924,30
Hepatocyte_30weeks_Animal1_Capture1_CCATTCGCAGCCACCA,4.961936647857579,30
Hepatocyte_30weeks_Animal1_Capture1_CCGTTCAAGGCCCGTT,5.3363785924402585,30
Hepatocyte_30weeks_Animal1_Capture1_CCGTTCACAACTGCTA,4.806490662512483,30
Hepatocyte_30weeks_Animal1_Capture1_CCGTTCACAATAGCGG,4.559587755855143,30
Hepatocyte_30weeks_Animal1_Capture1_CCGTTCAGTGACTACT,4.947744532616007,30
Hepatocyte_30weeks_Animal1_Capture1_CCTACACTCTTCAACT,5.185235264558945,30
Hepatocyte_30weeks_Animal1_Capture1_CCTACCACATCCTAGA,4.844058942335991,30
Hepatocyte_30weeks_Animal1_Capture1_CCTCAGTAGCTGCGAA,5.077427665838364,30
Hepatocyte_30weeks_Animal1_Capture1_CCTCTGAGTACACCGC,5.204054083288931,30
Hepatocyte_30weeks_Animal1_Capture1_CCTCTGAGTCGACTAT,4.863662474913724,30
Hepatocyte_30weeks_Animal1_Capture1_CCTCTGAGTCGCGGTT,4.69481024046477,30
Hepatocyte_30weeks_Animal1_Capture1_CCTTACGGTCGAAAGC,4.932695194189212,30
Hepatocyte_30weeks_Animal1_Capture1_CCTTCCCCACGTCTCT,5.23504019671131,30
Hepatocyte_30weeks_Animal1_Capture1_CCTTCCCCAGCTGTGC,4.879513835863158,30
Hepatocyte_30weeks_Animal1_Capture1_CGACCTTAGTTTAGGA,4.85800240323204,30
Hepatocyte_30weeks_Animal1_Capture1_CGACTTCGTTGTGGAG,5.5520752189308045,30
Hepatocyte_30weeks_Animal1_Capture1_CGAGAAGCACACATGT,5.249990804338061,30
Hepatocyte_30weeks_Animal1_Capture1_CGAGAAGCACGGACAA,5.016740989426889,30
Hepatocyte_30weeks_Animal1_Capture1_CGCCAAGCAATCGGTT,4.781839514668992,30
Hepatocyte_30weeks_Animal1_Capture1_CGCCAAGCATCGACGC,5.072938495839094,30
Hepatocyte_30weeks_Animal1_Capture1_CGCCAAGTCCTATTCA,4.8816619874557485,30
Hepatocyte_30weeks_Animal1_Capture1_CGCTATCAGTTAGCGG,5.22850000773505,30
Hepatocyte_30weeks_Animal1_Capture1_CGCTGGAAGTGGTAAT,4.708894266059511,30
Hepatocyte_30weeks_Animal1_Capture1_CGGACACCATTCTCAT,5.166748459115686,30
Hepatocyte_30weeks_Animal1_Capture1_CGGACTGCATAAAGGT,5.166215132318264,30
Hepatocyte_30weeks_Animal1_Capture1_CGGAGTCTCATCTGCC,5.111614665801009,30
Hepatocyte_30weeks_Animal1_Capture1_CGTCACTGTGAGTGAC,4.837047725825627,30
Hepatocyte_30weeks_Animal1_Capture1_CGTCACTGTTAAGGGC,5.57127927864914,30
Hepatocyte_30weeks_Animal1_Capture1_CGTGTCTGTGTTGGGA,5.310278606820445,30
Hepatocyte_30weeks_Animal1_Capture1_CTAAGACTCCGAATGT,4.924629690232553,30
Hepatocyte_30weeks_Animal1_Capture1_CTACATTCAGCTGGCT,4.872430800862762,30
Hepatocyte_30weeks_Animal1_Capture1_CTACCCAGTGCGATAG,4.758059124323362,30
Hepatocyte_30weeks_Animal1_Capture1_CTACGTCAGCTGCAAG,4.906753860796464,30
Hepatocyte_30weeks_Animal1_Capture1_CTACGTCCAGATAATG,4.790768289036926,30
Hepatocyte_30weeks_Animal1_Capture1_CTACGTCTCAGATAAG,5.440955679536997,30
Hepatocyte_30weeks_Animal1_Capture1_CTCACACTCGGCTACG,5.012291810440624,30
Hepatocyte_30weeks_Animal1_Capture1_CTCACACTCTGTACGA,4.788258595722721,30
Hepatocyte_30weeks_Animal1_Capture1_CTCGAAATCGCGTTTC,4.874058883865088,30
Hepatocyte_30weeks_Animal1_Capture1_CTCGGAGAGCGTGAAC,4.836006645871533,30
Hepatocyte_30weeks_Animal1_Capture1_CTCGGGAAGTTTGCGT,4.854465078080955,30
Hepatocyte_30weeks_Animal1_Capture1_CTCGTACCACGAAACG,5.13173174662032,30
Hepatocyte_30weeks_Animal1_Capture1_CTCTAATGTGCACTTA,4.847301131171937,30
Hepatocyte_30weeks_Animal1_Capture1_CTGAAACTCACCTCGT,5.005543783168893,30
Hepatocyte_30weeks_Animal1_Capture1_CTGCGGAGTAGCAAAT,5.352923851103065,30
Hepatocyte_30weeks_Animal1_Capture1_CTGCGGAGTTATCCGA,5.7053467360318875,30
Hepatocyte_30weeks_Animal1_Capture1_CTGGTCTAGCCAGTAG,5.115503368677117,30
Hepatocyte_30weeks_Animal1_Capture1_CTTACCGCAATGGAGC,5.488051864086242,30
Hepatocyte_30weeks_Animal1_Capture1_CTTACCGGTGCATCTA,4.820180559077693,30
Hepatocyte_30weeks_Animal1_Capture1_CTTCTCTAGCACAGGT,4.685828672285247,30
Hepatocyte_30weeks_Animal1_Capture1_CTTCTCTTCCAGGGCT,5.13523189702226,30
Hepatocyte_30weeks_Animal1_Capture1_CTTGGCTCAAGCGCTC,5.057327755997741,30
Hepatocyte_30weeks_Animal1_Capture1_GAACATCAGTTCGATC,4.888760678292025,30
Hepatocyte_30weeks_Animal1_Capture1_GAACATCTCGAATGCT,4.795406731773638,30
Hepatocyte_30weeks_Animal1_Capture1_GAACCTAAGCGTCTAT,5.366399017504033,30
Hepatocyte_30weeks_Animal1_Capture1_GAACCTAGTCTCAACA,4.977774693519222,30
Hepatocyte_30weeks_Animal1_Capture1_GAACGGAAGATGCCTT,4.656059718399637,30
Hepatocyte_30weeks_Animal1_Capture1_GAATAAGAGTCCAGGA,5.10548116129139,30
Hepatocyte_30weeks_Animal1_Capture1_GACCAATTCTGTTGAG,4.826939886434095,30
Hepatocyte_30weeks_Animal1_Capture1_GACGCGTAGAAGGACA,5.053746269444042,30
Hepatocyte_30weeks_Animal1_Capture1_GACGCGTAGTTGAGAT,4.956519886749398,30
Hepatocyte_30weeks_Animal1_Capture1_GACGTGCAGGGATCTG,5.480739438102355,30
Hepatocyte_30weeks_Animal1_Capture1_GACTAACAGGTAGCTG,4.983233732712856,30
Hepatocyte_30weeks_Animal1_Capture1_GAGCAGACAGACAAGC,4.9475416888779,30
Hepatocyte_30weeks_Animal1_Capture1_GAGTCCGCAATACGCT,4.884061422690009,30
Hepatocyte_30weeks_Animal1_Capture1_GATCAGTTCACTCCTG,5.388933018909505,30
Hepatocyte_30weeks_Animal1_Capture1_GATCAGTTCAGGCCCA,5.111554700238132,30
Hepatocyte_30weeks_Animal1_Capture1_GATCGCGGTGCGATAG,5.558339776995183,30
Hepatocyte_30weeks_Animal1_Capture1_GATCTAGTCCTCAATT,4.782898581487727,30
Hepatocyte_30weeks_Animal1_Capture1_GATGAAAAGCTAACAA,5.355344977971685,30
Hepatocyte_30weeks_Animal1_Capture1_GATGAGGCATACAGCT,5.07413229769096,30
Hepatocyte_30weeks_Animal1_Capture1_GATGAGGCATCCCATC,4.622588850706619,30
Hepatocyte_30weeks_Animal1_Capture1_GATTCAGAGTGCTGCC,4.983092078228154,30
Hepatocyte_30weeks_Animal1_Capture1_GATTCAGTCCACGTGG,5.246956952478401,30
Hepatocyte_30weeks_Animal1_Capture1_GATTCAGTCGTACCGG,4.827045818994024,30
Hepatocyte_30weeks_Animal1_Capture1_GCACTCTCAAGGTTCT,5.168772736363645,30
Hepatocyte_30weeks_Animal1_Capture1_GCATGCGAGGGCATGT,5.083440782062112,30
Hepatocyte_30weeks_Animal1_Capture1_GCATGTACATGAACCT,4.70373793658497,30
Hepatocyte_30weeks_Animal1_Capture1_GCCAAATCAGCGTCCA,5.50169702315995,30
Hepatocyte_30weeks_Animal1_Capture1_GCCTCTAAGTGGGTTG,5.796985451111153,30
Hepatocyte_30weeks_Animal1_Capture1_GCCTCTACAAGAGGCT,5.10913403890916,30
Hepatocyte_30weeks_Animal1_Capture1_GCGAGAATCGAGCCCA,5.310007090485678,30
Hepatocyte_30weeks_Animal1_Capture1_GCGGGTTGTCGCGAAA,4.936644553465043,30
Hepatocyte_30weeks_Animal1_Capture1_GCTCCTATCCACTGGG,5.339340394221997,30
Hepatocyte_30weeks_Animal1_Capture1_GCTCTGTCACTACAGT,5.105308689184901,30
Hepatocyte_30weeks_Animal1_Capture1_GCTGCAGCATTAACCG,5.823262897083876,30
Hepatocyte_30weeks_Animal1_Capture1_GCTGCAGGTGAGTGAC,4.886169881030267,30
Hepatocyte_30weeks_Animal1_Capture1_GCTGCAGTCAGTCAGT,5.190745917204321,30
Hepatocyte_30weeks_Animal1_Capture1_GCTGCAGTCGCACTCT,4.755580884775429,30
Hepatocyte_30weeks_Animal1_Capture1_GCTGCGATCAGAGCTT,5.041939681260304,30
Hepatocyte_30weeks_Animal1_Capture1_GCTGCGATCCATTCTA,4.760844158610876,30
Hepatocyte_30weeks_Animal1_Capture1_GCTTCCAAGCCAGTAG,5.021914762862004,30
Hepatocyte_30weeks_Animal1_Capture1_GCTTCCAAGCCTATGT,4.810399668792494,30
Hepatocyte_30weeks_Animal1_Capture1_GCTTCCAAGCTGCAAG,5.664007966036484,30
Hepatocyte_30weeks_Animal1_Capture1_GGAATAAGTAGGGACT,5.416841795231369,30
Hepatocyte_30weeks_Animal1_Capture1_GGAATAATCATTGCCC,4.89409608805458,30
Hepatocyte_30weeks_Animal1_Capture1_GGACGTCAGGCAATTA,4.476392716140193,30
Hepatocyte_30weeks_Animal1_Capture1_GGACGTCGTCTCGTTC,4.636135523341304,30
Hepatocyte_30weeks_Animal1_Capture1_GGAGCAAAGAAACGAG,5.23943219321868,30
Hepatocyte_30weeks_Animal1_Capture1_GGATTACCAGATAATG,5.170616802055832,30
Hepatocyte_30weeks_Animal1_Capture1_GGATTACTCTGTCCGT,4.769581232765576,30
Hepatocyte_30weeks_Animal1_Capture1_GGCAATTTCCTAAGTG,5.204275230218297,30
Hepatocyte_30weeks_Animal1_Capture1_GGCTCGAAGGACGAAA,5.104858037178202,30
Hepatocyte_30weeks_Animal1_Capture1_GGGAATGCATCTATGG,4.747326140177203,30
Hepatocyte_30weeks_Animal1_Capture1_GGGAGATAGCAGCCTC,5.25819408585145,30
Hepatocyte_30weeks_Animal1_Capture1_GGGAGATCAAGGACTG,4.674363734658201,30
Hepatocyte_30weeks_Animal1_Capture1_GGGAGATTCGAATCCA,5.571507471308669,30
Hepatocyte_30weeks_Animal1_Capture1_GGGATGACACGCATCG,4.839591201125966,30
Hepatocyte_30weeks_Animal1_Capture1_GGGTTGCTCCGCGTTT,5.195747788719585,30
Hepatocyte_30weeks_Animal1_Capture1_GGTGAAGCAATAGAGT,4.8483451427378474,30
Hepatocyte_30weeks_Animal1_Capture1_GGTGAAGGTCGGCACT,4.636944372049086,30
Hepatocyte_30weeks_Animal1_Capture1_GGTGAAGTCTTCGGTC,4.895214305086218,30
Hepatocyte_30weeks_Animal1_Capture1_GGTGCGTGTCTAGCCG,4.887295193350969,30
Hepatocyte_30weeks_Animal1_Capture1_GGTGTTAGTTAAGGGC,5.002370385010736,30
Hepatocyte_30weeks_Animal1_Capture1_GTAACGTCACCTTGTC,4.939603862317073,30
Hepatocyte_30weeks_Animal1_Capture1_GTAACGTGTACAGTTC,5.722280187060862,30
Hepatocyte_30weeks_Animal1_Capture1_GTAACGTGTCGGATCC,4.926357772368526,30
Hepatocyte_30weeks_Animal1_Capture1_GTACTCCTCAACCAAC,4.743057349488186,30
Hepatocyte_30weeks_Animal1_Capture1_GTAGGCCAGTATCTCG,4.729000716095061,30
Hepatocyte_30weeks_Animal1_Capture1_GTAGTCACAGTCCTTC,4.876193985547841,30
Hepatocyte_30weeks_Animal1_Capture1_GTCAAGTAGTAGCGGT,5.212768025402834,30
Hepatocyte_30weeks_Animal1_Capture1_GTCACAACAAGCTGTT,4.768634012879942,30
Hepatocyte_30weeks_Animal1_Capture1_GTCACAAGTCTTTCAT,5.05674136590764,30
Hepatocyte_30weeks_Animal1_Capture1_GTCACAATCGGCATCG,5.0565348112412,30
Hepatocyte_30weeks_Animal1_Capture1_GTCACAATCGTACCGG,4.687087601527141,30
Hepatocyte_30weeks_Animal1_Capture1_GTCACGGCAGTATAAG,4.827599953517663,30
Hepatocyte_30weeks_Animal1_Capture1_GTCCTCAAGGAGTTTA,5.089623721636774,30
Hepatocyte_30weeks_Animal1_Capture1_GTCTTCGTCCTCATTA,5.052340110420215,30
Hepatocyte_30weeks_Animal1_Capture1_GTGAAGGGTACTTGAC,4.873912963090686,30
Hepatocyte_30weeks_Animal1_Capture1_GTGCTTCCATCCTAGA,5.119481698576751,30
Hepatocyte_30weeks_Animal1_Capture1_GTGGGTCCAATCAGAA,5.301012389250712,30
Hepatocyte_30weeks_Animal1_Capture1_GTGTGCGGTGTGGTTT,4.761339520977287,30
Hepatocyte_30weeks_Animal1_Capture1_GTTAAGCCAGTTTACG,4.82530774972222,30
Hepatocyte_30weeks_Animal1_Capture1_GTTACAGTCCACGTGG,4.716837483947127,30
Hepatocyte_30weeks_Animal1_Capture1_GTTACAGTCTCGATGA,4.858634650313615,30
Hepatocyte_30weeks_Animal1_Capture1_GTTCATTTCTGGCGTG,5.4013562110151145,30
Hepatocyte_30weeks_Animal1_Capture1_TAAACCGTCCACTCCA,4.895821153346292,30
Hepatocyte_30weeks_Animal1_Capture1_TAAGAGAGTCGCATAT,5.290095317881843,30
Hepatocyte_30weeks_Animal1_Capture1_TAAGCGTAGTCTCGGC,4.871896643270218,30
Hepatocyte_30weeks_Animal1_Capture1_TAAGCGTTCGCCGTGA,4.810227066061637,30
Hepatocyte_30weeks_Animal1_Capture1_TACGGGCTCTACTCAT,4.897130695912772,30
Hepatocyte_30weeks_Animal1_Capture1_TACTCATGTGTGCCTG,5.144457344090985,30
Hepatocyte_30weeks_Animal1_Capture1_TACTCATTCGCCGTGA,4.490821864013812,30
Hepatocyte_30weeks_Animal1_Capture1_TAGGCATGTAGCCTAT,5.4466890227891485,30
Hepatocyte_30weeks_Animal1_Capture1_TAGTTGGTCATGGTCA,4.933542589849174,30
Hepatocyte_30weeks_Animal1_Capture1_TAGTTGGTCTGTCAAG,4.690235096392312,30
Hepatocyte_30weeks_Animal1_Capture1_TATGCCCTCATGTGGT,4.9806388122003735,30
Hepatocyte_30weeks_Animal1_Capture1_TATTACCGTATGGTTC,4.749975265772939,30
Hepatocyte_30weeks_Animal1_Capture1_TCAACGAGTTCCACAA,4.879363926222304,30
Hepatocyte_30weeks_Animal1_Capture1_TCACAAGTCAACGAAA,5.199715967964929,30
Hepatocyte_30weeks_Animal1_Capture1_TCACAAGTCGCGATCG,5.166850265950032,30
Hepatocyte_30weeks_Animal1_Capture1_TCACGAATCACCCTCA,5.012830893426907,30
Hepatocyte_30weeks_Animal1_Capture1_TCAGCTCAGAGTACCG,4.887337158880049,30
Hepatocyte_30weeks_Animal1_Capture1_TCAGCTCGTATATGAG,4.94812074341054,30
Hepatocyte_30weeks_Animal1_Capture1_TCATTTGAGAGGGCTT,4.8876895359078905,30
Hepatocyte_30weeks_Animal1_Capture1_TCGAGGCCAGCTATTG,4.776283116447568,30
Hepatocyte_30weeks_Animal1_Capture1_TCGAGGCTCCCTCAGT,4.823780399639732,30
Hepatocyte_30weeks_Animal1_Capture1_TCGGGACGTGTTGGGA,4.874677372476359,30
Hepatocyte_30weeks_Animal1_Capture1_TCGGGACTCAGCTGGC,5.666734033693475,30
Hepatocyte_30weeks_Animal1_Capture1_TCGGTAATCTCCGGTT,4.992725822846362,30
Hepatocyte_30weeks_Animal1_Capture1_TCGTAGAAGCGATGAC,5.915934098791087,30
Hepatocyte_30weeks_Animal1_Capture1_TCTATTGTCAAGAAGT,4.886353155542656,30
Hepatocyte_30weeks_Animal1_Capture1_TCTCATAAGTTGAGTA,5.001595690082546,30
Hepatocyte_30weeks_Animal1_Capture1_TCTCATAGTTTGTTTC,5.071416819459649,30
Hepatocyte_30weeks_Animal1_Capture1_TCTCATATCTAACTGG,4.801432176374215,30
Hepatocyte_30weeks_Animal1_Capture1_TCTTCGGCATCACAAC,5.445595517106578,30
Hepatocyte_30weeks_Animal1_Capture1_TCTTCGGGTGGCTCCA,4.911465149595206,30
Hepatocyte_30weeks_Animal1_Capture1_TGAAAGATCAGTTTGG,5.103232246381781,30
Hepatocyte_30weeks_Animal1_Capture1_TGACAACAGCTAGTTC,4.858659718769458,30
Hepatocyte_30weeks_Animal1_Capture1_TGAGGGAGTCCGAATT,5.366453458597167,30
Hepatocyte_30weeks_Animal1_Capture1_TGATTTCTCACCCGAG,5.152603352587732,30
Hepatocyte_30weeks_Animal1_Capture1_TGCCCATGTACCAGTT,5.398212625161347,30
Hepatocyte_30weeks_Animal1_Capture1_TGCGTGGTCAACCAAC,4.549398336884485,30
Hepatocyte_30weeks_Animal1_Capture1_TGCGTGGTCGGCTTGG,5.53901603274791,30
Hepatocyte_30weeks_Animal1_Capture1_TGGCGCAAGCCCAACC,5.467885756451731,30
Hepatocyte_30weeks_Animal1_Capture1_TGGCTGGCAGCGAACA,4.627275539573702,30
Hepatocyte_30weeks_Animal1_Capture1_TGGGCGTGTCTGCCAG,4.727277838118733,30
Hepatocyte_30weeks_Animal1_Capture1_TGGTTAGCATGCTGGC,4.8613737597942395,30
Hepatocyte_30weeks_Animal1_Capture1_TGTTCCGGTTGTCTTT,4.880909968444479,30
Hepatocyte_30weeks_Animal1_Capture1_TTAGGACCAGGAACGT,5.639358121109872,30
Hepatocyte_30weeks_Animal1_Capture1_TTATGCTAGCTAAACA,4.687494227484134,30
Hepatocyte_30weeks_Animal1_Capture1_TTCTACAGTGCGAAAC,4.898230142371097,30
Hepatocyte_30weeks_Animal1_Capture1_TTCTACATCCTAGGGC,4.865735434782524,30
Hepatocyte_30weeks_Animal1_Capture1_TTCTCCTCATTCCTGC,4.8191185187553005,30
Hepatocyte_30weeks_Animal1_Capture1_TTCTTAGTCAACCATG,5.21030936742517,30
Hepatocyte_30weeks_Animal1_Capture1_TTGAACGAGCTGCAAG,5.525538356054765,30
Hepatocyte_30weeks_Animal1_Capture1_TTGACTTAGGCACATG,4.9230332618300086,30
Hepatocyte_30weeks_Animal1_Capture1_TTGACTTGTTGGGACA,5.040539973021471,30
Hepatocyte_30weeks_Animal1_Capture1_TTGTAGGCAGCTGTTA,5.066588436836492,30
Hepatocyte_30weeks_Animal1_Capture1_TTGTAGGGTTGCCTCT,5.33976137184017,30
Hepatocyte_30weeks_Animal1_Capture1_TTTATGCAGACGACGT,5.147040411695446,30
Hepatocyte_30weeks_Animal1_Capture1_TTTCCTCCACACATGT,5.565693433328187,30
Hepatocyte_30weeks_Animal1_Capture1_TTTGGTTAGCAGACTG,5.348010487040586,30
Hepatocyte_30weeks_Animal1_Capture2_AAACCTGAGCGATCCC,4.808776794066377,30
Hepatocyte_30weeks_Animal1_Capture2_AAAGCAAAGGGAACGG,4.870244720493201,30
Hepatocyte_30weeks_Animal1_Capture2_AAAGCAATCAACCATG,4.672284971315387,30
Hepatocyte_30weeks_Animal1_Capture2_AAATGCCTCCAAACAC,5.173077784709378,30
Hepatocyte_30weeks_Animal1_Capture2_AACCATGCATCTGGTA,4.920306940071007,30
Hepatocyte_30weeks_Animal1_Capture2_AACCGCGAGATCCGAG,5.322061054444303,30
Hepatocyte_30weeks_Animal1_Capture2_AACTCTTGTGTTAAGA,4.861656356390068,30
Hepatocyte_30weeks_Animal1_Capture2_AAGGAGCAGAATAGGG,4.7176512251933325,30
Hepatocyte_30weeks_Animal1_Capture2_AAGTCTGGTCGAAAGC,4.835013960535955,30
Hepatocyte_30weeks_Animal1_Capture2_AATCGGTAGCGTGAAC,4.566903766080012,30
Hepatocyte_30weeks_Animal1_Capture2_AATCGGTGTTCATGGT,4.98135755818646,30
Hepatocyte_30weeks_Animal1_Capture2_ACACCCTTCATACGGT,5.173858111114505,30
Hepatocyte_30weeks_Animal1_Capture2_ACACCGGAGTGGTAAT,5.575739534449314,30
Hepatocyte_30weeks_Animal1_Capture2_ACACCGGTCATACGGT,4.810393531765239,30
Hepatocyte_30weeks_Animal1_Capture2_ACACTGAAGTGATCGG,5.544986187369326,30
Hepatocyte_30weeks_Animal1_Capture2_ACATACGCAAGCGCTC,4.957109096851501,30
Hepatocyte_30weeks_Animal1_Capture2_ACATGGTGTGTGTGCC,4.574723340805866,30
Hepatocyte_30weeks_Animal1_Capture2_ACCCACTCAAGGTGTG,5.008706233406001,30
Hepatocyte_30weeks_Animal1_Capture2_ACCCACTGTCATACTG,5.474771152563741,30
Hepatocyte_30weeks_Animal1_Capture2_ACCTTTAAGGTTACCT,5.373589016171964,30
Hepatocyte_30weeks_Animal1_Capture2_ACCTTTAAGTGGAGAA,5.160473172781988,30
Hepatocyte_30weeks_Animal1_Capture2_ACGAGGACAACTGCGC,4.671866866711367,30
Hepatocyte_30weeks_Animal1_Capture2_ACGAGGACATGCTAGT,4.726507970482508,30
Hepatocyte_30weeks_Animal1_Capture2_ACGAGGAGTCCTAGCG,4.736121289876946,30
Hepatocyte_30weeks_Animal1_Capture2_ACGATACCAGATGGCA,4.837900193664037,30
Hepatocyte_30weeks_Animal1_Capture2_ACGATACCAGGGTATG,5.329570248387609,30
Hepatocyte_30weeks_Animal1_Capture2_ACGATGTAGGTAGCCA,4.620692645261741,30
Hepatocyte_30weeks_Animal1_Capture2_ACGCAGCAGATGCCTT,4.771047056825223,30
Hepatocyte_30weeks_Animal1_Capture2_ACGCAGCAGTCGTACT,4.456442698118453,30
Hepatocyte_30weeks_Animal1_Capture2_ACGCAGCTCGGGAGTA,5.210670628146568,30
Hepatocyte_30weeks_Animal1_Capture2_ACGCCAGTCTGTCAAG,4.723858603262052,30
Hepatocyte_30weeks_Animal1_Capture2_ACGCCGAGTGTAAGTA,4.82709234170853,30
Hepatocyte_30weeks_Animal1_Capture2_ACGGCCAAGCCACGTC,5.167246542644185,30
Hepatocyte_30weeks_Animal1_Capture2_ACGGGTCCACCGGAAA,4.751644758769897,30
Hepatocyte_30weeks_Animal1_Capture2_ACTATCTAGATTACCC,5.117207801053742,30
Hepatocyte_30weeks_Animal1_Capture2_ACTATCTTCAGTGCAT,5.077025627344316,30
Hepatocyte_30weeks_Animal1_Capture2_ACTGAGTGTACATGTC,5.014121090316939,30
Hepatocyte_30weeks_Animal1_Capture2_ACTGAGTTCCAAATGC,5.237375084049049,30
Hepatocyte_30weeks_Animal1_Capture2_ACTGAGTTCGGCGGTT,4.62408888208242,30
Hepatocyte_30weeks_Animal1_Capture2_ACTGCTCGTTGCCTCT,4.874522273003044,30
Hepatocyte_30weeks_Animal1_Capture2_ACTGTCCCAGACGCCT,4.78895026026899,30
Hepatocyte_30weeks_Animal1_Capture2_ACTGTCCTCAGGCCCA,5.432559396028061,30
Hepatocyte_30weeks_Animal1_Capture2_ACTTACTCACCGATAT,5.321235113921922,30
Hepatocyte_30weeks_Animal1_Capture2_ACTTGTTGTTGAACTC,5.153070215617574,30
Hepatocyte_30weeks_Animal1_Capture2_AGAATAGAGGTAGCCA,5.284461405297916,30
Hepatocyte_30weeks_Animal1_Capture2_AGAGCGAGTAAACCTC,4.967128393956491,30
Hepatocyte_30weeks_Animal1_Capture2_AGAGCGAGTACAGACG,5.352473732489075,30
Hepatocyte_30weeks_Animal1_Capture2_AGAGTGGTCACCTCGT,5.539118947088575,30
Hepatocyte_30weeks_Animal1_Capture2_AGATCTGAGCTAGGCA,5.2085321291455635,30
Hepatocyte_30weeks_Animal1_Capture2_AGATTGCAGAAACCTA,4.826618033995102,30
Hepatocyte_30weeks_Animal1_Capture2_AGCCTAAGTGGTGTAG,4.810291204606828,30
Hepatocyte_30weeks_Animal1_Capture2_AGCGGTCCAAACCCAT,4.86287543797613,30
Hepatocyte_30weeks_Animal1_Capture2_AGCTCCTTCAGCCTAA,5.200503106819107,30
Hepatocyte_30weeks_Animal1_Capture2_AGCTCTCAGGTGACCA,4.702313698745916,30
Hepatocyte_30weeks_Animal1_Capture2_AGCTCTCCAGGAACGT,5.374870412396775,30
Hepatocyte_30weeks_Animal1_Capture2_AGGCCACAGGACACCA,4.747880160642338,30
Hepatocyte_30weeks_Animal1_Capture2_AGGCCGTAGTGCGATG,4.490163464431746,30
Hepatocyte_30weeks_Animal1_Capture2_AGGGAGTTCCTGCCAT,5.1912436135623885,30
Hepatocyte_30weeks_Animal1_Capture2_AGGGAGTTCTTACCGC,5.484569549018847,30
Hepatocyte_30weeks_Animal1_Capture2_AGGGTGAAGGCATTGG,5.815874584531561,30
Hepatocyte_30weeks_Animal1_Capture2_AGGTCATAGGGTGTGT,5.157765085513456,30
Hepatocyte_30weeks_Animal1_Capture2_AGTAGTCCATATACCG,5.425247703843744,30
Hepatocyte_30weeks_Animal1_Capture2_AGTCTTTAGGCCATAG,4.720012166830611,30
Hepatocyte_30weeks_Animal1_Capture2_AGTGAGGAGCTAGCCC,5.040523246108977,30
Hepatocyte_30weeks_Animal1_Capture2_AGTGAGGTCTCACATT,4.569599384865941,30
Hepatocyte_30weeks_Animal1_Capture2_AGTGTCAAGCCCAATT,4.83624014399364,30
Hepatocyte_30weeks_Animal1_Capture2_AGTGTCAGTTCTCATT,4.9261470117092045,30
Hepatocyte_30weeks_Animal1_Capture2_ATAGACCTCGGTGTTA,4.992229032181044,30
Hepatocyte_30weeks_Animal1_Capture2_ATCATCTCATTTCACT,5.237215323569563,30
Hepatocyte_30weeks_Animal1_Capture2_ATCATGGTCACAACGT,4.99712787349949,30
Hepatocyte_30weeks_Animal1_Capture2_ATCCGAAGTCTCCACT,5.3851982839066395,30
Hepatocyte_30weeks_Animal1_Capture2_ATCGAGTTCAACACTG,4.7548102482860015,30
Hepatocyte_30weeks_Animal1_Capture2_ATCTGCCTCAGAAATG,4.874926081062133,30
Hepatocyte_30weeks_Animal1_Capture2_ATGAGGGTCCAGATCA,5.388309458671559,30
Hepatocyte_30weeks_Animal1_Capture2_ATTACTCCATCAGTCA,4.906928075703817,30
Hepatocyte_30weeks_Animal1_Capture2_ATTATCCCACTTCTGC,4.691705089108853,30
Hepatocyte_30weeks_Animal1_Capture2_ATTATCCGTTCCACTC,5.179312178709263,30
Hepatocyte_30weeks_Animal1_Capture2_ATTATCCTCCAGTAGT,5.754114164218972,30
Hepatocyte_30weeks_Animal1_Capture2_ATTCTACTCTCGAGTA,4.598701625986996,30
Hepatocyte_30weeks_Animal1_Capture2_ATTGGTGCACCCTATC,5.188513117104768,30
Hepatocyte_30weeks_Animal1_Capture2_ATTGGTGGTAGCGCTC,4.847481714892631,30
Hepatocyte_30weeks_Animal1_Capture2_ATTTCTGCACTGCCAG,4.516570566409412,30
Hepatocyte_30weeks_Animal1_Capture2_ATTTCTGGTTCACGGC,4.723162755831016,30
Hepatocyte_30weeks_Animal1_Capture2_CAACCAATCTAAGCCA,4.6004647054995065,30
Hepatocyte_30weeks_Animal1_Capture2_CAACCAATCTTCATGT,4.63230635739962,30
Hepatocyte_30weeks_Animal1_Capture2_CAACCTCCAATCTACG,5.179769021281677,30
Hepatocyte_30weeks_Animal1_Capture2_CAACTAGAGTACTTGC,4.6876971215995775,30
Hepatocyte_30weeks_Animal1_Capture2_CACAAACCATTAGGCT,5.241942385641497,30
Hepatocyte_30weeks_Animal1_Capture2_CACACAAAGAGCCCAA,4.537440391977345,30
Hepatocyte_30weeks_Animal1_Capture2_CACACAAAGATGCCAG,5.393580065125829,30
Hepatocyte_30weeks_Animal1_Capture2_CACACCTAGTGGTAGC,4.910381873236738,30
Hepatocyte_30weeks_Animal1_Capture2_CACACCTCATGTCCTC,5.176498022518908,30
Hepatocyte_30weeks_Animal1_Capture2_CACAGGCAGATATACG,4.911937283577238,30
Hepatocyte_30weeks_Animal1_Capture2_CACAGGCCATGCATGT,5.419879046897318,30
Hepatocyte_30weeks_Animal1_Capture2_CACATAGAGATTACCC,5.24953392081737,30
Hepatocyte_30weeks_Animal1_Capture2_CACATTTTCTTTAGTC,4.895503324487576,30
Hepatocyte_30weeks_Animal1_Capture2_CAGAATCGTTCCAACA,4.971528543719465,30
Hepatocyte_30weeks_Animal1_Capture2_CAGATCACAAACTGCT,4.583410650986236,30
Hepatocyte_30weeks_Animal1_Capture2_CAGCTAACACTTAAGC,5.0616720844829555,30
Hepatocyte_30weeks_Animal1_Capture2_CAGCTGGTCTCTAAGG,5.255843322166838,30
Hepatocyte_30weeks_Animal1_Capture2_CAGGTGCAGCTGGAAC,4.971730799491986,30
Hepatocyte_30weeks_Animal1_Capture2_CAGTAACGTTCCTCCA,4.671993197847909,30
Hepatocyte_30weeks_Animal1_Capture2_CAGTCCTAGGCGACAT,5.051373214027535,30
Hepatocyte_30weeks_Animal1_Capture2_CATATGGTCTTGTACT,5.06191321325055,30
Hepatocyte_30weeks_Animal1_Capture2_CATCAAGAGGCAGGTT,4.938106490771059,30
Hepatocyte_30weeks_Animal1_Capture2_CATGCCTGTCAAAGAT,4.721425750127045,30
Hepatocyte_30weeks_Animal1_Capture2_CATTATCCAGGATCGA,4.681850288032788,30
Hepatocyte_30weeks_Animal1_Capture2_CCAATCCCAGATCGGA,5.248125579245056,30
Hepatocyte_30weeks_Animal1_Capture2_CCACCTACACGTCTCT,4.692717903253776,30
Hepatocyte_30weeks_Animal1_Capture2_CCACCTACAGCCAATT,5.260574151011182,30
Hepatocyte_30weeks_Animal1_Capture2_CCACGGAAGCTGAAAT,4.6397645055445915,30
Hepatocyte_30weeks_Animal1_Capture2_CCACTACAGCACGCCT,4.681284203872364,30
Hepatocyte_30weeks_Animal1_Capture2_CCACTACTCGAATGCT,4.977030988834307,30
Hepatocyte_30weeks_Animal1_Capture2_CCAGCGAAGTTAACGA,4.623387812903674,30
Hepatocyte_30weeks_Animal1_Capture2_CCATGTCGTCTAAAGA,5.430220991414007,30
Hepatocyte_30weeks_Animal1_Capture2_CCCAGTTAGCTTTGGT,4.9511189833743225,30
Hepatocyte_30weeks_Animal1_Capture2_CCCATACCATCCTTGC,4.676844311448157,30
Hepatocyte_30weeks_Animal1_Capture2_CCGGGATCATGTAAGA,4.756421086642872,30
Hepatocyte_30weeks_Animal1_Capture2_CCGGTAGCATTGAGCT,4.822558961678254,30
Hepatocyte_30weeks_Animal1_Capture2_CCGGTAGGTTGTGGCC,4.481761495701987,30
Hepatocyte_30weeks_Animal1_Capture2_CCGTACTTCGAATCCA,5.018572028924971,30
Hepatocyte_30weeks_Animal1_Capture2_CCGTGGAGTGTGTGCC,4.8861955491564615,30
Hepatocyte_30weeks_Animal1_Capture2_CCTAGCTGTCTTCTCG,4.990061712212608,30
Hepatocyte_30weeks_Animal1_Capture2_CCTTTCTGTGTTCTTT,4.8664340361823575,30
Hepatocyte_30weeks_Animal1_Capture2_CGACCTTCACCTTGTC,5.247222277648817,30
Hepatocyte_30weeks_Animal1_Capture2_CGAGCACCAGAGCCAA,4.786691965199646,30
Hepatocyte_30weeks_Animal1_Capture2_CGATTGAAGCCCGAAA,4.996946472303867,30
Hepatocyte_30weeks_Animal1_Capture2_CGATTGAAGGTCATCT,5.385416795831351,30
Hepatocyte_30weeks_Animal1_Capture2_CGCCAAGTCTCGCTTG,4.956346475004398,30
Hepatocyte_30weeks_Animal1_Capture2_CGCGGTATCACTTCAT,5.568330191390959,30
Hepatocyte_30weeks_Animal1_Capture2_CGCGGTATCCCATTTA,5.257430225348122,30
Hepatocyte_30weeks_Animal1_Capture2_CGCGTTTGTTGTCTTT,4.958223487499963,30
Hepatocyte_30weeks_Animal1_Capture2_CGGACACTCAGTACGT,5.277482110792547,30
Hepatocyte_30weeks_Animal1_Capture2_CGGACTGTCAACACTG,5.3308494290959425,30
Hepatocyte_30weeks_Animal1_Capture2_CGGAGTCAGATGAGAG,4.591183013060116,30
Hepatocyte_30weeks_Animal1_Capture2_CGGCTAGCAAAGTGCG,4.8028985592472875,30
Hepatocyte_30weeks_Animal1_Capture2_CGGCTAGGTACAGTGG,4.609921267986275,30
Hepatocyte_30weeks_Animal1_Capture2_CGTAGGCGTTACGACT,4.346044038012346,30
Hepatocyte_30weeks_Animal1_Capture2_CGTCCATCATAGAAAC,4.896171993305302,30
Hepatocyte_30weeks_Animal1_Capture2_CGTGAGCAGGGCTTCC,5.505149539330393,30
Hepatocyte_30weeks_Animal1_Capture2_CGTGTAAAGAGGTAGA,4.885252159690083,30
Hepatocyte_30weeks_Animal1_Capture2_CGTGTCTCAATGAATG,5.010286827742247,30
Hepatocyte_30weeks_Animal1_Capture2_CTACACCCATACTCTT,5.646738368142508,30
Hepatocyte_30weeks_Animal1_Capture2_CTACATTAGCTAGCCC,4.612480170598623,30
Hepatocyte_30weeks_Animal1_Capture2_CTAGCCTGTCTGCCAG,5.0373454228499375,30
Hepatocyte_30weeks_Animal1_Capture2_CTAGCCTTCCAGGGCT,5.024652024355001,30
Hepatocyte_30weeks_Animal1_Capture2_CTCACACCACCCATTC,5.385010485504533,30
Hepatocyte_30weeks_Animal1_Capture2_CTCAGAACACGCGAAA,4.710682333635438,30
Hepatocyte_30weeks_Animal1_Capture2_CTCATTATCAGGCCCA,4.413712203203557,30
Hepatocyte_30weeks_Animal1_Capture2_CTCCTAGGTCCAGTAT,5.361601162987138,30
Hepatocyte_30weeks_Animal1_Capture2_CTCGAAAGTGAGCGAT,4.722629520592145,30
Hepatocyte_30weeks_Animal1_Capture2_CTCGGAGTCTCGCTTG,4.759377340038352,30
Hepatocyte_30weeks_Animal1_Capture2_CTCGTACAGTTACGGG,5.3272548692582244,30
Hepatocyte_30weeks_Animal1_Capture2_CTCTAATTCTGTCCGT,5.048145687203837,30
Hepatocyte_30weeks_Animal1_Capture2_CTCTACGAGCGTCAAG,5.619737743101613,30
Hepatocyte_30weeks_Animal1_Capture2_CTGAAACAGCTTCGCG,4.745954067420897,30
Hepatocyte_30weeks_Animal1_Capture2_CTGATAGCAGGGCATA,5.028037202360065,30
Hepatocyte_30weeks_Animal1_Capture2_CTGATCCGTGACTACT,4.7410159358059705,30
Hepatocyte_30weeks_Animal1_Capture2_CTGATCCTCCTCGCAT,5.605014600547088,30
Hepatocyte_30weeks_Animal1_Capture2_CTGCCTAGTAAGCACG,5.0269925718366535,30
Hepatocyte_30weeks_Animal1_Capture2_CTGCCTAGTCGACTAT,4.750039546322952,30
Hepatocyte_30weeks_Animal1_Capture2_CTGCCTATCAGTTAGC,5.198472264232025,30
Hepatocyte_30weeks_Animal1_Capture2_CTGCCTATCTCCCTGA,5.076647261483831,30
Hepatocyte_30weeks_Animal1_Capture2_CTGCTGTAGCTCCCAG,4.7142281286536,30
Hepatocyte_30weeks_Animal1_Capture2_CTGTGCTAGCTGATAA,4.835516819765271,30
Hepatocyte_30weeks_Animal1_Capture2_CTGTGCTAGGATATAC,4.672173919886637,30
Hepatocyte_30weeks_Animal1_Capture2_CTTACCGGTGACTACT,5.004298604377603,30
Hepatocyte_30weeks_Animal1_Capture2_GAAATGAAGCTATGCT,5.547703278827051,30
Hepatocyte_30weeks_Animal1_Capture2_GAAATGACATAGTAAG,5.513658578116367,30
Hepatocyte_30weeks_Animal1_Capture2_GAAGCAGCATCCGCGA,4.7175717050780035,30
Hepatocyte_30weeks_Animal1_Capture2_GAATGAAAGCTGAACG,4.614453308552276,30
Hepatocyte_30weeks_Animal1_Capture2_GAATGAATCAAGATCC,4.554885576363443,30
Hepatocyte_30weeks_Animal1_Capture2_GAATGAATCCTCGCAT,4.619569275687,30
Hepatocyte_30weeks_Animal1_Capture2_GACCAATTCCTCAACC,5.1346054307771,30
Hepatocyte_30weeks_Animal1_Capture2_GACGCGTCACAACGCC,4.676257982028172,30
Hepatocyte_30weeks_Animal1_Capture2_GACGCGTGTGAGTATA,4.758494477787051,30
Hepatocyte_30weeks_Animal1_Capture2_GACGGCTGTGTTGAGG,4.701377330743922,30
Hepatocyte_30weeks_Animal1_Capture2_GACGTGCGTTATGCGT,5.505648735226849,30
Hepatocyte_30weeks_Animal1_Capture2_GACGTTACAGGGTATG,4.865942890960678,30
Hepatocyte_30weeks_Animal1_Capture2_GACGTTAGTTAAAGAC,5.302966116491602,30
Hepatocyte_30weeks_Animal1_Capture2_GACTACACAGCCAATT,5.298906660893763,30
Hepatocyte_30weeks_Animal1_Capture2_GAGGTGAGTCGACTAT,5.138798858232395,30
Hepatocyte_30weeks_Animal1_Capture2_GATCAGTCATCGATTG,5.381550206802894,30
Hepatocyte_30weeks_Animal1_Capture2_GATCGCGTCTCACATT,5.019158005096225,30
Hepatocyte_30weeks_Animal1_Capture2_GATGAGGTCGGCGCAT,4.654639693368465,30
Hepatocyte_30weeks_Animal1_Capture2_GATTCAGCACGGTAGA,4.429300527799652,30
Hepatocyte_30weeks_Animal1_Capture2_GATTCAGCAGGCAGTA,5.402387218330755,30
Hepatocyte_30weeks_Animal1_Capture2_GATTCAGTCCTTTACA,4.623853770319743,30
Hepatocyte_30weeks_Animal1_Capture2_GCAATCAAGCGTGAGT,5.115243573924191,30
Hepatocyte_30weeks_Animal1_Capture2_GCAATCATCGGCATCG,5.088572393322416,30
Hepatocyte_30weeks_Animal1_Capture2_GCACATATCCTGTACC,5.1924240635332675,30
Hepatocyte_30weeks_Animal1_Capture2_GCAGCCAAGATCCCAT,4.599475542983593,30
Hepatocyte_30weeks_Animal1_Capture2_GCAGCCACAAGAAGAG,4.994812594332013,30
Hepatocyte_30weeks_Animal1_Capture2_GCATACAGTACAGTTC,4.548285035173926,30
Hepatocyte_30weeks_Animal1_Capture2_GCATGATCAGTCCTTC,5.643430546709736,30
Hepatocyte_30weeks_Animal1_Capture2_GCATGTATCGGCGCAT,4.372907289341668,30
Hepatocyte_30weeks_Animal1_Capture2_GCGACCAGTCTCTCTG,5.3944820029435006,30
Hepatocyte_30weeks_Animal1_Capture2_GCGCGATGTATAGTAG,4.570652904906674,30
Hepatocyte_30weeks_Animal1_Capture2_GCGCGATTCAGTGCAT,5.0207996979708565,30
Hepatocyte_30weeks_Animal1_Capture2_GCGCGATTCTGCTGCT,5.357574223959804,30
Hepatocyte_30weeks_Animal1_Capture2_GCTCTGTCAAATACAG,5.162366613092027,30
Hepatocyte_30weeks_Animal1_Capture2_GCTTCCAAGGACAGAA,4.923484565910276,30
Hepatocyte_30weeks_Animal1_Capture2_GCTTCCAAGTAGATGT,5.071537546421295,30
Hepatocyte_30weeks_Animal1_Capture2_GCTTCCAGTTTAGGAA,5.102027504553403,30
Hepatocyte_30weeks_Animal1_Capture2_GGACAGAAGACCACGA,4.920834048268954,30
Hepatocyte_30weeks_Animal1_Capture2_GGACAGACACATCCAA,5.011566390109933,30
Hepatocyte_30weeks_Animal1_Capture2_GGACATTGTCCTCTTG,4.774868425749167,30
Hepatocyte_30weeks_Animal1_Capture2_GGAGCAACATACCATG,5.256956904256592,30
Hepatocyte_30weeks_Animal1_Capture2_GGATTACCATCTGGTA,5.084985892582835,30
Hepatocyte_30weeks_Animal1_Capture2_GGCAATTTCTCGATGA,4.793664746193503,30
Hepatocyte_30weeks_Animal1_Capture2_GGCCGATAGGACATTA,4.792693826001306,30
Hepatocyte_30weeks_Animal1_Capture2_GGCGTGTAGTGTCTCA,4.672111518240163,30
Hepatocyte_30weeks_Animal1_Capture2_GGGAATGCACAAGTAA,4.795312042780061,30
Hepatocyte_30weeks_Animal1_Capture2_GGGAATGCACTGTCGG,5.6985842657924906,30
Hepatocyte_30weeks_Animal1_Capture2_GGGAATGCATTGGGCC,5.045039731692924,30
Hepatocyte_30weeks_Animal1_Capture2_GGGATGAGTATAGTAG,5.4813136707278485,30
Hepatocyte_30weeks_Animal1_Capture2_GGGATGATCCCAAGAT,5.611050599719864,30
Hepatocyte_30weeks_Animal1_Capture2_GGGTTGCCACTTAAGC,4.499189869760064,30
Hepatocyte_30weeks_Animal1_Capture2_GGGTTGCTCTCGCATC,4.787640418646808,30
Hepatocyte_30weeks_Animal1_Capture2_GGTGAAGGTAGCCTAT,5.233341400697212,30
Hepatocyte_30weeks_Animal1_Capture2_GGTGCGTCATGCGCAC,5.342412816804498,30
Hepatocyte_30weeks_Animal1_Capture2_GGTGTTACAAACGCGA,5.35721369330564,30
Hepatocyte_30weeks_Animal1_Capture2_GGTGTTACAGCCAATT,4.9818945230511815,30
Hepatocyte_30weeks_Animal1_Capture2_GTAACGTCACCGCTAG,5.1395938500693195,30
Hepatocyte_30weeks_Animal1_Capture2_GTACTCCCAAACGTGG,4.807708450754536,30
Hepatocyte_30weeks_Animal1_Capture2_GTATTCTTCTCGCATC,5.088832118226438,30
Hepatocyte_30weeks_Animal1_Capture2_GTCACAACAGATAATG,5.284851610362413,30
Hepatocyte_30weeks_Animal1_Capture2_GTCATTTTCCCTTGCA,4.564036838768807,30
Hepatocyte_30weeks_Animal1_Capture2_GTCCTCAGTAGCGTGA,5.252168829716756,30
Hepatocyte_30weeks_Animal1_Capture2_GTCGGGTCAGTTCCCT,5.089201868491793,30
Hepatocyte_30weeks_Animal1_Capture2_GTGCATATCTTACCGC,4.766094482913557,30
Hepatocyte_30weeks_Animal1_Capture2_GTGTGCGCATACAGCT,4.903629070821885,30
Hepatocyte_30weeks_Animal1_Capture2_GTGTTAGTCTATGTGG,5.053602951218019,30
Hepatocyte_30weeks_Animal1_Capture2_GTTAAGCCACACTGCG,4.60633297745044,30
Hepatocyte_30weeks_Animal1_Capture2_GTTCGGGAGAGATGAG,5.2671280181079965,30
Hepatocyte_30weeks_Animal1_Capture2_GTTTCTAAGGCTAGGT,5.318771372153995,30
Hepatocyte_30weeks_Animal1_Capture2_TAAACCGCATTTGCTT,4.608123393016758,30
Hepatocyte_30weeks_Animal1_Capture2_TAAGCGTAGAAACCTA,5.239780650866178,30
Hepatocyte_30weeks_Animal1_Capture2_TACACGAGTTCCATGA,4.747139620265216,30
Hepatocyte_30weeks_Animal1_Capture2_TACCTTACACATGACT,5.029675118954812,30
Hepatocyte_30weeks_Animal1_Capture2_TACGGTACAAACCCAT,5.0076702251535075,30
Hepatocyte_30weeks_Animal1_Capture2_TACGGTACAGGTCTCG,4.8648759810245625,30
Hepatocyte_30weeks_Animal1_Capture2_TACTCATTCGAGAACG,4.987686819142549,30
Hepatocyte_30weeks_Animal1_Capture2_TAGCCGGGTTACGACT,4.8992938187452,30
Hepatocyte_30weeks_Animal1_Capture2_TAGGCATTCGAGAGCA,4.93517476539728,30
Hepatocyte_30weeks_Animal1_Capture2_TAGTGGTGTCAGCTAT,4.950692184827693,30
Hepatocyte_30weeks_Animal1_Capture2_TATCAGGAGGATGCGT,4.849825168722527,30
Hepatocyte_30weeks_Animal1_Capture2_TATCAGGGTTTAGGAA,5.643122481597029,30
Hepatocyte_30weeks_Animal1_Capture2_TATTACCCATAACCTG,5.045806980315721,30
Hepatocyte_30weeks_Animal1_Capture2_TCACAAGAGTACTTGC,5.37621321999109,30
Hepatocyte_30weeks_Animal1_Capture2_TCACGAAGTCCGTCAG,4.615197736299433,30
Hepatocyte_30weeks_Animal1_Capture2_TCACGAAGTGGTAACG,5.324987200354682,30
Hepatocyte_30weeks_Animal1_Capture2_TCAGATGTCCGAACGC,4.957752851670893,30
Hepatocyte_30weeks_Animal1_Capture2_TCAGCTCGTCATATCG,4.711136701652866,30
Hepatocyte_30weeks_Animal1_Capture2_TCATTTGCATGCATGT,4.800377412234674,30
Hepatocyte_30weeks_Animal1_Capture2_TCGGTAAGTGCCTGCA,5.237130421591901,30
Hepatocyte_30weeks_Animal1_Capture2_TCGGTAAGTTGGTAAA,5.087339207712424,30
Hepatocyte_30weeks_Animal1_Capture2_TCGTACCCACCGTTGG,4.852113004550608,30
Hepatocyte_30weeks_Animal1_Capture2_TCTATTGAGGGCACTA,4.70785668707612,30
Hepatocyte_30weeks_Animal1_Capture2_TCTCATAGTAGCTAAA,4.853524766818572,30
Hepatocyte_30weeks_Animal1_Capture2_TCTCATATCCGTAGTA,5.480851800303023,30
Hepatocyte_30weeks_Animal1_Capture2_TCTTTCCAGCTCCTTC,5.4104550898392105,30
Hepatocyte_30weeks_Animal1_Capture2_TGACGGCGTCCATCCT,4.659933099783269,30
Hepatocyte_30weeks_Animal1_Capture2_TGACGGCGTGGTAACG,4.639406586362716,30
Hepatocyte_30weeks_Animal1_Capture2_TGACTAGAGTCCGGTC,4.876589775131004,30
Hepatocyte_30weeks_Animal1_Capture2_TGACTTTGTCATCGGC,4.807317698886507,30
Hepatocyte_30weeks_Animal1_Capture2_TGAGGGATCAAACGGG,5.21163694217243,30
Hepatocyte_30weeks_Animal1_Capture2_TGATTTCAGTGCGATG,4.51929517252011,30
Hepatocyte_30weeks_Animal1_Capture2_TGCACCTTCTAACCGA,5.0929996073114285,30
Hepatocyte_30weeks_Animal1_Capture2_TGCCCTAGTAAGAGAG,4.6872965468434025,30
Hepatocyte_30weeks_Animal1_Capture2_TGCGGGTGTATTCTCT,5.5512872274551315,30
Hepatocyte_30weeks_Animal1_Capture2_TGCTACCTCTCGTATT,5.187974551967386,30
Hepatocyte_30weeks_Animal1_Capture2_TGCTGCTGTGCCTGTG,4.817520202856908,30
Hepatocyte_30weeks_Animal1_Capture2_TGGACGCGTAGGGTAC,4.730616108160236,30
Hepatocyte_30weeks_Animal1_Capture2_TGGCCAGAGTCAATAG,5.374683267913861,30
Hepatocyte_30weeks_Animal1_Capture2_TGGCGCATCAGGCAAG,4.872599826914719,30
Hepatocyte_30weeks_Animal1_Capture2_TGGTTAGCATTGCGGC,4.873141532067647,30
Hepatocyte_30weeks_Animal1_Capture2_TGGTTAGTCCTATGTT,4.799342476262785,30
Hepatocyte_30weeks_Animal1_Capture2_TGGTTCCGTATTAGCC,4.58742213026763,30
Hepatocyte_30weeks_Animal1_Capture2_TGGTTCCTCCTTAATC,5.1240746015232785,30
Hepatocyte_30weeks_Animal1_Capture2_TGTATTCCATGAACCT,4.808625969753899,30
Hepatocyte_30weeks_Animal1_Capture2_TGTCCCATCTTCGGTC,5.029494423076944,30
Hepatocyte_30weeks_Animal1_Capture2_TGTGTTTGTATAGGTA,5.492398366756983,30
Hepatocyte_30weeks_Animal1_Capture2_TGTTCCGGTAAGAGAG,5.32728653654269,30
Hepatocyte_30weeks_Animal1_Capture2_TGTTCCGTCTGCTTGC,5.129164751993728,30
Hepatocyte_30weeks_Animal1_Capture2_TTAGGACGTGCATCTA,5.37001084302412,30
Hepatocyte_30weeks_Animal1_Capture2_TTAGGCACAGGCTCAC,4.793421149073291,30
Hepatocyte_30weeks_Animal1_Capture2_TTAGTTCTCTTGCCGT,4.841088263317225,30
Hepatocyte_30weeks_Animal1_Capture2_TTCCCAGTCCTGTACC,4.874541274490313,30
Hepatocyte_30weeks_Animal1_Capture2_TTCTACAGTGTTCTTT,5.701880301568449,30
Hepatocyte_30weeks_Animal1_Capture2_TTCTCCTCATGCAACT,4.6351835740143486,30
Hepatocyte_30weeks_Animal1_Capture2_TTCTTAGTCCTATGTT,4.521025549632902,30
Hepatocyte_30weeks_Animal1_Capture2_TTGACTTTCCCTTGCA,4.563346987980435,30
Hepatocyte_30weeks_Animal1_Capture2_TTGGAACCAATGGAAT,4.885320805053496,30
Hepatocyte_30weeks_Animal1_Capture2_TTGTAGGTCGCGATCG,5.40127561936572,30
Hepatocyte_30weeks_Animal1_Capture2_TTTATGCGTACCTACA,4.921741051403976,30
Hepatocyte_30weeks_Animal1_Capture2_TTTCCTCGTGTTTGTG,4.7930566140897195,30
Hepatocyte_30weeks_Animal1_Capture2_TTTCCTCTCATACGGT,5.11659535811122,30
Hepatocyte_30weeks_Animal1_Capture2_TTTGGTTCACTCTGTC,4.674192587740046,30
Hepatocyte_30weeks_Animal1_Capture2_TTTGTCATCACGAAGG,4.772713127706028,30
Hepatocyte_30weeks_Animal2_Capture1_AAATGCCGTAATAGCA,4.78294040311547,30
Hepatocyte_30weeks_Animal2_Capture1_AACACGTGTCGTTGTA,5.154941440497299,30
Hepatocyte_30weeks_Animal2_Capture1_AACCATGCAATGGTCT,4.867387085428257,30
Hepatocyte_30weeks_Animal2_Capture1_AACCGCGAGGAATTAC,4.91549295918805,30
Hepatocyte_30weeks_Animal2_Capture1_AACTTTCCAGGAATGC,4.8691278452910005,30
Hepatocyte_30weeks_Animal2_Capture1_AAGACCTAGTGGCACA,4.9604111260569095,30
Hepatocyte_30weeks_Animal2_Capture1_AAGACCTCAATCTGCA,4.71993906807917,30
Hepatocyte_30weeks_Animal2_Capture1_AAGACCTCAGTATAAG,4.823282687696146,30
Hepatocyte_30weeks_Animal2_Capture1_AAGGAGCCAAGAGTCG,5.379318802678876,30
Hepatocyte_30weeks_Animal2_Capture1_AATCCAGTCAAACCAC,4.905911589387067,30
Hepatocyte_30weeks_Animal2_Capture1_ACACTGAGTACCCAAT,4.965445220710099,30
Hepatocyte_30weeks_Animal2_Capture1_ACACTGAGTCTCACCT,5.215198320668069,30
Hepatocyte_30weeks_Animal2_Capture1_ACAGCCGCATGGTCTA,5.109094241187586,30
Hepatocyte_30weeks_Animal2_Capture1_ACCAGTAGTCCGCTGA,4.819052539003583,30
Hepatocyte_30weeks_Animal2_Capture1_ACCCACTAGGATGGTC,5.694735964391299,30
Hepatocyte_30weeks_Animal2_Capture1_ACGCAGCCAAGCCGCT,5.015803719562509,30
Hepatocyte_30weeks_Animal2_Capture1_ACGCCAGGTTCGTCTC,4.8116937579267764,30
Hepatocyte_30weeks_Animal2_Capture1_ACGCCGAGTGTGACGA,4.732595462779625,30
Hepatocyte_30weeks_Animal2_Capture1_ACGGCCAGTACAGTGG,5.1720910167681176,30
Hepatocyte_30weeks_Animal2_Capture1_ACGGCCAGTGTTAAGA,5.071999352929982,30
Hepatocyte_30weeks_Animal2_Capture1_ACGGGTCAGTCGTACT,5.516554755820685,30
Hepatocyte_30weeks_Animal2_Capture1_ACGTCAAAGTGTACTC,4.7454414627953,30
Hepatocyte_30weeks_Animal2_Capture1_ACTATCTAGATATACG,4.927064530603929,30
Hepatocyte_30weeks_Animal2_Capture1_ACTATCTCACGGTAAG,4.998931147240842,30
Hepatocyte_30weeks_Animal2_Capture1_AGAATAGGTGGTGTAG,5.219438732385093,30
Hepatocyte_30weeks_Animal2_Capture1_AGAGCTTTCACCCGAG,4.787406023544656,30
Hepatocyte_30weeks_Animal2_Capture1_AGATCTGGTAGCTAAA,5.751323886717477,30
Hepatocyte_30weeks_Animal2_Capture1_AGCGTATCAAGTCTAC,5.164827525281498,30
Hepatocyte_30weeks_Animal2_Capture1_AGCGTCGTCCGAATGT,5.278006120597789,30
Hepatocyte_30weeks_Animal2_Capture1_AGCTCCTCAAGCGATG,4.700516557646017,30
Hepatocyte_30weeks_Animal2_Capture1_AGCTTGACAGCTCCGA,4.88242949072853,30
Hepatocyte_30weeks_Animal2_Capture1_ATCATGGAGTGCAAGC,4.97470792233635,30
Hepatocyte_30weeks_Animal2_Capture1_ATCCACCTCATAAAGG,4.719952590568336,30
Hepatocyte_30weeks_Animal2_Capture1_ATCGAGTGTCAGGACA,4.95262423156337,30
Hepatocyte_30weeks_Animal2_Capture1_CAAGTTGGTCCGAAGA,5.1892502454786795,30
Hepatocyte_30weeks_Animal2_Capture1_CACATAGTCGAACGGA,4.9499562400665855,30
Hepatocyte_30weeks_Animal2_Capture1_CACATTTAGGAGTTGC,5.0742053355566625,30
Hepatocyte_30weeks_Animal2_Capture1_CACATTTCAATCAGAA,4.9281107336190235,30
Hepatocyte_30weeks_Animal2_Capture1_CACTCCACATGCTGGC,4.792910259187762,30
Hepatocyte_30weeks_Animal2_Capture1_CAGGTGCAGTCTCGGC,4.705065566020398,30
Hepatocyte_30weeks_Animal2_Capture1_CATCGAATCGTTTGCC,5.119216677405924,30
Hepatocyte_30weeks_Animal2_Capture1_CATGCCTGTCGCCATG,4.769125548144034,30
Hepatocyte_30weeks_Animal2_Capture1_CCACCTATCAGTGCAT,5.3821368794807665,30
Hepatocyte_30weeks_Animal2_Capture1_CCATGTCCAGCTGTGC,4.869025500899182,30
Hepatocyte_30weeks_Animal2_Capture1_CCCATACAGCCGTCGT,5.596950066462996,30
Hepatocyte_30weeks_Animal2_Capture1_CCTTACGAGCCAGTAG,4.641384441568004,30
Hepatocyte_30weeks_Animal2_Capture1_CGAATGTAGGCAAAGA,4.772511662652974,30
Hepatocyte_30weeks_Animal2_Capture1_CGACTTCCACCCAGTG,5.331719797578797,30
Hepatocyte_30weeks_Animal2_Capture1_CGATGGCCATGCCTTC,5.257712807809109,30
Hepatocyte_30weeks_Animal2_Capture1_CGCTTCAGTCTAAACC,5.239564578220165,30
Hepatocyte_30weeks_Animal2_Capture1_CGGACGTTCTATGTGG,5.373423108426752,30
Hepatocyte_30weeks_Animal2_Capture1_CGGAGTCGTAGCGCTC,4.771984233066147,30
Hepatocyte_30weeks_Animal2_Capture1_CGGCTAGAGATCCCAT,4.772189340300898,30
Hepatocyte_30weeks_Animal2_Capture1_CGGTTAAAGGATTCGG,4.873748709374465,30
Hepatocyte_30weeks_Animal2_Capture1_CGTAGCGAGTCGAGTG,5.36378087600443,30
Hepatocyte_30weeks_Animal2_Capture1_CGTAGCGTCGAATGGG,5.000774648189074,30
Hepatocyte_30weeks_Animal2_Capture1_CGTCAGGAGTCGATAA,4.750230802068668,30
Hepatocyte_30weeks_Animal2_Capture1_CGTGTAAGTAGGGTAC,5.020976170862851,30
Hepatocyte_30weeks_Animal2_Capture1_CGTGTCTAGGTGATAT,4.946162079607069,30
Hepatocyte_30weeks_Animal2_Capture1_CGTGTCTCACGCGAAA,5.310546015072042,30
Hepatocyte_30weeks_Animal2_Capture1_CTAACTTAGTACGTTC,5.539193095876838,30
Hepatocyte_30weeks_Animal2_Capture1_CTAAGACAGAAACCTA,5.315273438233447,30
Hepatocyte_30weeks_Animal2_Capture1_CTACATTAGTTAGCGG,4.7965458865935195,30
Hepatocyte_30weeks_Animal2_Capture1_CTACGTCGTAATCACC,5.015768332293965,30
Hepatocyte_30weeks_Animal2_Capture1_CTAGAGTCATGCCCGA,5.013731802395006,30
Hepatocyte_30weeks_Animal2_Capture1_CTCAGAACAACTTGAC,5.406466248706905,30
Hepatocyte_30weeks_Animal2_Capture1_CTCGAGGGTCATGCCG,4.731865710118867,30
Hepatocyte_30weeks_Animal2_Capture1_CTCGTCATCTCGCTTG,4.944696156286696,30
Hepatocyte_30weeks_Animal2_Capture1_CTCTACGAGATGCCTT,4.86106947088629,30
Hepatocyte_30weeks_Animal2_Capture1_CTGCCTAGTAGCGCAA,5.1306005355959385,30
Hepatocyte_30weeks_Animal2_Capture1_CTGCGGAGTGTAATGA,4.985064941964129,30
Hepatocyte_30weeks_Animal2_Capture1_CTGCGGATCAGGCAAG,5.261360869916251,30
Hepatocyte_30weeks_Animal2_Capture1_CTGCTGTGTTACGACT,4.98742778230365,30
Hepatocyte_30weeks_Animal2_Capture1_CTGTTTAGTTGGACCC,4.679600296303478,30
Hepatocyte_30weeks_Animal2_Capture1_CTTCTCTTCAACGGGA,4.776981751882902,30
Hepatocyte_30weeks_Animal2_Capture1_CTTTGCGGTCCGCTGA,4.657274681475795,30
Hepatocyte_30weeks_Animal2_Capture1_GAAACTCGTCAGATAA,4.692184811223413,30
Hepatocyte_30weeks_Animal2_Capture1_GAAATGAAGACGCAAC,5.215535987898277,30
Hepatocyte_30weeks_Animal2_Capture1_GAATGAAGTTGCGCAC,4.667824410487282,30
Hepatocyte_30weeks_Animal2_Capture1_GACACGCAGTGAAGTT,4.812173627629553,30
Hepatocyte_30weeks_Animal2_Capture1_GACACGCGTCAGAAGC,4.988298212190344,30
Hepatocyte_30weeks_Animal2_Capture1_GACGCGTGTGATAAGT,5.130639631473832,30
Hepatocyte_30weeks_Animal2_Capture1_GAGCAGAAGTCCCACG,4.776456497551237,30
Hepatocyte_30weeks_Animal2_Capture1_GAGGTGACAGTCGTGC,4.730477701356195,30
Hepatocyte_30weeks_Animal2_Capture1_GATCAGTCAGTGGGAT,4.7925629750356755,30
Hepatocyte_30weeks_Animal2_Capture1_GATCGATAGAGCCCAA,4.9024405410522505,30
Hepatocyte_30weeks_Animal2_Capture1_GCACTCTCAGCGTCCA,5.246210987785618,30
Hepatocyte_30weeks_Animal2_Capture1_GCATACACACGGCCAT,4.720997829657866,30
Hepatocyte_30weeks_Animal2_Capture1_GCATGTACATAGGATA,4.772251760729902,30
Hepatocyte_30weeks_Animal2_Capture1_GCCAAATAGCCATCGC,4.984061323658866,30
Hepatocyte_30weeks_Animal2_Capture1_GCCAAATCACGTCAGC,4.837983593296606,30
Hepatocyte_30weeks_Animal2_Capture1_GCCTCTAGTTCGTCTC,5.333420646392095,30
Hepatocyte_30weeks_Animal2_Capture1_GCGACCATCTAACTGG,4.826833593522673,30
Hepatocyte_30weeks_Animal2_Capture1_GCGCAGTCAGTCGATT,4.991861308555089,30
Hepatocyte_30weeks_Animal2_Capture1_GCGCCAAAGTGCCAGA,5.590824930419801,30
Hepatocyte_30weeks_Animal2_Capture1_GCTGCAGGTTGGGACA,4.720333299767454,30
Hepatocyte_30weeks_Animal2_Capture1_GCTTCCAGTAAACGCG,4.946770303886612,30
Hepatocyte_30weeks_Animal2_Capture1_GCTTGAACACTGAAGG,4.737135710790805,30
Hepatocyte_30weeks_Animal2_Capture1_GGAAAGCTCCGTTGTC,5.082068896002134,30
Hepatocyte_30weeks_Animal2_Capture1_GGATGTTCACCGCTAG,5.439411247162122,30
Hepatocyte_30weeks_Animal2_Capture1_GGATTACAGATTACCC,4.690261307286173,30
Hepatocyte_30weeks_Animal2_Capture1_GGCAATTCAGTCCTTC,4.92234270411258,30
Hepatocyte_30weeks_Animal2_Capture1_GGCAATTCATTGGGCC,5.047165992572278,30
Hepatocyte_30weeks_Animal2_Capture1_GGCCGATTCTTCTGGC,5.028919768973488,30
Hepatocyte_30weeks_Animal2_Capture1_GGCTGGTCAATCACAC,5.027955820063724,30
Hepatocyte_30weeks_Animal2_Capture1_GGGATGATCGTAGATC,4.726066500781431,30
Hepatocyte_30weeks_Animal2_Capture1_GGTGAAGCATTCGACA,5.064289178875882,30
Hepatocyte_30weeks_Animal2_Capture1_GTAGTCAGTGTTGGGA,4.516849143700049,30
Hepatocyte_30weeks_Animal2_Capture1_GTAGTCAGTTGCGTTA,4.725709021576894,30
Hepatocyte_30weeks_Animal2_Capture1_GTCATTTAGCCACTAT,5.452574804736937,30
Hepatocyte_30weeks_Animal2_Capture1_GTCATTTGTGCAACTT,5.317736771707732,30
Hepatocyte_30weeks_Animal2_Capture1_GTGCATAGTACCTACA,4.794956710438132,30
Hepatocyte_30weeks_Animal2_Capture1_GTGTTAGTCTGTCTAT,4.883538020342588,30
Hepatocyte_30weeks_Animal2_Capture1_GTTTCTAAGACATAAC,4.5885941329074225,30
Hepatocyte_30weeks_Animal2_Capture1_TACAGTGCATCATCCC,5.474000097169409,30
Hepatocyte_30weeks_Animal2_Capture1_TACCTTACAGCGTCCA,5.101831147183461,30
Hepatocyte_30weeks_Animal2_Capture1_TAGTGGTTCATGGTCA,4.649120122459527,30
Hepatocyte_30weeks_Animal2_Capture1_TAGTTGGCAAAGTGCG,4.963201341605091,30
Hepatocyte_30weeks_Animal2_Capture1_TATCTCATCTGAGTGT,5.3074728148162595,30
Hepatocyte_30weeks_Animal2_Capture1_TCATTACAGTACGACG,4.949453879610491,30
Hepatocyte_30weeks_Animal2_Capture1_TCCACACAGAGGGATA,4.851184354648947,30
Hepatocyte_30weeks_Animal2_Capture1_TCGCGAGTCGAACTGT,5.243675046454736,30
Hepatocyte_30weeks_Animal2_Capture1_TCGCGTTTCCCATTAT,4.965595024405779,30
Hepatocyte_30weeks_Animal2_Capture1_TCGGGACTCGTTACAG,4.691147666572838,30
Hepatocyte_30weeks_Animal2_Capture1_TGAGAGGCAAGAAAGG,5.283923804044925,30
Hepatocyte_30weeks_Animal2_Capture1_TGCACCTCATACGCTA,5.518773009601506,30
Hepatocyte_30weeks_Animal2_Capture1_TGCCCTAAGACAGACC,4.955923041068699,30
Hepatocyte_30weeks_Animal2_Capture1_TGCGCAGTCTCTGTCG,4.85930996774991,30
Hepatocyte_30weeks_Animal2_Capture1_TGCGTGGAGCGAAGGG,4.895211117471005,30
Hepatocyte_30weeks_Animal2_Capture1_TGGCGCACACCTCGGA,4.796465694706546,30
Hepatocyte_30weeks_Animal2_Capture1_TGGCGCAGTCGTTGTA,5.267962636009296,30
Hepatocyte_30weeks_Animal2_Capture1_TGGGAAGCAGGTCGTC,5.004398066884026,30
Hepatocyte_30weeks_Animal2_Capture1_TGGGCGTAGACTCGGA,5.534919782282171,30
Hepatocyte_30weeks_Animal2_Capture1_TGGTTAGGTTGCCTCT,4.494828401514319,30
Hepatocyte_30weeks_Animal2_Capture1_TGTGGTAGTGTGACCC,4.809535453031772,30
Hepatocyte_30weeks_Animal2_Capture1_TGTGTTTCACATGACT,4.989433842746236,30
Hepatocyte_30weeks_Animal2_Capture1_TGTGTTTGTTCAGCGC,4.745327026382528,30
Hepatocyte_30weeks_Animal2_Capture1_TGTTCCGCAAGCGAGT,4.619521161861934,30
Hepatocyte_30weeks_Animal2_Capture1_TTAACTCCATCACGAT,4.9751944737715155,30
Hepatocyte_30weeks_Animal2_Capture1_TTATGCTGTCGCCATG,5.086450654274086,30
Hepatocyte_30weeks_Animal2_Capture1_TTCCCAGCAATGGACG,5.000233538216605,30
Hepatocyte_30weeks_Animal2_Capture1_TTCGAAGCAGCGATCC,4.664404972822883,30
Hepatocyte_30weeks_Animal2_Capture1_TTCGGTCGTCGGCATC,5.115793021605098,30
Hepatocyte_30weeks_Animal2_Capture1_TTGACTTGTAGCACGA,5.136507184211704,30
Hepatocyte_30weeks_Animal2_Capture1_TTGGCAACACCCAGTG,4.718903044430218,30
Hepatocyte_30weeks_Animal2_Capture1_TTTATGCAGACACTAA,5.659068642770963,30
Hepatocyte_30weeks_Animal2_Capture1_TTTGGTTTCACATAGC,5.058187127013821,30
Hepatocyte_30weeks_Animal2_Capture2_AAACCTGAGCACAGGT,4.925929377654713,30
Hepatocyte_30weeks_Animal2_Capture2_AAACGGGCATCGATTG,5.641321584325588,30
Hepatocyte_30weeks_Animal2_Capture2_AAACGGGGTAAGGGCT,4.868123713352697,30
Hepatocyte_30weeks_Animal2_Capture2_AAAGATGCAGATCTGT,5.709107040590338,30
Hepatocyte_30weeks_Animal2_Capture2_AACCGCGTCACCGTAA,4.941176692406515,30
Hepatocyte_30weeks_Animal2_Capture2_AACGTTGCAACTGCGC,5.376886559644168,30
Hepatocyte_30weeks_Animal2_Capture2_AACTCAGGTAGCCTAT,4.849731107298322,30
Hepatocyte_30weeks_Animal2_Capture2_AACTCCCCACTATCTT,5.078889336355939,30
Hepatocyte_30weeks_Animal2_Capture2_AAGACCTCAACTTGAC,4.633658745019693,30
Hepatocyte_30weeks_Animal2_Capture2_AAGACCTTCAACGCTA,5.884887279728314,30
Hepatocyte_30weeks_Animal2_Capture2_AAGTCTGCAAAGTGCG,5.1490472749322125,30
Hepatocyte_30weeks_Animal2_Capture2_AAGTCTGGTGATGTCT,5.206265285957949,30
Hepatocyte_30weeks_Animal2_Capture2_ACATCAGCATTGCGGC,4.6655579295273935,30
Hepatocyte_30weeks_Animal2_Capture2_ACCGTAAAGCGTCAAG,5.01050288513529,30
Hepatocyte_30weeks_Animal2_Capture2_ACGAGGATCTAGAGTC,4.608387949632887,30
Hepatocyte_30weeks_Animal2_Capture2_ACGCCGATCCTCTAGC,4.874385663319396,30
Hepatocyte_30weeks_Animal2_Capture2_ACGGAGACATAGACTC,4.933944570726738,30
Hepatocyte_30weeks_Animal2_Capture2_ACGGGCTCAAGTCTAC,4.826089043949973,30
Hepatocyte_30weeks_Animal2_Capture2_ACGGGCTCATTTCAGG,5.534172506885301,30
Hepatocyte_30weeks_Animal2_Capture2_ACTGAACAGCGATATA,5.132854495813126,30
Hepatocyte_30weeks_Animal2_Capture2_ACTGAACCAAGCTGGA,4.683895131654632,30
Hepatocyte_30weeks_Animal2_Capture2_ACTGAGTAGTGGGCTA,5.231732922742141,30
Hepatocyte_30weeks_Animal2_Capture2_ACTTGTTTCACATACG,5.038940208889937,30
Hepatocyte_30weeks_Animal2_Capture2_AGAGTGGGTCCCGACA,5.076403234408745,30
Hepatocyte_30weeks_Animal2_Capture2_AGATCTGGTTGTGGAG,5.505621706787674,30
Hepatocyte_30weeks_Animal2_Capture2_AGCATACAGATCCCAT,4.868349935557352,30
Hepatocyte_30weeks_Animal2_Capture2_AGCATACAGTGCTGCC,4.908482322521703,30
Hepatocyte_30weeks_Animal2_Capture2_AGCGTCGGTCTCTTAT,4.7904409742680905,30
Hepatocyte_30weeks_Animal2_Capture2_AGCTCCTAGCCAGTAG,5.231333864242572,30
Hepatocyte_30weeks_Animal2_Capture2_AGCTCCTTCTACCTGC,4.966902593779561,30
Hepatocyte_30weeks_Animal2_Capture2_AGCTTGAGTGTATGGG,4.933166243850401,30
Hepatocyte_30weeks_Animal2_Capture2_AGCTTGATCCCATTTA,4.753451152726358,30
Hepatocyte_30weeks_Animal2_Capture2_AGTAGTCAGACAGAGA,5.448611748997222,30
Hepatocyte_30weeks_Animal2_Capture2_ATCACGAAGAAACCGC,4.815091184811349,30
Hepatocyte_30weeks_Animal2_Capture2_ATCATCTAGTAGCCGA,4.635708255081708,30
Hepatocyte_30weeks_Animal2_Capture2_ATCATGGTCAGGTTCA,4.953946974114583,30
Hepatocyte_30weeks_Animal2_Capture2_ATCTACTGTGAGTATA,4.956725548586845,30
Hepatocyte_30weeks_Animal2_Capture2_ATTACTCGTCAGAGGT,4.857522792409755,30
Hepatocyte_30weeks_Animal2_Capture2_ATTATCCCATGAGCGA,4.68537963251101,30
Hepatocyte_30weeks_Animal2_Capture2_ATTGGTGCATATACCG,4.722015031691928,30
Hepatocyte_30weeks_Animal2_Capture2_ATTGGTGTCCTTGACC,4.876256609325023,30
Hepatocyte_30weeks_Animal2_Capture2_CAAGTTGTCCTACAGA,4.620338651925627,30
Hepatocyte_30weeks_Animal2_Capture2_CACAAACGTTGACGTT,5.25635669807612,30
Hepatocyte_30weeks_Animal2_Capture2_CACACAAGTGTCGCTG,5.003109827736602,30
Hepatocyte_30weeks_Animal2_Capture2_CACACAATCACAATGC,4.551598114301955,30
Hepatocyte_30weeks_Animal2_Capture2_CACACAATCACCTTAT,5.14348393871407,30
Hepatocyte_30weeks_Animal2_Capture2_CACACTCGTTCTGGTA,4.643559062690868,30
Hepatocyte_30weeks_Animal2_Capture2_CACCTTGGTAGCAAAT,4.647157375998627,30
Hepatocyte_30weeks_Animal2_Capture2_CAGATCAAGCAACGGT,4.956453726968455,30
Hepatocyte_30weeks_Animal2_Capture2_CAGATCATCCAGTATG,4.75475879371653,30
Hepatocyte_30weeks_Animal2_Capture2_CAGCAGCAGGTGCAAC,4.7651567115983955,30
Hepatocyte_30weeks_Animal2_Capture2_CAGCAGCGTAGCTTGT,4.761838484271017,30
Hepatocyte_30weeks_Animal2_Capture2_CAGCCGAGTGTTTGGT,5.064264568398081,30
Hepatocyte_30weeks_Animal2_Capture2_CAGCTGGGTAGGACAC,4.890090596453794,30
Hepatocyte_30weeks_Animal2_Capture2_CAGGTGCGTACCAGTT,5.223692919835269,30
Hepatocyte_30weeks_Animal2_Capture2_CATTCGCAGTCTCCTC,4.682848985035012,30
Hepatocyte_30weeks_Animal2_Capture2_CCAATCCCAGGCGATA,5.624622351512137,30
Hepatocyte_30weeks_Animal2_Capture2_CCACCTAGTACATGTC,5.213385455089947,30
Hepatocyte_30weeks_Animal2_Capture2_CCCAATCCAACTTGAC,5.202424543129934,30
Hepatocyte_30weeks_Animal2_Capture2_CCTACACGTCACCCAG,4.79230076810072,30
Hepatocyte_30weeks_Animal2_Capture2_CCTAGCTCAAAGGAAG,5.7701193723777875,30
Hepatocyte_30weeks_Animal2_Capture2_CCTCTGAAGTCTCGGC,5.04169293080661,30
Hepatocyte_30weeks_Animal2_Capture2_CCTTTCTGTGTTGAGG,5.288653932671025,30
Hepatocyte_30weeks_Animal2_Capture2_CGACCTTTCCAAACTG,5.534917832281902,30
Hepatocyte_30weeks_Animal2_Capture2_CGACCTTTCCATGCTC,5.780075702788288,30
Hepatocyte_30weeks_Animal2_Capture2_CGAGAAGGTCGAAAGC,4.508564227587735,30
Hepatocyte_30weeks_Animal2_Capture2_CGAGCCATCAAAGACA,4.663263517436951,30
Hepatocyte_30weeks_Animal2_Capture2_CGATGGCGTGAGGGAG,5.435300754283616,30
Hepatocyte_30weeks_Animal2_Capture2_CGATGGCTCTGTGCAA,4.637815939750462,30
Hepatocyte_30weeks_Animal2_Capture2_CGATTGAAGAAGAAGC,4.657558262798152,30
Hepatocyte_30weeks_Animal2_Capture2_CGCGTTTAGTTAAGTG,4.8968413778517865,30
Hepatocyte_30weeks_Animal2_Capture2_CGCGTTTCACGAAACG,5.108891238532269,30
Hepatocyte_30weeks_Animal2_Capture2_CGCTATCCATGCGCAC,4.578351454830933,30
Hepatocyte_30weeks_Animal2_Capture2_CGCTTCAAGCGTGAGT,4.716215901360947,30
Hepatocyte_30weeks_Animal2_Capture2_CGGACGTTCTTGTACT,4.722309311659537,30
Hepatocyte_30weeks_Animal2_Capture2_CGTAGCGAGTGTACTC,4.798775660487423,30
Hepatocyte_30weeks_Animal2_Capture2_CGTCACTTCTACCAGA,5.223711199487875,30
Hepatocyte_30weeks_Animal2_Capture2_CGTTAGACAATACGCT,4.766824143351746,30
Hepatocyte_30weeks_Animal2_Capture2_CGTTCTGGTACCAGTT,5.034441472488643,30
Hepatocyte_30weeks_Animal2_Capture2_CTAAGACAGGGCTTGA,4.788379674324653,30
Hepatocyte_30weeks_Animal2_Capture2_CTAAGACTCATTGCCC,5.35572146257331,30
Hepatocyte_30weeks_Animal2_Capture2_CTAGAGTCACAGCCCA,4.869814793123135,30
Hepatocyte_30weeks_Animal2_Capture2_CTAGAGTGTACCAGTT,5.129599123859116,30
Hepatocyte_30weeks_Animal2_Capture2_CTAGCCTTCACAGGCC,4.917682833747831,30
Hepatocyte_30weeks_Animal2_Capture2_CTCACACAGGTGCAAC,4.787892944660726,30
Hepatocyte_30weeks_Animal2_Capture2_CTCACACAGTCCCACG,4.801803971966641,30
Hepatocyte_30weeks_Animal2_Capture2_CTCGTCAGTCGGCTCA,4.741096637030161,30
Hepatocyte_30weeks_Animal2_Capture2_CTCTAATAGGTCATCT,4.811576073121067,30
Hepatocyte_30weeks_Animal2_Capture2_CTCTGGTGTAGCGTGA,4.860165783591347,30
Hepatocyte_30weeks_Animal2_Capture2_CTGGTCTGTGTCTGAT,4.889809467677499,30
Hepatocyte_30weeks_Animal2_Capture2_CTGTTTAGTTCCGTCT,4.770632498867627,30
Hepatocyte_30weeks_Animal2_Capture2_CTTAACTGTCAAAGAT,4.765782662601143,30
Hepatocyte_30weeks_Animal2_Capture2_CTTACCGCAGGCGATA,4.916391352215477,30
Hepatocyte_30weeks_Animal2_Capture2_GAACCTACAGCCACCA,4.785864584672293,30
Hepatocyte_30weeks_Animal2_Capture2_GAAGCAGAGCCCTAAT,5.678183550603295,30
Hepatocyte_30weeks_Animal2_Capture2_GAATAAGAGTCAAGCG,4.503567993805813,30
Hepatocyte_30weeks_Animal2_Capture2_GAATAAGTCCAAACTG,4.954660791249941,30
Hepatocyte_30weeks_Animal2_Capture2_GAATGAACAAGGGTCA,4.780939035040893,30
Hepatocyte_30weeks_Animal2_Capture2_GACCTGGAGTTCGATC,4.967364429715232,30
Hepatocyte_30weeks_Animal2_Capture2_GACGGCTGTTCGCTAA,4.76096344019439,30
Hepatocyte_30weeks_Animal2_Capture2_GATCAGTCATCCTTGC,4.658624620476098,30
Hepatocyte_30weeks_Animal2_Capture2_GATCTAGAGGGTGTTG,4.924765452840987,30
Hepatocyte_30weeks_Animal2_Capture2_GATGAAACAGCTTAAC,4.925704666689587,30
Hepatocyte_30weeks_Animal2_Capture2_GCAATCATCAGCAACT,4.792763964628974,30
Hepatocyte_30weeks_Animal2_Capture2_GCATACACAACTGCGC,4.9880236807454015,30
Hepatocyte_30weeks_Animal2_Capture2_GCATGTAAGGAGTTTA,5.417768758458832,30
Hepatocyte_30weeks_Animal2_Capture2_GCGCGATTCAGCTCGG,4.855355133417403,30
Hepatocyte_30weeks_Animal2_Capture2_GCGGGTTGTTCACCTC,4.514603207954996,30
Hepatocyte_30weeks_Animal2_Capture2_GCGGGTTGTTGGTTTG,4.8938766793042285,30
Hepatocyte_30weeks_Animal2_Capture2_GCGGGTTTCTGATTCT,5.2000158049904694,30
Hepatocyte_30weeks_Animal2_Capture2_GCTCCTACAAAGCGGT,4.57035805277644,30
Hepatocyte_30weeks_Animal2_Capture2_GCTGCGAGTATCAGTC,5.1143819096062275,30
Hepatocyte_30weeks_Animal2_Capture2_GCTGGGTCAAGTACCT,4.703019312376311,30
Hepatocyte_30weeks_Animal2_Capture2_GGAACTTAGCGCCTTG,4.545785396727734,30
Hepatocyte_30weeks_Animal2_Capture2_GGAGCAATCGAGAACG,4.7809847557448695,30
Hepatocyte_30weeks_Animal2_Capture2_GGCCGATCACCGATAT,5.240926096555214,30
Hepatocyte_30weeks_Animal2_Capture2_GGCCGATTCGGCCGAT,5.067897782744944,30
Hepatocyte_30weeks_Animal2_Capture2_GGCTCGATCAGGATCT,4.708923800885264,30
Hepatocyte_30weeks_Animal2_Capture2_GGCTGGTCACCAGTTA,5.661491578721946,30
Hepatocyte_30weeks_Animal2_Capture2_GGGCATCAGTGACTCT,4.982074432977843,30
Hepatocyte_30weeks_Animal2_Capture2_GTAACGTAGAAACCGC,4.862712400841177,30
Hepatocyte_30weeks_Animal2_Capture2_GTATTCTGTTCGGGCT,4.705574528154614,30
Hepatocyte_30weeks_Animal2_Capture2_GTATTCTTCAACACAC,5.244524402594945,30
Hepatocyte_30weeks_Animal2_Capture2_GTATTCTTCCGCAGTG,4.961081062361958,30
Hepatocyte_30weeks_Animal2_Capture2_GTCACGGCACGTGAGA,4.852632240940052,30
Hepatocyte_30weeks_Animal2_Capture2_GTCCTCAGTCCATCCT,5.024191983953198,30
Hepatocyte_30weeks_Animal2_Capture2_GTGCATATCATGTGGT,4.519314453865171,30
Hepatocyte_30weeks_Animal2_Capture2_GTGCGGTGTGGTTTCA,4.346133428236642,30
Hepatocyte_30weeks_Animal2_Capture2_GTGGGTCTCACCCTCA,5.08798516627985,30
Hepatocyte_30weeks_Animal2_Capture2_GTTACAGAGGAGTTGC,4.66534107918611,30
Hepatocyte_30weeks_Animal2_Capture2_GTTACAGCACATGTGT,5.529200581347655,30
Hepatocyte_30weeks_Animal2_Capture2_GTTCATTAGCTCCTCT,5.102085141307236,30
Hepatocyte_30weeks_Animal2_Capture2_GTTTCTAAGGCAGTCA,4.778896593660653,30
Hepatocyte_30weeks_Animal2_Capture2_GTTTCTAGTAGCACGA,4.62144375623363,30
Hepatocyte_30weeks_Animal2_Capture2_GTTTCTATCGTGACAT,5.301814767246217,30
Hepatocyte_30weeks_Animal2_Capture2_TAAGTGCAGACTGGGT,4.702636725159149,30
Hepatocyte_30weeks_Animal2_Capture2_TACACGAGTGACTACT,5.705274726835416,30
Hepatocyte_30weeks_Animal2_Capture2_TACAGTGAGCGGCTTC,4.8030496561756975,30
Hepatocyte_30weeks_Animal2_Capture2_TACGGATCACTCGACG,5.1774288406037865,30
Hepatocyte_30weeks_Animal2_Capture2_TAGCCGGCACTTACGA,4.71218241247303,30
Hepatocyte_30weeks_Animal2_Capture2_TAGCCGGCATGTAGTC,5.0516610917090805,30
Hepatocyte_30weeks_Animal2_Capture2_TAGCCGGGTTATCGGT,4.862077541177143,30
Hepatocyte_30weeks_Animal2_Capture2_TAGGCATTCACAAACC,4.713606510857404,30
Hepatocyte_30weeks_Animal2_Capture2_TCAATCTCACCGGAAA,4.81483452555964,30
Hepatocyte_30weeks_Animal2_Capture2_TCAGATGAGGTGTTAA,4.664105367118658,30
Hepatocyte_30weeks_Animal2_Capture2_TCGCGTTCACTGTCGG,4.57073525400939,30
Hepatocyte_30weeks_Animal2_Capture2_TCGGGACAGGGTGTTG,4.7612772588029335,30
Hepatocyte_30weeks_Animal2_Capture2_TCGGGACGTAGCTTGT,4.912437282976615,30
Hepatocyte_30weeks_Animal2_Capture2_TCGGTAAGTGATAAGT,4.575086921642422,30
Hepatocyte_30weeks_Animal2_Capture2_TCTCATACATCATCCC,4.834820814666558,30
Hepatocyte_30weeks_Animal2_Capture2_TCTTCGGTCGCCAGCA,5.637916019861175,30
Hepatocyte_30weeks_Animal2_Capture2_TGAAAGACATCAGTCA,4.987575363911702,30
Hepatocyte_30weeks_Animal2_Capture2_TGAAAGAGTTGGTTTG,5.091467340814474,30
Hepatocyte_30weeks_Animal2_Capture2_TGACTAGCACTTGGAT,4.913670600509597,30
Hepatocyte_30weeks_Animal2_Capture2_TGCCAAATCTTAACCT,4.957281389888422,30
Hepatocyte_30weeks_Animal2_Capture2_TGGCGCAGTCTGCCAG,5.420505351871265,30
Hepatocyte_30weeks_Animal2_Capture2_TGGCTGGTCACAGGCC,4.773646191628384,30
Hepatocyte_30weeks_Animal2_Capture2_TGGGAAGTCGGCATCG,4.6431928325060525,30
Hepatocyte_30weeks_Animal2_Capture2_TGGGCGTCATGCCTTC,5.104364505869205,30
Hepatocyte_30weeks_Animal2_Capture2_TGGTTCCCATATGCTG,4.557486573901459,30
Hepatocyte_30weeks_Animal2_Capture2_TGGTTCCTCATCGATG,4.805730357553205,30
Hepatocyte_30weeks_Animal2_Capture2_TGTTCCGGTGTTCTTT,4.585088183607143,30
Hepatocyte_30weeks_Animal2_Capture2_TTAACTCCAACGATCT,5.118986901830791,30
Hepatocyte_30weeks_Animal2_Capture2_TTAACTCGTTCTCATT,5.647826419977125,30
Hepatocyte_30weeks_Animal2_Capture2_TTCCCAGCATGCTGGC,4.628455781735834,30
Hepatocyte_30weeks_Animal2_Capture2_TTCGGTCTCTTTACGT,4.93598295211645,30
Hepatocyte_30weeks_Animal2_Capture2_TTCTCAACAAGACGTG,5.069386029667875,30
Hepatocyte_30weeks_Animal2_Capture2_TTCTCAACATAAGACA,4.938809926227009,30
Hepatocyte_30weeks_Animal2_Capture2_TTCTCCTCAATCACAC,5.895628430994275,30
Hepatocyte_30weeks_Animal2_Capture2_TTTACTGAGTGAAGAG,5.407899686832467,30
Hepatocyte_30weeks_Animal2_Capture2_TTTGTCACACATCTTT,4.659048449627212,30
Hepatocyte_30weeks_Animal1_Capture1_AAAGCAAGTCACCCAG,6.209102535431506,30
Hepatocyte_30weeks_Animal1_Capture1_AACCATGCAGGTGGAT,6.296646412553179,30
Hepatocyte_30weeks_Animal1_Capture1_AACTCCCTCCTTGACC,6.401313441292197,30
Hepatocyte_30weeks_Animal1_Capture1_AACTCTTAGTTTGCGT,6.211699726032452,30
Hepatocyte_30weeks_Animal1_Capture1_AACTGGTTCCTATGTT,6.124080395579536,30
Hepatocyte_30weeks_Animal1_Capture1_AACTTTCTCTTCCTTC,5.930948078551877,30
Hepatocyte_30weeks_Animal1_Capture1_AAGACCTCAAATCCGT,5.6080190441714866,30
Hepatocyte_30weeks_Animal1_Capture1_AAGCCGCGTGACTACT,6.044368300073465,30
Hepatocyte_30weeks_Animal1_Capture1_AAGGCAGGTTCCAACA,6.125783576618652,30
Hepatocyte_30weeks_Animal1_Capture1_AAGGTTCAGTTCGCGC,6.060773972059904,30
Hepatocyte_30weeks_Animal1_Capture1_AATCCAGTCAGCGACC,6.081002507329914,30
Hepatocyte_30weeks_Animal1_Capture1_AATCGGTAGGATGGTC,6.173311787538378,30
Hepatocyte_30weeks_Animal1_Capture1_ACACCCTGTAGCGCTC,6.175504607490353,30
Hepatocyte_30weeks_Animal1_Capture1_ACACTGAGTCGCATAT,6.0183481422908205,30
Hepatocyte_30weeks_Animal1_Capture1_ACAGCCGGTGCACCAC,6.092511705004775,30
Hepatocyte_30weeks_Animal1_Capture1_ACAGCCGTCTGCCCTA,5.983372259746861,30
Hepatocyte_30weeks_Animal1_Capture1_ACATCAGTCTGGCGAC,6.052957889525044,30
Hepatocyte_30weeks_Animal1_Capture1_ACATGGTAGAGCAATT,6.134544824395128,30
Hepatocyte_30weeks_Animal1_Capture1_ACCCACTCACAAGACG,6.169489626068359,30
Hepatocyte_30weeks_Animal1_Capture1_ACCCACTTCAATCACG,6.123339339045302,30
Hepatocyte_30weeks_Animal1_Capture1_ACCGTAAGTTATTCTC,6.006059964330737,30
Hepatocyte_30weeks_Animal1_Capture1_ACCTTTACAGGTCTCG,5.897448086433901,30
Hepatocyte_30weeks_Animal1_Capture1_ACGATACTCAGGCAAG,6.117634461438508,30
Hepatocyte_30weeks_Animal1_Capture1_ACGCCGATCTTTACAC,6.106422054624401,30
Hepatocyte_30weeks_Animal1_Capture1_ACGGAGAGTACCGTAT,6.058758079656573,30
Hepatocyte_30weeks_Animal1_Capture1_ACGGGCTCAAGCCTAT,6.000327717350287,30
Hepatocyte_30weeks_Animal1_Capture1_ACGGGCTTCTTCCTTC,5.725468778811429,30
Hepatocyte_30weeks_Animal1_Capture1_ACGGGTCTCATGTCTT,6.15627631877735,30
Hepatocyte_30weeks_Animal1_Capture1_ACTGCTCAGAAGGTGA,5.906881332847158,30
Hepatocyte_30weeks_Animal1_Capture1_ACTTTCAAGCAGCGTA,6.064057418810474,30
Hepatocyte_30weeks_Animal1_Capture1_ACTTTCACAGATGGCA,6.185092318953961,30
Hepatocyte_30weeks_Animal1_Capture1_AGAATAGCATACCATG,6.1382962107236505,30
Hepatocyte_30weeks_Animal1_Capture1_AGACGTTCACACTGCG,5.659965554049331,30
Hepatocyte_30weeks_Animal1_Capture1_AGACGTTGTTCTGAAC,6.144039823086287,30
Hepatocyte_30weeks_Animal1_Capture1_AGATTGCGTCGCTTCT,5.8607485348238395,30
Hepatocyte_30weeks_Animal1_Capture1_AGATTGCGTTTGACTG,5.89447751679829,30
Hepatocyte_30weeks_Animal1_Capture1_AGCCTAAAGAGCTATA,6.090186245058662,30
Hepatocyte_30weeks_Animal1_Capture1_AGCCTAATCCCTCAGT,6.211593427543171,30
Hepatocyte_30weeks_Animal1_Capture1_AGCCTAATCTCGGACG,6.137319375987365,30
Hepatocyte_30weeks_Animal1_Capture1_AGCGTATGTACTTGAC,6.277397280900986,30
Hepatocyte_30weeks_Animal1_Capture1_AGCTCTCTCGGAAACG,6.16909413223044,30
Hepatocyte_30weeks_Animal1_Capture1_AGGCCGTAGATGTGTA,6.020448728447656,30
Hepatocyte_30weeks_Animal1_Capture1_AGGGATGGTGGCCCTA,5.496972033899096,30
Hepatocyte_30weeks_Animal1_Capture1_AGGGTGAGTAGCCTAT,6.039088328937192,30
Hepatocyte_30weeks_Animal1_Capture1_AGGGTGAGTAGCGTGA,6.160718420892824,30
Hepatocyte_30weeks_Animal1_Capture1_AGTGGGAAGACCTAGG,6.038056457342609,30
Hepatocyte_30weeks_Animal1_Capture1_ATAGACCCAATGTTGC,6.117150008312393,30
Hepatocyte_30weeks_Animal1_Capture1_ATCACGAGTAAAGTCA,5.882449661443298,30
Hepatocyte_30weeks_Animal1_Capture1_ATCATGGGTCAGAGGT,5.949769195926384,30
Hepatocyte_30weeks_Animal1_Capture1_ATCCACCTCAGCATGT,6.220627817378476,30
Hepatocyte_30weeks_Animal1_Capture1_ATCCACCTCTCGCATC,5.7577441986726505,30
Hepatocyte_30weeks_Animal1_Capture1_ATGAGGGCATTTCAGG,5.905353797101352,30
Hepatocyte_30weeks_Animal1_Capture1_ATGCGATCATCGGGTC,5.987242566884655,30
Hepatocyte_30weeks_Animal1_Capture1_ATGGGAGTCTGTCTAT,6.048218593739306,30
Hepatocyte_30weeks_Animal1_Capture1_ATTACTCCACAGATTC,5.925559922797701,30
Hepatocyte_30weeks_Animal1_Capture1_ATTACTCGTCAGAAGC,6.020948421614086,30
Hepatocyte_30weeks_Animal1_Capture1_ATTGGTGCAAAGTCAA,6.058000240552607,30
Hepatocyte_30weeks_Animal1_Capture1_ATTTCTGAGTCAATAG,6.110402884306373,30
Hepatocyte_30weeks_Animal1_Capture1_CAACCAAAGCGTTTAC,5.950005588505645,30
Hepatocyte_30weeks_Animal1_Capture1_CAACCAATCTCCCTGA,5.964436129633803,30
Hepatocyte_30weeks_Animal1_Capture1_CAAGAAAAGGATGCGT,5.806939265940985,30
Hepatocyte_30weeks_Animal1_Capture1_CAAGAAATCGTTGCCT,5.7845119838732835,30
Hepatocyte_30weeks_Animal1_Capture1_CAAGATCAGGGATCTG,5.862469977938243,30
Hepatocyte_30weeks_Animal1_Capture1_CAAGATCGTGCAACGA,6.147242598449474,30
Hepatocyte_30weeks_Animal1_Capture1_CACCAGGCATGGATGG,6.025692139983325,30
Hepatocyte_30weeks_Animal1_Capture1_CAGAGAGGTATCGCAT,6.13508467380211,30
Hepatocyte_30weeks_Animal1_Capture1_CAGCCGACAAGGCTCC,6.09565141007003,30
Hepatocyte_30weeks_Animal1_Capture1_CAGCTAATCACGATGT,6.092509263288948,30
Hepatocyte_30weeks_Animal1_Capture1_CAGCTGGAGTGGGTTG,6.028214313386652,30
Hepatocyte_30weeks_Animal1_Capture1_CAGGTGCAGAAGATTC,5.986010928273995,30
Hepatocyte_30weeks_Animal1_Capture1_CAGGTGCAGGCTAGGT,5.806382642393151,30
Hepatocyte_30weeks_Animal1_Capture1_CATCAGAGTAGCTGCC,6.089374316625489,30
Hepatocyte_30weeks_Animal1_Capture1_CATCCACCAAGGACAC,6.180204550231862,30
Hepatocyte_30weeks_Animal1_Capture1_CATGACAGTGTGCGTC,6.166346819899275,30
Hepatocyte_30weeks_Animal1_Capture1_CATTCGCGTGCGGTAA,5.504980199085043,30
Hepatocyte_30weeks_Animal1_Capture1_CCAATCCCAACGATGG,6.176995478087173,30
Hepatocyte_30weeks_Animal1_Capture1_CCAATCCTCACGACTA,5.944455645808613,30
Hepatocyte_30weeks_Animal1_Capture1_CCACTACTCATGTGGT,6.089440852705845,30
Hepatocyte_30weeks_Animal1_Capture1_CCAGCGATCTACTATC,6.211401295291516,30
Hepatocyte_30weeks_Animal1_Capture1_CCAGCGATCTGGCGTG,6.095057379452067,30
Hepatocyte_30weeks_Animal1_Capture1_CCCAGTTTCGATAGAA,5.552221329355962,30
Hepatocyte_30weeks_Animal1_Capture1_CCCATACCACGGACAA,5.536552813666338,30
Hepatocyte_30weeks_Animal1_Capture1_CCGGTAGAGGGAACGG,6.005298148065686,30
Hepatocyte_30weeks_Animal1_Capture1_CCGGTAGTCAGAAATG,6.281569242487851,30
Hepatocyte_30weeks_Animal1_Capture1_CCGTACTAGTGGCACA,5.758308965739939,30
Hepatocyte_30weeks_Animal1_Capture1_CCGTGGACATAACCTG,6.01731534534359,30
Hepatocyte_30weeks_Animal1_Capture1_CCTAAAGTCACAGGCC,5.970770922152058,30
Hepatocyte_30weeks_Animal1_Capture1_CCTTCCCCAATAAGCA,5.461294797111788,30
Hepatocyte_30weeks_Animal1_Capture1_CGAACATGTCTCCACT,6.119792277174984,30
Hepatocyte_30weeks_Animal1_Capture1_CGAATGTAGTTAGCGG,6.118015185177931,30
Hepatocyte_30weeks_Animal1_Capture1_CGAGCACGTTCGTTGA,6.027336173002773,30
Hepatocyte_30weeks_Animal1_Capture1_CGAGCACTCCAATGGT,6.07651370835131,30
Hepatocyte_30weeks_Animal1_Capture1_CGCGGTACAGACAAAT,6.1029419326317775,30
Hepatocyte_30weeks_Animal1_Capture1_CGCGTTTTCTGCCAGG,5.971118419241101,30
Hepatocyte_30weeks_Animal1_Capture1_CGGACGTAGGAACTGC,6.102899898328454,30
Hepatocyte_30weeks_Animal1_Capture1_CGGAGCTTCCGCGTTT,6.1037439080419835,30
Hepatocyte_30weeks_Animal1_Capture1_CGGAGTCCAATGGAGC,6.0779222706094265,30
Hepatocyte_30weeks_Animal1_Capture1_CGGAGTCGTGAACCTT,5.417579736561983,30
Hepatocyte_30weeks_Animal1_Capture1_CGGGTCATCTGAAAGA,6.113093212136651,30
Hepatocyte_30weeks_Animal1_Capture1_CGGTTAACAAGCCTAT,6.066680972965774,30
Hepatocyte_30weeks_Animal1_Capture1_CGTCAGGGTGACGCCT,5.665166822086973,30
Hepatocyte_30weeks_Animal1_Capture1_CGTCCATAGATCCCAT,6.086573871644266,30
Hepatocyte_30weeks_Animal1_Capture1_CGTGTAATCTCGTTTA,6.0691522701408624,30
Hepatocyte_30weeks_Animal1_Capture1_CTAACTTAGTGGACGT,5.969818049187564,30
Hepatocyte_30weeks_Animal1_Capture1_CTAATGGAGTGCGTGA,5.993810947519096,30
Hepatocyte_30weeks_Animal1_Capture1_CTACCCACAAATACAG,6.115430730055721,30
Hepatocyte_30weeks_Animal1_Capture1_CTAGAGTCATCCGCGA,6.1060089342355806,30
Hepatocyte_30weeks_Animal1_Capture1_CTAGAGTGTACAAGTA,5.3789569542059406,30
Hepatocyte_30weeks_Animal1_Capture1_CTAGAGTTCGTCACGG,5.835065557572884,30
Hepatocyte_30weeks_Animal1_Capture1_CTAGCCTAGGGAGTAA,6.0536240327920545,30
Hepatocyte_30weeks_Animal1_Capture1_CTAGTGACATGGGAAC,6.14223256441346,30
Hepatocyte_30weeks_Animal1_Capture1_CTCATTATCCTTTACA,6.12013158228978,30
Hepatocyte_30weeks_Animal1_Capture1_CTCCTAGGTCAATACC,6.246739944318103,30
Hepatocyte_30weeks_Animal1_Capture1_CTCGGAGTCGGCGCAT,6.034534858882876,30
Hepatocyte_30weeks_Animal1_Capture1_CTCTAATCACGAAAGC,5.621240268196711,30
Hepatocyte_30weeks_Animal1_Capture1_CTCTGGTAGCCGCCTA,6.071476372827881,30
Hepatocyte_30weeks_Animal1_Capture1_CTGAAGTCATAGACTC,6.150254809316278,30
Hepatocyte_30weeks_Animal1_Capture1_CTGAAGTTCCAGTAGT,6.049081504958178,30
Hepatocyte_30weeks_Animal1_Capture1_CTGTGCTAGATGTGTA,6.158585729335872,30
Hepatocyte_30weeks_Animal1_Capture1_CTGTTTACAAGCTGTT,6.128353431225422,30
Hepatocyte_30weeks_Animal1_Capture1_CTTAACTGTTATCACG,6.014827664104623,30
Hepatocyte_30weeks_Animal1_Capture1_CTTAGGATCCCAGGTG,5.9295646950472065,30
Hepatocyte_30weeks_Animal1_Capture1_CTTCTCTCATCGACGC,6.040949348658146,30
Hepatocyte_30weeks_Animal1_Capture1_GAAACTCCACAACGCC,6.150831337785981,30
Hepatocyte_30weeks_Animal1_Capture1_GAAACTCCAGGGATTG,6.15437831181101,30
Hepatocyte_30weeks_Animal1_Capture1_GAAATGATCGTTTAGG,6.1193850221049395,30
Hepatocyte_30weeks_Animal1_Capture1_GAACATCAGTGGGTTG,6.389124171763232,30
Hepatocyte_30weeks_Animal1_Capture1_GAACCTACACGAAGCA,6.15886476727964,30
Hepatocyte_30weeks_Animal1_Capture1_GAATAAGGTACATGTC,6.099055782072251,30
Hepatocyte_30weeks_Animal1_Capture1_GACGTGCAGTCGTTTG,5.955516503057389,30
Hepatocyte_30weeks_Animal1_Capture1_GACGTGCCAATGGTCT,6.164755735018749,30
Hepatocyte_30weeks_Animal1_Capture1_GAGCAGAAGTGGGATC,6.121492067258302,30
Hepatocyte_30weeks_Animal1_Capture1_GATCGATCAGGCTCAC,6.2497568111937705,30
Hepatocyte_30weeks_Animal1_Capture1_GATCGTAAGTGACTCT,6.171119003903575,30
Hepatocyte_30weeks_Animal1_Capture1_GATCTAGCAGTGAGTG,5.872803981148406,30
Hepatocyte_30weeks_Animal1_Capture1_GATGAGGAGCGTAATA,6.070117871210446,30
Hepatocyte_30weeks_Animal1_Capture1_GATGCTAAGCGATAGC,6.198759039333924,30
Hepatocyte_30weeks_Animal1_Capture1_GATTCAGGTGCAGGTA,6.149624430514614,30
Hepatocyte_30weeks_Animal1_Capture1_GCACATATCGGAGCAA,6.162387465839604,30
Hepatocyte_30weeks_Animal1_Capture1_GCAGTTAGTCAGCTAT,6.153476738881827,30
Hepatocyte_30weeks_Animal1_Capture1_GCATACACAGCTGCAC,5.678848255446141,30
Hepatocyte_30weeks_Animal1_Capture1_GCCAAATTCGCATGGC,6.074032934280752,30
Hepatocyte_30weeks_Animal1_Capture1_GCGACCAAGGCAAAGA,6.129799038418375,30
Hepatocyte_30weeks_Animal1_Capture1_GCGCAGTCACAGGAGT,6.084017966931573,30
Hepatocyte_30weeks_Animal1_Capture1_GCGCCAAAGCTAACTC,6.215518712265511,30
Hepatocyte_30weeks_Animal1_Capture1_GCGGGTTCATCGGTTA,6.197867508383808,30
Hepatocyte_30weeks_Animal1_Capture1_GCTGCTTTCAGCACAT,6.021586259199893,30
Hepatocyte_30weeks_Animal1_Capture1_GCTTCCACACGAAATA,6.169177572868811,30
Hepatocyte_30weeks_Animal1_Capture1_GCTTGAAAGGTGACCA,6.117493757525542,30
Hepatocyte_30weeks_Animal1_Capture1_GGACAGAAGCCATCGC,6.110184557531512,30
Hepatocyte_30weeks_Animal1_Capture1_GGACATTCACTCAGGC,6.178183847184878,30
Hepatocyte_30weeks_Animal1_Capture1_GGACATTGTCATGCCG,5.81065166993111,30
Hepatocyte_30weeks_Animal1_Capture1_GGACATTTCACGAAGG,6.129269848270222,30
Hepatocyte_30weeks_Animal1_Capture1_GGACGTCTCTTAGAGC,6.109581882483856,30
Hepatocyte_30weeks_Animal1_Capture1_GGAGCAATCACTCTTA,6.066090558557507,30
Hepatocyte_30weeks_Animal1_Capture1_GGATGTTTCAAAGACA,6.0926671017807985,30
Hepatocyte_30weeks_Animal1_Capture1_GGCGACTTCGAATGCT,6.067211305158187,30
Hepatocyte_30weeks_Animal1_Capture1_GGGAGATAGGCGATAC,6.040685366933978,30
Hepatocyte_30weeks_Animal1_Capture1_GGGCACTGTCCGTGAC,6.070229390160336,30
Hepatocyte_30weeks_Animal1_Capture1_GGGTCTGTCGCGTTTC,6.0708158654001645,30
Hepatocyte_30weeks_Animal1_Capture1_GGTGCGTCACTCTGTC,6.044481444045326,30
Hepatocyte_30weeks_Animal1_Capture1_GTAACGTCAGTCGTGC,6.1303243626015815,30
Hepatocyte_30weeks_Animal1_Capture1_GTAACGTTCATGGTCA,6.040279753014996,30
Hepatocyte_30weeks_Animal1_Capture1_GTAACTGAGGTAAACT,6.245434311225068,30
Hepatocyte_30weeks_Animal1_Capture1_GTACTCCCACACATGT,6.143390484038895,30
Hepatocyte_30weeks_Animal1_Capture1_GTACTCCGTGTGAATA,6.037640814720778,30
Hepatocyte_30weeks_Animal1_Capture1_GTAGGCCTCCAAGCCG,6.080037257600043,30
Hepatocyte_30weeks_Animal1_Capture1_GTCAAGTCAATGTAAG,6.228694585105328,30
Hepatocyte_30weeks_Animal1_Capture1_GTCATTTCAGTTCATG,5.950769147121406,30
Hepatocyte_30weeks_Animal1_Capture1_GTCGTAAAGAGGTACC,6.108554101008863,30
Hepatocyte_30weeks_Animal1_Capture1_GTGCAGCCATTATCTC,6.089642823061617,30
Hepatocyte_30weeks_Animal1_Capture1_GTGGGTCGTAAGGGCT,6.125381584060738,30
Hepatocyte_30weeks_Animal1_Capture1_GTTTCTATCTCGTTTA,5.961358446700599,30
Hepatocyte_30weeks_Animal1_Capture1_TAAACCGTCACAGTAC,5.50824022282551,30
Hepatocyte_30weeks_Animal1_Capture1_TACACGAAGATCTGAA,6.304563108624608,30
Hepatocyte_30weeks_Animal1_Capture1_TACAGTGCACCTATCC,5.922279657986595,30
Hepatocyte_30weeks_Animal1_Capture1_TACCTTAGTGTGGTTT,6.004143210714275,30
Hepatocyte_30weeks_Animal1_Capture1_TACCTTATCCACTCCA,5.971808644325157,30
Hepatocyte_30weeks_Animal1_Capture1_TACGGGCAGCGCCTCA,5.981948531175421,30
Hepatocyte_30weeks_Animal1_Capture1_TACGGGCTCGTCTGCT,6.02300179891153,30
Hepatocyte_30weeks_Animal1_Capture1_TACTTACTCGGCCGAT,6.096936150847549,30
Hepatocyte_30weeks_Animal1_Capture1_TAGCCGGGTCTCAACA,5.60909224490545,30
Hepatocyte_30weeks_Animal1_Capture1_TATCAGGAGCCTCGTG,5.840135234378667,30
Hepatocyte_30weeks_Animal1_Capture1_TATCTCAAGGCTCTTA,6.178741595445514,30
Hepatocyte_30weeks_Animal1_Capture1_TATGCCCTCGTCGTTC,5.818758200368703,30
Hepatocyte_30weeks_Animal1_Capture1_TATTACCCACACAGAG,6.05470226817331,30
Hepatocyte_30weeks_Animal1_Capture1_TCAACGAAGCACCGCT,6.107597092257779,30
Hepatocyte_30weeks_Animal1_Capture1_TCAGCAAGTACAGCAG,5.890505560394228,30
Hepatocyte_30weeks_Animal1_Capture1_TCAGCAAGTTGAGGTG,5.987864213126541,30
Hepatocyte_30weeks_Animal1_Capture1_TCCCGATTCCGTCAAA,5.5753076190313795,30
Hepatocyte_30weeks_Animal1_Capture1_TCCCGATTCTGGCGTG,5.905424614980677,30
Hepatocyte_30weeks_Animal1_Capture1_TCGAGGCAGCCACTAT,6.2737016446475495,30
Hepatocyte_30weeks_Animal1_Capture1_TCGAGGCGTTCCACTC,5.906326426188066,30
Hepatocyte_30weeks_Animal1_Capture1_TCGCGTTAGATAGTCA,6.142120055255717,30
Hepatocyte_30weeks_Animal1_Capture1_TCGCGTTAGTGTCCAT,6.024922042157852,30
Hepatocyte_30weeks_Animal1_Capture1_TCGCGTTCAGGAATGC,6.0497249376462,30
Hepatocyte_30weeks_Animal1_Capture1_TCTCATAAGGAATCGC,6.046350858455508,30
Hepatocyte_30weeks_Animal1_Capture1_TCTGGAAAGTCAATAG,6.047656871740415,30
Hepatocyte_30weeks_Animal1_Capture1_TCTTCGGAGTTTGCGT,6.105053329534841,30
Hepatocyte_30weeks_Animal1_Capture1_TCTTTCCAGAAACCAT,6.317591909859441,30
Hepatocyte_30weeks_Animal1_Capture1_TGACAACAGGCGTACA,6.331757508781276,30
Hepatocyte_30weeks_Animal1_Capture1_TGAGCCGGTTGTACAC,6.105346890341279,30
Hepatocyte_30weeks_Animal1_Capture1_TGCCAAAAGCCACGCT,6.174207628075197,30
Hepatocyte_30weeks_Animal1_Capture1_TGCCAAATCTTCATGT,5.843442841175598,30
Hepatocyte_30weeks_Animal1_Capture1_TGCCCATAGACCTAGG,6.022858586288969,30
Hepatocyte_30weeks_Animal1_Capture1_TGCTACCAGTGTTAGA,5.771851708254323,30
Hepatocyte_30weeks_Animal1_Capture1_TGCTGCTAGCGATTCT,6.003549816028351,30
Hepatocyte_30weeks_Animal1_Capture1_TGCTGCTAGTCAAGCG,5.378220255690965,30
Hepatocyte_30weeks_Animal1_Capture1_TGGACGCGTCAAAGAT,6.136211312925502,30
Hepatocyte_30weeks_Animal1_Capture1_TGGCCAGGTTCCCTTG,5.968843957848296,30
Hepatocyte_30weeks_Animal1_Capture1_TGGCGCATCATTCACT,5.834121212536381,30
Hepatocyte_30weeks_Animal1_Capture1_TGTATTCAGTCGATAA,6.093331169485435,30
Hepatocyte_30weeks_Animal1_Capture1_TGTGGTATCCAGTATG,6.076192395736678,30
Hepatocyte_30weeks_Animal1_Capture1_TTAGGACAGCTAGGCA,6.156264994404639,30
Hepatocyte_30weeks_Animal1_Capture1_TTCGAAGCACGTCTCT,6.120545263088433,30
Hepatocyte_30weeks_Animal1_Capture1_TTCTCCTAGAAACCGC,6.090380453118718,30
Hepatocyte_30weeks_Animal1_Capture1_TTCTCCTCAATGAAAC,5.626218662306986,30
Hepatocyte_30weeks_Animal1_Capture1_TTGAACGTCTGGGCCA,6.0808117984486785,30
Hepatocyte_30weeks_Animal1_Capture1_TTGGAACGTTCGCGAC,6.140945124696662,30
Hepatocyte_30weeks_Animal1_Capture1_TTGGCAATCAATACCG,6.15864224767325,30
Hepatocyte_30weeks_Animal1_Capture1_TTTCCTCGTTAAAGAC,5.514892657713642,30
Hepatocyte_30weeks_Animal1_Capture1_TTTGCGCTCCAGAGGA,6.109087309939113,30
Hepatocyte_30weeks_Animal1_Capture2_AACACGTGTCTTTCAT,6.030597955131979,30
Hepatocyte_30weeks_Animal1_Capture2_AACTGGTCAGGCTCAC,6.155553318155684,30
Hepatocyte_30weeks_Animal1_Capture2_AAGGCAGCACTTACGA,6.07750657485748,30
Hepatocyte_30weeks_Animal1_Capture2_AAGGCAGTCCCACTTG,6.0590803669276365,30
Hepatocyte_30weeks_Animal1_Capture2_ACACCCTCAAGTCTAC,6.030675756061887,30
Hepatocyte_30weeks_Animal1_Capture2_ACACCCTGTAGTACCT,5.956898084138437,30
Hepatocyte_30weeks_Animal1_Capture2_ACACCGGCACCAGGTC,5.9169506706214,30
Hepatocyte_30weeks_Animal1_Capture2_ACAGCTAGTATATCCG,6.150865144391921,30
Hepatocyte_30weeks_Animal1_Capture2_ACATCAGCAGTAAGAT,6.292878062632641,30
Hepatocyte_30weeks_Animal1_Capture2_ACCGTAAAGACGCTTT,6.016849516675649,30
Hepatocyte_30weeks_Animal1_Capture2_ACCTTTAGTTAAAGTG,5.985106066705518,30
Hepatocyte_30weeks_Animal1_Capture2_ACGAGGAAGTACGCGA,5.797883998056651,30
Hepatocyte_30weeks_Animal1_Capture2_ACGAGGAGTTACGTCA,5.5059416761683675,30
Hepatocyte_30weeks_Animal1_Capture2_ACGATACTCAAGCCTA,5.726220993743972,30
Hepatocyte_30weeks_Animal1_Capture2_ACGCCGAGTACTCGCG,6.182271129251715,30
Hepatocyte_30weeks_Animal1_Capture2_ACTGAGTCACGACGAA,5.755033311557952,30
Hepatocyte_30weeks_Animal1_Capture2_ACTGATGAGGAATTAC,5.675569997973623,30
Hepatocyte_30weeks_Animal1_Capture2_ACTTACTTCCGCATCT,6.083065202611102,30
Hepatocyte_30weeks_Animal1_Capture2_ACTTTCACACGACTCG,6.103315630251426,30
Hepatocyte_30weeks_Animal1_Capture2_AGATCTGTCTAGCACA,5.909190222156406,30
Hepatocyte_30weeks_Animal1_Capture2_AGCAGCCTCTGGAGCC,5.882477130799018,30
Hepatocyte_30weeks_Animal1_Capture2_AGCATACTCGTGGGAA,6.1190337236519134,30
Hepatocyte_30weeks_Animal1_Capture2_AGCCTAATCTCTAGGA,6.000039345280532,30
Hepatocyte_30weeks_Animal1_Capture2_AGGGAGTTCCCGGATG,5.9013882592810845,30
Hepatocyte_30weeks_Animal1_Capture2_AGGTCCGTCATCGGAT,5.98727775957153,30
Hepatocyte_30weeks_Animal1_Capture2_AGTGGGACATTGGGCC,5.5490780931262345,30
Hepatocyte_30weeks_Animal1_Capture2_ATAACGCTCCGGGTGT,6.074338960014393,30
Hepatocyte_30weeks_Animal1_Capture2_ATAAGAGAGGTTCCTA,6.112298262013832,30
Hepatocyte_30weeks_Animal1_Capture2_ATAAGAGCACTACAGT,5.984552775468621,30
Hepatocyte_30weeks_Animal1_Capture2_ATCACGAGTGTGGTTT,6.27740335298466,30
Hepatocyte_30weeks_Animal1_Capture2_ATTACTCAGACTCGGA,6.1436517569137825,30
Hepatocyte_30weeks_Animal1_Capture2_ATTGGACGTACTCGCG,5.586941207205348,30
Hepatocyte_30weeks_Animal1_Capture2_ATTGGACTCCCAACGG,6.038883087203155,30
Hepatocyte_30weeks_Animal1_Capture2_CAAGATCGTTATCACG,6.228568733996198,30
Hepatocyte_30weeks_Animal1_Capture2_CAAGTTGAGAGAGCTC,5.578095360631503,30
Hepatocyte_30weeks_Animal1_Capture2_CACACAACACGACTCG,5.6575648356571975,30
Hepatocyte_30weeks_Animal1_Capture2_CACACAAGTATAATGG,6.069280108997164,30
Hepatocyte_30weeks_Animal1_Capture2_CACACAATCAACTCTT,5.942108474796324,30
Hepatocyte_30weeks_Animal1_Capture2_CACACAATCCCACTTG,6.063688516613471,30
Hepatocyte_30weeks_Animal1_Capture2_CACAGGCCATGTCCTC,6.111498185261146,30
Hepatocyte_30weeks_Animal1_Capture2_CACCACTGTAGAGCTG,5.783543598473763,30
Hepatocyte_30weeks_Animal1_Capture2_CACCACTGTAGGCTGA,5.736540286978717,30
Hepatocyte_30weeks_Animal1_Capture2_CACCTTGGTGTGGCTC,5.854337156402557,30
Hepatocyte_30weeks_Animal1_Capture2_CACTCCACATGAGCGA,6.146088209698226,30
Hepatocyte_30weeks_Animal1_Capture2_CAGATCATCTTGACGA,5.912605943365713,30
Hepatocyte_30weeks_Animal1_Capture2_CAGCAGCCAATAGCGG,5.735605983789905,30
Hepatocyte_30weeks_Animal1_Capture2_CAGCATAAGGCAATTA,5.8725576435998565,30
Hepatocyte_30weeks_Animal1_Capture2_CAGCGACAGGCGCTCT,5.777337436850697,30
Hepatocyte_30weeks_Animal1_Capture2_CAGCGACCAATCGGTT,6.114908317595649,30
Hepatocyte_30weeks_Animal1_Capture2_CAGCTAACACAGTCGC,5.929929778573118,30
Hepatocyte_30weeks_Animal1_Capture2_CAGTCCTGTATAGGGC,6.095562087701348,30
Hepatocyte_30weeks_Animal1_Capture2_CATCAAGGTTCCTCCA,6.141270750478817,30
Hepatocyte_30weeks_Animal1_Capture2_CATCGAATCGTCCGTT,6.1691780771090325,30
Hepatocyte_30weeks_Animal1_Capture2_CATGACATCTACGAGT,6.000156320430993,30
Hepatocyte_30weeks_Animal1_Capture2_CATGCCTAGGAGTCTG,6.060283012850123,30
Hepatocyte_30weeks_Animal1_Capture2_CATGCCTCAAGGTGTG,6.166486656103364,30
Hepatocyte_30weeks_Animal1_Capture2_CATGCCTTCAGAGGTG,6.0282327328272425,30
Hepatocyte_30weeks_Animal1_Capture2_CCGGGATGTTGTACAC,6.093176109732483,30
Hepatocyte_30weeks_Animal1_Capture2_CCTAAAGCAAGAGTCG,6.116200838836381,30
Hepatocyte_30weeks_Animal1_Capture2_CCTACACAGTGGTCCC,5.674786057385052,30
Hepatocyte_30weeks_Animal1_Capture2_CCTATTATCAAACGGG,5.768438175998643,30
Hepatocyte_30weeks_Animal1_Capture2_CCTCTGAAGACCACGA,5.998049495687495,30
Hepatocyte_30weeks_Animal1_Capture2_CCTCTGATCGGTCCGA,6.033886679468702,30
Hepatocyte_30weeks_Animal1_Capture2_CCTTCCCTCCTTTCGG,6.146399783301267,30
Hepatocyte_30weeks_Animal1_Capture2_CCTTCGAGTTTCGCTC,5.8418230706872,30
Hepatocyte_30weeks_Animal1_Capture2_CCTTCGATCTCGTTTA,6.107109067353892,30
Hepatocyte_30weeks_Animal1_Capture2_CCTTTCTCACCATGTA,6.208697406540071,30
Hepatocyte_30weeks_Animal1_Capture2_CCTTTCTTCGTAGGAG,6.092267218075343,30
Hepatocyte_30weeks_Animal1_Capture2_CGAACATTCAGCACAT,6.070526366223841,30
Hepatocyte_30weeks_Animal1_Capture2_CGACCTTTCAGAGACG,6.161594300682372,30
Hepatocyte_30weeks_Animal1_Capture2_CGACCTTTCCGCGTTT,5.978212446858277,30
Hepatocyte_30weeks_Animal1_Capture2_CGACTTCAGATCCTGT,5.920425053260647,30
Hepatocyte_30weeks_Animal1_Capture2_CGATGGCAGACCGGAT,5.717872436789966,30
Hepatocyte_30weeks_Animal1_Capture2_CGATGTAAGAGCTTCT,6.173243478689237,30
Hepatocyte_30weeks_Animal1_Capture2_CGATGTAAGATGTCGG,6.112393924543144,30
Hepatocyte_30weeks_Animal1_Capture2_CGCGGTACACCGTTGG,5.76443168754996,30
Hepatocyte_30weeks_Animal1_Capture2_CGCTGGACACCCAGTG,6.084727490489369,30
Hepatocyte_30weeks_Animal1_Capture2_CGCTTCACATCACGTA,6.02196143151536,30
Hepatocyte_30weeks_Animal1_Capture2_CGGACGTGTGAAGGCT,6.176471024567392,30
Hepatocyte_30weeks_Animal1_Capture2_CGGAGCTAGCAGACTG,6.101002557343592,30
Hepatocyte_30weeks_Animal1_Capture2_CGTAGCGAGATGTAAC,6.092541917224985,30
Hepatocyte_30weeks_Animal1_Capture2_CGTAGCGGTACTCAAC,6.159120342325139,30
Hepatocyte_30weeks_Animal1_Capture2_CGTTCTGTCACGCATA,6.104292131818939,30
Hepatocyte_30weeks_Animal1_Capture2_CTAAGACAGATCCGAG,5.985143236725911,30
Hepatocyte_30weeks_Animal1_Capture2_CTAAGACCATGCAACT,5.743236842214424,30
Hepatocyte_30weeks_Animal1_Capture2_CTACACCTCATGTAGC,5.57458855853325,30
Hepatocyte_30weeks_Animal1_Capture2_CTCGAGGCAATGAATG,5.970941137587539,30
Hepatocyte_30weeks_Animal1_Capture2_CTCGTACCAATAGCGG,6.116237952421571,30
Hepatocyte_30weeks_Animal1_Capture2_CTGAAACGTAAGTAGT,5.527826307599868,30
Hepatocyte_30weeks_Animal1_Capture2_CTGCCTAGTGCTGTAT,5.446879567152691,30
Hepatocyte_30weeks_Animal1_Capture2_CTGGTCTCAATCTGCA,6.135153847827546,30
Hepatocyte_30weeks_Animal1_Capture2_CTTAACTAGGGTCGAT,6.055455590606662,30
Hepatocyte_30weeks_Animal1_Capture2_CTTAACTGTTTGACAC,5.862321701973675,30
Hepatocyte_30weeks_Animal1_Capture2_CTTACCGAGCCACGTC,5.74081719692202,30
Hepatocyte_30weeks_Animal1_Capture2_CTTCTCTAGCCAGAAC,5.905808216268712,30
Hepatocyte_30weeks_Animal1_Capture2_CTTCTCTCACATCCGG,6.23245993215434,30
Hepatocyte_30weeks_Animal1_Capture2_GAAACTCTCCTGTAGA,6.113479054782931,30
Hepatocyte_30weeks_Animal1_Capture2_GAAATGACATGCATGT,6.028966776385932,30
Hepatocyte_30weeks_Animal1_Capture2_GAACATCAGATCGATA,6.1273507470589745,30
Hepatocyte_30weeks_Animal1_Capture2_GAACCTACAACAACCT,6.000401181345831,30
Hepatocyte_30weeks_Animal1_Capture2_GAATAAGGTACAGACG,6.079883437389127,30
Hepatocyte_30weeks_Animal1_Capture2_GAATAAGTCGCCTGAG,5.9011484267796135,30
Hepatocyte_30weeks_Animal1_Capture2_GACTAACTCACTCTTA,6.023061963556282,30
Hepatocyte_30weeks_Animal1_Capture2_GATCAGTAGCACCGTC,6.092085384334593,30
Hepatocyte_30weeks_Animal1_Capture2_GATCGCGCAATTGCTG,5.926296288168187,30
Hepatocyte_30weeks_Animal1_Capture2_GATCGTACACATGACT,6.095414161646925,30
Hepatocyte_30weeks_Animal1_Capture2_GATGCTAAGGAATTAC,6.112092279533952,30
Hepatocyte_30weeks_Animal1_Capture2_GCAAACTAGAGGTTAT,6.111007721029903,30
Hepatocyte_30weeks_Animal1_Capture2_GCCTCTAAGGCCCTCA,5.8719991234793,30
Hepatocyte_30weeks_Animal1_Capture2_GCGCAACGTATCAGTC,6.068781302895443,30
Hepatocyte_30weeks_Animal1_Capture2_GCGCAGTAGGGCTTGA,5.862248909144043,30
Hepatocyte_30weeks_Animal1_Capture2_GCGGGTTCATTAGCCA,5.605016984579143,30
Hepatocyte_30weeks_Animal1_Capture2_GCGGGTTGTCAAGCGA,6.01768081185003,30
Hepatocyte_30weeks_Animal1_Capture2_GCGGGTTTCACATGCA,5.89937415141188,30
Hepatocyte_30weeks_Animal1_Capture2_GCTGCAGTCTTGAGAC,6.123553312363574,30
Hepatocyte_30weeks_Animal1_Capture2_GGATGTTTCACCAGGC,5.905663157902625,30
Hepatocyte_30weeks_Animal1_Capture2_GGCTGGTAGCATGGCA,6.115944423318018,30
Hepatocyte_30weeks_Animal1_Capture2_GGGAATGGTACCGCTG,5.870476080979602,30
Hepatocyte_30weeks_Animal1_Capture2_GGGACCTAGCTGTCTA,6.014916676994964,30
Hepatocyte_30weeks_Animal1_Capture2_GGGAGATGTCAGAAGC,6.152726248788562,30
Hepatocyte_30weeks_Animal1_Capture2_GGTGAAGTCTTAGAGC,6.042247237832334,30
Hepatocyte_30weeks_Animal1_Capture2_GGTGCGTTCTACTCAT,5.815903980186658,30
Hepatocyte_30weeks_Animal1_Capture2_GTAACGTCAGTTCCCT,6.045504403516354,30
Hepatocyte_30weeks_Animal1_Capture2_GTAACGTCATGGTTGT,5.844949573818731,30
Hepatocyte_30weeks_Animal1_Capture2_GTACGTACAGTCAGAG,5.990878451761385,30
Hepatocyte_30weeks_Animal1_Capture2_GTAGTCAAGAAGGCCT,5.804924040592793,30
Hepatocyte_30weeks_Animal1_Capture2_GTCACAATCCGAGCCA,5.960234086699048,30
Hepatocyte_30weeks_Animal1_Capture2_GTCGGGTCAGACGTAG,5.681985163403276,30
Hepatocyte_30weeks_Animal1_Capture2_GTGCGGTTCAATACCG,5.795790203742058,30
Hepatocyte_30weeks_Animal1_Capture2_GTTCTCGTCCCAAGTA,6.003548504166857,30
Hepatocyte_30weeks_Animal1_Capture2_TAAGAGATCCTGTAGA,5.950350530936181,30
Hepatocyte_30weeks_Animal1_Capture2_TACGGTAAGCCAACAG,6.033124568597657,30
Hepatocyte_30weeks_Animal1_Capture2_TACTCGCCACCTCGTT,5.930914047496669,30
Hepatocyte_30weeks_Animal1_Capture2_TACTTGTAGATAGCAT,6.039901019897197,30
Hepatocyte_30weeks_Animal1_Capture2_TAGAGCTAGACGCACA,6.173564784045332,30
Hepatocyte_30weeks_Animal1_Capture2_TAGTTGGGTCAACTGT,6.157812612059881,30
Hepatocyte_30weeks_Animal1_Capture2_TATCAGGTCGTTACAG,6.019795533727038,30
Hepatocyte_30weeks_Animal1_Capture2_TCACAAGCATGCTAGT,6.17766005475114,30
Hepatocyte_30weeks_Animal1_Capture2_TCACGAAGTAGGGTAC,6.103367957061833,30
Hepatocyte_30weeks_Animal1_Capture2_TCAGATGCATCACCCT,5.902974911399836,30
Hepatocyte_30weeks_Animal1_Capture2_TCAGGATTCACATAGC,6.114840241487112,30
Hepatocyte_30weeks_Animal1_Capture2_TCAGGATTCACGCGGT,6.017927272189744,30
Hepatocyte_30weeks_Animal1_Capture2_TCAGGTACACAGCCCA,5.6426603525407835,30
Hepatocyte_30weeks_Animal1_Capture2_TCAGGTACAGCCACCA,6.032853762412698,30
Hepatocyte_30weeks_Animal1_Capture2_TCGAGGCTCAAGAAGT,6.0301394582499555,30
Hepatocyte_30weeks_Animal1_Capture2_TCGCGAGAGATCGATA,5.808735264987545,30
Hepatocyte_30weeks_Animal1_Capture2_TCTATTGCAGCTGCTG,6.140073454816303,30
Hepatocyte_30weeks_Animal1_Capture2_TCTTCGGAGTTTCCTT,6.022505464049823,30
Hepatocyte_30weeks_Animal1_Capture2_TGAAAGAGTGTCCTCT,5.80175703200615,30
Hepatocyte_30weeks_Animal1_Capture2_TGACGGCTCACCAGGC,5.700540564379172,30
Hepatocyte_30weeks_Animal1_Capture2_TGACTAGAGATCCCGC,5.68746304744536,30
Hepatocyte_30weeks_Animal1_Capture2_TGACTAGCACCAGGTC,6.1490182852385775,30
Hepatocyte_30weeks_Animal1_Capture2_TGAGAGGTCTGTTGAG,6.034490304273859,30
Hepatocyte_30weeks_Animal1_Capture2_TGAGCCGCACTGTCGG,5.619050394223773,30
Hepatocyte_30weeks_Animal1_Capture2_TGCCAAAGTTCAGGCC,6.157630488385485,30
Hepatocyte_30weeks_Animal1_Capture2_TGCCCATTCCACGAAT,5.936185619653466,30
Hepatocyte_30weeks_Animal1_Capture2_TGCGTGGCATGCAACT,6.038129632380949,30
Hepatocyte_30weeks_Animal1_Capture2_TGCTACCAGTGGCACA,5.560531042158903,30
Hepatocyte_30weeks_Animal1_Capture2_TGCTGCTAGGCAGGTT,5.9171174660268795,30
Hepatocyte_30weeks_Animal1_Capture2_TGGACGCAGCTACCTA,5.987243315012208,30
Hepatocyte_30weeks_Animal1_Capture2_TGGCTGGAGTGTACCT,6.040724054694818,30
Hepatocyte_30weeks_Animal1_Capture2_TGGCTGGGTGACGGTA,5.643408647599816,30
Hepatocyte_30weeks_Animal1_Capture2_TGGGAAGCACCATGTA,5.928989530886774,30
Hepatocyte_30weeks_Animal1_Capture2_TGTGGTACATTGGGCC,6.074633894832473,30
Hepatocyte_30weeks_Animal1_Capture2_TTAACTCTCTTAGCCC,5.7241967386534185,30
Hepatocyte_30weeks_Animal1_Capture2_TTCCCAGAGTTACCCA,6.0223241302138,30
Hepatocyte_30weeks_Animal1_Capture2_TTCTCAACAGCCTTTC,6.241198018065893,30
Hepatocyte_30weeks_Animal1_Capture2_TTCTCAAGTTCGTGAT,5.437080656429929,30
Hepatocyte_30weeks_Animal1_Capture2_TTCTCCTTCGCCTGTT,6.232380657339686,30
Hepatocyte_30weeks_Animal2_Capture1_AAGACCTGTGTTAAGA,6.0704579350696335,30
Hepatocyte_30weeks_Animal2_Capture1_AAGACCTTCGTACCGG,5.802199741182154,30
Hepatocyte_30weeks_Animal2_Capture1_AAGGCAGCAAGCGAGT,6.0602670845634865,30
Hepatocyte_30weeks_Animal2_Capture1_AGTAGTCTCAGCTCGG,5.632239216546687,30
Hepatocyte_30weeks_Animal2_Capture1_CATCAGATCTTCGGTC,5.1868529682780755,30
Hepatocyte_30weeks_Animal2_Capture1_CGTTCTGAGCTCCTCT,5.7237501101152715,30
Hepatocyte_30weeks_Animal2_Capture1_GACGTTAAGTCGTTTG,5.6540979212970335,30
Hepatocyte_30weeks_Animal2_Capture1_GCGAGAAAGGCCGAAT,6.080456433398055,30
Hepatocyte_30weeks_Animal2_Capture1_GCTGCGAAGCACGCCT,6.20427621182027,30
Hepatocyte_30weeks_Animal2_Capture1_GGCGACTCATTTCAGG,4.990223494090678,30
Hepatocyte_30weeks_Animal2_Capture1_GTCACAACAGATCCAT,6.1392050135985246,30
Hepatocyte_30weeks_Animal2_Capture1_TCGTACCCACCTTGTC,5.45900120443441,30
Hepatocyte_30weeks_Animal2_Capture1_TGAGCATGTAACGTTC,5.6180719997684,30
Hepatocyte_30weeks_Animal2_Capture1_TGTATTCAGACCACGA,5.561757900729368,30
Hepatocyte_30weeks_Animal2_Capture2_AACTCTTTCGTACCGG,6.048161501351419,30
Hepatocyte_30weeks_Animal2_Capture2_AGAATAGTCTTCATGT,6.028816234910832,30
Hepatocyte_30weeks_Animal2_Capture2_CAAGTTGGTCATGCCG,5.90163855439437,30
Hepatocyte_30weeks_Animal2_Capture2_CAGAATCGTTCCCTTG,5.4367490828566325,30
Hepatocyte_30weeks_Animal2_Capture2_CGATGGCAGAAGGACA,5.304897816205591,30
Hepatocyte_30weeks_Animal2_Capture2_GACCAATCATCTACGA,5.973168715345301,30
Hepatocyte_30weeks_Animal2_Capture2_GACGTGCTCCTTGCCA,5.34864437707073,30
Hepatocyte_30weeks_Animal2_Capture2_GGCGACTGTGCAGGTA,5.577360376433802,30
Hepatocyte_30weeks_Animal2_Capture2_TCAGCAAGTAGCTAAA,5.951779484416896,30
Hepatocyte_30weeks_Animal1_Capture1_AACGTTGGTCCCGACA,6.1048220797864206,30
Hepatocyte_30weeks_Animal1_Capture1_ACACCGGAGGCCGAAT,6.213335261600253,30
Hepatocyte_30weeks_Animal1_Capture1_ACCTTTAGTATGAAAC,5.601946571414253,30
Hepatocyte_30weeks_Animal1_Capture1_ACGCAGCAGCTGCAAG,6.0471161653690455,30
Hepatocyte_30weeks_Animal1_Capture1_ACGGCCACACGGACAA,5.9969620180997305,30
Hepatocyte_30weeks_Animal1_Capture1_ACGGGCTAGGACAGCT,6.123199149525739,30
Hepatocyte_30weeks_Animal1_Capture1_ACTGTCCTCCGTTGCT,5.964677095745789,30
Hepatocyte_30weeks_Animal1_Capture1_ACTTACTAGACTTGAA,6.054841394852896,30
Hepatocyte_30weeks_Animal1_Capture1_ACTTGTTTCGCCGTGA,5.930081955797331,30
Hepatocyte_30weeks_Animal1_Capture1_ACTTTCACATCTGGTA,5.753520347051756,30
Hepatocyte_30weeks_Animal1_Capture1_AGACGTTGTTTGCATG,5.769863973045581,30
Hepatocyte_30weeks_Animal1_Capture1_AGAGCTTTCACCAGGC,5.9721728693477,30
Hepatocyte_30weeks_Animal1_Capture1_AGCCTAACACGAAACG,5.860182843743228,30
Hepatocyte_30weeks_Animal1_Capture1_AGCTCCTTCGGGAGTA,5.881649633184603,30
Hepatocyte_30weeks_Animal1_Capture1_AGCTTGAAGTCCGTAT,5.877477566105215,30
Hepatocyte_30weeks_Animal1_Capture1_AGGGTGACAATAGAGT,5.823671175549398,30
Hepatocyte_30weeks_Animal1_Capture1_AGTTGGTTCGGCCGAT,5.860262032547584,30
Hepatocyte_30weeks_Animal1_Capture1_ATCCACCCACAGACTT,6.122147209069295,30
Hepatocyte_30weeks_Animal1_Capture1_ATCTGCCTCAACGGCC,5.559030997688932,30
Hepatocyte_30weeks_Animal1_Capture1_ATTATCCGTCTAGCGC,6.065110868064598,30
Hepatocyte_30weeks_Animal1_Capture1_CAAGATCAGGACAGCT,5.925158547886561,30
Hepatocyte_30weeks_Animal1_Capture1_CACATAGTCCTTGCCA,5.440239166198898,30
Hepatocyte_30weeks_Animal1_Capture1_CACCACTTCCAAACAC,5.728887251998881,30
Hepatocyte_30weeks_Animal1_Capture1_CACCTTGGTAGCACGA,5.603037784271784,30
Hepatocyte_30weeks_Animal1_Capture1_CACTCCATCAGTGTTG,6.222964781558224,30
Hepatocyte_30weeks_Animal1_Capture1_CAGCTAAGTACTCAAC,6.1401621006049325,30
Hepatocyte_30weeks_Animal1_Capture1_CAGTCCTAGGCTACGA,5.580286769877732,30
Hepatocyte_30weeks_Animal1_Capture1_CATCAAGAGTCAAGCG,6.079201549978036,30
Hepatocyte_30weeks_Animal1_Capture1_CCAATCCTCTCCTATA,6.012886979740154,30
Hepatocyte_30weeks_Animal1_Capture1_CCCAGTTCATTGGGCC,6.138158526492289,30
Hepatocyte_30weeks_Animal1_Capture1_CCCATACGTACTTGAC,6.093989635258781,30
Hepatocyte_30weeks_Animal1_Capture1_CCCTCCTAGATAGGAG,6.286058778271011,30
Hepatocyte_30weeks_Animal1_Capture1_CCTACCATCACAGTAC,5.779847543586237,30
Hepatocyte_30weeks_Animal1_Capture1_CCTATTAGTACAGTTC,6.028277989788437,30
Hepatocyte_30weeks_Animal1_Capture1_CCTTCCCTCCGAATGT,5.557888481603488,30
Hepatocyte_30weeks_Animal1_Capture1_CGAGCCAAGTGTGGCA,5.9910544191165265,30
Hepatocyte_30weeks_Animal1_Capture1_CGAGCCAGTTCCACGG,6.070574311277172,30
Hepatocyte_30weeks_Animal1_Capture1_CGATCGGGTATGGTTC,5.7811592514715,30
Hepatocyte_30weeks_Animal1_Capture1_CGCGTTTTCAGGTTCA,5.854398740303656,30
Hepatocyte_30weeks_Animal1_Capture1_CGGACACTCAACACAC,5.337378442285815,30
Hepatocyte_30weeks_Animal1_Capture1_CGGAGTCCACGGACAA,6.048196543258165,30
Hepatocyte_30weeks_Animal1_Capture1_CGGGTCAAGATCCGAG,6.080770016809863,30
Hepatocyte_30weeks_Animal1_Capture1_CGTCAGGTCAGTACGT,5.436825772149781,30
Hepatocyte_30weeks_Animal1_Capture1_CGTCCATGTCACTGGC,5.597378876412127,30
Hepatocyte_30weeks_Animal1_Capture1_CGTGTAACAGCATGAG,6.055787977346819,30
Hepatocyte_30weeks_Animal1_Capture1_CTCGGGACACCAGTTA,5.917377253284186,30
Hepatocyte_30weeks_Animal1_Capture1_GAAATGACATCCTAGA,5.510990596326686,30
Hepatocyte_30weeks_Animal1_Capture1_GACACGCTCATAGCAC,6.091243828764368,30
Hepatocyte_30weeks_Animal1_Capture1_GACCAATTCTGCTGCT,5.8161388272725,30
Hepatocyte_30weeks_Animal1_Capture1_GACCTGGGTTCTCATT,6.128469744508656,30
Hepatocyte_30weeks_Animal1_Capture1_GACTGCGGTCACCTAA,5.678103578401938,30
Hepatocyte_30weeks_Animal1_Capture1_GATCTAGAGCGCCTCA,5.714372559352002,30
Hepatocyte_30weeks_Animal1_Capture1_GATCTAGGTTGTCGCG,5.619569494046403,30
Hepatocyte_30weeks_Animal1_Capture1_GATGCTATCCGAACGC,6.071326326137136,30
Hepatocyte_30weeks_Animal1_Capture1_GCAATCACACTGTGTA,5.210832205892628,30
Hepatocyte_30weeks_Animal1_Capture1_GCCAAATGTCTAGTCA,5.6962842960821165,30
Hepatocyte_30weeks_Animal1_Capture1_GCGCCAAAGCTGCCCA,5.673814410871016,30
Hepatocyte_30weeks_Animal1_Capture1_GCGCGATCAATGAATG,5.70388753913703,30
Hepatocyte_30weeks_Animal1_Capture1_GGACGTCGTCTCACCT,6.083979447958321,30
Hepatocyte_30weeks_Animal1_Capture1_GGGTTGCAGAGACGAA,6.1470025043675145,30
Hepatocyte_30weeks_Animal1_Capture1_GGTGTTATCATCGGAT,5.3132701595249365,30
Hepatocyte_30weeks_Animal1_Capture1_GTCATTTGTGCATCTA,6.192019732347889,30
Hepatocyte_30weeks_Animal1_Capture1_GTCCTCAAGCAGCCTC,5.905510436400167,30
Hepatocyte_30weeks_Animal1_Capture1_GTGCTTCTCTGACCTC,6.164795317747416,30
Hepatocyte_30weeks_Animal1_Capture1_TACAGTGCAGCTGCAC,5.97383165747523,30
Hepatocyte_30weeks_Animal1_Capture1_TACCTATCATCTACGA,6.104437866123769,30
Hepatocyte_30weeks_Animal1_Capture1_TATCTCAGTGGTGTAG,6.170043719981899,30
Hepatocyte_30weeks_Animal1_Capture1_TCAACGACACGGCCAT,6.075445331017569,30
Hepatocyte_30weeks_Animal1_Capture1_TCAACGATCCGGCACA,6.053157541010251,30
Hepatocyte_30weeks_Animal1_Capture1_TCATTTGGTCCGAACC,6.128049793638586,30
Hepatocyte_30weeks_Animal1_Capture1_TCGTAGAGTCCAAGTT,5.412074459709048,30
Hepatocyte_30weeks_Animal1_Capture1_TCTTTCCAGTTCGCAT,5.994396788575246,30
Hepatocyte_30weeks_Animal1_Capture1_TGAAAGAAGAGGTTAT,5.314914335702856,30
Hepatocyte_30weeks_Animal1_Capture1_TGAGGGAGTGAACCTT,6.1343080561485515,30
Hepatocyte_30weeks_Animal1_Capture1_TGGCCAGAGCACAGGT,5.829546056194819,30
Hepatocyte_30weeks_Animal1_Capture1_TGGCCAGTCTTGTACT,6.08893604998913,30
Hepatocyte_30weeks_Animal1_Capture1_TGGCTGGAGTGGTAGC,5.892152879594529,30
Hepatocyte_30weeks_Animal1_Capture1_TGGTTCCAGTCCATAC,6.1178775726688945,30
Hepatocyte_30weeks_Animal1_Capture1_TGTGTTTTCACCGGGT,5.537273996526093,30
Hepatocyte_30weeks_Animal1_Capture1_TTAACTCCATGTCCTC,5.633095099719005,30
Hepatocyte_30weeks_Animal1_Capture1_TTAACTCTCTCGATGA,5.987919845507146,30
Hepatocyte_30weeks_Animal1_Capture1_TTAGGCAAGGTAAACT,6.069636805627237,30
Hepatocyte_30weeks_Animal1_Capture1_TTCCCAGAGCGCTCCA,5.5294565185696865,30
Hepatocyte_30weeks_Animal1_Capture1_TTCGGTCTCTTGCATT,6.173680802049184,30
Hepatocyte_30weeks_Animal1_Capture1_TTCTACAAGGCATGTG,5.99121386508522,30
Hepatocyte_30weeks_Animal1_Capture1_TTCTACAGTAGCACGA,5.955668410331128,30
Hepatocyte_30weeks_Animal1_Capture1_TTCTCAAGTGATGCCC,6.1178060123399085,30
Hepatocyte_30weeks_Animal1_Capture1_TTGAACGCAGGCAGTA,5.58522852807378,30
Hepatocyte_30weeks_Animal1_Capture1_TTTATGCCATGGTAGG,5.676439946674529,30
Hepatocyte_30weeks_Animal1_Capture1_TTTATGCGTTTACTCT,6.186497589556293,30
Hepatocyte_30weeks_Animal1_Capture1_TTTGTCAGTTGATTCG,6.10306051601877,30
Hepatocyte_30weeks_Animal1_Capture2_AAAGTAGAGGTAGCTG,5.894523474442504,30
Hepatocyte_30weeks_Animal1_Capture2_AAAGTAGCATGCTGGC,6.029339298226761,30
Hepatocyte_30weeks_Animal1_Capture2_AACCGCGCAGACAAAT,6.1271464563300135,30
Hepatocyte_30weeks_Animal1_Capture2_AACTCAGGTCGGCTCA,5.981009158463735,30
Hepatocyte_30weeks_Animal1_Capture2_AAGGAGCTCCAAGTAC,5.902562926800962,30
Hepatocyte_30weeks_Animal1_Capture2_AATCGGTTCGAGGTAG,5.5263084981887465,30
Hepatocyte_30weeks_Animal1_Capture2_ACACCAAAGTGCGTGA,5.443554500956427,30
Hepatocyte_30weeks_Animal1_Capture2_ACACCAAGTCTAAACC,5.919458060886043,30
Hepatocyte_30weeks_Animal1_Capture2_ACACCCTAGCTCCTCT,5.8267212536366655,30
Hepatocyte_30weeks_Animal1_Capture2_ACACCCTCAGGGCATA,5.963470052041085,30
Hepatocyte_30weeks_Animal1_Capture2_ACACTGAAGTGAAGTT,6.117695875558188,30
Hepatocyte_30weeks_Animal1_Capture2_ACATACGTCGCCAAAT,5.961624937799187,30
Hepatocyte_30weeks_Animal1_Capture2_ACCAGTAAGTATTGGA,6.044732224718695,30
Hepatocyte_30weeks_Animal1_Capture2_ACCGTAACAGGGTACA,5.266462172479783,30
Hepatocyte_30weeks_Animal1_Capture2_ACGCCGAAGCCTCGTG,5.375652836937117,30
Hepatocyte_30weeks_Animal1_Capture2_ACGCCGATCAAACCAC,6.17405494693374,30
Hepatocyte_30weeks_Animal1_Capture2_ACGGGTCAGGACCACA,6.194564106664144,30
Hepatocyte_30weeks_Animal1_Capture2_ACGTCAACACCCATGG,5.709127625130568,30
Hepatocyte_30weeks_Animal1_Capture2_ACGTCAACACTGCCAG,5.478607236691267,30
Hepatocyte_30weeks_Animal1_Capture2_ACTGAACGTGGCTCCA,5.95919951691527,30
Hepatocyte_30weeks_Animal1_Capture2_ACTGAGTGTCTGCAAT,5.940864143790258,30
Hepatocyte_30weeks_Animal1_Capture2_ACTGTCCCAAGAGGCT,5.8560061375173005,30
Hepatocyte_30weeks_Animal1_Capture2_ACTTTCAAGTATTGGA,5.152375432022173,30
Hepatocyte_30weeks_Animal1_Capture2_AGATCTGCAATCGAAA,5.986764621345257,30
Hepatocyte_30weeks_Animal1_Capture2_AGTGGGATCTGCAAGT,5.527197762096841,30
Hepatocyte_30weeks_Animal1_Capture2_AGTTGGTGTGCAGGTA,5.9250328353382,30
Hepatocyte_30weeks_Animal1_Capture2_ATAACGCGTTGATTCG,5.890962816004265,30
Hepatocyte_30weeks_Animal1_Capture2_ATCCACCTCACCTTAT,5.3943473663478265,30
Hepatocyte_30weeks_Animal1_Capture2_ATCCGAACATGTTGAC,5.337652643834226,30
Hepatocyte_30weeks_Animal1_Capture2_ATCCGAAGTCGTTGTA,5.798531810465166,30
Hepatocyte_30weeks_Animal1_Capture2_ATCGAGTAGCTTCGCG,6.049143565609896,30
Hepatocyte_30weeks_Animal1_Capture2_ATCTGCCAGCTCTCGG,5.970069664840086,30
Hepatocyte_30weeks_Animal1_Capture2_ATGAGGGTCACTTCAT,6.0669307913159525,30
Hepatocyte_30weeks_Animal1_Capture2_ATGCGATTCTTGAGAC,5.898430286175864,30
Hepatocyte_30weeks_Animal1_Capture2_CAAGAAACACGGTAGA,6.114962887158795,30
Hepatocyte_30weeks_Animal1_Capture2_CAAGGCCTCGGTCCGA,5.401200066721513,30
Hepatocyte_30weeks_Animal1_Capture2_CACAGTATCGCCATAA,5.860819179160259,30
Hepatocyte_30weeks_Animal1_Capture2_CAGAGAGGTTCCTCCA,6.193754970944041,30
Hepatocyte_30weeks_Animal1_Capture2_CAGAGAGTCAACACCA,6.1044492280952625,30
Hepatocyte_30weeks_Animal1_Capture2_CAGCAGCAGGCAATTA,6.118167725962412,30
Hepatocyte_30weeks_Animal1_Capture2_CAGCTGGCATGCAATC,5.878819139637059,30
Hepatocyte_30weeks_Animal1_Capture2_CATATTCCATAAAGGT,5.6560575153132415,30
Hepatocyte_30weeks_Animal1_Capture2_CATCCACAGGCATGGT,6.008086865030819,30
Hepatocyte_30weeks_Animal1_Capture2_CATCCACCACTCAGGC,6.0779856442907025,30
Hepatocyte_30weeks_Animal1_Capture2_CATTATCAGCAGGTCA,5.913842913634328,30
Hepatocyte_30weeks_Animal1_Capture2_CCACTACGTAAGGGCT,6.202674394957514,30
Hepatocyte_30weeks_Animal1_Capture2_CCATGTCTCCTTTCTC,5.460693969207648,30
Hepatocyte_30weeks_Animal1_Capture2_CCCATACCACAGAGGT,5.976086456487719,30
Hepatocyte_30weeks_Animal1_Capture2_CCTAGCTCACCCTATC,5.654809644059984,30
Hepatocyte_30weeks_Animal1_Capture2_CCTATTACATCTATGG,5.728000946478169,30
Hepatocyte_30weeks_Animal1_Capture2_CCTCAGTAGGAGCGAG,5.998164875523992,30
Hepatocyte_30weeks_Animal1_Capture2_CGACTTCAGAGCTTCT,6.081697883607906,30
Hepatocyte_30weeks_Animal1_Capture2_CGCCAAGGTTCGGCAC,6.146393083072198,30
Hepatocyte_30weeks_Animal1_Capture2_CGGGTCACAAGCCATT,6.109980205333244,30
Hepatocyte_30weeks_Animal1_Capture2_CGTCACTCATGAACCT,5.042825366467202,30
Hepatocyte_30weeks_Animal1_Capture2_CGTCACTGTGAAATCA,5.903142282530677,30
Hepatocyte_30weeks_Animal1_Capture2_CGTCAGGAGTGATCGG,5.766838282902177,30
Hepatocyte_30weeks_Animal1_Capture2_CGTCCATAGCCCAACC,5.0349078098379065,30
Hepatocyte_30weeks_Animal1_Capture2_CTACACCAGAGTGACC,5.88269776712052,30
Hepatocyte_30weeks_Animal1_Capture2_CTCACACAGCACACAG,5.894474236401831,30
Hepatocyte_30weeks_Animal1_Capture2_CTCGAAATCTCCAACC,5.897634375968648,30
Hepatocyte_30weeks_Animal1_Capture2_CTTGGCTCACTGTCGG,5.842428133524802,30
Hepatocyte_30weeks_Animal1_Capture2_GAAATGATCACATACG,5.850503209129782,30
Hepatocyte_30weeks_Animal1_Capture2_GAAGCAGCACTAGTAC,5.887075558435208,30
Hepatocyte_30weeks_Animal1_Capture2_GACACGCTCCACGCAG,5.933001170507213,30
Hepatocyte_30weeks_Animal1_Capture2_GACTGCGCATAGGATA,5.859846190510049,30
Hepatocyte_30weeks_Animal1_Capture2_GAGCAGATCCTTTCTC,6.062826103472737,30
Hepatocyte_30weeks_Animal1_Capture2_GAGGTGACAATAGCAA,5.992320680198429,30
Hepatocyte_30weeks_Animal1_Capture2_GAGTCCGTCCCATTTA,5.710474428328537,30
Hepatocyte_30weeks_Animal1_Capture2_GATGCTATCAGGATCT,6.050546649437306,30
Hepatocyte_30weeks_Animal1_Capture2_GCGCAGTAGCTCCCAG,5.61405195052358,30
Hepatocyte_30weeks_Animal1_Capture2_GCGGGTTCATGGTCTA,6.099586142461338,30
Hepatocyte_30weeks_Animal1_Capture2_GCTCTGTAGATGCCAG,5.980402734563337,30
Hepatocyte_30weeks_Animal1_Capture2_GGACAAGCAGTTCATG,6.068472825986247,30
Hepatocyte_30weeks_Animal1_Capture2_GGACATTGTGTGCGTC,5.837185920833908,30
Hepatocyte_30weeks_Animal1_Capture2_GGCAATTGTACCATCA,6.034977016654246,30
Hepatocyte_30weeks_Animal1_Capture2_GGCGTGTAGCTGCCCA,5.32182036860976,30
Hepatocyte_30weeks_Animal1_Capture2_GGCTCGATCACCTTAT,6.062474859966823,30
Hepatocyte_30weeks_Animal1_Capture2_GGGAATGCATTACCTT,6.14260580680372,30
Hepatocyte_30weeks_Animal1_Capture2_GGGCACTCAATGCCAT,5.917791319474911,30
Hepatocyte_30weeks_Animal1_Capture2_GGGCACTCATGAGCGA,5.478059875837811,30
Hepatocyte_30weeks_Animal1_Capture2_GTATTCTGTAGGACAC,6.020417577814134,30
Hepatocyte_30weeks_Animal1_Capture2_GTCGTAAGTACTCAAC,6.065520022242222,30
Hepatocyte_30weeks_Animal1_Capture2_GTTAAGCGTTATCCGA,6.153264629821445,30
Hepatocyte_30weeks_Animal1_Capture2_TAAGTGCGTATGAAAC,6.097138516246911,30
Hepatocyte_30weeks_Animal1_Capture2_TACAGTGAGCCAGTTT,5.661914291437406,30
Hepatocyte_30weeks_Animal1_Capture2_TACCTATTCCGGGTGT,6.047786833489277,30
Hepatocyte_30weeks_Animal1_Capture2_TACGGATTCGCCATAA,6.081973377499429,30
Hepatocyte_30weeks_Animal1_Capture2_TACTCATGTCCGTCAG,5.897145421302861,30
Hepatocyte_30weeks_Animal1_Capture2_TACTTACGTACGCTGC,5.910790036709244,30
Hepatocyte_30weeks_Animal1_Capture2_TACTTGTCACGACTCG,6.023960758078452,30
Hepatocyte_30weeks_Animal1_Capture2_TAGCCGGGTCATCGGC,5.67655623604352,30
Hepatocyte_30weeks_Animal1_Capture2_TAGTTGGTCTCCTATA,5.537537828546643,30
Hepatocyte_30weeks_Animal1_Capture2_TATTACCCAACTGCGC,6.037804987541763,30
Hepatocyte_30weeks_Animal1_Capture2_TCAGCTCAGCGATATA,6.076360361676487,30
Hepatocyte_30weeks_Animal1_Capture2_TCGAGGCGTTCTCATT,5.246649739062722,30
Hepatocyte_30weeks_Animal1_Capture2_TCTCTAAGTCTAGGTT,5.5674570148117,30
Hepatocyte_30weeks_Animal1_Capture2_TCTGAGATCACCCTCA,6.17908945653413,30
Hepatocyte_30weeks_Animal1_Capture2_TCTGGAACAAGTAATG,5.447597332506044,30
Hepatocyte_30weeks_Animal1_Capture2_TCTTTCCAGTGCGATG,5.931805843580952,30
Hepatocyte_30weeks_Animal1_Capture2_TCTTTCCGTACGAAAT,5.774991135779548,30
Hepatocyte_30weeks_Animal1_Capture2_TGAGCATGTTTACTCT,5.96361394144442,30
Hepatocyte_30weeks_Animal1_Capture2_TGAGCCGGTACTCGCG,5.872130787738892,30
Hepatocyte_30weeks_Animal1_Capture2_TGCCCTACAGTCGTGC,6.075427771416292,30
Hepatocyte_30weeks_Animal1_Capture2_TGCGTGGCAGACACTT,5.799157951499806,30
Hepatocyte_30weeks_Animal1_Capture2_TGCTGCTCATGGGAAC,4.888379976244366,30
Hepatocyte_30weeks_Animal1_Capture2_TGGCGCAAGTGTGAAT,5.837976543890486,30
Hepatocyte_30weeks_Animal1_Capture2_TTAACTCTCCGTCAAA,5.861880695356234,30
Hepatocyte_30weeks_Animal1_Capture2_TTCCCAGGTTATTCTC,5.325777664361802,30
Hepatocyte_30weeks_Animal1_Capture2_TTCTACAGTCAGAAGC,5.963772089029568,30
Hepatocyte_30weeks_Animal1_Capture2_TTCTCAAAGACAAGCC,5.977269733452131,30
Hepatocyte_30weeks_Animal1_Capture2_TTGTAGGGTACAGTGG,5.335993993530673,30
Hepatocyte_30weeks_Animal1_Capture2_TTGTAGGGTATTCGTG,5.865606271685804,30
Hepatocyte_30weeks_Animal2_Capture1_ACATACGAGGCGACAT,5.261239356689586,30
Hepatocyte_30weeks_Animal2_Capture1_ACTGCTCGTAGCGCTC,5.623047947167558,30
Hepatocyte_30weeks_Animal2_Capture1_CGAGCCAGTCGAACAG,5.870102114291715,30
Hepatocyte_30weeks_Animal2_Capture1_CTTACCGTCTTGCAAG,5.127817699060335,30
Hepatocyte_30weeks_Animal2_Capture1_GCGGGTTAGATGCCTT,5.858388912939285,30
Hepatocyte_30weeks_Animal2_Capture1_GCGGGTTCATCATCCC,5.988060675527926,30
Hepatocyte_30weeks_Animal2_Capture1_GTGCATATCTGTGCAA,5.271234002669449,30
Hepatocyte_30weeks_Animal2_Capture1_TAAACCGAGCCCAATT,5.743369223267899,30
Hepatocyte_30weeks_Animal2_Capture1_TGTCCCACACCGCTAG,5.618472329862644,30
Hepatocyte_30weeks_Animal2_Capture2_AACTCAGTCATCACCC,5.880801479306733,30
Hepatocyte_30weeks_Animal2_Capture2_ACTATCTGTATCGCAT,5.372247168687324,30
Hepatocyte_30weeks_Animal2_Capture2_ACTGCTCAGTAGCGGT,5.863354814777198,30
Hepatocyte_30weeks_Animal2_Capture2_ATGAGGGAGATTACCC,5.438635669764102,30
Hepatocyte_30weeks_Animal2_Capture2_CATATTCGTCTAGCGC,5.765703609779467,30
Hepatocyte_30weeks_Animal2_Capture2_CCATTCGAGCGATAGC,5.962318733895341,30
Hepatocyte_30weeks_Animal2_Capture2_CGTGAGCCAGGTCGTC,5.791069876920298,30
Hepatocyte_30weeks_Animal2_Capture2_CTCAGAAGTTGCCTCT,5.978286308063568,30
Hepatocyte_30weeks_Animal2_Capture2_GGACAAGCACCTGGTG,5.906198571791824,30
Hepatocyte_30weeks_Animal2_Capture2_GTGCATAGTCAATACC,5.765455389470362,30
Hepatocyte_30weeks_Animal2_Capture2_GTTTCTAAGACTACAA,5.947547052302377,30
Hepatocyte_30weeks_Animal2_Capture2_TTCCCAGCATGTCTCC,6.052282518523713,30
Hepatocyte_30weeks_Animal1_Capture1_AACTGGTAGATACACA,5.6085477648971205,30
Hepatocyte_30weeks_Animal1_Capture1_CCATTCGCATAGTAAG,5.404897327129886,30
Hepatocyte_30weeks_Animal1_Capture1_CGACCTTAGGTAAACT,5.509598240770928,30
Hepatocyte_30weeks_Animal1_Capture1_CGAGCCAGTCCAACTA,5.464596104742056,30
Hepatocyte_30weeks_Animal1_Capture1_CGTCACTGTTGCTCCT,5.285335554389921,30
Hepatocyte_30weeks_Animal1_Capture1_CTACCCACAAGCCATT,5.399334390136911,30
Hepatocyte_30weeks_Animal1_Capture1_GCATGTAGTGAACCTT,5.474023871173985,30
Hepatocyte_30weeks_Animal1_Capture1_GGCGACTCAACACGCC,5.0768359095259825,30
Hepatocyte_30weeks_Animal1_Capture1_GGCGACTGTTGTGGCC,5.555677487695599,30
Hepatocyte_30weeks_Animal1_Capture1_TCTCTAATCTACCTGC,5.341832923956838,30
Hepatocyte_30weeks_Animal1_Capture1_TGAAAGAGTGTGGTTT,5.398987515448682,30
Hepatocyte_30weeks_Animal1_Capture2_AACTCTTTCCTCTAGC,5.224246118726702,30
Hepatocyte_30weeks_Animal1_Capture2_ACGGCCAAGTGGAGAA,5.163921746882276,30
Hepatocyte_30weeks_Animal1_Capture2_ACTTTCACATGCCTTC,5.447241338016888,30
Hepatocyte_30weeks_Animal1_Capture2_ATAACGCTCTGTGCAA,5.4615301961257,30
Hepatocyte_30weeks_Animal1_Capture2_ATGAGGGTCCCTTGTG,5.466920491055442,30
Hepatocyte_30weeks_Animal1_Capture2_ATGTGTGGTGTGTGCC,5.384904286932396,30
Hepatocyte_30weeks_Animal1_Capture2_ATTCTACAGTTGAGAT,5.173106223800391,30
Hepatocyte_30weeks_Animal1_Capture2_CATCAAGTCGAATCCA,5.397191585304139,30
Hepatocyte_30weeks_Animal1_Capture2_CTAACTTGTGCGCTTG,5.475275181564104,30
Hepatocyte_30weeks_Animal1_Capture2_CTAAGACCAATGCCAT,5.347967806297948,30
Hepatocyte_30weeks_Animal1_Capture2_CTAGCCTCATCCGCGA,5.612623031501702,30
Hepatocyte_30weeks_Animal1_Capture2_CTTCTCTCAATTCCTT,5.564006786864043,30
Hepatocyte_30weeks_Animal1_Capture2_GGACATTGTGACTCAT,5.999869992575471,30
Hepatocyte_30weeks_Animal1_Capture2_GGATTACTCAACACCA,5.209305381825116,30
Hepatocyte_30weeks_Animal1_Capture2_GTGAAGGCATACCATG,5.260754687372941,30
Hepatocyte_30weeks_Animal1_Capture2_GTGAAGGGTCGCATCG,5.72167091894504,30
Hepatocyte_30weeks_Animal1_Capture2_TAAGCGTAGTTGTAGA,5.340112254566636,30
Hepatocyte_30weeks_Animal1_Capture2_TCAGCAAGTCTTGATG,5.563448690292626,30
Hepatocyte_30weeks_Animal1_Capture2_TCAGGTACATTGCGGC,5.5629157815098225,30
Hepatocyte_30weeks_Animal1_Capture2_TCGGGACGTACTTCTT,5.506855829632414,30
Hepatocyte_30weeks_Animal1_Capture2_TCTCATAAGCACCGCT,5.4755112926532625,30
Hepatocyte_30weeks_Animal1_Capture2_TGACAACTCAACACGT,5.3801726747109475,30
Hepatocyte_30weeks_Animal1_Capture2_TGCACCTGTCCCTTGT,5.543252781138074,30
Hepatocyte_30weeks_Animal1_Capture2_TGCCCATTCAGCGACC,5.1726041747283915,30
Hepatocyte_30weeks_Animal1_Capture2_TGGACGCCATGTAAGA,5.325999511193855,30
Hepatocyte_30weeks_Animal1_Capture2_TGTGGTACATGTTCCC,5.4269745236840485,30
Hepatocyte_30weeks_Animal1_Capture2_TTCTTAGTCCGTTGCT,5.25535881938284,30
Hepatocyte_30weeks_Animal2_Capture1_ACATCAGTCGGTTAAC,4.824900024177824,30
Hepatocyte_30weeks_Animal2_Capture1_ACTGAGTGTTTGTTTC,4.988049364365098,30
Hepatocyte_30weeks_Animal2_Capture1_ATTTCTGAGAATGTTG,5.054392270077168,30
Hepatocyte_30weeks_Animal2_Capture1_CATGCCTGTGCTCTTC,5.009526990969234,30
Hepatocyte_30weeks_Animal2_Capture1_CGACCTTTCCCAAGTA,5.395847708426187,30
Hepatocyte_30weeks_Animal2_Capture1_CGTCCATTCAGTCCCT,5.512927140974708,30
Hepatocyte_30weeks_Animal2_Capture1_CTTGGCTTCAATCACG,5.373089496248147,30
Hepatocyte_30weeks_Animal2_Capture1_GACGGCTTCGGCTACG,5.26763240135722,30
Hepatocyte_30weeks_Animal2_Capture1_GGAATAATCAAACCAC,5.271116298993974,30
Hepatocyte_30weeks_Animal2_Capture1_GGCGACTCAGCCTATA,5.162309713859575,30
Hepatocyte_30weeks_Animal2_Capture1_TATGCCCGTCTAACGT,5.1345414577804,30
Hepatocyte_30weeks_Animal2_Capture1_TCCCGATCAACTGCGC,5.508886103486941,30
Hepatocyte_30weeks_Animal2_Capture2_AGAGCTTTCAGCACAT,5.017034893319745,30
Hepatocyte_30weeks_Animal2_Capture2_CATCGGGAGAAGGACA,5.106219814181014,30
Hepatocyte_30weeks_Animal2_Capture2_CCTAAAGGTTCCATGA,4.886442804990944,30
Hepatocyte_30weeks_Animal2_Capture2_CTCATTACAATGACCT,5.26490011934606,30
Hepatocyte_30weeks_Animal2_Capture2_GTTCGGGGTCCTAGCG,4.813982543057173,30
Hepatocyte_30weeks_Animal2_Capture2_TAGGCATCATCGACGC,5.233096868730317,30
Hepatocyte_30weeks_Animal1_Capture2_TCACAAGAGTTTCCTT,5.43011165930913,30
Hepatocyte_30weeks_Animal1_Capture1_TAGTGGTAGTTAACGA,5.950428322314708,30
Hepatocyte_30weeks_Animal1_Capture1_AAACCTGGTAAATACG,6.257348745485402,30
Hepatocyte_30weeks_Animal1_Capture1_AAGTCTGCACCGAAAG,6.228636576973985,30
Hepatocyte_30weeks_Animal1_Capture1_ACCGTAATCTGTCAAG,6.210703474718844,30
Hepatocyte_30weeks_Animal1_Capture1_CCCTCCTAGCTCTCGG,6.111618070406123,30
Hepatocyte_30weeks_Animal1_Capture1_CGACCTTTCAGCTTAG,5.682389031810915,30
Hepatocyte_30weeks_Animal1_Capture1_CTTAGGACAGATGAGC,6.040780504987743,30
Hepatocyte_30weeks_Animal1_Capture1_GCTTCCACACCACCAG,6.409779739570716,30
Hepatocyte_30weeks_Animal1_Capture1_GGACAAGAGATAGTCA,6.218915840755504,30
Hepatocyte_30weeks_Animal1_Capture1_GGCGTGTCATCCTTGC,5.5581083235103765,30
Hepatocyte_30weeks_Animal1_Capture1_GTCATTTCAATTCCTT,6.24464335516908,30
Hepatocyte_30weeks_Animal1_Capture1_TAAGAGAAGTGTTGAA,6.348348856669741,30
Hepatocyte_30weeks_Animal1_Capture1_TACTCATAGCTGTTCA,6.120198901553805,30
Hepatocyte_30weeks_Animal1_Capture1_TCCCGATGTTGACGTT,5.031069485088119,30
Hepatocyte_30weeks_Animal1_Capture2_AACCGCGGTCTCCACT,6.269391429258282,30
Hepatocyte_30weeks_Animal1_Capture2_ACAGCCGCAATGTAAG,6.066948480129291,30
Hepatocyte_30weeks_Animal1_Capture2_ATCATGGGTCGGCTCA,6.02796312315013,30
Hepatocyte_30weeks_Animal1_Capture2_CGAGCACCACAGACTT,5.440277168911189,30
Hepatocyte_30weeks_Animal1_Capture2_CGTGTCTCAAATCCGT,6.15361330971627,30
Hepatocyte_30weeks_Animal1_Capture2_CTAAGACAGAAGGACA,5.590953714532202,30
Hepatocyte_30weeks_Animal1_Capture2_CTTACCGGTACAGTTC,6.029924951782495,30
Hepatocyte_30weeks_Animal1_Capture2_GAATGAACAGTTCATG,6.48867611545656,30
Hepatocyte_30weeks_Animal1_Capture2_GACTAACAGATAGGAG,6.34621400489903,30
Hepatocyte_30weeks_Animal1_Capture2_GAGGTGATCTCGGACG,5.728846287336813,30
Hepatocyte_30weeks_Animal1_Capture2_GCTCTGTTCGGAAACG,5.9927930624335914,30
Hepatocyte_30weeks_Animal1_Capture2_GGGTCTGTCGCATGGC,6.006781576185505,30
Hepatocyte_30weeks_Animal1_Capture2_GTACGTACATTGGTAC,5.950038909064665,30
Hepatocyte_30weeks_Animal1_Capture2_GTACTTTAGGGTGTGT,5.668458120104576,30
Hepatocyte_30weeks_Animal1_Capture2_TGCTACCTCGTGGTCG,5.919282164332506,30
Hepatocyte_30weeks_Animal1_Capture2_TTCTCAAAGTATCTCG,5.620479212657788,30
Hepatocyte_30weeks_Animal2_Capture1_TCCACACGTCTGCCAG,5.465556625083428,30
Hepatocyte_30weeks_Animal2_Capture2_AAAGATGCAATGAAAC,4.982325609085727,30
Hepatocyte_30weeks_Animal2_Capture2_GTGTTAGGTGTTGGGA,5.066449536978531,30
Hepatocyte_Chow_Animal4_Capture1_AACTCCCTCCGGGTGT,5.801900285533331,0
Hepatocyte_Chow_Animal4_Capture1_AAGCCGCCAACTTGAC,5.944648048707925,0
Hepatocyte_Chow_Animal4_Capture1_ACTGATGCATCTCGCT,6.192016089128228,0
Hepatocyte_Chow_Animal4_Capture1_CACTCCAGTGAGGGAG,6.0754001855165995,0
Hepatocyte_Chow_Animal4_Capture1_CGCCAAGCACGGATAG,6.011362320426382,0
Hepatocyte_Chow_Animal4_Capture1_GTTCTCGAGATATGCA,5.673542826108069,0
Hepatocyte_Chow_Animal5_Capture1_CCTAGCTCAGACGCCT,6.144249369817136,0
Hepatocyte_Chow_Animal5_Capture1_TAAGAGACACCGTTGG,5.609772850684508,0
Hepatocyte_Chow_Animal5_Capture1_TAAGTGCAGTACGTTC,6.095219383498864,0
Hepatocyte_Chow_Animal5_Capture1_TCAGCAAAGGGCTTGA,6.178864043257768,0
Hepatocyte_Chow_Animal6_Capture1_AAGGAGCAGCCGATTT,5.740379707254072,0
Hepatocyte_Chow_Animal4_Capture1_AAACGGGGTCGGCATC,5.641668450539177,0
Hepatocyte_Chow_Animal5_Capture1_CATGGCGAGCTCCCAG,5.705713024532824,0
Hepatocyte_Chow_Animal5_Capture1_CGCTATCGTGCAACTT,6.04220117298216,0
Hepatocyte_Chow_Animal5_Capture1_GGGCATCGTACCATCA,5.828870090438878,0
Hepatocyte_Chow_Animal5_Capture1_TAGACCATCAGGTTCA,6.035836447812619,0
Hepatocyte_Chow_Animal5_Capture1_TAGAGCTGTGCAGGTA,5.94325380036015,0
Hepatocyte_Chow_Animal5_Capture1_TCTTTCCTCCTCTAGC,5.859916235754586,0
Hepatocyte_Chow_Animal6_Capture1_AAGGTTCTCCCTTGTG,5.621857355956677,0
Hepatocyte_Chow_Animal6_Capture1_ATCCACCTCTAACTCT,5.794251167706855,0
Hepatocyte_Chow_Animal6_Capture1_CGACTTCTCCTTGACC,5.668955330905948,0
Hepatocyte_Chow_Animal6_Capture1_CGTTAGATCTTGCATT,5.544698653329366,0
Hepatocyte_Chow_Animal6_Capture1_GCAAACTCACACCGCA,5.987293551148184,0
Hepatocyte_Chow_Animal6_Capture1_TGCCCATTCGTTTATC,5.7812266540478445,0
Hepatocyte_Chow_Animal4_Capture1_AAACCTGAGCCCAGCT,5.500931144256174,0
Hepatocyte_Chow_Animal4_Capture1_AAAGCAACAGCTCGAC,5.420616500435816,0
Hepatocyte_Chow_Animal4_Capture1_AAGACCTCATGTAAGA,5.2461766506717105,0
Hepatocyte_Chow_Animal4_Capture1_AAGGAGCCAATGGACG,5.285393946102277,0
Hepatocyte_Chow_Animal4_Capture1_ACACCCTTCTAACTTC,5.1221715586781915,0
Hepatocyte_Chow_Animal4_Capture1_ACAGCCGAGCTAACTC,5.591067476840579,0
Hepatocyte_Chow_Animal4_Capture1_ACATGGTTCGAATGCT,5.664673705312001,0
Hepatocyte_Chow_Animal4_Capture1_ACGGGCTTCCAGTAGT,5.783913911965328,0
Hepatocyte_Chow_Animal4_Capture1_ACTATCTAGTGGTCCC,5.372947296236383,0
Hepatocyte_Chow_Animal4_Capture1_ACTGTCCTCGCCAGCA,5.341207660075278,0
Hepatocyte_Chow_Animal4_Capture1_AGACGTTCATCTCGCT,5.395297282204904,0
Hepatocyte_Chow_Animal4_Capture1_AGATTGCAGAGCTTCT,5.461704329007393,0
Hepatocyte_Chow_Animal4_Capture1_AGCGTATAGAATCTCC,5.3036521393717635,0
Hepatocyte_Chow_Animal4_Capture1_AGGCCGTTCATGGTCA,5.480945887254967,0
Hepatocyte_Chow_Animal4_Capture1_AGGTCATGTCAGATAA,5.4940963631090876,0
Hepatocyte_Chow_Animal4_Capture1_AGGTCCGAGCTTTGGT,5.281595814600721,0
Hepatocyte_Chow_Animal4_Capture1_AGTCTTTGTTAAGGGC,5.169345148545402,0
Hepatocyte_Chow_Animal4_Capture1_ATAAGAGCACATTTCT,5.361245118932306,0
Hepatocyte_Chow_Animal4_Capture1_ATTCTACAGTAGATGT,5.214665829635075,0
Hepatocyte_Chow_Animal4_Capture1_CAAGAAAAGGAATGGA,5.579444898545167,0
Hepatocyte_Chow_Animal4_Capture1_CACACAATCTAGAGTC,5.298358936891651,0
Hepatocyte_Chow_Animal4_Capture1_CACACTCCAAATTGCC,5.327956946918945,0
Hepatocyte_Chow_Animal4_Capture1_CACTCCAAGATCCCGC,5.413052119079747,0
Hepatocyte_Chow_Animal4_Capture1_CACTCCACACATCCGG,5.134991837248403,0
Hepatocyte_Chow_Animal4_Capture1_CACTCCAGTTTGTTTC,5.153378350126234,0
Hepatocyte_Chow_Animal4_Capture1_CAGAGAGTCACAATGC,5.372120191319606,0
Hepatocyte_Chow_Animal4_Capture1_CAGATCAAGCCCTAAT,5.464232199544131,0
Hepatocyte_Chow_Animal4_Capture1_CAGCGACTCGACCAGC,5.788014106270489,0
Hepatocyte_Chow_Animal4_Capture1_CAGCTGGAGTGGGTTG,5.714597382955924,0
Hepatocyte_Chow_Animal4_Capture1_CAGTCCTAGATATACG,5.573331066649202,0
Hepatocyte_Chow_Animal4_Capture1_CATATGGCAACAACCT,5.068477850903252,0
Hepatocyte_Chow_Animal4_Capture1_CATCAAGGTTCGGGCT,5.80040766593267,0
Hepatocyte_Chow_Animal4_Capture1_CCCAATCCAGCGTTCG,5.470724023962651,0
Hepatocyte_Chow_Animal4_Capture1_CCTTCCCTCAGCTTAG,5.774934263686239,0
Hepatocyte_Chow_Animal4_Capture1_CGAACATAGGATGGAA,5.168072902387564,0
Hepatocyte_Chow_Animal4_Capture1_CGAATGTAGTACACCT,5.23040745185898,0
Hepatocyte_Chow_Animal4_Capture1_CGACTTCCAGAGTGTG,5.400447583275099,0
Hepatocyte_Chow_Animal4_Capture1_CGACTTCGTCGAACAG,5.187544013315559,0
Hepatocyte_Chow_Animal4_Capture1_CGAGCCAGTCAGCTAT,5.18402280360162,0
Hepatocyte_Chow_Animal4_Capture1_CGATGGCTCGCGTAGC,5.298306210245244,0
Hepatocyte_Chow_Animal4_Capture1_CGATGTAAGTCCATAC,5.666948043491061,0
Hepatocyte_Chow_Animal4_Capture1_CGATTGAGTTAAGTAG,5.482937890135462,0
Hepatocyte_Chow_Animal4_Capture1_CGCGGTAGTCTGATTG,5.580932856694636,0
Hepatocyte_Chow_Animal4_Capture1_CGGACTGCATTGGTAC,5.656302033771618,0
Hepatocyte_Chow_Animal4_Capture1_CGGTTAAGTCATACTG,5.227908824401149,0
Hepatocyte_Chow_Animal4_Capture1_CGTCAGGCACATTAGC,5.256292572374107,0
Hepatocyte_Chow_Animal4_Capture1_CGTCTACAGTTCCACA,5.197370561085425,0
Hepatocyte_Chow_Animal4_Capture1_CGTGTAATCAACGAAA,5.246215292454601,0
Hepatocyte_Chow_Animal4_Capture1_CGTGTCTCATCGGGTC,5.396804534366287,0
Hepatocyte_Chow_Animal4_Capture1_CGTTCTGAGCACAGGT,5.13403464064919,0
Hepatocyte_Chow_Animal4_Capture1_CTAATGGTCCAAAGTC,5.405437595835648,0
Hepatocyte_Chow_Animal4_Capture1_CTAGTGACACAGACAG,5.400656189857774,0
Hepatocyte_Chow_Animal4_Capture1_CTCAGAATCCGTTGCT,5.343970811484256,0
Hepatocyte_Chow_Animal4_Capture1_CTCGAGGAGGAGTTGC,5.253347907097947,0
Hepatocyte_Chow_Animal4_Capture1_CTCGTACGTCGAATCT,5.291409663284856,0
Hepatocyte_Chow_Animal4_Capture1_CTGCTGTCATCTATGG,5.546501256590087,0
Hepatocyte_Chow_Animal4_Capture1_CTTAGGATCTGCCAGG,5.706681863257833,0
Hepatocyte_Chow_Animal4_Capture1_CTTGGCTGTACTTAGC,5.452772564902977,0
Hepatocyte_Chow_Animal4_Capture1_GACAGAGAGATGTGTA,5.546207212081346,0
Hepatocyte_Chow_Animal4_Capture1_GACGTTAGTCACTGGC,5.686776864645183,0
Hepatocyte_Chow_Animal4_Capture1_GACTGCGGTCTAAACC,5.342750340062908,0
Hepatocyte_Chow_Animal4_Capture1_GATCGATAGATGTGTA,5.562797062819598,0
Hepatocyte_Chow_Animal4_Capture1_GATGAAATCCAATGGT,5.464800797354562,0
Hepatocyte_Chow_Animal4_Capture1_GATGCTAAGCCGCCTA,5.43331338510303,0
Hepatocyte_Chow_Animal4_Capture1_GATGCTACAGATTGCT,5.262725584640069,0
Hepatocyte_Chow_Animal4_Capture1_GCAAACTGTTATGCGT,5.37658941168578,0
Hepatocyte_Chow_Animal4_Capture1_GCACATAGTCGTTGTA,5.322347607345824,0
Hepatocyte_Chow_Animal4_Capture1_GCATACAAGCTAGTTC,5.027942919620133,0
Hepatocyte_Chow_Animal4_Capture1_GCGGGTTGTCATGCAT,5.282272246358495,0
Hepatocyte_Chow_Animal4_Capture1_GGCCGATCAGGATCGA,5.4220368977403695,0
Hepatocyte_Chow_Animal4_Capture1_GGCCGATTCAGGTTCA,5.712161070098318,0
Hepatocyte_Chow_Animal4_Capture1_GGCGACTGTTTAGCTG,5.181845017643399,0
Hepatocyte_Chow_Animal4_Capture1_GGGTCTGCAAACTGTC,5.648675104579374,0
Hepatocyte_Chow_Animal4_Capture1_GTAGTCACACACTGCG,5.483229477808107,0
Hepatocyte_Chow_Animal4_Capture1_GTCCTCATCAAGGCTT,5.671123679355511,0
Hepatocyte_Chow_Animal4_Capture1_GTCTTCGGTTAAGAAC,5.301164944310878,0
Hepatocyte_Chow_Animal4_Capture1_GTGAAGGGTCCCGACA,5.574766772846144,0
Hepatocyte_Chow_Animal4_Capture1_GTGCTTCTCACTTATC,5.904625937275379,0
Hepatocyte_Chow_Animal4_Capture1_GTGGGTCGTAGCTGCC,5.207466106030777,0
Hepatocyte_Chow_Animal4_Capture1_GTGTTAGGTACCATCA,5.495557772636286,0
Hepatocyte_Chow_Animal4_Capture1_TACCTATGTGTGCCTG,5.169368636116792,0
Hepatocyte_Chow_Animal4_Capture1_TACGGATGTGTTGAGG,5.185185234344113,0
Hepatocyte_Chow_Animal4_Capture1_TAGCCGGCACAGACAG,5.662563069522177,0
Hepatocyte_Chow_Animal4_Capture1_TATCAGGAGACCTAGG,5.290895818219551,0
Hepatocyte_Chow_Animal4_Capture1_TCAGATGAGAGTCTGG,5.1982814811388245,0
Hepatocyte_Chow_Animal4_Capture1_TCAGCTCCAATAAGCA,5.819018404710789,0
Hepatocyte_Chow_Animal4_Capture1_TCATTACCACAGGAGT,5.197295927162703,0
Hepatocyte_Chow_Animal4_Capture1_TCGGGACGTACTCAAC,5.737131574334847,0
Hepatocyte_Chow_Animal4_Capture1_TCGGGACGTCCGAAGA,5.262716413809484,0
Hepatocyte_Chow_Animal4_Capture1_TCGGTAAAGAGGTAGA,5.307410515455928,0
Hepatocyte_Chow_Animal4_Capture1_TCGTAGACACCTCGTT,5.534828806699241,0
Hepatocyte_Chow_Animal4_Capture1_TCTTCGGAGCTACCGC,5.3497837805443265,0
Hepatocyte_Chow_Animal4_Capture1_TGAGCATAGGACAGCT,5.47953849288176,0
Hepatocyte_Chow_Animal4_Capture1_TGCACCTAGGCTAGGT,5.363467944883748,0
Hepatocyte_Chow_Animal4_Capture1_TGCACCTGTCCGCTGA,5.5168190599750275,0
Hepatocyte_Chow_Animal4_Capture1_TGCCCTAAGGTGCTAG,5.480871584179402,0
Hepatocyte_Chow_Animal4_Capture1_TGCCCTACAAGACGTG,5.180133016632748,0
Hepatocyte_Chow_Animal4_Capture1_TGCGCAGAGGGTGTTG,5.74187227928563,0
Hepatocyte_Chow_Animal4_Capture1_TGGCTGGGTTGGTGGA,5.244109227888849,0
Hepatocyte_Chow_Animal4_Capture1_TGTGTTTCATCGATTG,5.37042955846224,0
Hepatocyte_Chow_Animal4_Capture1_TTCCCAGCACCATGTA,5.041930263934233,0
Hepatocyte_Chow_Animal4_Capture1_TTCTACAAGCTCTCGG,5.339350138914423,0
Hepatocyte_Chow_Animal4_Capture1_TTCTACAAGTCGTACT,5.042871694273007,0
Hepatocyte_Chow_Animal4_Capture1_TTGTAGGGTATAATGG,5.6335323094985466,0
Hepatocyte_Chow_Animal4_Capture1_TTTGCGCTCGAATCCA,5.6272624324581075,0
Hepatocyte_Chow_Animal4_Capture1_TTTGTCAAGGGAACGG,5.430510199437917,0
Hepatocyte_Chow_Animal5_Capture1_AAACCTGTCTCTGTCG,5.43685576749724,0
Hepatocyte_Chow_Animal5_Capture1_AAAGATGAGATCACGG,5.517455928104129,0
Hepatocyte_Chow_Animal5_Capture1_AAAGATGCACAAGTAA,5.223901337798308,0
Hepatocyte_Chow_Animal5_Capture1_AAAGCAACATGCGCAC,5.351992577208699,0
Hepatocyte_Chow_Animal5_Capture1_AAAGTAGGTTGATTCG,4.981938351544869,0
Hepatocyte_Chow_Animal5_Capture1_AACCATGCAAGAAAGG,5.228755513262123,0
Hepatocyte_Chow_Animal5_Capture1_AACTCAGGTTAGTGGG,4.897598546157292,0
Hepatocyte_Chow_Animal5_Capture1_AACTCTTCAGCTGCTG,5.090699794505769,0
Hepatocyte_Chow_Animal5_Capture1_AAGACCTAGGTGATAT,5.275234172971319,0
Hepatocyte_Chow_Animal5_Capture1_AATCGGTAGAATGTGT,5.097333563420989,0
Hepatocyte_Chow_Animal5_Capture1_AATCGGTTCGAATGGG,5.098908094404214,0
Hepatocyte_Chow_Animal5_Capture1_ACACTGATCGCCTGTT,6.034804845820217,0
Hepatocyte_Chow_Animal5_Capture1_ACAGCCGAGCTAGTTC,4.988361221588173,0
Hepatocyte_Chow_Animal5_Capture1_ACAGCTACACCAACCG,5.602289366141498,0
Hepatocyte_Chow_Animal5_Capture1_ACATACGCACATGTGT,5.642193656728477,0
Hepatocyte_Chow_Animal5_Capture1_ACATCAGCAAGCCCAC,5.154708345462092,0
Hepatocyte_Chow_Animal5_Capture1_ACATGGTAGCTAAGAT,5.118963987154213,0
Hepatocyte_Chow_Animal5_Capture1_ACCCACTCACGCGAAA,5.624269048466312,0
Hepatocyte_Chow_Animal5_Capture1_ACCGTAAAGTGGGCTA,5.574247541041122,0
Hepatocyte_Chow_Animal5_Capture1_ACCGTAACAGGTTTCA,5.2704485260273355,0
Hepatocyte_Chow_Animal5_Capture1_ACCTTTAGTGACTCAT,4.965365522951062,0
Hepatocyte_Chow_Animal5_Capture1_ACGAGGATCGGTGTTA,5.279231043513256,0
Hepatocyte_Chow_Animal5_Capture1_ACGCCAGGTGTGAAAT,5.078272530708903,0
Hepatocyte_Chow_Animal5_Capture1_ACGGGTCAGCTGCCCA,4.921103647198813,0
Hepatocyte_Chow_Animal5_Capture1_ACTGAACAGCCACGCT,5.003270872357159,0
Hepatocyte_Chow_Animal5_Capture1_ACTGAACGTGATAAGT,5.034641733149581,0
Hepatocyte_Chow_Animal5_Capture1_ACTGATGGTCGCATCG,5.130937079848157,0
Hepatocyte_Chow_Animal5_Capture1_ACTGTCCTCGGACAAG,5.096428542760863,0
Hepatocyte_Chow_Animal5_Capture1_ACTTTCAGTCACTTCC,5.180530814980475,0
Hepatocyte_Chow_Animal5_Capture1_ACTTTCAGTGACCAAG,5.320992132025377,0
Hepatocyte_Chow_Animal5_Capture1_AGAGCTTGTCAATACC,5.280576485174061,0
Hepatocyte_Chow_Animal5_Capture1_AGATTGCGTACTTCTT,5.380394204000723,0
Hepatocyte_Chow_Animal5_Capture1_AGCAGCCCATATGAGA,5.474187886922017,0
Hepatocyte_Chow_Animal5_Capture1_AGCATACAGGTAGCTG,5.031033376657677,0
Hepatocyte_Chow_Animal5_Capture1_AGCATACAGTGAACGC,5.3331560253058905,0
Hepatocyte_Chow_Animal5_Capture1_AGCATACCAGCTCCGA,5.112062160702447,0
Hepatocyte_Chow_Animal5_Capture1_AGCGGTCAGCCCTAAT,5.212366175864936,0
Hepatocyte_Chow_Animal5_Capture1_AGCGTCGAGGGATCTG,5.46070039802063,0
Hepatocyte_Chow_Animal5_Capture1_AGCGTCGCACCAGGCT,5.322014202211724,0
Hepatocyte_Chow_Animal5_Capture1_AGCTCCTGTGTTTGTG,5.187467663800398,0
Hepatocyte_Chow_Animal5_Capture1_AGCTCTCAGCTCCTCT,4.9183447937542875,0
Hepatocyte_Chow_Animal5_Capture1_AGCTCTCCACATGGGA,5.196118060925913,0
Hepatocyte_Chow_Animal5_Capture1_AGCTCTCCATCACGAT,4.888443137987872,0
Hepatocyte_Chow_Animal5_Capture1_AGGCCACTCTCAAGTG,5.080150597665419,0
Hepatocyte_Chow_Animal5_Capture1_AGGGAGTCATTGGCGC,5.3828527241188375,0
Hepatocyte_Chow_Animal5_Capture1_AGTCTTTAGCCACGCT,4.986320530264549,0
Hepatocyte_Chow_Animal5_Capture1_AGTGAGGTCCACTCCA,5.32939595514153,0
Hepatocyte_Chow_Animal5_Capture1_AGTGGGATCTACTATC,5.068745041038168,0
Hepatocyte_Chow_Animal5_Capture1_ATAACGCCACCAACCG,5.573476774104541,0
Hepatocyte_Chow_Animal5_Capture1_ATAGACCCAGTGAGTG,5.1105951785779355,0
Hepatocyte_Chow_Animal5_Capture1_ATAGACCGTCATACTG,5.1701285851774195,0
Hepatocyte_Chow_Animal5_Capture1_ATCCACCAGCGATATA,5.369228270752698,0
Hepatocyte_Chow_Animal5_Capture1_ATCGAGTCAGCTCGAC,6.005419332313096,0
Hepatocyte_Chow_Animal5_Capture1_ATCTACTCACCACCAG,5.124938621561085,0
Hepatocyte_Chow_Animal5_Capture1_ATCTACTGTAATAGCA,5.608019273368073,0
Hepatocyte_Chow_Animal5_Capture1_ATCTGCCTCGCGGATC,4.973464749669507,0
Hepatocyte_Chow_Animal5_Capture1_ATGGGAGTCCGCATAA,5.313276517260158,0
Hepatocyte_Chow_Animal5_Capture1_ATGTGTGGTCCGTTAA,5.59153588089867,0
Hepatocyte_Chow_Animal5_Capture1_ATGTGTGTCATCTGCC,5.441132672718307,0
Hepatocyte_Chow_Animal5_Capture1_ATTGGACGTCTGATTG,5.420211512878051,0
Hepatocyte_Chow_Animal5_Capture1_ATTGGTGTCCTTGACC,5.487559187657142,0
Hepatocyte_Chow_Animal5_Capture1_ATTGGTGTCTTAGCCC,5.396952521694679,0
Hepatocyte_Chow_Animal5_Capture1_CAACTAGAGCGACGTA,5.252435167881595,0
Hepatocyte_Chow_Animal5_Capture1_CAACTAGCACCAGGTC,5.487430493994006,0
Hepatocyte_Chow_Animal5_Capture1_CAACTAGCATTTGCTT,5.002782074746816,0
Hepatocyte_Chow_Animal5_Capture1_CACACAACAGACGTAG,5.36263003153233,0
Hepatocyte_Chow_Animal5_Capture1_CACACAACAGCGTCCA,5.52218647067383,0
Hepatocyte_Chow_Animal5_Capture1_CACATAGCAACACCTA,5.217068505519663,0
Hepatocyte_Chow_Animal5_Capture1_CACTCCAAGGGAAACA,4.892166641418507,0
Hepatocyte_Chow_Animal5_Capture1_CACTCCACAAGGGTCA,5.20244502525815,0
Hepatocyte_Chow_Animal5_Capture1_CAGAATCAGTAGGCCA,5.136896251510461,0
Hepatocyte_Chow_Animal5_Capture1_CAGAATCGTCTTGTCC,4.940597682135351,0
Hepatocyte_Chow_Animal5_Capture1_CAGAGAGTCATTCACT,5.2027216311773286,0
Hepatocyte_Chow_Animal5_Capture1_CAGATCACATAAAGGT,5.011391145550583,0
Hepatocyte_Chow_Animal5_Capture1_CAGCAGCGTGGCAAAC,5.001418631236727,0
Hepatocyte_Chow_Animal5_Capture1_CAGCGACAGTGACTCT,5.226364141327478,0
Hepatocyte_Chow_Animal5_Capture1_CAGCGACCAAGCCCAC,5.2196659929584275,0
Hepatocyte_Chow_Animal5_Capture1_CAGCGACGTCGAACAG,5.090967906770887,0
Hepatocyte_Chow_Animal5_Capture1_CAGCTAATCGTTGCCT,5.203413656573141,0
Hepatocyte_Chow_Animal5_Capture1_CAGTAACCACCAGATT,5.2945622514801896,0
Hepatocyte_Chow_Animal5_Capture1_CAGTCCTTCTAACTCT,5.433500449645624,0
Hepatocyte_Chow_Animal5_Capture1_CAGTCCTTCTGTCCGT,5.233678016556252,0
Hepatocyte_Chow_Animal5_Capture1_CATATGGCACATCCGG,5.102958738280563,0
Hepatocyte_Chow_Animal5_Capture1_CATATTCTCACGACTA,5.438812290183039,0
Hepatocyte_Chow_Animal5_Capture1_CATCGAAGTTCGGGCT,5.130163710442311,0
Hepatocyte_Chow_Animal5_Capture1_CATCGGGAGTGAACAT,5.4376414801710355,0
Hepatocyte_Chow_Animal5_Capture1_CATCGGGGTAAGTAGT,5.236483324777152,0
Hepatocyte_Chow_Animal5_Capture1_CATGACATCGCCCTTA,5.181992845631767,0
Hepatocyte_Chow_Animal5_Capture1_CCAATCCTCCTCTAGC,5.575366665827829,0
Hepatocyte_Chow_Animal5_Capture1_CCAATCCTCGTTTGCC,5.474417864148938,0
Hepatocyte_Chow_Animal5_Capture1_CCACGGATCGGACAAG,5.148452997652965,0
Hepatocyte_Chow_Animal5_Capture1_CCGGGATAGCTAACTC,5.485584472613809,0
Hepatocyte_Chow_Animal5_Capture1_CCGGTAGAGGCATGGT,5.06311488062215,0
Hepatocyte_Chow_Animal5_Capture1_CCGGTAGCATCCCACT,5.324447670433037,0
Hepatocyte_Chow_Animal5_Capture1_CCGTACTGTCCGAATT,5.527472161196993,0
Hepatocyte_Chow_Animal5_Capture1_CCGTTCAAGAAAGTGG,5.521651201814256,0
Hepatocyte_Chow_Animal5_Capture1_CCTATTAAGTACGCCC,4.9726445119210485,0
Hepatocyte_Chow_Animal5_Capture1_CCTCAGTGTCATACTG,5.130649771769145,0
Hepatocyte_Chow_Animal5_Capture1_CCTCTGACATGATCCA,5.045966135599748,0
Hepatocyte_Chow_Animal5_Capture1_CCTCTGAGTCTTGCGG,4.9751818339242675,0
Hepatocyte_Chow_Animal5_Capture1_CGAATGTCAGTACACT,5.093638460947629,0
Hepatocyte_Chow_Animal5_Capture1_CGACTTCGTCCCTTGT,5.447426524158809,0
Hepatocyte_Chow_Animal5_Capture1_CGACTTCTCATAAAGG,5.590965412521626,0
Hepatocyte_Chow_Animal5_Capture1_CGAGCCACATGCTGGC,5.152107801828666,0
Hepatocyte_Chow_Animal5_Capture1_CGCGGTAAGACTAGAT,5.260736466737087,0
Hepatocyte_Chow_Animal5_Capture1_CGCGTTTTCGGCGGTT,4.897873090715912,0
Hepatocyte_Chow_Animal5_Capture1_CGCTGGAGTCCAAGTT,5.274353666602783,0
Hepatocyte_Chow_Animal5_Capture1_CGCTTCATCGCCATAA,5.445762986851034,0
Hepatocyte_Chow_Animal5_Capture1_CGGACACGTACTTGAC,5.271418800628084,0
Hepatocyte_Chow_Animal5_Capture1_CGGAGTCCAATCCGAT,5.3844653129947435,0
Hepatocyte_Chow_Animal5_Capture1_CGGAGTCGTGCTGTAT,5.60211632468553,0
Hepatocyte_Chow_Animal5_Capture1_CGGGTCAAGCAGCGTA,5.332913458372662,0
Hepatocyte_Chow_Animal5_Capture1_CGTCACTCAGTTAACC,5.119089605401823,0
Hepatocyte_Chow_Animal5_Capture1_CGTCAGGAGATCACGG,5.746889639994567,0
Hepatocyte_Chow_Animal5_Capture1_CGTCAGGCATCCAACA,5.055428105226785,0
Hepatocyte_Chow_Animal5_Capture1_CGTCCATTCCGCATCT,4.988443115703554,0
Hepatocyte_Chow_Animal5_Capture1_CGTCTACAGGCTACGA,5.294729276270671,0
Hepatocyte_Chow_Animal5_Capture1_CGTGAGCCAAGTTAAG,4.909641406058082,0
Hepatocyte_Chow_Animal5_Capture1_CGTGTAAGTGTGCCTG,5.080360567372806,0
Hepatocyte_Chow_Animal5_Capture1_CGTTAGAGTCTAAAGA,5.279023427463483,0
Hepatocyte_Chow_Animal5_Capture1_CGTTAGATCAACACAC,5.18700814700747,0
Hepatocyte_Chow_Animal5_Capture1_CTAACTTTCGTCTGCT,5.251564731465681,0
Hepatocyte_Chow_Animal5_Capture1_CTAATGGCAGCTGTGC,5.228431643510758,0
Hepatocyte_Chow_Animal5_Capture1_CTACACCTCTGGTATG,5.386202007669674,0
Hepatocyte_Chow_Animal5_Capture1_CTACATTCATACCATG,5.0709240181419375,0
Hepatocyte_Chow_Animal5_Capture1_CTACCCACATGCGCAC,4.921846480067634,0
Hepatocyte_Chow_Animal5_Capture1_CTACGTCTCCGTTGTC,5.178803177195412,0
Hepatocyte_Chow_Animal5_Capture1_CTAGAGTTCCCGGATG,5.247057588974601,0
Hepatocyte_Chow_Animal5_Capture1_CTAGCCTTCTGGAGCC,5.2185003403633345,0
Hepatocyte_Chow_Animal5_Capture1_CTCATTAGTCGCGGTT,4.94084741276222,0
Hepatocyte_Chow_Animal5_Capture1_CTCGGGATCTTCCTTC,5.275902101422339,0
Hepatocyte_Chow_Animal5_Capture1_CTCGTCAGTTACCGAT,5.431367573293612,0
Hepatocyte_Chow_Animal5_Capture1_CTGAAACTCATGTCTT,5.493358598726147,0
Hepatocyte_Chow_Animal5_Capture1_CTGAAGTAGCCACGCT,5.740140329516419,0
Hepatocyte_Chow_Animal5_Capture1_CTGAAGTTCTTTACGT,5.0333567100274905,0
Hepatocyte_Chow_Animal5_Capture1_CTGCTGTGTTGGACCC,5.299560024215419,0
Hepatocyte_Chow_Animal5_Capture1_CTTAGGAGTTCGGGCT,5.676231655949713,0
Hepatocyte_Chow_Animal5_Capture1_CTTCTCTAGGAGTAGA,4.953501451169085,0
Hepatocyte_Chow_Animal5_Capture1_GAACGGACAATGGAAT,5.6685349573200705,0
Hepatocyte_Chow_Animal5_Capture1_GAAGCAGAGGCAGTCA,5.554953936643747,0
Hepatocyte_Chow_Animal5_Capture1_GAAGCAGCATAAAGGT,4.915193372199639,0
Hepatocyte_Chow_Animal5_Capture1_GACACGCGTTGGTGGA,5.67964062079942,0
Hepatocyte_Chow_Animal5_Capture1_GACGGCTCAGCCTGTG,5.616428927960077,0
Hepatocyte_Chow_Animal5_Capture1_GACTGCGTCAACGGGA,5.16503625839945,0
Hepatocyte_Chow_Animal5_Capture1_GAGGTGAAGGGCTCTC,5.587519923187505,0
Hepatocyte_Chow_Animal5_Capture1_GAGTCCGTCCCGACTT,5.535440633178794,0
Hepatocyte_Chow_Animal5_Capture1_GATCGATGTCACCTAA,4.939031640573342,0
Hepatocyte_Chow_Animal5_Capture1_GATCGCGAGTTATCGC,5.013238696110043,0
Hepatocyte_Chow_Animal5_Capture1_GATCGTATCATAACCG,5.105309454989362,0
Hepatocyte_Chow_Animal5_Capture1_GATGCTAAGAGCCTAG,5.125286928990459,0
Hepatocyte_Chow_Animal5_Capture1_GATGCTACACCACCAG,4.938674603887785,0
Hepatocyte_Chow_Animal5_Capture1_GCAAACTTCTTTACGT,5.110888469570551,0
Hepatocyte_Chow_Animal5_Capture1_GCACATATCACGCATA,5.416152823894317,0
Hepatocyte_Chow_Animal5_Capture1_GCACATATCTACCAGA,5.5319553764104,0
Hepatocyte_Chow_Animal5_Capture1_GCACTCTAGAGGTACC,5.059250944236645,0
Hepatocyte_Chow_Animal5_Capture1_GCACTCTAGTCGTACT,5.564281902891394,0
Hepatocyte_Chow_Animal5_Capture1_GCAGCCAGTAACGCGA,5.756234300307263,0
Hepatocyte_Chow_Animal5_Capture1_GCAGTTAGTTACCAGT,5.273752661490523,0
Hepatocyte_Chow_Animal5_Capture1_GCATACAAGTCCGGTC,5.446689061420596,0
Hepatocyte_Chow_Animal5_Capture1_GCATACATCAACGGGA,5.031581455980215,0
Hepatocyte_Chow_Animal5_Capture1_GCCAAATGTCCTCTTG,5.139550515550706,0
Hepatocyte_Chow_Animal5_Capture1_GCCTCTACAATGTAAG,5.135632858356461,0
Hepatocyte_Chow_Animal5_Capture1_GCCTCTACATGCTGGC,5.157182098783337,0
Hepatocyte_Chow_Animal5_Capture1_GCGAGAATCAGTTCGA,5.338193608810563,0
Hepatocyte_Chow_Animal5_Capture1_GCGCCAAGTGCGCTTG,5.339840355801034,0
Hepatocyte_Chow_Animal5_Capture1_GCTGCAGAGGAGTTGC,5.632191232477951,0
Hepatocyte_Chow_Animal5_Capture1_GCTGCAGCATCAGTCA,5.282981438818365,0
Hepatocyte_Chow_Animal5_Capture1_GCTGCGAAGTACGTAA,5.211221564492338,0
Hepatocyte_Chow_Animal5_Capture1_GCTGCTTAGTAACCCT,5.257996597278488,0
Hepatocyte_Chow_Animal5_Capture1_GCTGGGTCACTTAACG,4.988802694647905,0
Hepatocyte_Chow_Animal5_Capture1_GCTTCCAAGCTCCTTC,5.388284632780084,0
Hepatocyte_Chow_Animal5_Capture1_GCTTCCAGTACTCAAC,5.887578069737147,0
Hepatocyte_Chow_Animal5_Capture1_GCTTGAATCGTTGACA,5.012233158341218,0
Hepatocyte_Chow_Animal5_Capture1_GGAACTTGTCTGCGGT,5.458760874850411,0
Hepatocyte_Chow_Animal5_Capture1_GGACAGAAGCAGGCTA,5.608802762983199,0
Hepatocyte_Chow_Animal5_Capture1_GGACAGACAGCTGGCT,5.083562084207254,0
Hepatocyte_Chow_Animal5_Capture1_GGCAATTTCAATACCG,5.023737511200661,0
Hepatocyte_Chow_Animal5_Capture1_GGCGACTGTAAGTTCC,5.336587101772494,0
Hepatocyte_Chow_Animal5_Capture1_GGCTGGTAGTCGATAA,5.140474151285135,0
Hepatocyte_Chow_Animal5_Capture1_GGCTGGTCAATACGCT,5.604615668891844,0
Hepatocyte_Chow_Animal5_Capture1_GGGACCTAGGGCTTCC,4.995563584486341,0
Hepatocyte_Chow_Animal5_Capture1_GGGTCTGAGGACAGAA,5.524802038190456,0
Hepatocyte_Chow_Animal5_Capture1_GGGTCTGTCGGCCGAT,5.346199385118695,0
Hepatocyte_Chow_Animal5_Capture1_GGTGCGTGTATATCCG,4.816856124922236,0
Hepatocyte_Chow_Animal5_Capture1_GGTGTTATCTCCTATA,5.47219091828312,0
Hepatocyte_Chow_Animal5_Capture1_GTAACTGAGCTGGAAC,5.082559435146944,0
Hepatocyte_Chow_Animal5_Capture1_GTAACTGGTGTGTGCC,5.354730455580714,0
Hepatocyte_Chow_Animal5_Capture1_GTACTTTTCGAGCCCA,5.639507698655413,0
Hepatocyte_Chow_Animal5_Capture1_GTAGGCCGTGGTACAG,5.060920974006491,0
Hepatocyte_Chow_Animal5_Capture1_GTATTCTCAGCTTCGG,5.797641340386038,0
Hepatocyte_Chow_Animal5_Capture1_GTATTCTGTATTAGCC,5.031819713200475,0
Hepatocyte_Chow_Animal5_Capture1_GTCGGGTGTTCATGGT,5.2482236830469695,0
Hepatocyte_Chow_Animal5_Capture1_GTCGTAAAGTGGAGAA,5.498618047487112,0
Hepatocyte_Chow_Animal5_Capture1_GTCTTCGGTCCCGACA,4.964798396113569,0
Hepatocyte_Chow_Animal5_Capture1_GTGAAGGCACTACAGT,5.228438448534117,0
Hepatocyte_Chow_Animal5_Capture1_GTGCAGCTCTATCCTA,5.474272452693805,0
Hepatocyte_Chow_Animal5_Capture1_GTGGGTCTCGTTTATC,5.050808808964845,0
Hepatocyte_Chow_Animal5_Capture1_GTTCTCGCATCGATTG,5.089643285769734,0
Hepatocyte_Chow_Animal5_Capture1_GTTCTCGCATCGGAAG,5.329693191217898,0
Hepatocyte_Chow_Animal5_Capture1_TACAGTGAGATCTGCT,4.972551297291238,0
Hepatocyte_Chow_Animal5_Capture1_TACAGTGTCCTGCCAT,5.214645647710018,0
Hepatocyte_Chow_Animal5_Capture1_TACCTATAGCACCGCT,5.233088745243778,0
Hepatocyte_Chow_Animal5_Capture1_TACCTTATCACAAACC,5.150879834607534,0
Hepatocyte_Chow_Animal5_Capture1_TACGGATCAGATAATG,4.922182368694041,0
Hepatocyte_Chow_Animal5_Capture1_TACGGGCTCCAAATGC,5.181591311350036,0
Hepatocyte_Chow_Animal5_Capture1_TAGACCATCGGTTCGG,5.548711184248341,0
Hepatocyte_Chow_Animal5_Capture1_TAGTTGGCATGGTTGT,5.211267426423978,0
Hepatocyte_Chow_Animal5_Capture1_TCAACGACACGAAATA,5.342334167642868,0
Hepatocyte_Chow_Animal5_Capture1_TCAATCTGTCGCTTTC,5.414124169844044,0
Hepatocyte_Chow_Animal5_Capture1_TCAATCTTCTCTTGAT,5.563529721862079,0
Hepatocyte_Chow_Animal5_Capture1_TCAGCTCAGGAGTTGC,5.664149947851342,0
Hepatocyte_Chow_Animal5_Capture1_TCATTTGAGCCGATTT,5.662429883825364,0
Hepatocyte_Chow_Animal5_Capture1_TCATTTGAGCGACGTA,5.59977996824354,0
Hepatocyte_Chow_Animal5_Capture1_TCCACACTCGAATCCA,5.091455553067396,0
Hepatocyte_Chow_Animal5_Capture1_TCCCGATAGGATTCGG,5.1754172292994784,0
Hepatocyte_Chow_Animal5_Capture1_TCCCGATTCCCAAGAT,5.052042896221655,0
Hepatocyte_Chow_Animal5_Capture1_TCGCGAGTCTGCGACG,5.534171799762056,0
Hepatocyte_Chow_Animal5_Capture1_TCGGGACAGTGTACGG,5.681057467370667,0
Hepatocyte_Chow_Animal5_Capture1_TCGGGACGTTGCCTCT,5.032871443888334,0
Hepatocyte_Chow_Animal5_Capture1_TCGTAGACACGGTTTA,5.073588337774183,0
Hepatocyte_Chow_Animal5_Capture1_TCTCTAACACCATCCT,4.952036948158867,0
Hepatocyte_Chow_Animal5_Capture1_TCTCTAAGTTGGGACA,5.055320087691846,0
Hepatocyte_Chow_Animal5_Capture1_TGAAAGAAGTAGGTGC,5.345444798023725,0
Hepatocyte_Chow_Animal5_Capture1_TGAGAGGGTAGCAAAT,4.974990948791859,0
Hepatocyte_Chow_Animal5_Capture1_TGAGCATCATCGGTTA,5.131039293882088,0
Hepatocyte_Chow_Animal5_Capture1_TGAGCCGTCCGTACAA,5.075855039873327,0
Hepatocyte_Chow_Animal5_Capture1_TGCCCATGTCTCCATC,5.108618867196232,0
Hepatocyte_Chow_Animal5_Capture1_TGCCCTACATGCGCAC,5.322688755716078,0
Hepatocyte_Chow_Animal5_Capture1_TGCCCTAGTTTAGGAA,5.016826820790666,0
Hepatocyte_Chow_Animal5_Capture1_TGCGCAGAGCACCGCT,5.272068211283107,0
Hepatocyte_Chow_Animal5_Capture1_TGCGTGGCATGGTCAT,5.437434957751551,0
Hepatocyte_Chow_Animal5_Capture1_TGCTACCGTGGTTTCA,4.945856648502163,0
Hepatocyte_Chow_Animal5_Capture1_TGGCTGGAGCAGACTG,5.173385057306019,0
Hepatocyte_Chow_Animal5_Capture1_TGTATTCTCGCCAAAT,5.312411319701006,0
Hepatocyte_Chow_Animal5_Capture1_TGTGGTAGTCGAACAG,5.483370231996101,0
Hepatocyte_Chow_Animal5_Capture1_TTAGGACTCCGCGCAA,5.054620117809948,0
Hepatocyte_Chow_Animal5_Capture1_TTAGGCAAGTACCGGA,5.463158677940726,0
Hepatocyte_Chow_Animal5_Capture1_TTAGGCACAGTCAGAG,5.32315783183536,0
Hepatocyte_Chow_Animal5_Capture1_TTCGAAGGTTTGGCGC,5.073265729496157,0
Hepatocyte_Chow_Animal5_Capture1_TTCTCCTCATATACGC,5.038316395269303,0
Hepatocyte_Chow_Animal5_Capture1_TTGAACGCAACAACCT,5.560351049656364,0
Hepatocyte_Chow_Animal5_Capture1_TTGACTTCATGTTGAC,5.250789777740053,0
Hepatocyte_Chow_Animal5_Capture1_TTGCCGTGTGAGCGAT,5.508090900676603,0
Hepatocyte_Chow_Animal5_Capture1_TTGCGTCAGTAACCCT,5.214225630882741,0
Hepatocyte_Chow_Animal5_Capture1_TTTATGCAGATTACCC,5.123804606805771,0
Hepatocyte_Chow_Animal5_Capture1_TTTCCTCGTTAAGAAC,5.14896781265706,0
Hepatocyte_Chow_Animal6_Capture1_AAAGATGTCCTTCAAT,5.684762570906562,0
Hepatocyte_Chow_Animal6_Capture1_AAAGCAAAGGTGCTAG,5.687816884285917,0
Hepatocyte_Chow_Animal6_Capture1_AAAGTAGAGGTTCCTA,5.374051204122062,0
Hepatocyte_Chow_Animal6_Capture1_AAAGTAGGTTCCAACA,4.806591710906024,0
Hepatocyte_Chow_Animal6_Capture1_AACACGTAGTACGACG,5.000774712666703,0
Hepatocyte_Chow_Animal6_Capture1_AACCGCGTCATGCTCC,5.4322197267408505,0
Hepatocyte_Chow_Animal6_Capture1_AACTCAGAGTCCCACG,5.230190383302646,0
Hepatocyte_Chow_Animal6_Capture1_AACTCAGTCTCTTGAT,5.272113252954934,0
Hepatocyte_Chow_Animal6_Capture1_AACTTTCAGTAGCCGA,5.1421102255467925,0
Hepatocyte_Chow_Animal6_Capture1_AAGGAGCCAAAGGAAG,5.57761780445767,0
Hepatocyte_Chow_Animal6_Capture1_AAGGAGCTCACCCGAG,5.211220734357881,0
Hepatocyte_Chow_Animal6_Capture1_AAGGCAGTCGTACCGG,5.228936588391436,0
Hepatocyte_Chow_Animal6_Capture1_AAGTCTGGTTGTACAC,4.8222820742729215,0
Hepatocyte_Chow_Animal6_Capture1_AAGTCTGTCCACTCCA,4.948706861947194,0
Hepatocyte_Chow_Animal6_Capture1_ACACCGGCAGCCAGAA,5.277104312476091,0
Hepatocyte_Chow_Animal6_Capture1_ACATACGCAGATCTGT,5.230965828067998,0
Hepatocyte_Chow_Animal6_Capture1_ACATACGTCTGCTGTC,5.150360617595501,0
Hepatocyte_Chow_Animal6_Capture1_ACCCACTTCGTGGACC,4.89233651539915,0
Hepatocyte_Chow_Animal6_Capture1_ACCGTAACACAACTGT,5.043521879747703,0
Hepatocyte_Chow_Animal6_Capture1_ACCGTAAGTAGCGTCC,4.847411713970494,0
Hepatocyte_Chow_Animal6_Capture1_ACGAGCCAGATCCCGC,5.29415466820373,0
Hepatocyte_Chow_Animal6_Capture1_ACGAGGAAGCTGGAAC,5.676312003840286,0
Hepatocyte_Chow_Animal6_Capture1_ACGCCAGGTTCAGACT,5.275031355290601,0
Hepatocyte_Chow_Animal6_Capture1_ACGCCAGTCCTAGGGC,5.316990104312632,0
Hepatocyte_Chow_Animal6_Capture1_ACGGAGACACGAAAGC,5.3789476813188095,0
Hepatocyte_Chow_Animal6_Capture1_ACGGGCTCAACAACCT,4.9966665985135075,0
Hepatocyte_Chow_Animal6_Capture1_ACTGAGTAGTGCCATT,5.306569994949108,0
Hepatocyte_Chow_Animal6_Capture1_ACTGAGTCATGCCTAA,5.517929733024706,0
Hepatocyte_Chow_Animal6_Capture1_ACTGCTCCAGATCGGA,5.102399112416855,0
Hepatocyte_Chow_Animal6_Capture1_ACTTACTAGCGATATA,5.118890918190223,0
Hepatocyte_Chow_Animal6_Capture1_AGAATAGAGGAATCGC,5.011387135845354,0
Hepatocyte_Chow_Animal6_Capture1_AGAATAGTCATGCTCC,5.321035607522236,0
Hepatocyte_Chow_Animal6_Capture1_AGAGCTTGTTCAGGCC,4.778832788224167,0
Hepatocyte_Chow_Animal6_Capture1_AGATCTGAGCTCCCAG,5.013182313164095,0
Hepatocyte_Chow_Animal6_Capture1_AGATCTGCACCATGTA,4.8876611990868035,0
Hepatocyte_Chow_Animal6_Capture1_AGCATACTCACAACGT,4.962796201086451,0
Hepatocyte_Chow_Animal6_Capture1_AGCCTAACATTGGGCC,5.406323558183997,0
Hepatocyte_Chow_Animal6_Capture1_AGCGTATTCCTAGTGA,4.96406614190179,0
Hepatocyte_Chow_Animal6_Capture1_AGCGTCGAGCAAATCA,5.157637530054629,0
Hepatocyte_Chow_Animal6_Capture1_AGCTCCTGTACGCACC,5.552381160459945,0
Hepatocyte_Chow_Animal6_Capture1_AGGCCGTAGGTGCTTT,5.22189783089575,0
Hepatocyte_Chow_Animal6_Capture1_AGGCCGTCACGGTAGA,5.622771695034126,0
Hepatocyte_Chow_Animal6_Capture1_AGGTCATTCTCGATGA,5.409624587505185,0
Hepatocyte_Chow_Animal6_Capture1_AGGTCCGAGGACACCA,4.9079885670079655,0
Hepatocyte_Chow_Animal6_Capture1_AGTGTCAGTGTAATGA,4.971392092056416,0
Hepatocyte_Chow_Animal6_Capture1_ATAACGCCATGCCTAA,5.5309082371876,0
Hepatocyte_Chow_Animal6_Capture1_ATAAGAGAGTTTCCTT,5.424117912694712,0
Hepatocyte_Chow_Animal6_Capture1_ATAAGAGTCAGCTGGC,5.276037433399873,0
Hepatocyte_Chow_Animal6_Capture1_ATAGACCAGGTGCTTT,4.891789667190039,0
Hepatocyte_Chow_Animal6_Capture1_ATCATGGCAGACGCTC,5.069069683462006,0
Hepatocyte_Chow_Animal6_Capture1_ATCCGAACACCATCCT,5.095313592434551,0
Hepatocyte_Chow_Animal6_Capture1_ATCCGAACACCCTATC,4.91896924957056,0
Hepatocyte_Chow_Animal6_Capture1_ATCGAGTGTACTTGAC,5.25152179669802,0
Hepatocyte_Chow_Animal6_Capture1_ATCGAGTTCAGTTTGG,4.951429043458103,0
Hepatocyte_Chow_Animal6_Capture1_ATGCGATAGGGTGTGT,5.306916448900566,0
Hepatocyte_Chow_Animal6_Capture1_ATGGGAGCACCAACCG,5.348460312341353,0
Hepatocyte_Chow_Animal6_Capture1_ATGGGAGGTCAGGACA,5.52298259465425,0
Hepatocyte_Chow_Animal6_Capture1_ATGTGTGTCAGTTCGA,4.844339705882181,0
Hepatocyte_Chow_Animal6_Capture1_ATTACTCAGTCACGCC,5.437102437899579,0
Hepatocyte_Chow_Animal6_Capture1_ATTATCCCAATCTGCA,5.742756404048488,0
Hepatocyte_Chow_Animal6_Capture1_ATTCTACCAGCGAACA,4.7978640864004625,0
Hepatocyte_Chow_Animal6_Capture1_ATTGGACGTTCAGGCC,5.193912978552046,0
Hepatocyte_Chow_Animal6_Capture1_CAACCAAAGTTAGCGG,5.1784600723591625,0
Hepatocyte_Chow_Animal6_Capture1_CAACCAATCACCCGAG,5.652407024700875,0
Hepatocyte_Chow_Animal6_Capture1_CAACCTCAGACCCACC,4.9978464426879885,0
Hepatocyte_Chow_Animal6_Capture1_CAACCTCGTAGAAAGG,5.694529667398655,0
Hepatocyte_Chow_Animal6_Capture1_CAAGATCAGGGATGGG,5.0982880976419915,0
Hepatocyte_Chow_Animal6_Capture1_CAAGGCCAGACGACGT,4.865188180536232,0
Hepatocyte_Chow_Animal6_Capture1_CACAAACGTCATTAGC,5.285575101133474,0
Hepatocyte_Chow_Animal6_Capture1_CACACAACAGTTCCCT,5.643843167167804,0
Hepatocyte_Chow_Animal6_Capture1_CACAGGCGTCTCTTAT,5.872458370092699,0
Hepatocyte_Chow_Animal6_Capture1_CACAGTACAGATCTGT,5.298274725028803,0
Hepatocyte_Chow_Animal6_Capture1_CACCACTGTCCGAGTC,5.4005816453999085,0
Hepatocyte_Chow_Animal6_Capture1_CACCAGGGTACCGTTA,5.075290129762032,0
Hepatocyte_Chow_Animal6_Capture1_CACTCCATCCAGTAGT,5.479565285991259,0
Hepatocyte_Chow_Animal6_Capture1_CAGATCAAGGGCACTA,5.664972323011703,0
Hepatocyte_Chow_Animal6_Capture1_CAGCAGCAGTTGCAGG,4.998032482717297,0
Hepatocyte_Chow_Animal6_Capture1_CAGCAGCTCAATACCG,5.321299760964695,0
Hepatocyte_Chow_Animal6_Capture1_CAGTCCTCAGCTGCTG,5.145159173787459,0
Hepatocyte_Chow_Animal6_Capture1_CATATGGCACGAAAGC,5.011100352596394,0
Hepatocyte_Chow_Animal6_Capture1_CATATGGGTCAACATC,5.505944212037036,0
Hepatocyte_Chow_Animal6_Capture1_CATCAGAAGAACAACT,4.833192614902563,0
Hepatocyte_Chow_Animal6_Capture1_CATCCACGTAAATACG,4.967609034820087,0
Hepatocyte_Chow_Animal6_Capture1_CATCCACGTAATAGCA,5.021540570961772,0
Hepatocyte_Chow_Animal6_Capture1_CATCGAATCATCGGAT,5.057310193894359,0
Hepatocyte_Chow_Animal6_Capture1_CATCGGGGTCATGCAT,5.586032221151673,0
Hepatocyte_Chow_Animal6_Capture1_CATGGCGCATCACGTA,5.446190610416645,0
Hepatocyte_Chow_Animal6_Capture1_CCACGGAAGCGACGTA,5.471107638033715,0
Hepatocyte_Chow_Animal6_Capture1_CCACTACTCAGTTGAC,5.563464766362825,0
Hepatocyte_Chow_Animal6_Capture1_CCCAATCGTGTTGGGA,5.326165085556818,0
Hepatocyte_Chow_Animal6_Capture1_CCCAGTTCATATGCTG,5.480933527740902,0
Hepatocyte_Chow_Animal6_Capture1_CCCAGTTGTTATCACG,5.154625659233977,0
Hepatocyte_Chow_Animal6_Capture1_CCGTACTCAGGAATCG,5.402234165498869,0
Hepatocyte_Chow_Animal6_Capture1_CCGTACTGTCCAGTGC,5.0487350777880025,0
Hepatocyte_Chow_Animal6_Capture1_CCTAAAGTCATGCATG,5.309611158315128,0
Hepatocyte_Chow_Animal6_Capture1_CCTACACAGCTGAAAT,4.8241376229970605,0
Hepatocyte_Chow_Animal6_Capture1_CCTCAGTAGTATCGAA,5.268770507208412,0
Hepatocyte_Chow_Animal6_Capture1_CCTCTGAGTGCAACTT,4.988331882604825,0
Hepatocyte_Chow_Animal6_Capture1_CCTTCCCAGCCCTAAT,5.542640202379537,0
Hepatocyte_Chow_Animal6_Capture1_CCTTCCCCATGAGCGA,4.831724633301656,0
Hepatocyte_Chow_Animal6_Capture1_CCTTCGAAGCTAAACA,5.173412584477822,0
Hepatocyte_Chow_Animal6_Capture1_CCTTCGAAGGCACATG,5.440179592327422,0
Hepatocyte_Chow_Animal6_Capture1_CCTTCGACAATCTACG,5.3893599611910625,0
Hepatocyte_Chow_Animal6_Capture1_CCTTTCTCATGACATC,5.638010587463603,0
Hepatocyte_Chow_Animal6_Capture1_CGAACATAGCGCCTTG,5.2157557308459435,0
Hepatocyte_Chow_Animal6_Capture1_CGAACATTCTGGTATG,5.375692153537122,0
Hepatocyte_Chow_Animal6_Capture1_CGAGAAGTCGAACGGA,5.134986411314973,0
Hepatocyte_Chow_Animal6_Capture1_CGAGCACTCGCGTTTC,5.398004654839903,0
Hepatocyte_Chow_Animal6_Capture1_CGAGCACTCGTCCGTT,5.188469164027195,0
Hepatocyte_Chow_Animal6_Capture1_CGAGCCACATGCGCAC,5.622427894713857,0
Hepatocyte_Chow_Animal6_Capture1_CGATCGGAGGACCACA,5.040746536525507,0
Hepatocyte_Chow_Animal6_Capture1_CGATCGGTCATTCACT,4.844844834697084,0
Hepatocyte_Chow_Animal6_Capture1_CGATGTATCCTTTCTC,4.98284726578607,0
Hepatocyte_Chow_Animal6_Capture1_CGATTGAAGGCTACGA,5.057001244975763,0
Hepatocyte_Chow_Animal6_Capture1_CGATTGACATGAACCT,5.018360962336001,0
Hepatocyte_Chow_Animal6_Capture1_CGGACACGTCTAGAGG,5.138325931760931,0
Hepatocyte_Chow_Animal6_Capture1_CGGAGTCTCCTATTCA,4.921901500424356,0
Hepatocyte_Chow_Animal6_Capture1_CGGCTAGCAGTTCCCT,5.366289474221864,0
Hepatocyte_Chow_Animal6_Capture1_CGTAGCGCAGGATCGA,5.386864960353031,0
Hepatocyte_Chow_Animal6_Capture1_CGTAGCGTCAGGTAAA,4.8660083654033475,0
Hepatocyte_Chow_Animal6_Capture1_CGTAGGCGTAAACACA,5.328162393429293,0
Hepatocyte_Chow_Animal6_Capture1_CGTCACTAGGTACTCT,5.462189411240381,0
Hepatocyte_Chow_Animal6_Capture1_CGTCTACAGAGTGAGA,5.114257360381653,0
Hepatocyte_Chow_Animal6_Capture1_CGTGAGCAGGATCGCA,5.368662817981937,0
Hepatocyte_Chow_Animal6_Capture1_CGTGTCTGTTAAAGAC,5.276940216654335,0
Hepatocyte_Chow_Animal6_Capture1_CTAACTTCACTGCCAG,5.274041703958712,0
Hepatocyte_Chow_Animal6_Capture1_CTACATTAGACACTAA,5.043097309044126,0
Hepatocyte_Chow_Animal6_Capture1_CTACGTCGTGAAAGAG,5.268613974032383,0
Hepatocyte_Chow_Animal6_Capture1_CTAGCCTAGGACGAAA,5.048960862954834,0
Hepatocyte_Chow_Animal6_Capture1_CTCGAAATCCGAAGAG,5.282964468810062,0
Hepatocyte_Chow_Animal6_Capture1_CTCGAGGGTGACAAAT,4.817093984816913,0
Hepatocyte_Chow_Animal6_Capture1_CTCGAGGTCATTGCGA,4.89750085376077,0
Hepatocyte_Chow_Animal6_Capture1_CTCGGGAAGAGGGATA,5.200715174909769,0
Hepatocyte_Chow_Animal6_Capture1_CTCGGGACAATGTTGC,5.203736192637047,0
Hepatocyte_Chow_Animal6_Capture1_CTCGTCACATGAACCT,5.3503340680914295,0
Hepatocyte_Chow_Animal6_Capture1_CTCTAATGTGCCTGCA,5.177372006673711,0
Hepatocyte_Chow_Animal6_Capture1_CTCTAATTCAATAAGG,5.112479405902732,0
Hepatocyte_Chow_Animal6_Capture1_CTCTAATTCGTTTGCC,4.994616072961801,0
Hepatocyte_Chow_Animal6_Capture1_CTCTACGCACCAGTTA,4.92951991646493,0
Hepatocyte_Chow_Animal6_Capture1_CTGAAGTTCCCAAGAT,5.161152448722445,0
Hepatocyte_Chow_Animal6_Capture1_CTGATAGAGTGAATTG,5.707665548021113,0
Hepatocyte_Chow_Animal6_Capture1_CTGCCTATCGCCCTTA,5.383576167592318,0
Hepatocyte_Chow_Animal6_Capture1_CTGCGGACATTCCTCG,5.22807534492171,0
Hepatocyte_Chow_Animal6_Capture1_CTGGTCTGTCGAAAGC,5.097050584710977,0
Hepatocyte_Chow_Animal6_Capture1_CTGTGCTAGTATGACA,4.949131122800644,0
Hepatocyte_Chow_Animal6_Capture1_CTGTTTAAGACACTAA,5.202740516035693,0
Hepatocyte_Chow_Animal6_Capture1_CTTAGGATCTTAACCT,5.130043827046956,0
Hepatocyte_Chow_Animal6_Capture1_CTTCTCTGTCATTAGC,5.7269372555127145,0
Hepatocyte_Chow_Animal6_Capture1_CTTTGCGCAGGACCCT,5.325919444268516,0
Hepatocyte_Chow_Animal6_Capture1_CTTTGCGGTCAACTGT,5.1386909616429435,0
Hepatocyte_Chow_Animal6_Capture1_CTTTGCGGTCCTAGCG,5.2322749152884205,0
Hepatocyte_Chow_Animal6_Capture1_GAAATGATCGATCCCT,5.353059158635345,0
Hepatocyte_Chow_Animal6_Capture1_GAACATCCAATCGAAA,5.410772702725201,0
Hepatocyte_Chow_Animal6_Capture1_GAACCTAAGAAGGACA,5.890812975058028,0
Hepatocyte_Chow_Animal6_Capture1_GAACGGATCTCCTATA,5.717054113535481,0
Hepatocyte_Chow_Animal6_Capture1_GAATAAGCAAAGCGGT,4.954955717020455,0
Hepatocyte_Chow_Animal6_Capture1_GAATGAACATTACGAC,5.053458647401676,0
Hepatocyte_Chow_Animal6_Capture1_GAATGAATCTCACATT,5.241797711976597,0
Hepatocyte_Chow_Animal6_Capture1_GACACGCAGACTGGGT,4.98017835574854,0
Hepatocyte_Chow_Animal6_Capture1_GACAGAGGTTGGTGGA,5.217761373876712,0
Hepatocyte_Chow_Animal6_Capture1_GACCAATGTCCGAATT,4.729359650013,0
Hepatocyte_Chow_Animal6_Capture1_GACGCGTAGAGATGAG,5.305615338536964,0
Hepatocyte_Chow_Animal6_Capture1_GACGGCTAGGATCGCA,5.202725106825193,0
Hepatocyte_Chow_Animal6_Capture1_GACGTGCCAACGCACC,5.340895188929856,0
Hepatocyte_Chow_Animal6_Capture1_GACGTGCGTTCTGGTA,5.720730430595549,0
Hepatocyte_Chow_Animal6_Capture1_GACGTTACAGGATTGG,5.2152905098242925,0
Hepatocyte_Chow_Animal6_Capture1_GACTGCGAGTGAATTG,5.754950401385123,0
Hepatocyte_Chow_Animal6_Capture1_GAGGTGACAAACCCAT,5.456425204523493,0
Hepatocyte_Chow_Animal6_Capture1_GATCGCGCAGCTCCGA,5.172419250571442,0
Hepatocyte_Chow_Animal6_Capture1_GATCGTATCCAGAGGA,5.32521794806549,0
Hepatocyte_Chow_Animal6_Capture1_GATGCTAAGGTGCAAC,4.8148723550290935,0
Hepatocyte_Chow_Animal6_Capture1_GCAAACTAGCACCGCT,5.468936379688586,0
Hepatocyte_Chow_Animal6_Capture1_GCAATCAAGCGATCCC,5.270172436499804,0
Hepatocyte_Chow_Animal6_Capture1_GCAATCACACAGACAG,4.895981687524628,0
Hepatocyte_Chow_Animal6_Capture1_GCACATAGTGTTTGTG,4.854376614096301,0
Hepatocyte_Chow_Animal6_Capture1_GCACTCTTCGTTGCCT,5.738980515965641,0
Hepatocyte_Chow_Animal6_Capture1_GCATACAAGCAGACTG,5.017308513252738,0
Hepatocyte_Chow_Animal6_Capture1_GCATACAGTTAAAGTG,5.046883334801357,0
Hepatocyte_Chow_Animal6_Capture1_GCATGATCACAGGTTT,5.221951676121096,0
Hepatocyte_Chow_Animal6_Capture1_GCATGCGAGACTGTAA,5.524342734089803,0
Hepatocyte_Chow_Animal6_Capture1_GCCAAATCAAGGTGTG,5.51396934927935,0
Hepatocyte_Chow_Animal6_Capture1_GCCAAATTCACGATGT,5.214582611568003,0
Hepatocyte_Chow_Animal6_Capture1_GCGACCACAAAGTGCG,5.606588867586208,0
Hepatocyte_Chow_Animal6_Capture1_GCGACCACAAGGTTCT,5.001174910134069,0
Hepatocyte_Chow_Animal6_Capture1_GCGACCAGTCTCATCC,5.026199704784771,0
Hepatocyte_Chow_Animal6_Capture1_GCGACCATCTTACCTA,5.3130652318728835,0
Hepatocyte_Chow_Animal6_Capture1_GCGCAGTGTGTGCGTC,5.517263711767116,0
Hepatocyte_Chow_Animal6_Capture1_GCGGGTTAGTACGATA,5.142154362986891,0
Hepatocyte_Chow_Animal6_Capture1_GCTCCTAAGAGACGAA,5.035086190194791,0
Hepatocyte_Chow_Animal6_Capture1_GCTGCAGTCCGAGCCA,5.153264599298307,0
Hepatocyte_Chow_Animal6_Capture1_GCTGCGATCCGTAGGC,4.9653337219192775,0
Hepatocyte_Chow_Animal6_Capture1_GCTGGGTCAATGAATG,5.263064402177591,0
Hepatocyte_Chow_Animal6_Capture1_GCTGGGTCATTGGTAC,5.2301586781414535,0
Hepatocyte_Chow_Animal6_Capture1_GCTTCCACATTCGACA,5.281213861627739,0
Hepatocyte_Chow_Animal6_Capture1_GGAATAAGTTCCAACA,4.731856024140752,0
Hepatocyte_Chow_Animal6_Capture1_GGACAGAGTTGCTCCT,5.0994051803598905,0
Hepatocyte_Chow_Animal6_Capture1_GGATGTTGTGCGAAAC,5.181115823016476,0
Hepatocyte_Chow_Animal6_Capture1_GGATGTTGTTAAGAAC,5.099850973944455,0
Hepatocyte_Chow_Animal6_Capture1_GGATTACGTTCCACGG,5.3418335412627,0
Hepatocyte_Chow_Animal6_Capture1_GGCCGATAGACAAAGG,5.435460994658671,0
Hepatocyte_Chow_Animal6_Capture1_GGCGTGTCACAACGCC,5.604724045354112,0
Hepatocyte_Chow_Animal6_Capture1_GGCTGGTGTACGACCC,5.4879097601221964,0
Hepatocyte_Chow_Animal6_Capture1_GGGTTGCCATCGACGC,5.028581075306839,0
Hepatocyte_Chow_Animal6_Capture1_GGTATTGGTCATATCG,5.281810377681676,0
Hepatocyte_Chow_Animal6_Capture1_GGTGTTACAGGATCGA,4.951940648405049,0
Hepatocyte_Chow_Animal6_Capture1_GTAACGTTCAACGCTA,5.343822759369079,0
Hepatocyte_Chow_Animal6_Capture1_GTACGTAGTACAGTGG,5.164010604510174,0
Hepatocyte_Chow_Animal6_Capture1_GTACTCCAGCGATGAC,5.364475071659123,0
Hepatocyte_Chow_Animal6_Capture1_GTACTCCTCACTTCAT,4.991963051010397,0
Hepatocyte_Chow_Animal6_Capture1_GTAGGCCTCAGGCCCA,5.076591217885067,0
Hepatocyte_Chow_Animal6_Capture1_GTAGTCACAGTAAGAT,5.005204895565977,0
Hepatocyte_Chow_Animal6_Capture1_GTATTCTAGAAGGGTA,5.309107935894406,0
Hepatocyte_Chow_Animal6_Capture1_GTCAAGTTCTCTAAGG,5.179068663887703,0
Hepatocyte_Chow_Animal6_Capture1_GTCACGGCAACAACCT,5.179036031811173,0
Hepatocyte_Chow_Animal6_Capture1_GTCATTTAGGATTCGG,5.111180712332479,0
Hepatocyte_Chow_Animal6_Capture1_GTCGTAATCTCGCTTG,5.5681303942110025,0
Hepatocyte_Chow_Animal6_Capture1_GTCTCGTCATGCCTAA,5.0926599599663795,0
Hepatocyte_Chow_Animal6_Capture1_GTGTGCGAGAGCTTCT,5.527281397868719,0
Hepatocyte_Chow_Animal6_Capture1_TACGGTATCGCCCTTA,5.337534615857535,0
Hepatocyte_Chow_Animal6_Capture1_TACTTACGTAAGAGAG,5.097548514637342,0
Hepatocyte_Chow_Animal6_Capture1_TAGACCAGTAAGTAGT,5.4933942940200495,0
Hepatocyte_Chow_Animal6_Capture1_TAGGCATAGTGTCCCG,4.705561218611798,0
Hepatocyte_Chow_Animal6_Capture1_TATCAGGCACGGCGTT,5.155264409873247,0
Hepatocyte_Chow_Animal6_Capture1_TCAATCTCATCACGTA,5.303935316506244,0
Hepatocyte_Chow_Animal6_Capture1_TCACAAGCAAGAAGAG,5.631158278001472,0
Hepatocyte_Chow_Animal6_Capture1_TCACAAGGTACTTGAC,5.169656726582172,0
Hepatocyte_Chow_Animal6_Capture1_TCACGAACATGGGACA,5.284600028994573,0
Hepatocyte_Chow_Animal6_Capture1_TCAGATGAGGACGAAA,4.864542569832401,0
Hepatocyte_Chow_Animal6_Capture1_TCAGGATAGATCGGGT,5.591040310876009,0
Hepatocyte_Chow_Animal6_Capture1_TCAGGTAGTCAAAGCG,5.2755322783000675,0
Hepatocyte_Chow_Animal6_Capture1_TCAGGTATCTATCCCG,4.743580898600324,0
Hepatocyte_Chow_Animal6_Capture1_TCATTTGTCGGATGTT,5.180412096537024,0
Hepatocyte_Chow_Animal6_Capture1_TCCCGATGTCCTGCTT,4.825263995256872,0
Hepatocyte_Chow_Animal6_Capture1_TCGCGAGAGAAGGGTA,5.156587548674787,0
Hepatocyte_Chow_Animal6_Capture1_TCGCGAGGTGCTGTAT,5.109843201944431,0
Hepatocyte_Chow_Animal6_Capture1_TCGCGAGGTTAGGGTG,5.318334313623747,0
Hepatocyte_Chow_Animal6_Capture1_TCGGGACAGGAGTAGA,4.929239045743012,0
Hepatocyte_Chow_Animal6_Capture1_TCGTACCAGGCTAGCA,5.417972154501863,0
Hepatocyte_Chow_Animal6_Capture1_TCGTAGAGTTATCCGA,5.090853477366494,0
Hepatocyte_Chow_Animal6_Capture1_TCTCATATCATGTCCC,5.329373223073617,0
Hepatocyte_Chow_Animal6_Capture1_TCTCTAAAGAGTACCG,4.97024396225998,0
Hepatocyte_Chow_Animal6_Capture1_TCTGGAATCGACCAGC,5.385841533605922,0
Hepatocyte_Chow_Animal6_Capture1_TCTTTCCCACGGTAGA,5.091028606373649,0
Hepatocyte_Chow_Animal6_Capture1_TCTTTCCGTCTTGATG,5.190148401148786,0
Hepatocyte_Chow_Animal6_Capture1_TGACGGCTCCGTAGTA,5.5643147460614255,0
Hepatocyte_Chow_Animal6_Capture1_TGACTAGCAAGAAGAG,5.34179548764109,0
Hepatocyte_Chow_Animal6_Capture1_TGAGAGGGTCGAAAGC,5.6743951506630665,0
Hepatocyte_Chow_Animal6_Capture1_TGAGGGACAGTATCTG,4.967069896901793,0
Hepatocyte_Chow_Animal6_Capture1_TGCCAAAAGACAAGCC,5.304234524361303,0
Hepatocyte_Chow_Animal6_Capture1_TGCGCAGGTTGGACCC,5.403626355385773,0
Hepatocyte_Chow_Animal6_Capture1_TGCGCAGTCCCAACGG,5.104774017901303,0
Hepatocyte_Chow_Animal6_Capture1_TGCGGGTCATCCCATC,5.43552311969009,0
Hepatocyte_Chow_Animal6_Capture1_TGCGTGGTCGTGGTCG,5.170570029330196,0
Hepatocyte_Chow_Animal6_Capture1_TGCTACCTCATCGATG,5.286946278179226,0
Hepatocyte_Chow_Animal6_Capture1_TGGCTGGCATGCCCGA,4.864348831764556,0
Hepatocyte_Chow_Animal6_Capture1_TGGGAAGCAAGCGTAG,5.1697790451036845,0
Hepatocyte_Chow_Animal6_Capture1_TGGGAAGTCTGATACG,5.175413763778819,0
Hepatocyte_Chow_Animal6_Capture1_TGGTTAGGTAGATTAG,5.288097692531826,0
Hepatocyte_Chow_Animal6_Capture1_TGGTTCCCAAGCGAGT,5.344786074903072,0
Hepatocyte_Chow_Animal6_Capture1_TGTATTCCAAGGACTG,5.643745704985731,0
Hepatocyte_Chow_Animal6_Capture1_TGTGGTAAGAGCCTAG,4.875068716299779,0
Hepatocyte_Chow_Animal6_Capture1_TGTGGTAAGTACGCGA,5.069485864734814,0
Hepatocyte_Chow_Animal6_Capture1_TGTTCCGAGTGGCACA,5.452133544511645,0
Hepatocyte_Chow_Animal6_Capture1_TTAGTTCCAATGACCT,4.994945941735324,0
Hepatocyte_Chow_Animal6_Capture1_TTCGAAGCACAGAGGT,5.527476297425528,0
Hepatocyte_Chow_Animal6_Capture1_TTCGAAGTCCAAACAC,5.14949155715837,0
Hepatocyte_Chow_Animal6_Capture1_TTCGGTCAGAATCTCC,5.204015226969148,0
Hepatocyte_Chow_Animal6_Capture1_TTCGGTCGTAAGAGGA,5.0465298054533845,0
Hepatocyte_Chow_Animal6_Capture1_TTCTCCTCAAGTAGTA,4.930517748666646,0
Hepatocyte_Chow_Animal6_Capture1_TTCTTAGCAGCTTCGG,5.498048148547331,0
Hepatocyte_Chow_Animal6_Capture1_TTGTAGGAGGTGCACA,4.938648714285341,0
Hepatocyte_Chow_Animal4_Capture1_CACACTCTCATAAAGG,5.720522246958548,0
Hepatocyte_Chow_Animal4_Capture1_CAGCTAAGTCCGAAGA,6.138212162715278,0
Hepatocyte_Chow_Animal4_Capture1_CTCACACCATAAAGGT,6.098325564298392,0
Hepatocyte_Chow_Animal4_Capture1_GATCGTAAGGCTCATT,5.719368054738837,0
Hepatocyte_Chow_Animal4_Capture1_GGAATAATCATGCAAC,5.941337989087354,0
Hepatocyte_Chow_Animal4_Capture1_GTAGGCCCACAGGCCT,6.271309062345659,0
Hepatocyte_Chow_Animal4_Capture1_GTCACAATCTGGCGAC,6.0738174632977975,0
Hepatocyte_Chow_Animal4_Capture1_TAGGCATGTGACTACT,5.86173877460773,0
Hepatocyte_Chow_Animal5_Capture1_AACACGTGTGCAGTAG,6.101289318386268,0
Hepatocyte_Chow_Animal5_Capture1_AACTCCCCAGTAAGCG,6.232848315786997,0
Hepatocyte_Chow_Animal5_Capture1_AATCGGTCAATGGAAT,5.644846739433858,0
Hepatocyte_Chow_Animal5_Capture1_ACTATCTGTGGTCTCG,6.135931144074834,0
Hepatocyte_Chow_Animal5_Capture1_ATCATGGAGCAGGCTA,6.224663220741665,0
Hepatocyte_Chow_Animal5_Capture1_ATGCGATTCTCTTATG,6.019896813768313,0
Hepatocyte_Chow_Animal5_Capture1_ATGTGTGTCTGGCGAC,6.167289347847387,0
Hepatocyte_Chow_Animal5_Capture1_CATCAAGTCGGTGTCG,6.18884781067905,0
Hepatocyte_Chow_Animal5_Capture1_CCACTACTCATCATTC,6.079564158665277,0
Hepatocyte_Chow_Animal5_Capture1_CCGTTCAAGCTTCGCG,6.118439519420525,0
Hepatocyte_Chow_Animal5_Capture1_CCTTCCCGTTCGTCTC,5.69206855455289,0
Hepatocyte_Chow_Animal5_Capture1_CCTTTCTAGGCTCATT,5.804410277518006,0
Hepatocyte_Chow_Animal5_Capture1_CGATGTAGTCGGCATC,5.683282823439235,0
Hepatocyte_Chow_Animal5_Capture1_CGTCAGGAGGGTCTCC,6.090329410854743,0
Hepatocyte_Chow_Animal5_Capture1_CTACACCAGACCTTTG,6.067659110192659,0
Hepatocyte_Chow_Animal5_Capture1_CTACGTCGTGAAAGAG,6.06164617784538,0
Hepatocyte_Chow_Animal5_Capture1_CTCTACGTCAGAAATG,5.891141436613024,0
Hepatocyte_Chow_Animal5_Capture1_CTGCGGAGTACATGTC,6.248701922829162,0
Hepatocyte_Chow_Animal5_Capture1_GTAACGTGTTCACGGC,6.157475153920089,0
Hepatocyte_Chow_Animal5_Capture1_GTACGTATCGCACTCT,6.036748132366268,0
Hepatocyte_Chow_Animal5_Capture1_GTTAAGCGTTACCAGT,5.657920241362353,0
Hepatocyte_Chow_Animal5_Capture1_TCGGGACGTTAAAGAC,6.141673270702255,0
Hepatocyte_Chow_Animal5_Capture1_TGAGCATGTAAGTGGC,6.073852274262912,0
Hepatocyte_Chow_Animal5_Capture1_TGTATTCGTCGTCTTC,6.1175758162246,0
Hepatocyte_Chow_Animal6_Capture1_AACTCAGCACACATGT,5.851883422928191,0
Hepatocyte_Chow_Animal6_Capture1_AACTCTTTCCTCAACC,5.911838164427393,0
Hepatocyte_Chow_Animal6_Capture1_AATCCAGCACCGAATT,6.185383945613912,0
Hepatocyte_Chow_Animal6_Capture1_ATGTGTGTCATAACCG,5.894878098752777,0
Hepatocyte_Chow_Animal6_Capture1_CAGCTAAGTCTCTCTG,6.146578642361954,0
Hepatocyte_Chow_Animal6_Capture1_CGTCTACTCCCAAGAT,6.117620649055832,0
Hepatocyte_Chow_Animal6_Capture1_CTAACTTGTGTGAATA,5.980123558887319,0
Hepatocyte_Chow_Animal6_Capture1_GATGAAAAGGTGGGTT,6.221624459856314,0
Hepatocyte_Chow_Animal6_Capture1_GGACGTCGTGACGCCT,5.321777802313855,0
Hepatocyte_Chow_Animal6_Capture1_GTAACTGCATGTTGAC,6.188658309158152,0
Hepatocyte_Chow_Animal6_Capture1_GTTCGGGAGACAATAC,6.198920588531737,0
Hepatocyte_Chow_Animal6_Capture1_TCATTTGTCTGCCCTA,5.842947044040592,0
Hepatocyte_Chow_Animal6_Capture1_TTGCCGTAGAGCTGGT,6.080957512714603,0
Hepatocyte_Chow_Animal6_Capture1_TTGGCAACATCCCACT,5.861308052343942,0
Hepatocyte_Chow_Animal6_Capture1_TTGTAGGAGAAACCTA,5.943327651116842,0
Hepatocyte_Chow_Animal4_Capture1_CTCGGGAAGACTAAGT,6.113649392867266,0
Hepatocyte_Chow_Animal4_Capture1_CTTAGGACAGATGGCA,5.99903101362653,0
Hepatocyte_Chow_Animal5_Capture1_GAGCAGAGTTATCGGT,5.789503175529972,0
Hepatocyte_Chow_Animal6_Capture1_GTCAAGTAGCTAGCCC,4.855282915205791,0
Hepatocyte_Chow_Animal4_Capture1_ATCCACCTCTCCAACC,5.441967074959779,0
Hepatocyte_Chow_Animal4_Capture1_GAAGCAGGTTATCACG,5.41780478809161,0
Hepatocyte_Chow_Animal4_Capture1_GACAGAGGTTCATGGT,5.429249737227048,0
Hepatocyte_Chow_Animal5_Capture1_AGAGTGGGTTCTGTTT,5.644479701707513,0
Hepatocyte_Chow_Animal5_Capture1_AGGCCGTGTCGCCATG,5.843865862326233,0
Hepatocyte_Chow_Animal5_Capture1_CATGCCTCACGAAATA,5.689277501093735,0
Hepatocyte_Chow_Animal5_Capture1_GACCTGGCAGCAGTTT,5.715778596960009,0
Hepatocyte_Chow_Animal5_Capture1_TCTTCGGGTCTCAACA,5.53792873775558,0
Hepatocyte_Chow_Animal5_Capture1_TTGAACGCATGCGCAC,5.682339944758519,0
Hepatocyte_Chow_Animal6_Capture1_CGTCCATTCTGGTTCC,5.630214655085929,0
Hepatocyte_Chow_Animal6_Capture1_GCTTCCATCGAATCCA,5.394393463587881,0
Hepatocyte_Chow_Animal6_Capture1_GGCGACTGTTACCGAT,5.409706259768638,0
Hepatocyte_Chow_Animal4_Capture1_CTCGGAGCATCCGCGA,5.893491902310755,0
Hepatocyte_Chow_Animal5_Capture1_CGGTTAACACATCTTT,5.411073409940744,0
Hepatocyte_Chow_Animal5_Capture1_TAAACCGAGCTAAGAT,5.299687165477442,0
Hepatocyte_Chow_Animal6_Capture1_GCATGCGTCCGAGCCA,5.6708171430736005,0
Hepatocyte_Chow_Animal1_Capture1_AAACCTGTCACCTCGT,5.659336584951131,0
Hepatocyte_Chow_Animal1_Capture1_AAACGGGCATATACCG,5.603947298233213,0
Hepatocyte_Chow_Animal1_Capture1_AACCGCGAGTCGTACT,6.283321512406171,0
Hepatocyte_Chow_Animal1_Capture1_AACTCAGCAAGAAGAG,5.763746500410413,0
Hepatocyte_Chow_Animal1_Capture1_AACTCTTGTAGCTGCC,5.754995919906385,0
Hepatocyte_Chow_Animal1_Capture1_AACTTTCCAATCTGCA,5.467999143382908,0
Hepatocyte_Chow_Animal1_Capture1_AAGCCGCTCTACGAGT,6.155864371850924,0
Hepatocyte_Chow_Animal1_Capture1_ACACTGACAGGGTTAG,5.9189083037851855,0
Hepatocyte_Chow_Animal1_Capture1_ACATACGCAGCCTTGG,5.530493992785979,0
Hepatocyte_Chow_Animal1_Capture1_ACCCACTTCAAGGCTT,5.373285333959562,0
Hepatocyte_Chow_Animal1_Capture1_ACCGTAATCCTGCTTG,5.77319711568306,0
Hepatocyte_Chow_Animal1_Capture1_ACCTTTACAGGAATCG,5.819063113798092,0
Hepatocyte_Chow_Animal1_Capture1_ACCTTTATCGCATGGC,5.765213426155211,0
Hepatocyte_Chow_Animal1_Capture1_ACGAGCCTCACGAAGG,5.674356881189947,0
Hepatocyte_Chow_Animal1_Capture1_ACGATACTCCGAATGT,5.911027165139557,0
Hepatocyte_Chow_Animal1_Capture1_ACGCAGCCACGTCTCT,5.566841911954851,0
Hepatocyte_Chow_Animal1_Capture1_ACGGCCAGTACAAGTA,5.732513520413313,0
Hepatocyte_Chow_Animal1_Capture1_ACTTGTTCACATTTCT,5.471979019789972,0
Hepatocyte_Chow_Animal1_Capture1_AGAGTGGGTACGACCC,5.80637435434618,0
Hepatocyte_Chow_Animal1_Capture1_AGAGTGGGTTCGTCTC,5.368474577719002,0
Hepatocyte_Chow_Animal1_Capture1_AGATTGCAGAGCCTAG,5.63702006882049,0
Hepatocyte_Chow_Animal1_Capture1_AGCGTCGCAGTGGAGT,5.528508390794812,0
Hepatocyte_Chow_Animal1_Capture1_AGCGTCGTCACAATGC,5.7334624119075475,0
Hepatocyte_Chow_Animal1_Capture1_AGCTCTCAGTACGATA,5.94314435885839,0
Hepatocyte_Chow_Animal1_Capture1_AGGGAGTAGAAACCTA,5.63859447730977,0
Hepatocyte_Chow_Animal1_Capture1_AGGGTGATCTTGCATT,5.857223039025319,0
Hepatocyte_Chow_Animal1_Capture1_AGTGAGGCAATAGAGT,5.809613862542707,0
Hepatocyte_Chow_Animal1_Capture1_AGTGGGAAGCCCTAAT,5.615076612593612,0
Hepatocyte_Chow_Animal1_Capture1_AGTGTCATCTGGAGCC,5.868904178457223,0
Hepatocyte_Chow_Animal1_Capture1_ATAACGCAGTTAGGTA,5.824834592085741,0
Hepatocyte_Chow_Animal1_Capture1_ATAACGCTCGTTTGCC,5.779915335210399,0
Hepatocyte_Chow_Animal1_Capture1_ATCCGAATCTTAACCT,5.746269440778601,0
Hepatocyte_Chow_Animal1_Capture1_ATCTGCCAGCTAACAA,5.616109377987292,0
Hepatocyte_Chow_Animal1_Capture1_ATCTGCCCAGAGCCAA,5.842613556488701,0
Hepatocyte_Chow_Animal1_Capture1_ATGAGGGGTGGGTCAA,5.4427638790361055,0
Hepatocyte_Chow_Animal1_Capture1_ATGCGATGTAGCGCTC,5.464795775583842,0
Hepatocyte_Chow_Animal1_Capture1_CAAGAAACATCCCATC,5.726248448910514,0
Hepatocyte_Chow_Animal1_Capture1_CACAAACCAAGCCATT,5.557410685914199,0
Hepatocyte_Chow_Animal1_Capture1_CACACAATCAGGTTCA,5.90515500050503,0
Hepatocyte_Chow_Animal1_Capture1_CACACAATCCGCGGTA,5.3856650612203785,0
Hepatocyte_Chow_Animal1_Capture1_CACATAGCACAAGTAA,5.947396850095041,0
Hepatocyte_Chow_Animal1_Capture1_CACATAGGTAGAAAGG,5.650243757287162,0
Hepatocyte_Chow_Animal1_Capture1_CACATTTGTCCAGTAT,5.53121935127431,0
Hepatocyte_Chow_Animal1_Capture1_CAGAATCGTATCAGTC,5.555767811084568,0
Hepatocyte_Chow_Animal1_Capture1_CAGCAGCCAGCGAACA,6.002709082928145,0
Hepatocyte_Chow_Animal1_Capture1_CAGCAGCTCCGCAGTG,5.436564304880301,0
Hepatocyte_Chow_Animal1_Capture1_CAGCATAAGCGTCTAT,5.949547977539428,0
Hepatocyte_Chow_Animal1_Capture1_CAGTAACAGGAACTGC,6.0013928358723,0
Hepatocyte_Chow_Animal1_Capture1_CAGTCCTAGGGATACC,5.899464439826235,0
Hepatocyte_Chow_Animal1_Capture1_CATATGGAGGTAAACT,5.816335949232263,0
Hepatocyte_Chow_Animal1_Capture1_CATATTCCAAGTTCTG,5.291613032885662,0
Hepatocyte_Chow_Animal1_Capture1_CATGACACATGCCTAA,5.450631578901017,0
Hepatocyte_Chow_Animal1_Capture1_CCACCTAAGTCGATAA,5.9584040039793384,0
Hepatocyte_Chow_Animal1_Capture1_CCATGTCAGGGTTTCT,5.552961378424332,0
Hepatocyte_Chow_Animal1_Capture1_CCATGTCGTACCGAGA,5.9258368661008225,0
Hepatocyte_Chow_Animal1_Capture1_CCATGTCGTAGGCATG,5.681221399419911,0
Hepatocyte_Chow_Animal1_Capture1_CCCAATCGTCCAACTA,5.596880784492743,0
Hepatocyte_Chow_Animal1_Capture1_CCCAGTTCAGACAGGT,5.44010840514444,0
Hepatocyte_Chow_Animal1_Capture1_CCCAGTTTCACGATGT,5.760468918874263,0
Hepatocyte_Chow_Animal1_Capture1_CCCTCCTCAGTAAGAT,5.707013057209802,0
Hepatocyte_Chow_Animal1_Capture1_CCTACACAGGTAGCCA,5.872847247576576,0
Hepatocyte_Chow_Animal1_Capture1_CCTCTGACAGGAATCG,5.746110714243217,0
Hepatocyte_Chow_Animal1_Capture1_CCTCTGAGTCCAGTAT,5.399687733561074,0
Hepatocyte_Chow_Animal1_Capture1_CGACCTTAGCGATGAC,5.746347884944399,0
Hepatocyte_Chow_Animal1_Capture1_CGAGAAGTCAGCACAT,5.966943072428629,0
Hepatocyte_Chow_Animal1_Capture1_CGATCGGAGGCGACAT,5.802731264905942,0
Hepatocyte_Chow_Animal1_Capture1_CGCCAAGAGATCTGCT,5.448458653782692,0
Hepatocyte_Chow_Animal1_Capture1_CGGACTGAGACGCAAC,6.0638326890437835,0
Hepatocyte_Chow_Animal1_Capture1_CGGAGCTCAGTAAGCG,5.9435748778213755,0
Hepatocyte_Chow_Animal1_Capture1_CGGAGCTGTAAATGAC,5.879362927527751,0
Hepatocyte_Chow_Animal1_Capture1_CGTGAGCTCGGATGGA,5.874825086793838,0
Hepatocyte_Chow_Animal1_Capture1_CGTTGGGCAGTGACAG,5.55619280664227,0
Hepatocyte_Chow_Animal1_Capture1_CTAACTTGTACAGCAG,6.296484518091489,0
Hepatocyte_Chow_Animal1_Capture1_CTAACTTTCCTAAGTG,5.897972631593744,0
Hepatocyte_Chow_Animal1_Capture1_CTACGTCAGACACGAC,5.866969946086538,0
Hepatocyte_Chow_Animal1_Capture1_CTCGGAGCACCGTTGG,5.8313872228450725,0
Hepatocyte_Chow_Animal1_Capture1_CTCTAATTCGGAATCT,5.659623753167457,0
Hepatocyte_Chow_Animal1_Capture1_CTCTACGGTCGCATAT,5.891180306552292,0
Hepatocyte_Chow_Animal1_Capture1_CTGAAGTAGCTACCTA,5.538887725007715,0
Hepatocyte_Chow_Animal1_Capture1_CTGCGGACATGTAAGA,5.392846321727365,0
Hepatocyte_Chow_Animal1_Capture1_CTGCTGTAGCGGCTTC,5.7332312454935455,0
Hepatocyte_Chow_Animal1_Capture1_CTGGTCTAGCTGAAAT,5.684833330955952,0
Hepatocyte_Chow_Animal1_Capture1_CTGGTCTAGTACGCGA,5.844227064767239,0
Hepatocyte_Chow_Animal1_Capture1_CTTACCGCAGTTAACC,5.706173477789027,0
Hepatocyte_Chow_Animal1_Capture1_CTTCTCTCACTCAGGC,5.725843289768235,0
Hepatocyte_Chow_Animal1_Capture1_GAACCTATCCTATTCA,5.862253744703345,0
Hepatocyte_Chow_Animal1_Capture1_GATCAGTGTCATTAGC,5.72748881957851,0
Hepatocyte_Chow_Animal1_Capture1_GATCGATTCCGTTGCT,5.605848805582247,0
Hepatocyte_Chow_Animal1_Capture1_GATCGTAGTAAAGTCA,5.897289025258944,0
Hepatocyte_Chow_Animal1_Capture1_GATGCTAGTCTAGAGG,5.859727969835985,0
Hepatocyte_Chow_Animal1_Capture1_GCAATCATCCATGAGT,5.745281325218634,0
Hepatocyte_Chow_Animal1_Capture1_GCATGATTCCGAAGAG,6.14736473741028,0
Hepatocyte_Chow_Animal1_Capture1_GCATGCGCAATCACAC,5.891843706813275,0
Hepatocyte_Chow_Animal1_Capture1_GCATGTATCGGCCGAT,5.784176696277486,0
Hepatocyte_Chow_Animal1_Capture1_GCCAAATTCCGTCATC,5.879027762421971,0
Hepatocyte_Chow_Animal1_Capture1_GCCTCTATCGGATGTT,5.504734761383232,0
Hepatocyte_Chow_Animal1_Capture1_GCGAGAAAGGTGTGGT,5.7820697692886585,0
Hepatocyte_Chow_Animal1_Capture1_GCGCAGTCACCTTGTC,5.5920853266759725,0
Hepatocyte_Chow_Animal1_Capture1_GCTCTGTAGAAGGACA,5.572372614931885,0
Hepatocyte_Chow_Animal1_Capture1_GCTGCAGGTAGCTAAA,5.773494793218248,0
Hepatocyte_Chow_Animal1_Capture1_GCTTCCATCCGTACAA,5.878133560230506,0
Hepatocyte_Chow_Animal1_Capture1_GGAACTTCACATTTCT,5.621983690829956,0
Hepatocyte_Chow_Animal1_Capture1_GGACAAGCATTGGGCC,5.849793515600682,0
Hepatocyte_Chow_Animal1_Capture1_GGACAGAGTGTGCGTC,5.8124686281038915,0
Hepatocyte_Chow_Animal1_Capture1_GGACGTCGTCTTCGTC,5.52395021485907,0
Hepatocyte_Chow_Animal1_Capture1_GGCCGATAGCCCAGCT,5.825893591357904,0
Hepatocyte_Chow_Animal1_Capture1_GGCTCGATCATGCATG,5.314011874537795,0
Hepatocyte_Chow_Animal1_Capture1_GGCTGGTGTACAGTTC,5.950297914270416,0
Hepatocyte_Chow_Animal1_Capture1_GGGCACTCACTCGACG,5.618223507929864,0
Hepatocyte_Chow_Animal1_Capture1_GGGTTGCCAGACGCTC,5.645789800397303,0
Hepatocyte_Chow_Animal1_Capture1_GGGTTGCTCTCGCTTG,5.442338841637043,0
Hepatocyte_Chow_Animal1_Capture1_GGTGCGTCAATTGCTG,5.667984953789706,0
Hepatocyte_Chow_Animal1_Capture1_GTACTCCCAATACGCT,5.978134660438947,0
Hepatocyte_Chow_Animal1_Capture1_GTCGGGTAGACCCACC,5.387765794022375,0
Hepatocyte_Chow_Animal1_Capture1_GTGAAGGGTCTAGTCA,5.779186261484114,0
Hepatocyte_Chow_Animal1_Capture1_GTGAAGGGTTCAGTAC,5.313787853279459,0
Hepatocyte_Chow_Animal1_Capture1_GTGAAGGTCTGCGACG,5.533133180380615,0
Hepatocyte_Chow_Animal1_Capture1_GTGGGTCAGTTCCACA,5.690809358973457,0
Hepatocyte_Chow_Animal1_Capture1_GTTTCTAAGCCAGTAG,5.784678982358649,0
Hepatocyte_Chow_Animal1_Capture1_TAAACCGGTCCAACTA,5.95547253869773,0
Hepatocyte_Chow_Animal1_Capture1_TAAGTGCGTAGAGGAA,5.789352080585981,0
Hepatocyte_Chow_Animal1_Capture1_TAAGTGCTCTTGTCAT,6.309563134986901,0
Hepatocyte_Chow_Animal1_Capture1_TACACGAAGTGAACGC,5.644951728320203,0
Hepatocyte_Chow_Animal1_Capture1_TACAGTGTCCAACCAA,5.822793288982489,0
Hepatocyte_Chow_Animal1_Capture1_TACTTGTTCTGCGGCA,5.58693341885153,0
Hepatocyte_Chow_Animal1_Capture1_TAGAGCTAGGAGTCTG,5.846738541089911,0
Hepatocyte_Chow_Animal1_Capture1_TAGTTGGAGAGTACCG,5.739610614153294,0
Hepatocyte_Chow_Animal1_Capture1_TATCTCACATCCTAGA,5.2917440732848915,0
Hepatocyte_Chow_Animal1_Capture1_TATCTCATCTAACTGG,5.737651999799082,0
Hepatocyte_Chow_Animal1_Capture1_TCAACGATCGTGGTCG,5.811973730801012,0
Hepatocyte_Chow_Animal1_Capture1_TCACGAACACATTTCT,5.999004642865805,0
Hepatocyte_Chow_Animal1_Capture1_TCAGGATGTCACACGC,5.952476078883079,0
Hepatocyte_Chow_Animal1_Capture1_TCATTACCAAGTTCTG,5.7698633302511775,0
Hepatocyte_Chow_Animal1_Capture1_TCGCGAGAGACACGAC,5.973156589821784,0
Hepatocyte_Chow_Animal1_Capture1_TCGCGTTAGGGCTCTC,5.8865369245142425,0
Hepatocyte_Chow_Animal1_Capture1_TCGCGTTCACCTGGTG,5.979544855516783,0
Hepatocyte_Chow_Animal1_Capture1_TCGCGTTTCCTTTACA,5.965920866786785,0
Hepatocyte_Chow_Animal1_Capture1_TCGCGTTTCGCGTTTC,5.607784018667786,0
Hepatocyte_Chow_Animal1_Capture1_TCGGGACAGTGGCACA,5.69760285836988,0
Hepatocyte_Chow_Animal1_Capture1_TGACAACAGCAGCGTA,5.423646582400418,0
Hepatocyte_Chow_Animal1_Capture1_TGACTTTCAGTATAAG,5.94162324819629,0
Hepatocyte_Chow_Animal1_Capture1_TGAGCCGGTTCATGGT,5.861715315511133,0
Hepatocyte_Chow_Animal1_Capture1_TGCACCTAGTGGGCTA,5.615047206472308,0
Hepatocyte_Chow_Animal1_Capture1_TGCCCTATCTTAGAGC,5.474893020878577,0
Hepatocyte_Chow_Animal1_Capture1_TGCGTGGGTAAATGAC,6.192887570162172,0
Hepatocyte_Chow_Animal1_Capture1_TGCTACCGTCTAAAGA,5.737850415487278,0
Hepatocyte_Chow_Animal1_Capture1_TGCTGCTCAAGCGTAG,5.927323448767381,0
Hepatocyte_Chow_Animal1_Capture1_TGGACGCTCAGTGTTG,5.919160701292185,0
Hepatocyte_Chow_Animal1_Capture1_TGTATTCTCCTCAATT,5.751133608175607,0
Hepatocyte_Chow_Animal1_Capture1_TGTGGTAGTCGCTTTC,5.703250211589625,0
Hepatocyte_Chow_Animal1_Capture1_TGTGTTTCACGAAAGC,5.81089766861472,0
Hepatocyte_Chow_Animal1_Capture1_TGTTCCGAGTGTACCT,5.731125339089353,0
Hepatocyte_Chow_Animal1_Capture1_TTATGCTCAGCGTAAG,5.513645322038604,0
Hepatocyte_Chow_Animal1_Capture1_TTCGGTCTCGCGTTTC,5.738449052560562,0
Hepatocyte_Chow_Animal1_Capture1_TTCTACATCGCCATAA,5.8003358847695,0
Hepatocyte_Chow_Animal1_Capture1_TTCTCCTCATCCGGGT,5.465024568926666,0
Hepatocyte_Chow_Animal1_Capture1_TTCTCCTGTACACCGC,5.863686264202409,0
Hepatocyte_Chow_Animal3_Capture1_ATGCGATTCAGGATCT,5.656573568129909,0
Hepatocyte_Chow_Animal1_Capture1_AAAGCAACAATGACCT,5.324752735629961,0
Hepatocyte_Chow_Animal1_Capture1_AAAGTAGCACAGACTT,5.718711890639074,0
Hepatocyte_Chow_Animal1_Capture1_AACCATGCACACCGCA,5.642424084424487,0
Hepatocyte_Chow_Animal1_Capture1_AACGTTGCAGCTGCAC,5.755760858804099,0
Hepatocyte_Chow_Animal1_Capture1_AACTCAGAGGTGATAT,5.794248493062172,0
Hepatocyte_Chow_Animal1_Capture1_AACTCAGTCCTTAATC,5.815938638796734,0
Hepatocyte_Chow_Animal1_Capture1_AACTCCCAGTCCATAC,5.940386470155307,0
Hepatocyte_Chow_Animal1_Capture1_AACTGGTGTAGCGATG,5.832216048983874,0
Hepatocyte_Chow_Animal1_Capture1_AACTTTCCATAGGATA,5.811957946105913,0
Hepatocyte_Chow_Animal1_Capture1_AACTTTCTCTTATCTG,5.292334650448454,0
Hepatocyte_Chow_Animal1_Capture1_AAGACCTCACTTGGAT,5.747412720246116,0
Hepatocyte_Chow_Animal1_Capture1_AAGGCAGCAGCATGAG,5.555415350443894,0
Hepatocyte_Chow_Animal1_Capture1_AAGGTTCTCATCGATG,5.768742914128129,0
Hepatocyte_Chow_Animal1_Capture1_AAGTCTGCAGGATCGA,5.75138572128872,0
Hepatocyte_Chow_Animal1_Capture1_ACATGGTAGGAGCGTT,5.758052203472261,0
Hepatocyte_Chow_Animal1_Capture1_ACCCACTTCCACGTTC,5.528059518812,0
Hepatocyte_Chow_Animal1_Capture1_ACGAGCCGTTGGTGGA,5.790555814300136,0
Hepatocyte_Chow_Animal1_Capture1_ACGAGGATCTGCTGCT,5.697660597100507,0
Hepatocyte_Chow_Animal1_Capture1_ACGATACAGATAGCAT,5.319319485383312,0
Hepatocyte_Chow_Animal1_Capture1_ACGCAGCCATTCGACA,5.374464573254285,0
Hepatocyte_Chow_Animal1_Capture1_ACGCCAGAGAAGAAGC,5.923149580906574,0
Hepatocyte_Chow_Animal1_Capture1_ACGCCGAGTACACCGC,5.7378456326120775,0
Hepatocyte_Chow_Animal1_Capture1_ACGGCCAGTCTTTCAT,5.607510899889284,0
Hepatocyte_Chow_Animal1_Capture1_ACGGGCTTCTTAGAGC,5.551328474162188,0
Hepatocyte_Chow_Animal1_Capture1_ACGGGTCTCTAACTGG,5.6964458507266835,0
Hepatocyte_Chow_Animal1_Capture1_ACGTCAAGTGCGCTTG,5.874708456952462,0
Hepatocyte_Chow_Animal1_Capture1_ACTATCTAGGTGGGTT,5.654271740682202,0
Hepatocyte_Chow_Animal1_Capture1_ACTGAGTAGCTACCTA,5.288442555707535,0
Hepatocyte_Chow_Animal1_Capture1_ACTGATGGTATGCTTG,5.942577979605905,0
Hepatocyte_Chow_Animal1_Capture1_ACTGCTCAGCTTTGGT,5.7331897508405465,0
Hepatocyte_Chow_Animal1_Capture1_ACTGCTCTCAGCAACT,5.4601286125107045,0
Hepatocyte_Chow_Animal1_Capture1_ACTTACTAGCTTATCG,5.558975235953465,0
Hepatocyte_Chow_Animal1_Capture1_ACTTGTTAGATGGCGT,5.680074148576535,0
Hepatocyte_Chow_Animal1_Capture1_ACTTTCAAGGGATGGG,5.774003499674473,0
Hepatocyte_Chow_Animal1_Capture1_AGACGTTGTAGCTGCC,5.849202601315145,0
Hepatocyte_Chow_Animal1_Capture1_AGACGTTGTGCCTGTG,5.66686679499917,0
Hepatocyte_Chow_Animal1_Capture1_AGATCTGCATTATCTC,5.8874043814624155,0
Hepatocyte_Chow_Animal1_Capture1_AGATTGCAGTGCGATG,5.573621857698669,0
Hepatocyte_Chow_Animal1_Capture1_AGATTGCTCGGTCCGA,5.622076041717489,0
Hepatocyte_Chow_Animal1_Capture1_AGCATACTCAAACCAC,5.699892015914454,0
Hepatocyte_Chow_Animal1_Capture1_AGCCTAAGTCCGTTAA,5.589660630997742,0
Hepatocyte_Chow_Animal1_Capture1_AGCTCTCAGTTAAGTG,5.7640656815280575,0
Hepatocyte_Chow_Animal1_Capture1_AGCTCTCTCAGTGCAT,5.717869348550388,0
Hepatocyte_Chow_Animal1_Capture1_AGGGAGTGTGCACGAA,5.848171670711793,0
Hepatocyte_Chow_Animal1_Capture1_AGGGATGTCATTCACT,5.8365144508447795,0
Hepatocyte_Chow_Animal1_Capture1_AGGGTGACAAGGCTCC,5.800228369523849,0
Hepatocyte_Chow_Animal1_Capture1_AGGTCATGTCAGTGGA,5.823163404239201,0
Hepatocyte_Chow_Animal1_Capture1_AGGTCATGTCCATCCT,5.39402713309967,0
Hepatocyte_Chow_Animal1_Capture1_AGGTCCGCAGCTGTAT,5.638375625861876,0
Hepatocyte_Chow_Animal1_Capture1_AGTGAGGAGTGAACGC,5.8362047212559585,0
Hepatocyte_Chow_Animal1_Capture1_AGTGGGACAGCATGAG,5.824012696923825,0
Hepatocyte_Chow_Animal1_Capture1_AGTGTCATCTTGAGGT,5.770610480038929,0
Hepatocyte_Chow_Animal1_Capture1_ATAACGCAGGCAAAGA,5.676933100301495,0
Hepatocyte_Chow_Animal1_Capture1_ATAAGAGCATCGGAAG,5.33665426579448,0
Hepatocyte_Chow_Animal1_Capture1_ATAGACCTCAGAGACG,5.817936295185945,0
Hepatocyte_Chow_Animal1_Capture1_ATCATCTCATGGGACA,5.862867723520584,0
Hepatocyte_Chow_Animal1_Capture1_ATCGAGTAGTACGTTC,5.862907076106028,0
Hepatocyte_Chow_Animal1_Capture1_ATCTACTAGCATCATC,5.685100113204131,0
Hepatocyte_Chow_Animal1_Capture1_ATCTACTCAAACTGTC,5.747726645034311,0
Hepatocyte_Chow_Animal1_Capture1_ATCTGCCTCTCACATT,5.776813880577292,0
Hepatocyte_Chow_Animal1_Capture1_ATGCGATGTCGGGTCT,5.715940626621267,0
Hepatocyte_Chow_Animal1_Capture1_ATGCGATGTTGGAGGT,5.83356538099141,0
Hepatocyte_Chow_Animal1_Capture1_ATGCGATTCACCTCGT,5.38881642184457,0
Hepatocyte_Chow_Animal1_Capture1_ATGTGTGGTCCGCTGA,5.392523044620345,0
Hepatocyte_Chow_Animal1_Capture1_ATTCTACGTCTTGATG,5.597530586081632,0
Hepatocyte_Chow_Animal1_Capture1_ATTGGACAGCGTGAGT,5.488374010500285,0
Hepatocyte_Chow_Animal1_Capture1_ATTTCTGGTCCGTTAA,5.7224610336335235,0
Hepatocyte_Chow_Animal1_Capture1_CAACCAAAGAATCTCC,5.711208412290599,0
Hepatocyte_Chow_Animal1_Capture1_CAACCAACATATACCG,5.88669686029639,0
Hepatocyte_Chow_Animal1_Capture1_CAACCAACATGTCCTC,5.742396471341664,0
Hepatocyte_Chow_Animal1_Capture1_CAACCAATCAGCTCTC,5.685492324415069,0
Hepatocyte_Chow_Animal1_Capture1_CAACCTCGTGGTTTCA,5.768745015134322,0
Hepatocyte_Chow_Animal1_Capture1_CAACCTCTCGCTTGTC,5.720747106806633,0
Hepatocyte_Chow_Animal1_Capture1_CAAGATCAGCTCCTTC,5.7803335092508785,0
Hepatocyte_Chow_Animal1_Capture1_CACACAACAAACCTAC,5.532211887708632,0
Hepatocyte_Chow_Animal1_Capture1_CACACAAGTTACGCGC,5.882777604547167,0
Hepatocyte_Chow_Animal1_Capture1_CACACCTAGACTAAGT,5.355423057962108,0
Hepatocyte_Chow_Animal1_Capture1_CACAGGCGTAGCTCCG,5.448085849796336,0
Hepatocyte_Chow_Animal1_Capture1_CACATAGGTGGGTATG,5.830521048205806,0
Hepatocyte_Chow_Animal1_Capture1_CACCACTAGACAAAGG,5.927504679616311,0
Hepatocyte_Chow_Animal1_Capture1_CACCTTGGTTGCCTCT,5.635866621724494,0
Hepatocyte_Chow_Animal1_Capture1_CAGAATCCACCTGGTG,5.703788944828782,0
Hepatocyte_Chow_Animal1_Capture1_CAGCGACTCGGCATCG,5.789429936976399,0
Hepatocyte_Chow_Animal1_Capture1_CAGTAACAGGTGCTAG,5.909800053469152,0
Hepatocyte_Chow_Animal1_Capture1_CAGTCCTTCCAAACTG,5.409398793954666,0
Hepatocyte_Chow_Animal1_Capture1_CATCAAGAGCTGAACG,5.7814412177711505,0
Hepatocyte_Chow_Animal1_Capture1_CATCGAAAGTTACGGG,5.430567290625307,0
Hepatocyte_Chow_Animal1_Capture1_CATCGGGCAGATCGGA,5.829781838660534,0
Hepatocyte_Chow_Animal1_Capture1_CATGGCGCAGTATCTG,5.912807669995179,0
Hepatocyte_Chow_Animal1_Capture1_CCACGGAGTTATGTGC,5.5688403404688565,0
Hepatocyte_Chow_Animal1_Capture1_CCATTCGTCCATGAAC,5.562641385329758,0
Hepatocyte_Chow_Animal1_Capture1_CCGTACTCACCAGATT,5.652127128646484,0
Hepatocyte_Chow_Animal1_Capture1_CCTAGCTCACCGTTGG,5.924251061670848,0
Hepatocyte_Chow_Animal1_Capture1_CCTCAGTAGGATTCGG,5.475603028876922,0
Hepatocyte_Chow_Animal1_Capture1_CCTCAGTCATACAGCT,5.6490967103064325,0
Hepatocyte_Chow_Animal1_Capture1_CCTTTCTGTACAGTGG,5.702529625926592,0
Hepatocyte_Chow_Animal1_Capture1_CGAACATCACGGCGTT,5.8892084939565015,0
Hepatocyte_Chow_Animal1_Capture1_CGAATGTAGCACAGGT,5.733651635509188,0
Hepatocyte_Chow_Animal1_Capture1_CGAATGTTCCTGCTTG,5.81558796880623,0
Hepatocyte_Chow_Animal1_Capture1_CGACTTCAGAGGTAGA,5.452891600473657,0
Hepatocyte_Chow_Animal1_Capture1_CGAGCCACACCGAATT,5.750792130611946,0
Hepatocyte_Chow_Animal1_Capture1_CGATTGAAGGATTCGG,5.7491029807536975,0
Hepatocyte_Chow_Animal1_Capture1_CGATTGATCAGGCGAA,5.749527582064938,0
Hepatocyte_Chow_Animal1_Capture1_CGCGGTACATCGGTTA,5.876932690028058,0
Hepatocyte_Chow_Animal1_Capture1_CGCTTCAGTGTTTGTG,5.748025488203775,0
Hepatocyte_Chow_Animal1_Capture1_CGGACGTCACCACGTG,5.852376597556125,0
Hepatocyte_Chow_Animal1_Capture1_CGGACGTGTTGTTTGG,5.810750323488628,0
Hepatocyte_Chow_Animal1_Capture1_CGGAGCTCAGGATTGG,5.789363589350646,0
Hepatocyte_Chow_Animal1_Capture1_CGGAGCTCATAACCTG,5.60504425684577,0
Hepatocyte_Chow_Animal1_Capture1_CGGCTAGTCTATCCTA,5.69433824605324,0
Hepatocyte_Chow_Animal1_Capture1_CGGTTAACACCAGCAC,5.669771462769196,0
Hepatocyte_Chow_Animal1_Capture1_CGGTTAATCAACGGGA,5.880165917763258,0
Hepatocyte_Chow_Animal1_Capture1_CGGTTAATCCGCATAA,5.854849785588332,0
Hepatocyte_Chow_Animal1_Capture1_CGGTTAATCTAAGCCA,5.849476008706332,0
Hepatocyte_Chow_Animal1_Capture1_CGTAGCGTCTGGGCCA,5.8444862215418745,0
Hepatocyte_Chow_Animal1_Capture1_CGTCCATTCCGAAGAG,5.820811904355831,0
Hepatocyte_Chow_Animal1_Capture1_CGTCTACAGGCATGGT,5.526531159618145,0
Hepatocyte_Chow_Animal1_Capture1_CGTCTACTCTGATACG,5.7979644157829,0
Hepatocyte_Chow_Animal1_Capture1_CGTGTAAGTAAATGAC,5.872902568091191,0
Hepatocyte_Chow_Animal1_Capture1_CGTGTCTCAATAACGA,5.7806668579814335,0
Hepatocyte_Chow_Animal1_Capture1_CGTGTCTGTCGTCTTC,5.79594679853586,0
Hepatocyte_Chow_Animal1_Capture1_CGTTCTGTCTTACCTA,5.769424703546565,0
Hepatocyte_Chow_Animal1_Capture1_CTAACTTTCAGCAACT,5.762507736616678,0
Hepatocyte_Chow_Animal1_Capture1_CTAATGGTCCGTCATC,5.653875006432805,0
Hepatocyte_Chow_Animal1_Capture1_CTACACCAGGCCATAG,5.8395457492835625,0
Hepatocyte_Chow_Animal1_Capture1_CTACCCACAGACAAAT,5.594456098594369,0
Hepatocyte_Chow_Animal1_Capture1_CTCATTACACCAGGCT,5.785156933069644,0
Hepatocyte_Chow_Animal1_Capture1_CTCCTAGCAACGCACC,5.487958332977788,0
Hepatocyte_Chow_Animal1_Capture1_CTCCTAGGTGCACGAA,5.813829670963382,0
Hepatocyte_Chow_Animal1_Capture1_CTCGAGGTCCTCATTA,5.819181511382631,0
Hepatocyte_Chow_Animal1_Capture1_CTCGTACAGTCAATAG,5.362349789924883,0
Hepatocyte_Chow_Animal1_Capture1_CTCTAATGTAAGGGAA,5.722044750235302,0
Hepatocyte_Chow_Animal1_Capture1_CTCTACGAGTAGTGCG,5.7057750331659465,0
Hepatocyte_Chow_Animal1_Capture1_CTCTACGCAAGTCTAC,5.894919097191996,0
Hepatocyte_Chow_Animal1_Capture1_CTCTACGCACGAGGTA,5.87321254110721,0
Hepatocyte_Chow_Animal1_Capture1_CTGAAACGTACGCTGC,5.868506892422939,0
Hepatocyte_Chow_Animal1_Capture1_CTGAAGTTCCATGAAC,5.845914199007626,0
Hepatocyte_Chow_Animal1_Capture1_CTGATAGCAGTTAACC,5.948549385867535,0
Hepatocyte_Chow_Animal1_Capture1_CTGATCCCAGCAGTTT,5.866797754799166,0
Hepatocyte_Chow_Animal1_Capture1_CTGCGGACACCACCAG,5.597559968268495,0
Hepatocyte_Chow_Animal1_Capture1_CTGCGGATCTGTCCGT,5.851106060245327,0
Hepatocyte_Chow_Animal1_Capture1_CTGGTCTTCTGCTTGC,5.8321343565821495,0
Hepatocyte_Chow_Animal1_Capture1_CTGTTTATCTTGACGA,5.873678002103534,0
Hepatocyte_Chow_Animal1_Capture1_GAAATGATCTCAAGTG,5.733285062420936,0
Hepatocyte_Chow_Animal1_Capture1_GAACATCTCCAAAGTC,5.339759429453181,0
Hepatocyte_Chow_Animal1_Capture1_GACACGCCAAGTTGTC,5.685034673192465,0
Hepatocyte_Chow_Animal1_Capture1_GACACGCCAGCTGCAC,5.701564180532465,0
Hepatocyte_Chow_Animal1_Capture1_GACACGCTCTGTTGAG,5.725684929716822,0
Hepatocyte_Chow_Animal1_Capture1_GACAGAGAGTAGATGT,5.58388150250131,0
Hepatocyte_Chow_Animal1_Capture1_GACGCGTGTAACGCGA,5.948958082847874,0
Hepatocyte_Chow_Animal1_Capture1_GACTACACACTAAGTC,5.912239587506058,0
Hepatocyte_Chow_Animal1_Capture1_GAGCAGATCCAATGGT,5.721259345162819,0
Hepatocyte_Chow_Animal1_Capture1_GAGGTGAGTCAGCTAT,5.68098648370483,0
Hepatocyte_Chow_Animal1_Capture1_GAGTCCGCATTGGGCC,5.805543925819565,0
Hepatocyte_Chow_Animal1_Capture1_GATCTAGGTCAATACC,5.589230734441812,0
Hepatocyte_Chow_Animal1_Capture1_GATCTAGTCTTGGGTA,5.8860863201200795,0
Hepatocyte_Chow_Animal1_Capture1_GATGAAATCTCTTATG,5.8157206396502765,0
Hepatocyte_Chow_Animal1_Capture1_GATGAGGAGGCGACAT,5.978205890889312,0
Hepatocyte_Chow_Animal1_Capture1_GATGAGGTCACAGGCC,5.724469293831502,0
Hepatocyte_Chow_Animal1_Capture1_GATGCTATCAAACCGT,5.490400198497405,0
Hepatocyte_Chow_Animal1_Capture1_GATTCAGAGTGTCTCA,5.943458651037118,0
Hepatocyte_Chow_Animal1_Capture1_GCAAACTTCATAACCG,5.431518524023864,0
Hepatocyte_Chow_Animal1_Capture1_GCACATAGTAGGCATG,5.818266898360785,0
Hepatocyte_Chow_Animal1_Capture1_GCAGCCAGTCCCGACA,5.413668667704571,0
Hepatocyte_Chow_Animal1_Capture1_GCAGCCATCCTAAGTG,5.717784698978136,0
Hepatocyte_Chow_Animal1_Capture1_GCAGTTAGTGAGTATA,5.673678109099495,0
Hepatocyte_Chow_Animal1_Capture1_GCATGATAGATCCCGC,5.580547595657295,0
Hepatocyte_Chow_Animal1_Capture1_GCATGATGTACTTGAC,5.773070430404377,0
Hepatocyte_Chow_Animal1_Capture1_GCATGCGAGACGCTTT,5.769322099187045,0
Hepatocyte_Chow_Animal1_Capture1_GCCTCTAGTGCTCTTC,5.724333317072688,0
Hepatocyte_Chow_Animal1_Capture1_GCGCAGTAGGAGTTTA,5.837776526493975,0
Hepatocyte_Chow_Animal1_Capture1_GCGCAGTCAATGGAGC,5.881034250219126,0
Hepatocyte_Chow_Animal1_Capture1_GCGCCAAAGCGATGAC,5.902817160771551,0
Hepatocyte_Chow_Animal1_Capture1_GCGCGATCAGACGCAA,5.712291637906334,0
Hepatocyte_Chow_Animal1_Capture1_GCGGGTTTCTAACGGT,5.884672954373665,0
Hepatocyte_Chow_Animal1_Capture1_GCTCCTACACAGACAG,5.670115148570671,0
Hepatocyte_Chow_Animal1_Capture1_GCTCTGTCATTATCTC,5.932537933710565,0
Hepatocyte_Chow_Animal1_Capture1_GCTCTGTGTTCCGGCA,5.812068464087364,0
Hepatocyte_Chow_Animal1_Capture1_GCTGCAGGTAAATACG,5.83391162951166,0
Hepatocyte_Chow_Animal1_Capture1_GCTGCAGGTGATGCCC,5.446841988481169,0
Hepatocyte_Chow_Animal1_Capture1_GCTGGGTCAGACGCAA,5.794746663758687,0
Hepatocyte_Chow_Animal1_Capture1_GCTGGGTCATGGATGG,5.795301102823851,0
Hepatocyte_Chow_Animal1_Capture1_GGAAAGCCACGGCCAT,6.119162875743534,0
Hepatocyte_Chow_Animal1_Capture1_GGAACTTCAGCCAGAA,5.84808156131211,0
Hepatocyte_Chow_Animal1_Capture1_GGAATAACATGGTTGT,5.830833094275391,0
Hepatocyte_Chow_Animal1_Capture1_GGCTCGAAGACCCACC,5.643829148185268,0
Hepatocyte_Chow_Animal1_Capture1_GGCTCGAAGCGACGTA,5.641388454906838,0
Hepatocyte_Chow_Animal1_Capture1_GGCTCGAAGTCAAGGC,5.812184086135266,0
Hepatocyte_Chow_Animal1_Capture1_GGCTGGTGTGAGTATA,5.735632455712288,0
Hepatocyte_Chow_Animal1_Capture1_GGGACCTGTCTAGCGC,5.556311485049195,0
Hepatocyte_Chow_Animal1_Capture1_GGGACCTTCCTCTAGC,5.7713671286822015,0
Hepatocyte_Chow_Animal1_Capture1_GGGATGACAGTGGGAT,5.401732717445435,0
Hepatocyte_Chow_Animal1_Capture1_GGGTCTGGTCTCTTTA,5.475938711720737,0
Hepatocyte_Chow_Animal1_Capture1_GGTATTGAGTGAACAT,5.6976900284495295,0
Hepatocyte_Chow_Animal1_Capture1_GGTATTGTCGAGCCCA,5.622709607085499,0
Hepatocyte_Chow_Animal1_Capture1_GGTGCGTAGCCGGTAA,5.762589909830782,0
Hepatocyte_Chow_Animal1_Capture1_GGTGTTAGTTTGGCGC,5.780684800404354,0
Hepatocyte_Chow_Animal1_Capture1_GTAACGTGTCCGAATT,5.622037257610143,0
Hepatocyte_Chow_Animal1_Capture1_GTATTCTAGTACATGA,5.56485775613095,0
Hepatocyte_Chow_Animal1_Capture1_GTATTCTAGTCACGCC,5.5668907520651985,0
Hepatocyte_Chow_Animal1_Capture1_GTCAAGTCAATGACCT,5.843348200717431,0
Hepatocyte_Chow_Animal1_Capture1_GTCAAGTCACCATCCT,6.053347722559606,0
Hepatocyte_Chow_Animal1_Capture1_GTCACAAAGCTCCTTC,5.840183365446828,0
Hepatocyte_Chow_Animal1_Capture1_GTCACAATCACTTACT,5.648969878585085,0
Hepatocyte_Chow_Animal1_Capture1_GTCATTTAGCTAGTTC,5.7719215516320475,0
Hepatocyte_Chow_Animal1_Capture1_GTCATTTCATCCAACA,5.620124628571545,0
Hepatocyte_Chow_Animal1_Capture1_GTCCTCAAGACGACGT,5.83207298547929,0
Hepatocyte_Chow_Animal1_Capture1_GTCCTCACATCCGGGT,5.667954484100011,0
Hepatocyte_Chow_Animal1_Capture1_GTCTTCGAGAGTGAGA,5.756391911539769,0
Hepatocyte_Chow_Animal1_Capture1_GTGCGGTGTCAAAGAT,5.315308874832123,0
Hepatocyte_Chow_Animal1_Capture1_GTGCTTCTCAGAGGTG,5.85128987318053,0
Hepatocyte_Chow_Animal1_Capture1_GTGGGTCTCAGGCGAA,5.852579465188215,0
Hepatocyte_Chow_Animal1_Capture1_GTTACAGAGCTCAACT,5.504466859319779,0
Hepatocyte_Chow_Animal1_Capture1_GTTCATTAGGTGACCA,5.6840986536868865,0
Hepatocyte_Chow_Animal1_Capture1_GTTCATTCATATACCG,5.651311394216524,0
Hepatocyte_Chow_Animal1_Capture1_TAAGCGTGTTGCGCAC,5.77827588914157,0
Hepatocyte_Chow_Animal1_Capture1_TAAGTGCAGGAATTAC,5.644783149378634,0
Hepatocyte_Chow_Animal1_Capture1_TACACGACATGCTAGT,5.643473381717712,0
Hepatocyte_Chow_Animal1_Capture1_TACACGAGTAATCACC,5.479236127271324,0
Hepatocyte_Chow_Animal1_Capture1_TACAGTGAGTAGGCCA,5.982971036022359,0
Hepatocyte_Chow_Animal1_Capture1_TACAGTGGTCTACCTC,5.424575373685768,0
Hepatocyte_Chow_Animal1_Capture1_TACCTTACACTAGTAC,5.777332497343064,0
Hepatocyte_Chow_Animal1_Capture1_TACGGGCAGCCGTCGT,5.853256662474789,0
Hepatocyte_Chow_Animal1_Capture1_TACTCATAGTTCCACA,5.56000705106182,0
Hepatocyte_Chow_Animal1_Capture1_TACTCATTCACGCATA,5.60457508997034,0
Hepatocyte_Chow_Animal1_Capture1_TACTTGTGTTATGCGT,5.673646002413136,0
Hepatocyte_Chow_Animal1_Capture1_TACTTGTGTTGCCTCT,5.810755226139302,0
Hepatocyte_Chow_Animal1_Capture1_TAGTTGGAGATAGCAT,5.602898427809488,0
Hepatocyte_Chow_Animal1_Capture1_TATCTCACATGCAACT,5.763216443609849,0
Hepatocyte_Chow_Animal1_Capture1_TATGCCCAGCCATCGC,5.538159136500507,0
Hepatocyte_Chow_Animal1_Capture1_TATGCCCTCACATGCA,5.688668733310587,0
Hepatocyte_Chow_Animal1_Capture1_TATTACCAGAGGGCTT,5.898606725455359,0
Hepatocyte_Chow_Animal1_Capture1_TATTACCTCAACGAAA,5.639397225669141,0
Hepatocyte_Chow_Animal1_Capture1_TCAATCTGTCCAGTGC,5.688333867451254,0
Hepatocyte_Chow_Animal1_Capture1_TCAATCTGTCCGCTGA,5.801753433947264,0
Hepatocyte_Chow_Animal1_Capture1_TCAATCTGTTGGAGGT,5.713324981860836,0
Hepatocyte_Chow_Animal1_Capture1_TCAATCTTCTATCGCC,5.390122004399883,0
Hepatocyte_Chow_Animal1_Capture1_TCATTACCACCTGGTG,5.5770850614489,0
Hepatocyte_Chow_Animal1_Capture1_TCATTACGTCAGTGGA,5.839223706139345,0
Hepatocyte_Chow_Animal1_Capture1_TCATTACTCGAATGGG,5.667927889328075,0
Hepatocyte_Chow_Animal1_Capture1_TCGCGTTCAGGTGCCT,5.404177901565317,0
Hepatocyte_Chow_Animal1_Capture1_TCGGGACTCGGAGGTA,5.6544860689524885,0
Hepatocyte_Chow_Animal1_Capture1_TCGGTAACAGATTGCT,5.570968488572061,0
Hepatocyte_Chow_Animal1_Capture1_TCGGTAAGTAATCACC,5.541942861618997,0
Hepatocyte_Chow_Animal1_Capture1_TCGGTAAGTTTAGCTG,5.57681089561155,0
Hepatocyte_Chow_Animal1_Capture1_TCTATTGAGAAGGTTT,5.850046504800305,0
Hepatocyte_Chow_Animal1_Capture1_TCTATTGCACGAGAGT,5.632884631255163,0
Hepatocyte_Chow_Animal1_Capture1_TCTCATAGTGTGGCTC,5.420346964918664,0
Hepatocyte_Chow_Animal1_Capture1_TCTTTCCGTTATGCGT,5.335835842649489,0
Hepatocyte_Chow_Animal1_Capture1_TGACGGCAGACCTAGG,5.88062279553573,0
Hepatocyte_Chow_Animal1_Capture1_TGAGCATTCCACGCAG,5.680106985536707,0
Hepatocyte_Chow_Animal1_Capture1_TGATTTCTCGTTGCCT,5.524030212037493,0
Hepatocyte_Chow_Animal1_Capture1_TGCCAAACAAGTAGTA,5.724250927371831,0
Hepatocyte_Chow_Animal1_Capture1_TGCCCATTCACGCATA,5.353267346427396,0
Hepatocyte_Chow_Animal1_Capture1_TGCTGCTCATAGTAAG,5.9008966410679475,0
Hepatocyte_Chow_Animal1_Capture1_TGGACGCAGGACTGGT,5.5601372753724405,0
Hepatocyte_Chow_Animal1_Capture1_TGGACGCCACCGCTAG,5.915781328211687,0
Hepatocyte_Chow_Animal1_Capture1_TGGACGCCAGCCTGTG,5.429801988635633,0
Hepatocyte_Chow_Animal1_Capture1_TGGACGCGTAGAGTGC,5.823885435993671,0
Hepatocyte_Chow_Animal1_Capture1_TGGACGCGTCTACCTC,5.856351919608616,0
Hepatocyte_Chow_Animal1_Capture1_TGGCCAGCACCAGGCT,5.5901374095225815,0
Hepatocyte_Chow_Animal1_Capture1_TGGCTGGAGCTTATCG,5.862893214201023,0
Hepatocyte_Chow_Animal1_Capture1_TGGCTGGCAGGGCATA,5.889898240624984,0
Hepatocyte_Chow_Animal1_Capture1_TGGCTGGTCAGTCCCT,5.721880577060105,0
Hepatocyte_Chow_Animal1_Capture1_TGGGAAGGTGTGGTTT,5.6985552704577485,0
Hepatocyte_Chow_Animal1_Capture1_TGGGAAGGTTTCGCTC,5.584155219569697,0
Hepatocyte_Chow_Animal1_Capture1_TGGGAAGTCGGCTTGG,5.712886860046971,0
Hepatocyte_Chow_Animal1_Capture1_TGGGAAGTCTTTCCTC,5.732219471801036,0
Hepatocyte_Chow_Animal1_Capture1_TGGTTAGGTGTCAATC,5.395805087855167,0
Hepatocyte_Chow_Animal1_Capture1_TGGTTCCAGCTAAGAT,5.647243923392342,0
Hepatocyte_Chow_Animal1_Capture1_TGGTTCCCATCGTCGG,5.856415261314833,0
Hepatocyte_Chow_Animal1_Capture1_TGGTTCCTCCACGTTC,5.284309340510067,0
Hepatocyte_Chow_Animal1_Capture1_TGTATTCTCGGTGTTA,5.840979832284973,0
Hepatocyte_Chow_Animal1_Capture1_TGTTCCGTCATACGGT,5.8590069732702625,0
Hepatocyte_Chow_Animal1_Capture1_TTAACTCAGCTGTTCA,5.750517530748796,0
Hepatocyte_Chow_Animal1_Capture1_TTATGCTCACTCAGGC,5.6522310757903576,0
Hepatocyte_Chow_Animal1_Capture1_TTATGCTTCAACCATG,5.866757267982331,0
Hepatocyte_Chow_Animal1_Capture1_TTCGAAGCACTGAAGG,5.698489856600623,0
Hepatocyte_Chow_Animal1_Capture1_TTCTCAACAGTTCCCT,6.028359848953231,0
Hepatocyte_Chow_Animal1_Capture1_TTCTCAATCCTTTCGG,5.807623476546348,0
Hepatocyte_Chow_Animal1_Capture1_TTCTCCTTCGACAGCC,5.762185117387238,0
Hepatocyte_Chow_Animal1_Capture1_TTCTTAGAGAATAGGG,5.644950061615309,0
Hepatocyte_Chow_Animal1_Capture1_TTCTTAGCAAGCCATT,5.7262056730552136,0
Hepatocyte_Chow_Animal1_Capture1_TTGACTTAGTGTTTGC,5.4032902790353745,0
Hepatocyte_Chow_Animal1_Capture1_TTGCGTCCATGTCGAT,5.49881023899483,0
Hepatocyte_Chow_Animal1_Capture1_TTGGCAACAACACCCG,5.705100100423906,0
Hepatocyte_Chow_Animal1_Capture1_TTTGCGCTCCGAACGC,5.645789929581285,0
Hepatocyte_Chow_Animal1_Capture1_TTTGGTTCACATCCAA,5.874308788417441,0
Hepatocyte_Chow_Animal1_Capture1_TTTGGTTGTTTGTGTG,5.856133304887874,0
Hepatocyte_Chow_Animal2_Capture1_AAATGCCTCCGCAGTG,5.201029643532713,0
Hepatocyte_Chow_Animal2_Capture1_AGGGAGTGTGTGACCC,6.020592986279325,0
Hepatocyte_Chow_Animal2_Capture1_AGGTCATAGCGTGAGT,5.648512955184729,0
Hepatocyte_Chow_Animal2_Capture1_ATCATGGCATGTCTCC,5.748468762541837,0
Hepatocyte_Chow_Animal2_Capture1_CAAGATCCAATGGAGC,5.879059941845499,0
Hepatocyte_Chow_Animal2_Capture1_CGACTTCGTTTGTTTC,5.540086637750347,0
Hepatocyte_Chow_Animal2_Capture1_CTGTGCTCATTACGAC,6.111185009617172,0
Hepatocyte_Chow_Animal2_Capture1_TCGCGTTTCTAAGCCA,5.61669393526415,0
Hepatocyte_Chow_Animal2_Capture1_TCGTACCAGGACCACA,6.062874532903289,0
Hepatocyte_Chow_Animal2_Capture1_TTGTAGGAGAGCCCAA,6.050665661546323,0
Hepatocyte_Chow_Animal3_Capture1_ACATCAGAGCTAGTTC,5.943211959760451,0
Hepatocyte_Chow_Animal3_Capture1_ACCTTTAAGCAGATCG,5.899576632049768,0
Hepatocyte_Chow_Animal3_Capture1_ATTGGTGCATGCCACG,5.483762416582534,0
Hepatocyte_Chow_Animal3_Capture1_CAACTAGGTCTGATCA,5.685741644114106,0
Hepatocyte_Chow_Animal3_Capture1_CAAGAAAGTCGGCTCA,5.956227053839975,0
Hepatocyte_Chow_Animal3_Capture1_CCACTACTCTTCCTTC,5.80271211132221,0
Hepatocyte_Chow_Animal3_Capture1_CTTAACTTCCTTGCCA,5.894251203664544,0
Hepatocyte_Chow_Animal3_Capture1_GATCTAGGTGATAAGT,5.613609911481278,0
Hepatocyte_Chow_Animal3_Capture1_GTTCGGGGTGACGCCT,5.743430257597911,0
Hepatocyte_Chow_Animal3_Capture1_TTCGGTCTCTAACTCT,5.714261605989931,0
Hepatocyte_Chow_Animal1_Capture1_AAAGATGAGGACAGAA,5.598087051633728,0
Hepatocyte_Chow_Animal1_Capture1_AAGACCTAGACGACGT,6.159384790912167,0
Hepatocyte_Chow_Animal1_Capture1_ACACCGGAGAGACTTA,5.162627714239941,0
Hepatocyte_Chow_Animal1_Capture1_ACGAGGAAGATACACA,4.898379575884631,0
Hepatocyte_Chow_Animal1_Capture1_ACGAGGAGTATCAGTC,5.27146797872496,0
Hepatocyte_Chow_Animal1_Capture1_ACGAGGAGTGCTAGCC,4.971509382565555,0
Hepatocyte_Chow_Animal1_Capture1_ACTATCTCAGACTCGC,5.318336338308712,0
Hepatocyte_Chow_Animal1_Capture1_AGAGCTTTCGGTGTTA,5.115034448191786,0
Hepatocyte_Chow_Animal1_Capture1_AGATCTGAGAACTCGG,5.204733970374762,0
Hepatocyte_Chow_Animal1_Capture1_AGATCTGGTCGATTGT,5.046434241310559,0
Hepatocyte_Chow_Animal1_Capture1_AGCGGTCGTCGATTGT,4.915395892845084,0
Hepatocyte_Chow_Animal1_Capture1_AGCGTATGTACCCAAT,5.102691763887476,0
Hepatocyte_Chow_Animal1_Capture1_AGCGTATGTTGTGGAG,5.167333813325965,0
Hepatocyte_Chow_Animal1_Capture1_AGCGTCGCAATCGGTT,4.726694161670014,0
Hepatocyte_Chow_Animal1_Capture1_AGGCCGTCATGCCTTC,4.768039670567317,0
Hepatocyte_Chow_Animal1_Capture1_ATAGACCGTAGCTAAA,4.923759028718191,0
Hepatocyte_Chow_Animal1_Capture1_ATCCACCAGTCTCGGC,4.779882517641918,0
Hepatocyte_Chow_Animal1_Capture1_CAACCTCGTATCACCA,5.408411276787239,0
Hepatocyte_Chow_Animal1_Capture1_CCACCTATCCCAACGG,4.802115395299051,0
Hepatocyte_Chow_Animal1_Capture1_CCATGTCTCTTGGGTA,5.179636603345902,0
Hepatocyte_Chow_Animal1_Capture1_CCTAGCTGTGTGGTTT,5.087621282047205,0
Hepatocyte_Chow_Animal1_Capture1_CGAGAAGGTTACGTCA,4.836549498887766,0
Hepatocyte_Chow_Animal1_Capture1_CGCTGGAGTATCGCAT,4.803674046727397,0
Hepatocyte_Chow_Animal1_Capture1_CGGACACCAGCAGTTT,5.398463166516278,0
Hepatocyte_Chow_Animal1_Capture1_CGGACTGTCTACCAGA,4.704303281609393,0
Hepatocyte_Chow_Animal1_Capture1_CGGAGCTAGAGACTAT,5.251685378617152,0
Hepatocyte_Chow_Animal1_Capture1_CGGAGCTAGCCGATTT,4.660571735655125,0
Hepatocyte_Chow_Animal1_Capture1_CGGAGTCAGCGTGTCC,4.774646421460558,0
Hepatocyte_Chow_Animal1_Capture1_CGTAGGCTCTCGAGTA,5.118517674883641,0
Hepatocyte_Chow_Animal1_Capture1_CGTTGGGGTTAGTGGG,4.939371703669089,0
Hepatocyte_Chow_Animal1_Capture1_CTAAGACTCCCTCTTT,5.097996192591133,0
Hepatocyte_Chow_Animal1_Capture1_CTAGTGAGTAGGACAC,5.9070649044648444,0
Hepatocyte_Chow_Animal1_Capture1_CTCCTAGCATTCACTT,4.914956268635515,0
Hepatocyte_Chow_Animal1_Capture1_CTCGTACAGGCATGGT,4.755166144026548,0
Hepatocyte_Chow_Animal1_Capture1_CTGCTGTAGAAGGTTT,5.201134562085802,0
Hepatocyte_Chow_Animal1_Capture1_CTGCTGTCATGGTAGG,5.407636560919432,0
Hepatocyte_Chow_Animal1_Capture1_GAATAAGAGTCGAGTG,5.677841039165361,0
Hepatocyte_Chow_Animal1_Capture1_GAATGAATCCAGGGCT,5.286423598853134,0
Hepatocyte_Chow_Animal1_Capture1_GAGTCCGCAACGATCT,4.702866797356719,0
Hepatocyte_Chow_Animal1_Capture1_GCAATCACACATGGGA,4.68348921141933,0
Hepatocyte_Chow_Animal1_Capture1_GCAGTTATCGATCCCT,4.870248384964479,0
Hepatocyte_Chow_Animal1_Capture1_GCGCAACCAAGCCGTC,4.834541512012882,0
Hepatocyte_Chow_Animal1_Capture1_GGAACTTAGCTAGGCA,4.957396365805796,0
Hepatocyte_Chow_Animal1_Capture1_GGCGACTAGATACACA,5.184820798100891,0
Hepatocyte_Chow_Animal1_Capture1_GGCGTGTTCAACGGGA,5.248392400289364,0
Hepatocyte_Chow_Animal1_Capture1_GGGATGAAGTCGTTTG,4.865274321830098,0
Hepatocyte_Chow_Animal1_Capture1_GTATCTTTCGAATCCA,5.113279167215488,0
Hepatocyte_Chow_Animal1_Capture1_GTCACAATCTTATCTG,5.799242550541578,0
Hepatocyte_Chow_Animal1_Capture1_GTTTCTATCAGGCCCA,4.924741348038194,0
Hepatocyte_Chow_Animal1_Capture1_TACGGTACAGCTGGCT,5.434301921804229,0
Hepatocyte_Chow_Animal1_Capture1_TACTCATAGCTCCTCT,5.658263200975956,0
Hepatocyte_Chow_Animal1_Capture1_TATCAGGTCGAATGCT,4.971678408145264,0
Hepatocyte_Chow_Animal1_Capture1_TCGAGGCCACGAAGCA,4.857168518300071,0
Hepatocyte_Chow_Animal1_Capture1_TGACAACTCAACACCA,4.866011707669296,0
Hepatocyte_Chow_Animal1_Capture1_TGCGCAGCATGCCACG,4.8220020472681675,0
Hepatocyte_Chow_Animal1_Capture1_TGGCTGGTCAGCTCTC,4.905663560162408,0
Hepatocyte_Chow_Animal1_Capture1_TGTCCCACAGCTGCAC,4.808447769177706,0
Hepatocyte_Chow_Animal1_Capture1_TTCTCAACAAGTCATC,5.134702907524325,0
Hepatocyte_Chow_Animal1_Capture1_TTTCCTCGTTACGACT,4.934735500163033,0
Hepatocyte_Chow_Animal2_Capture1_AAAGATGCAAGGTTTC,5.084408778786976,0
Hepatocyte_Chow_Animal2_Capture1_AACACGTGTGGTTTCA,5.466142925046476,0
Hepatocyte_Chow_Animal2_Capture1_ACAGCTATCACATGCA,5.549071856192271,0
Hepatocyte_Chow_Animal2_Capture1_ACATGGTCAGGGATTG,4.619766803592604,0
Hepatocyte_Chow_Animal2_Capture1_AGATCTGGTCCAGTTA,5.428730937983968,0
Hepatocyte_Chow_Animal2_Capture1_AGCTCCTGTCTAAACC,4.98143175543535,0
Hepatocyte_Chow_Animal2_Capture1_ATAGACCAGCTGAAAT,4.787789589508778,0
Hepatocyte_Chow_Animal2_Capture1_ATCATGGAGTACGACG,5.611550815847252,0
Hepatocyte_Chow_Animal2_Capture1_ATCTACTGTGGCTCCA,4.935213496443461,0
Hepatocyte_Chow_Animal2_Capture1_CACACCTAGACACTAA,4.637773214339725,0
Hepatocyte_Chow_Animal2_Capture1_CACAGTAGTGAAAGAG,4.795589273932585,0
Hepatocyte_Chow_Animal2_Capture1_CATCAAGGTCTCTTAT,5.447724586691213,0
Hepatocyte_Chow_Animal2_Capture1_CATGCCTAGGGTCTCC,5.280362197163992,0
Hepatocyte_Chow_Animal2_Capture1_CCCTCCTGTAGCCTAT,5.670686317947911,0
Hepatocyte_Chow_Animal2_Capture1_CGAGAAGGTGTGCGTC,4.719020825455219,0
Hepatocyte_Chow_Animal2_Capture1_CGCTTCACAGCCAATT,5.2718242633640475,0
Hepatocyte_Chow_Animal2_Capture1_CTCACACAGCCACGTC,5.323854995019339,0
Hepatocyte_Chow_Animal2_Capture1_CTCTGGTGTGAGTGAC,5.436673058283848,0
Hepatocyte_Chow_Animal2_Capture1_CTGATCCAGTACGTTC,5.124901778231294,0
Hepatocyte_Chow_Animal2_Capture1_GACCAATGTACTCTCC,5.024850350203841,0
Hepatocyte_Chow_Animal2_Capture1_GCTCTGTGTGCCTGTG,4.849929955045973,0
Hepatocyte_Chow_Animal2_Capture1_GGCTCGAAGTGTGGCA,4.628567552733621,0
Hepatocyte_Chow_Animal2_Capture1_GGTGAAGCAGCCAGAA,4.880678092970078,0
Hepatocyte_Chow_Animal2_Capture1_GTCTCGTGTTTGACAC,4.704860455914506,0
Hepatocyte_Chow_Animal2_Capture1_GTGCGGTTCTTTAGTC,5.497448584764158,0
Hepatocyte_Chow_Animal2_Capture1_GTGTTAGCAGCTATTG,4.976609468729233,0
Hepatocyte_Chow_Animal2_Capture1_TCGGTAAAGGTTACCT,4.947782745749754,0
Hepatocyte_Chow_Animal2_Capture1_TCTATTGCAGGTCCAC,5.077594084480771,0
Hepatocyte_Chow_Animal2_Capture1_TGCCCTACAGCGTCCA,4.778789937082845,0
Hepatocyte_Chow_Animal2_Capture1_TGGACGCGTACCGAGA,5.228115178711919,0
Hepatocyte_Chow_Animal2_Capture1_TGGGCGTCAGTCACTA,4.630075928009017,0
Hepatocyte_Chow_Animal2_Capture1_TGTTCCGAGCGCTTAT,4.919005975679213,0
Hepatocyte_Chow_Animal2_Capture1_TTAACTCGTTCAGACT,4.865765650561668,0
Hepatocyte_Chow_Animal2_Capture1_TTCCCAGCAATGAAAC,4.779694650990564,0
Hepatocyte_Chow_Animal2_Capture1_TTTCCTCCAGCTCCGA,5.495670505618416,0
Hepatocyte_Chow_Animal2_Capture1_TTTGGTTCAAATACAG,5.741079721410188,0
Hepatocyte_Chow_Animal3_Capture1_AAGACCTAGTTGTAGA,5.585563079811036,0
Hepatocyte_Chow_Animal3_Capture1_AAGACCTGTTGAGTTC,5.219413874523157,0
Hepatocyte_Chow_Animal3_Capture1_ACACCGGAGTGTGGCA,5.05681918319818,0
Hepatocyte_Chow_Animal3_Capture1_ACATGGTTCTGGAGCC,5.850799177753694,0
Hepatocyte_Chow_Animal3_Capture1_ACCGTAAGTAGCGATG,5.875219696262938,0
Hepatocyte_Chow_Animal3_Capture1_ACGGAGACAAGAAAGG,5.168114445308809,0
Hepatocyte_Chow_Animal3_Capture1_AGAATAGAGAAACGAG,5.309933039899871,0
Hepatocyte_Chow_Animal3_Capture1_AGAGCTTTCTTCGAGA,5.458728967160546,0
Hepatocyte_Chow_Animal3_Capture1_AGATTGCAGGACAGAA,5.803760860261686,0
Hepatocyte_Chow_Animal3_Capture1_AGCGTCGAGTGGACGT,5.034021242296291,0
Hepatocyte_Chow_Animal3_Capture1_AGCTTGATCCGGGTGT,5.54886459279279,0
Hepatocyte_Chow_Animal3_Capture1_AGGGAGTTCCTACAGA,5.290876451588595,0
Hepatocyte_Chow_Animal3_Capture1_ATCTACTGTACAGTGG,5.276026883671095,0
Hepatocyte_Chow_Animal3_Capture1_ATTCTACAGCACCGCT,5.433718653158814,0
Hepatocyte_Chow_Animal3_Capture1_CAAGATCGTGAGGGAG,5.119502860566686,0
Hepatocyte_Chow_Animal3_Capture1_CACAAACCAGTATGCT,5.121382749613888,0
Hepatocyte_Chow_Animal3_Capture1_CACAGTATCTTGGGTA,5.32798494462285,0
Hepatocyte_Chow_Animal3_Capture1_CACCACTAGATCCCAT,5.6417147447815115,0
Hepatocyte_Chow_Animal3_Capture1_CAGAATCTCTGGAGCC,4.99420236288471,0
Hepatocyte_Chow_Animal3_Capture1_CAGCATACAGTATGCT,5.544478762951418,0
Hepatocyte_Chow_Animal3_Capture1_CAGCTAATCTGCTGTC,5.074395035147608,0
Hepatocyte_Chow_Animal3_Capture1_CAGTAACCACGAAATA,5.197853367656087,0
Hepatocyte_Chow_Animal3_Capture1_CAGTCCTTCCGCGGTA,5.789291983342572,0
Hepatocyte_Chow_Animal3_Capture1_CCCAGTTTCGGTGTCG,5.7421270582642325,0
Hepatocyte_Chow_Animal3_Capture1_CCGTGGATCCTCATTA,4.984166815502771,0
Hepatocyte_Chow_Animal3_Capture1_CCTAGCTCATCACGAT,5.691451124319151,0
Hepatocyte_Chow_Animal3_Capture1_CTAGTGAGTGTTGAGG,5.335423807184716,0
Hepatocyte_Chow_Animal3_Capture1_CTCGAAATCATAGCAC,5.653460248142479,0
Hepatocyte_Chow_Animal3_Capture1_GAAACTCCAGGACGTA,5.490792083795409,0
Hepatocyte_Chow_Animal3_Capture1_GACGCGTTCCTGTAGA,5.5567671480334635,0
Hepatocyte_Chow_Animal3_Capture1_GACGTTATCTCTGTCG,4.997802017935809,0
Hepatocyte_Chow_Animal3_Capture1_GATCGCGTCAAGATCC,5.9921518948162955,0
Hepatocyte_Chow_Animal3_Capture1_GCGCCAATCATGGTCA,5.592420970170986,0
Hepatocyte_Chow_Animal3_Capture1_GCGGGTTTCTTGACGA,5.063115553906156,0
Hepatocyte_Chow_Animal3_Capture1_GCTGCGAGTGCAACTT,5.503865241070544,0
Hepatocyte_Chow_Animal3_Capture1_GCTGCGATCTGATACG,5.817185855195835,0
Hepatocyte_Chow_Animal3_Capture1_GCTGGGTGTGGAAAGA,5.54454161961943,0
Hepatocyte_Chow_Animal3_Capture1_GGAAAGCAGGACGAAA,5.3787504743922945,0
Hepatocyte_Chow_Animal3_Capture1_GGCTCGACACCAACCG,5.707877063873448,0
Hepatocyte_Chow_Animal3_Capture1_GTCAAGTAGTAGCGGT,5.290325509408754,0
Hepatocyte_Chow_Animal3_Capture1_GTGCATAGTATATGGA,5.0489914305635795,0
Hepatocyte_Chow_Animal3_Capture1_GTTCTCGTCGCACTCT,5.440742109852268,0
Hepatocyte_Chow_Animal3_Capture1_TAAGCGTGTACTTCTT,5.284517948056299,0
Hepatocyte_Chow_Animal3_Capture1_TAAGTGCCAAGAGTCG,5.378220736799007,0
Hepatocyte_Chow_Animal3_Capture1_TACAGTGTCCAATGGT,5.035954199098311,0
Hepatocyte_Chow_Animal3_Capture1_TACGGTAGTCCTCCAT,4.987187292546991,0
Hepatocyte_Chow_Animal3_Capture1_TACTTGTAGAAGGGTA,5.0610692894770395,0
Hepatocyte_Chow_Animal3_Capture1_TAGCCGGAGCTGAAAT,5.605098346470466,0
Hepatocyte_Chow_Animal3_Capture1_TCAACGACAATGTTGC,4.900179407322229,0
Hepatocyte_Chow_Animal3_Capture1_TCAGGATTCTACTTAC,5.198977055934238,0
Hepatocyte_Chow_Animal3_Capture1_TCGGGACGTATGAAAC,4.995023060922932,0
Hepatocyte_Chow_Animal3_Capture1_TGCGCAGGTACCGTAT,5.259667033380231,0
Hepatocyte_Chow_Animal3_Capture1_TGGTTAGCACCAACCG,5.233869399518882,0
Hepatocyte_Chow_Animal3_Capture1_TGTCCCATCCCTAATT,5.346478190335115,0
Hepatocyte_Chow_Animal3_Capture1_TTATGCTGTTATGTGC,5.352281434057645,0
Hepatocyte_Chow_Animal1_Capture1_AAAGTAGAGGGCTTGA,5.91031783043112,0
Hepatocyte_Chow_Animal1_Capture1_AAGGAGCAGGAGTACC,5.870302278065971,0
Hepatocyte_Chow_Animal1_Capture1_CATCCACCAGATGGGT,5.792162131255967,0
Hepatocyte_Chow_Animal1_Capture1_CCACCTAGTTTGGCGC,5.882137639139218,0
Hepatocyte_Chow_Animal1_Capture1_CCGTTCAGTTCCACAA,5.824354313994521,0
Hepatocyte_Chow_Animal1_Capture1_CGGACACTCACTATTC,5.617442335612484,0
Hepatocyte_Chow_Animal1_Capture1_CGGACGTGTCACCTAA,5.928113612546559,0
Hepatocyte_Chow_Animal1_Capture1_CGGAGTCTCAATCACG,5.775402167696033,0
Hepatocyte_Chow_Animal1_Capture1_CTAGCCTCAAGTCTGT,5.904250086433986,0
Hepatocyte_Chow_Animal1_Capture1_CTCACACCAGTCACTA,5.826943065645999,0
Hepatocyte_Chow_Animal1_Capture1_CTCTAATGTAAGGGCT,5.754492110375528,0
Hepatocyte_Chow_Animal1_Capture1_GAATAAGCAGATCGGA,5.235879190940003,0
Hepatocyte_Chow_Animal1_Capture1_GACTAACGTCTACCTC,5.584859164964289,0
Hepatocyte_Chow_Animal1_Capture1_GCTCTGTAGGGAAACA,5.717095052606264,0
Hepatocyte_Chow_Animal1_Capture1_GGACAAGCAAAGCAAT,5.917341784685824,0
Hepatocyte_Chow_Animal1_Capture1_GTGTTAGGTGAGGGAG,5.88760529963038,0
Hepatocyte_Chow_Animal1_Capture1_GTTCATTAGATACACA,5.875847494905156,0
Hepatocyte_Chow_Animal1_Capture1_GTTTCTAAGAGGTAGA,6.090471600182611,0
Hepatocyte_Chow_Animal1_Capture1_TCATTACTCACTTACT,5.899104560076024,0
Hepatocyte_Chow_Animal1_Capture1_TCGTACCGTGATGCCC,5.932353867101497,0
Hepatocyte_Chow_Animal1_Capture1_TCTCATATCCGTTGTC,5.686278797698975,0
Hepatocyte_Chow_Animal1_Capture1_TTTACTGAGACGCAAC,6.089267201606774,0
Hepatocyte_Chow_Animal1_Capture1_AAAGTAGGTCTGGAGA,5.453437668399164,0
Hepatocyte_Chow_Animal1_Capture1_AAATGCCGTCCGAAGA,5.735747131536806,0
Hepatocyte_Chow_Animal1_Capture1_AAGGAGCGTCCAGTGC,5.89859481265188,0
Hepatocyte_Chow_Animal1_Capture1_ACCGTAATCTGAGTGT,5.64281207649937,0
Hepatocyte_Chow_Animal1_Capture1_ACTATCTTCCATGAAC,5.51498322739638,0
Hepatocyte_Chow_Animal1_Capture1_AGATCTGCACTACAGT,6.196639555549318,0
Hepatocyte_Chow_Animal1_Capture1_AGTCTTTGTTAAGGGC,5.3018058368298515,0
Hepatocyte_Chow_Animal1_Capture1_AGTGGGATCCGTTGTC,5.737224762712035,0
Hepatocyte_Chow_Animal1_Capture1_ATCATCTAGAAGGTGA,5.991268202340691,0
Hepatocyte_Chow_Animal1_Capture1_ATCTGCCAGCTCCCAG,5.727844195696237,0
Hepatocyte_Chow_Animal1_Capture1_ATCTGCCAGGCTAGCA,5.9441537768593395,0
Hepatocyte_Chow_Animal1_Capture1_CACCTTGAGCACAGGT,5.375942956669062,0
Hepatocyte_Chow_Animal1_Capture1_CAGTCCTGTGCCTGCA,5.893010570028902,0
Hepatocyte_Chow_Animal1_Capture1_CCACCTAGTTGACGTT,5.958040327908552,0
Hepatocyte_Chow_Animal1_Capture1_CCATTCGGTACAGACG,5.912626826462094,0
Hepatocyte_Chow_Animal1_Capture1_CCGTTCATCTCATTCA,5.875597527384537,0
Hepatocyte_Chow_Animal1_Capture1_CTACGTCGTACGCACC,5.847925548304685,0
Hepatocyte_Chow_Animal1_Capture1_CTAGCCTTCTTCGGTC,5.858255783806234,0
Hepatocyte_Chow_Animal1_Capture1_CTCGGAGCAGACAGGT,5.552231217347487,0
Hepatocyte_Chow_Animal1_Capture1_CTTACCGAGTCCCACG,5.8374649115183646,0
Hepatocyte_Chow_Animal1_Capture1_GAAGCAGTCTGGTTCC,5.565555196962428,0
Hepatocyte_Chow_Animal1_Capture1_GAATGAACACACAGAG,5.854298859215448,0
Hepatocyte_Chow_Animal1_Capture1_GACGGCTAGATCCTGT,5.6378072592930195,0
Hepatocyte_Chow_Animal1_Capture1_GCCTCTACATAGAAAC,5.563336565845109,0
Hepatocyte_Chow_Animal1_Capture1_GCGCCAAGTAGATTAG,5.999230876246342,0
Hepatocyte_Chow_Animal1_Capture1_GCTCCTAGTTCCGTCT,5.7119674617934235,0
Hepatocyte_Chow_Animal1_Capture1_GGGAATGAGTCCGTAT,5.8579719853737675,0
Hepatocyte_Chow_Animal1_Capture1_GGGACCTGTGTTAAGA,5.5814379847717674,0
Hepatocyte_Chow_Animal1_Capture1_GGTGCGTTCAATCTCT,5.854461413419071,0
Hepatocyte_Chow_Animal1_Capture1_GGTGCGTTCTATGTGG,5.387467454945558,0
Hepatocyte_Chow_Animal1_Capture1_GTAACGTAGTGGTAGC,5.764636507984061,0
Hepatocyte_Chow_Animal1_Capture1_GTCGGGTAGGATGTAT,5.211533821085484,0
Hepatocyte_Chow_Animal1_Capture1_GTCTCGTTCTATGTGG,5.878840032919067,0
Hepatocyte_Chow_Animal1_Capture1_TCTTCGGCATCAGTCA,5.539815783292227,0
Hepatocyte_Chow_Animal1_Capture1_TGCCAAAGTCAGAGGT,5.859748352697368,0
Hepatocyte_Chow_Animal1_Capture1_TGCCCATTCCAAAGTC,5.76945318483198,0
Hepatocyte_Chow_Animal1_Capture1_TGGGAAGTCGAGGTAG,5.91481026820434,0
Hepatocyte_Chow_Animal1_Capture1_TGTGGTAGTACCTACA,5.982528091878547,0
Hepatocyte_Chow_Animal1_Capture1_TTGACTTTCACTCTTA,5.483434770559085,0
Hepatocyte_Chow_Animal1_Capture1_TTTCCTCTCAGCCTAA,5.938429151920053,0
Hepatocyte_Chow_Animal2_Capture1_AACTCCCGTAGGACAC,5.942537407702668,0
Hepatocyte_Chow_Animal2_Capture1_CAACCTCTCGGCGCAT,6.1234780755599685,0
Hepatocyte_Chow_Animal2_Capture1_CAACTAGTCTGGCGAC,6.045253043637095,0
Hepatocyte_Chow_Animal2_Capture1_CGGACACCAACGCACC,6.079947556380598,0
Hepatocyte_Chow_Animal2_Capture1_GCTTCCAGTTGGAGGT,5.74210404826096,0
Hepatocyte_Chow_Animal3_Capture1_CAGCATATCCTTCAAT,6.045323573588405,0
Hepatocyte_Chow_Animal3_Capture1_CGCTTCAAGGTAAACT,5.9061321227590735,0
Hepatocyte_Chow_Animal3_Capture1_TCATTACGTTATCCGA,5.644840448964124,0
Hepatocyte_Chow_Animal1_Capture1_AAATGCCCATCGGTTA,5.829198259093221,0
Hepatocyte_Chow_Animal1_Capture1_AACTTTCTCTAACGGT,6.135053308897324,0
Hepatocyte_Chow_Animal1_Capture1_ACATACGTCCGCAGTG,5.966364883218268,0
Hepatocyte_Chow_Animal1_Capture1_ACATGGTTCTTCGAGA,5.85011722410591,0
Hepatocyte_Chow_Animal1_Capture1_ACGCAGCCAGTAGAGC,5.722937723178692,0
Hepatocyte_Chow_Animal1_Capture1_ACTGATGTCCGTCATC,5.808257959486847,0
Hepatocyte_Chow_Animal1_Capture1_ACTGATGTCTCAAACG,5.917944374334187,0
Hepatocyte_Chow_Animal1_Capture1_AGATCTGCACAGATTC,5.485991922583821,0
Hepatocyte_Chow_Animal1_Capture1_AGCCTAAAGACGCACA,5.698952818619384,0
Hepatocyte_Chow_Animal1_Capture1_AGCGTATCATGTCGAT,5.802972337132141,0
Hepatocyte_Chow_Animal1_Capture1_AGGCCACAGGTGATTA,5.907467698205622,0
Hepatocyte_Chow_Animal1_Capture1_ATGAGGGCAGTTCATG,5.816654623321693,0
Hepatocyte_Chow_Animal1_Capture1_ATGGGAGCAGGTGCCT,5.845753068174332,0
Hepatocyte_Chow_Animal1_Capture1_ATGTGTGCACGACGAA,5.847175254521874,0
Hepatocyte_Chow_Animal1_Capture1_ATTATCCCATCGATGT,5.771303376083196,0
Hepatocyte_Chow_Animal1_Capture1_CAGATCATCTGTCCGT,5.786361722678014,0
Hepatocyte_Chow_Animal1_Capture1_CATCGGGAGCCAGTAG,5.850383663943378,0
Hepatocyte_Chow_Animal1_Capture1_CCACTACCATCACGTA,5.9066449034224195,0
Hepatocyte_Chow_Animal1_Capture1_CCTACACCAAAGTCAA,6.004209355781083,0
Hepatocyte_Chow_Animal1_Capture1_CCTAGCTAGGATATAC,5.92807929065802,0
Hepatocyte_Chow_Animal1_Capture1_CCTCTGAAGAAACCGC,5.803335698979143,0
Hepatocyte_Chow_Animal1_Capture1_CCTCTGAAGTACGCCC,5.941603807842544,0
Hepatocyte_Chow_Animal1_Capture1_CCTTCCCCACTTGGAT,5.9486450763311405,0
Hepatocyte_Chow_Animal1_Capture1_CGAACATTCGTTACGA,6.022455661941661,0
Hepatocyte_Chow_Animal1_Capture1_CGAGCCATCTTGGGTA,5.931438007416945,0
Hepatocyte_Chow_Animal1_Capture1_CGCTATCTCATGCTCC,6.069151788390808,0
Hepatocyte_Chow_Animal1_Capture1_CGCTGGAAGCAGGTCA,5.873135989766837,0
Hepatocyte_Chow_Animal1_Capture1_CGGACGTAGCATGGCA,5.876813134413204,0
Hepatocyte_Chow_Animal1_Capture1_CTAAGACGTATTCGTG,5.889346382489023,0
Hepatocyte_Chow_Animal1_Capture1_CTACCCACAGTGGGAT,5.204542639362494,0
Hepatocyte_Chow_Animal1_Capture1_CTACGTCCATCGACGC,5.883818347898767,0
Hepatocyte_Chow_Animal1_Capture1_CTACGTCTCCAAGTAC,5.979466244695907,0
Hepatocyte_Chow_Animal1_Capture1_CTCATTAGTTGAGTTC,5.834693595678038,0
Hepatocyte_Chow_Animal1_Capture1_CTCGAAAAGCCGATTT,5.6626227984100375,0
Hepatocyte_Chow_Animal1_Capture1_CTCTGGTTCACTCCTG,5.789269305080622,0
Hepatocyte_Chow_Animal1_Capture1_CTGAAACTCAACGGCC,5.9355485571857605,0
Hepatocyte_Chow_Animal1_Capture1_CTGCGGAGTAGCCTCG,5.906610228405414,0
Hepatocyte_Chow_Animal1_Capture1_GACACGCCACGTTGGC,5.846177223173655,0
Hepatocyte_Chow_Animal1_Capture1_GACAGAGCAAGTACCT,5.9005449912508965,0
Hepatocyte_Chow_Animal1_Capture1_GACGGCTCAAAGCGGT,5.908070814403835,0
Hepatocyte_Chow_Animal1_Capture1_GCAATCAGTCGGATCC,5.7873726948314115,0
Hepatocyte_Chow_Animal1_Capture1_GCAGTTAGTCGTGGCT,5.871840217422266,0
Hepatocyte_Chow_Animal1_Capture1_GCATGATGTTAGGGTG,5.426366314995889,0
Hepatocyte_Chow_Animal1_Capture1_GCATGATTCTTGACGA,5.874013828973895,0
Hepatocyte_Chow_Animal1_Capture1_GCTGCAGGTCCAACTA,5.747057165199019,0
Hepatocyte_Chow_Animal1_Capture1_GGCCGATCACATCTTT,5.6552823824473855,0
Hepatocyte_Chow_Animal1_Capture1_GGCTCGACAACACCCG,5.944760665880297,0
Hepatocyte_Chow_Animal1_Capture1_GTAGGCCTCGGGAGTA,5.818445698634935,0
Hepatocyte_Chow_Animal1_Capture1_GTATCTTGTGATGTGG,6.005388924310573,0
Hepatocyte_Chow_Animal1_Capture1_GTGTGCGTCGCATGAT,5.85276339737995,0
Hepatocyte_Chow_Animal1_Capture1_GTGTGCGTCGCGTTTC,5.620841583008399,0
Hepatocyte_Chow_Animal1_Capture1_TAAGAGAGTAGTGAAT,5.930095160001591,0
Hepatocyte_Chow_Animal1_Capture1_TAAGCGTTCCGAACGC,5.892237205046667,0
Hepatocyte_Chow_Animal1_Capture1_TACCTATCAGTAGAGC,5.922122856110444,0
Hepatocyte_Chow_Animal1_Capture1_TACCTATGTTGCGTTA,5.826914056158255,0
Hepatocyte_Chow_Animal1_Capture1_TCAATCTAGTACGTTC,5.812941224339348,0
Hepatocyte_Chow_Animal1_Capture1_TCAGGATAGCCACGTC,5.899666002497446,0
Hepatocyte_Chow_Animal1_Capture1_TGAAAGACACCACGTG,5.956730398053841,0
Hepatocyte_Chow_Animal1_Capture1_TGTGTTTTCTGTGCAA,5.891036827586104,0
Hepatocyte_Chow_Animal1_Capture1_TTCTCCTAGTAGCCGA,5.827838853113267,0
Hepatocyte_Chow_Animal1_Capture1_TTTCCTCCAGTCGTGC,5.919743172569264,0
Hepatocyte_Chow_Animal2_Capture1_GCACTCTTCGATGAGG,4.647368903214607,0
Hepatocyte_Chow_Animal3_Capture1_ACACCAACATGCGCAC,6.008565380407559,0
Hepatocyte_Chow_Animal1_Capture1_AACCGCGCAGATGGCA,5.4574935091522825,0
Hepatocyte_Chow_Animal1_Capture1_AAGTCTGCAGTATGCT,5.347902567832138,0
Hepatocyte_Chow_Animal1_Capture1_AATCCAGAGCCACTAT,5.1038681345098,0
Hepatocyte_Chow_Animal1_Capture1_CCTTTCTTCCTTCAAT,5.621265147032014,0
Hepatocyte_Chow_Animal1_Capture1_CGAGCCATCTCGCATC,5.294509868335226,0
Hepatocyte_Chow_Animal1_Capture1_CGTGTAAAGCTTTGGT,5.620330288730896,0
Hepatocyte_Chow_Animal1_Capture1_CTCGAAAAGACTGGGT,5.7150220308844375,0
Hepatocyte_Chow_Animal1_Capture1_CTCGGGACACTCAGGC,5.690274433603801,0
Hepatocyte_Chow_Animal1_Capture1_CTCGTCACACATGACT,5.3286342437322265,0
Hepatocyte_Chow_Animal1_Capture1_CTTACCGCACGGTAAG,5.583080311660959,0
Hepatocyte_Chow_Animal1_Capture1_GCAGTTAGTTACGCGC,5.317080334212915,0
Hepatocyte_Chow_Animal1_Capture1_GCGCAACAGAATGTTG,5.614481684756162,0
Hepatocyte_Chow_Animal1_Capture1_GGACATTCATGCAACT,4.973562948640403,0
Hepatocyte_Chow_Animal1_Capture1_GTCACAAGTTTAGCTG,5.525072031875943,0
Hepatocyte_Chow_Animal1_Capture1_GTTACAGAGTGACTCT,5.810949853382716,0
Hepatocyte_Chow_Animal1_Capture1_TAGCCGGTCCGCGCAA,5.647009046121974,0
Hepatocyte_Chow_Animal1_Capture1_TAGTGGTCATCCCACT,5.429881002789932,0
Hepatocyte_Chow_Animal1_Capture1_TTCGGTCCAATCGAAA,5.227539542042993,0
Hepatocyte_Chow_Animal1_Capture1_TTGGCAACATACAGCT,5.467842362964424,0
Hepatocyte_Chow_Animal1_Capture1_TTTATGCGTGTGAATA,5.6309793468494345,0
Hepatocyte_Chow_Animal2_Capture1_ATCCACCTCGAATGCT,4.905335129019594,0
Hepatocyte_Chow_Animal2_Capture1_ATTGGTGTCCCGACTT,6.160764112665454,0
Hepatocyte_Chow_Animal2_Capture1_CTCTAATAGTTAACGA,5.902370763517171,0
Hepatocyte_Chow_Animal3_Capture1_CTGAAGTCAGTCCTTC,5.70621970462972,0
Hepatocyte_Chow_Animal3_Capture1_GTGCAGCAGTAGCCGA,5.463389791849039,0
Hepatocyte_Chow_Animal3_Capture1_TTTGTCATCGGTGTTA,6.135630601612689,0
Hepatocyte_Chow_Animal1_Capture1_AAGGTTCCACTCTGTC,5.348532649081685,0
Hepatocyte_Chow_Animal1_Capture1_ACGCCAGGTAAGTTCC,6.144390862501327,0
Hepatocyte_Chow_Animal1_Capture1_ACGCCAGTCATCTGTT,5.32101410412552,0
Hepatocyte_Chow_Animal1_Capture1_ACTTACTTCACGACTA,5.395451780159518,0
Hepatocyte_Chow_Animal1_Capture1_AGTCTTTCAATTGCTG,6.187154191347423,0
Hepatocyte_Chow_Animal1_Capture1_AGTGAGGCAAGTCATC,6.184877777369929,0
Hepatocyte_Chow_Animal1_Capture1_CAACTAGTCTTAGAGC,5.45324170576947,0
Hepatocyte_Chow_Animal1_Capture1_CAAGATCAGGGTCTCC,6.0355761809705895,0
Hepatocyte_Chow_Animal1_Capture1_CAAGATCTCGCAGGCT,5.2817194829817,0
Hepatocyte_Chow_Animal1_Capture1_CACACAAAGATTACCC,5.974692570521458,0
Hepatocyte_Chow_Animal1_Capture1_CACAGTATCGGCTTGG,6.123840271275171,0
Hepatocyte_Chow_Animal1_Capture1_CACATTTAGCGTAGTG,6.158165990462734,0
Hepatocyte_Chow_Animal1_Capture1_CAGCAGCTCTGGCGAC,6.1767583587528705,0
Hepatocyte_Chow_Animal1_Capture1_CAGTAACTCTTGCCGT,6.123032719175384,0
Hepatocyte_Chow_Animal1_Capture1_CCACTACGTCTTCTCG,5.152139091005715,0
Hepatocyte_Chow_Animal1_Capture1_CCTATTAGTACAGCAG,6.187416686223749,0
Hepatocyte_Chow_Animal1_Capture1_CCTTCGAAGTTCGCAT,5.385252482913213,0
Hepatocyte_Chow_Animal1_Capture1_CCTTCGACACCGAATT,6.219269965681455,0
Hepatocyte_Chow_Animal1_Capture1_CCTTCGATCCGAGCCA,6.194937334705888,0
Hepatocyte_Chow_Animal1_Capture1_CCTTTCTTCAACACTG,5.929088903749737,0
Hepatocyte_Chow_Animal1_Capture1_CGGGTCATCGTCTGCT,5.386969871931477,0
Hepatocyte_Chow_Animal1_Capture1_CGTCTACTCATGTGGT,5.194810115381343,0
Hepatocyte_Chow_Animal1_Capture1_CGTTAGAAGAGGTACC,6.067633723608218,0
Hepatocyte_Chow_Animal1_Capture1_CTAAGACTCAACACCA,5.324369631840684,0
Hepatocyte_Chow_Animal1_Capture1_CTACCCATCCGAGCCA,6.183727508339931,0
Hepatocyte_Chow_Animal1_Capture1_CTAGTGAGTCACCCAG,6.113392534954354,0
Hepatocyte_Chow_Animal1_Capture1_CTCACACCATAGACTC,6.154429011332926,0
Hepatocyte_Chow_Animal1_Capture1_CTCGAAAAGCCCAGCT,5.411427255867082,0
Hepatocyte_Chow_Animal1_Capture1_CTCTAATTCATAAAGG,5.87586276870914,0
Hepatocyte_Chow_Animal1_Capture1_CTCTGGTCAGCCTTTC,6.085567295505916,0
Hepatocyte_Chow_Animal1_Capture1_CTCTGGTTCAGCTCTC,5.862103684291615,0
Hepatocyte_Chow_Animal1_Capture1_GATGAAACAAACGCGA,6.019373177344132,0
Hepatocyte_Chow_Animal1_Capture1_GATGAGGCACTTAAGC,5.296509349732091,0
Hepatocyte_Chow_Animal1_Capture1_GATGCTATCTGCTGCT,5.242518871667026,0
Hepatocyte_Chow_Animal1_Capture1_GCATGCGAGATCACGG,5.366449332202782,0
Hepatocyte_Chow_Animal1_Capture1_GCGGGTTAGCGAGAAA,6.17809487927942,0
Hepatocyte_Chow_Animal1_Capture1_GGACAGATCCTAGTGA,6.144112490825938,0
Hepatocyte_Chow_Animal1_Capture1_GTATTCTTCCTCCTAG,5.347823231690541,0
Hepatocyte_Chow_Animal1_Capture1_GTTCATTAGAAACCTA,5.768275757255552,0
Hepatocyte_Chow_Animal1_Capture1_TAAACCGTCACTTATC,6.040206215731254,0
Hepatocyte_Chow_Animal1_Capture1_TACCTTATCTGGCGAC,5.203793331533976,0
Hepatocyte_Chow_Animal1_Capture1_TACTTGTGTGCGATAG,6.036414195157509,0
Hepatocyte_Chow_Animal1_Capture1_TAGACCAAGAATCTCC,5.905417493637222,0
Hepatocyte_Chow_Animal1_Capture1_TATCTCACAGCGAACA,5.838031324327517,0
Hepatocyte_Chow_Animal1_Capture1_TCAATCTGTCTAACGT,5.983930671476033,0
Hepatocyte_Chow_Animal1_Capture1_TCACGAATCTTCAACT,6.001246568736601,0
Hepatocyte_Chow_Animal1_Capture1_TCGTAGAGTTGGAGGT,6.193781476099547,0
Hepatocyte_Chow_Animal1_Capture1_TCTATTGAGACAATAC,5.893597362613177,0
Hepatocyte_Chow_Animal1_Capture1_TGAAAGAAGTCCTCCT,5.932699680103664,0
Hepatocyte_Chow_Animal1_Capture1_TGAGAGGGTTAAGATG,6.106894937599094,0
Hepatocyte_Chow_Animal1_Capture1_TGCCCTAAGCCACGTC,6.246859450431325,0
Hepatocyte_Chow_Animal1_Capture1_TTATGCTGTGTTGAGG,5.447023460227211,0
Hepatocyte_Chow_Animal1_Capture1_TTGGAACTCGCGATCG,5.264129027481152,0
Hepatocyte_Chow_Animal1_Capture1_TTGGCAAAGTAATCCC,6.035562689830664,0
Hepatocyte_Chow_Animal1_Capture1_TTTACTGCAAATCCGT,5.599152792348429,0
Hepatocyte_Chow_Animal3_Capture1_TTCTTAGCAATAGCAA,5.400512877066183,0
Hepatocyte_Chow_Animal3_Capture1_TTGAACGTCCAAAGTC,5.493484000327089,0
Hepatocyte_Chow_Animal1_Capture1_CGAGCCAGTCTCCATC,6.042196857356008,0
Hepatocyte_Chow_Animal1_Capture1_CGATGGCGTCATTAGC,5.942447057905847,0
Hepatocyte_Chow_Animal1_Capture1_CTACCCACAGCTCGCA,5.622890683925712,0
Hepatocyte_Chow_Animal1_Capture1_CTAGCCTAGGTGCTTT,5.730061642526158,0
Hepatocyte_Chow_Animal1_Capture1_GCGCAGTTCCAGATCA,5.879941215663859,0
Hepatocyte_Chow_Animal1_Capture1_TACTCGCCATGTCTCC,5.985727566049571,0
Hepatocyte_Chow_Animal1_Capture1_TCAACGATCTGTACGA,5.918810314131312,0
Hepatocyte_Chow_Animal1_Capture1_TCATTACGTGTGAATA,5.746805271632153,0
Hepatocyte_Chow_Animal1_Capture1_AGACGTTCAGGATCGA,5.8326782299751585,0
Hepatocyte_Chow_Animal1_Capture1_ATAGACCAGCCACTAT,5.738022158826528,0
Hepatocyte_Chow_Animal1_Capture1_CATCGGGAGGGTGTTG,5.679444319824214,0
Hepatocyte_Chow_Animal1_Capture1_CCCATACCATCGATGT,6.012265705641079,0
Hepatocyte_Chow_Animal1_Capture1_TAGGCATCAGGGTACA,5.683173980179157,0
Hepatocyte_Chow_Animal1_Capture1_TTAGTTCTCAACGGGA,5.752403345626687,0
Hepatocyte_Chow_Animal1_Capture1_TTTGTCATCGCAAGCC,5.623540706839797,0
Hepatocyte_Chow_Animal3_Capture1_TACCTTATCGGCTTGG,5.8977833209984105,0
